TAR,FAR,FRR,F1,Precision,Recall,AUC,EER,test_EER_threshold,decision_threshold,user,tier,model,threshold_policy,calibration_EER,calibration_FAR_at_threshold,calibration_TAR_at_threshold,seed
0.8238993710691824,0.7251655629139073,0.1761006289308176,0.721763085399449,0.6421568627450981,0.8238993710691824,0.6335054909964319,0.40054076943368455,0.5916056751548316,0.5,user12,T0,T0_DistanceProfile,default_0.5,,,,0
0.6834381551362684,0.5298013245033113,0.3165618448637317,0.6770508826583593,0.6707818930041153,0.6834381551362684,0.6335054909964319,0.40054076943368455,0.5916056751548316,0.5649848153384982,user12,T0,T0_DistanceProfile,calibration_EER,0.3096745027124774,,,0
0.40461215932914046,0.19536423841059603,0.5953878406708596,0.5294924554183813,0.7658730158730159,0.40461215932914046,0.6335054909964319,0.40054076943368455,0.5916056751548316,0.6316890194986989,user12,T0,T0_DistanceProfile,calibration_FAR<=0.10,,0.09968354430379747,0.40867992766726946,0
0.40461215932914046,0.19536423841059603,0.5953878406708596,0.5294924554183813,0.7658730158730159,0.40461215932914046,0.6335054909964319,0.40054076943368455,0.5916056751548316,0.6316890194986989,user12,T0,T0_DistanceProfile,calibration_FAR<=0.10_floor_0.05,,0.09968354430379747,0.40867992766726946,0
0.8113207547169812,0.37748344370860926,0.18867924528301888,0.7914110429447853,0.7724550898203593,0.8113207547169812,0.7980271287156206,0.280141474724756,0.6306380209278768,0.5,user12,T1,T1_LogReg,default_0.5,,,,0
0.8364779874213837,0.40728476821192056,0.16352201257861634,0.7987987987987988,0.764367816091954,0.8364779874213837,0.7980271287156206,0.280141474724756,0.6306380209278768,0.4483756299615137,user12,T1,T1_LogReg,calibration_EER,0.12398282097649188,,,0
0.7672955974842768,0.32450331125827814,0.23270440251572327,0.7778958554729012,0.7887931034482759,0.7672955974842768,0.7980271287156206,0.280141474724756,0.6306380209278768,0.5675743417540559,user12,T1,T1_LogReg,calibration_FAR<=0.10,,0.09968354430379747,0.8318264014466547,0
0.7672955974842768,0.32450331125827814,0.23270440251572327,0.7778958554729012,0.7887931034482759,0.7672955974842768,0.7980271287156206,0.280141474724756,0.6306380209278768,0.5675743417540559,user12,T1,T1_LogReg,calibration_FAR<=0.10_floor_0.05,,0.09968354430379747,0.8318264014466547,0
0.710691823899371,0.2582781456953642,0.2893081761006289,0.7583892617449665,0.8129496402877698,0.710691823899371,0.8034001138461966,0.2747337803879101,0.47120281099968925,0.5,user12,T1,T1_SVM_RBF,default_0.5,,,,0
0.8553459119496856,0.4139072847682119,0.14465408805031446,0.807920792079208,0.7654784240150094,0.8553459119496856,0.8034001138461966,0.2747337803879101,0.47120281099968925,0.26283179590815975,user12,T1,T1_SVM_RBF,calibration_EER,0.11991410488245931,,,0
0.7882599580712788,0.33112582781456956,0.21174004192872117,0.789087093389297,0.7899159663865546,0.7882599580712788,0.8034001138461966,0.2747337803879101,0.47120281099968925,0.3722052426664812,user12,T1,T1_SVM_RBF,calibration_FAR<=0.10,,0.09968354430379747,0.8354430379746836,0
0.7882599580712788,0.33112582781456956,0.21174004192872117,0.789087093389297,0.7899159663865546,0.7882599580712788,0.8034001138461966,0.2747337803879101,0.47120281099968925,0.3722052426664812,user12,T1,T1_SVM_RBF,calibration_FAR<=0.10_floor_0.05,,0.09968354430379747,0.8354430379746836,0
0.6016771488469602,0.25496688741721857,0.39832285115303984,0.6825208085612366,0.7884615384615384,0.6016771488469602,0.7149020506199064,0.32664486928512915,0.6,0.5,user12,T1,T1_kNN,default_0.5,,,,0
0.7945492662473794,0.4900662251655629,0.20545073375262055,0.7549800796812749,0.7191650853889943,0.7945492662473794,0.7149020506199064,0.32664486928512915,0.6,0.4,user12,T1,T1_kNN,calibration_EER,0.17495479204339962,,,0
0.6016771488469602,0.25496688741721857,0.39832285115303984,0.6825208085612366,0.7884615384615384,0.6016771488469602,0.7149020506199064,0.32664486928512915,0.6,0.6,user12,T1,T1_kNN,calibration_FAR<=0.10,,0.0759493670886076,0.6781193490054249,0
0.6016771488469602,0.25496688741721857,0.39832285115303984,0.6825208085612366,0.7884615384615384,0.6016771488469602,0.7149020506199064,0.32664486928512915,0.6,0.6,user12,T1,T1_kNN,calibration_FAR<=0.10_floor_0.05,,0.0759493670886076,0.6781193490054249,0
0.5618448637316562,0.2847682119205298,0.4381551362683438,0.6450060168471721,0.7570621468926554,0.5618448637316562,0.6385383259055631,0.3614616740944368,1.0,0.5,user12,T1,T1_DecisionTree,default_0.5,,,,0
0.5618448637316562,0.2847682119205298,0.4381551362683438,0.6450060168471721,0.7570621468926554,0.5618448637316562,0.6385383259055631,0.3614616740944368,1.0,1.0,user12,T1,T1_DecisionTree,calibration_EER,0.24061934900542495,,,0
0.0,0.0,1.0,0.0,0.0,0.0,0.6385383259055631,0.3614616740944368,1.0,1.0000000000000002,user12,T1,T1_DecisionTree,calibration_FAR<=0.10,,0.0,0.0,0
0.0,0.0,1.0,0.0,0.0,0.0,0.6385383259055631,0.3614616740944368,1.0,1.0000000000000002,user12,T1,T1_DecisionTree,calibration_FAR<=0.10_floor_0.05,,0.0,0.0,0
0.6142557651991615,0.18543046357615894,0.3857442348008386,0.7094430992736077,0.839541547277937,0.6142557651991615,0.7849556416343871,0.2838935399225291,0.42,0.5,user12,T2,T2_RandomForest,default_0.5,,,,0
0.8343815513626834,0.4139072847682119,0.16561844863731656,0.796,0.7609942638623327,0.8343815513626834,0.7849556416343871,0.2838935399225291,0.42,0.32,user12,T2,T2_RandomForest,calibration_EER,0.127373417721519,,,0
0.7714884696016772,0.3344370860927152,0.22851153039832284,0.7780126849894292,0.7846481876332623,0.7714884696016772,0.7849556416343871,0.2838935399225291,0.42,0.38,user12,T2,T2_RandomForest,calibration_FAR<=0.10,,0.09968354430379747,0.7992766726943942,0
0.7714884696016772,0.3344370860927152,0.22851153039832284,0.7780126849894292,0.7846481876332623,0.7714884696016772,0.7849556416343871,0.2838935399225291,0.42,0.38,user12,T2,T2_RandomForest,calibration_FAR<=0.10_floor_0.05,,0.09968354430379747,0.7992766726943942,0
0.6037735849056604,0.2119205298013245,0.39622641509433965,0.6948130277442702,0.8181818181818182,0.6037735849056604,0.7855456981409749,0.28598997598122927,0.43,0.5,user12,T2,T2_ExtraTrees,default_0.5,,,,0
0.8238993710691824,0.40397350993377484,0.1761006289308176,0.7923387096774194,0.7631067961165049,0.8238993710691824,0.7855456981409749,0.28598997598122927,0.43,0.3466666666666667,user12,T2,T2_ExtraTrees,calibration_EER,0.1300858951175407,,,0
0.7672955974842768,0.3344370860927152,0.23270440251572327,0.7754237288135594,0.7837259100642399,0.7672955974842768,0.7855456981409749,0.28598997598122927,0.43,0.39666666666666667,user12,T2,T2_ExtraTrees,calibration_FAR<=0.10,,0.09651898734177215,0.8245931283905967,0
0.7672955974842768,0.3344370860927152,0.23270440251572327,0.7754237288135594,0.7837259100642399,0.7672955974842768,0.7855456981409749,0.28598997598122927,0.43,0.39666666666666667,user12,T2,T2_ExtraTrees,calibration_FAR<=0.10_floor_0.05,,0.09651898734177215,0.8245931283905967,0
0.639412997903564,0.20860927152317882,0.36058700209643607,0.7218934911242604,0.8288043478260869,0.639412997903564,0.7921473891735044,0.27953406361503325,0.41215104203706615,0.5,user12,T2,T2_GradientBoosting,default_0.5,,,,0
0.7987421383647799,0.37748344370860926,0.20125786163522014,0.7839506172839507,0.7696969696969697,0.7987421383647799,0.7921473891735044,0.27953406361503325,0.41215104203706615,0.2915145435707603,user12,T2,T2_GradientBoosting,calibration_EER,0.1216094032549729,,,0
0.7547169811320755,0.3211920529801324,0.24528301886792453,0.7708779443254818,0.787746170678337,0.7547169811320755,0.7921473891735044,0.27953406361503325,0.41215104203706615,0.36151154533744784,user12,T2,T2_GradientBoosting,calibration_FAR<=0.10,,0.09968354430379747,0.8318264014466547,0
0.7547169811320755,0.3211920529801324,0.24528301886792453,0.7708779443254818,0.787746170678337,0.7547169811320755,0.7921473891735044,0.27953406361503325,0.41215104203706615,0.36151154533744784,user12,T2,T2_GradientBoosting,calibration_FAR<=0.10_floor_0.05,,0.09968354430379747,0.8318264014466547,0
0.6918238993710691,0.2185430463576159,0.3081761006289308,0.7560137457044673,0.8333333333333334,0.6918238993710691,0.8174365168617324,0.2553660432893221,0.39908966422080994,0.5,user12,T2,T2_XGBoost,default_0.5,,,,0
0.8364779874213837,0.38079470198675497,0.16352201257861634,0.805247225025227,0.7762645914396887,0.8364779874213837,0.8174365168617324,0.2553660432893221,0.39908966422080994,0.24748706817626953,user12,T2,T2_XGBoost,calibration_EER,0.11053345388788424,,,0
0.8259958071278826,0.3443708609271523,0.1740041928721174,0.8082051282051282,0.7911646586345381,0.8259958071278826,0.8174365168617324,0.2553660432893221,0.39908966422080994,0.2673075795173645,user12,T2,T2_XGBoost,calibration_FAR<=0.10,,0.09968354430379747,0.8842676311030742,0
0.8259958071278826,0.3443708609271523,0.1740041928721174,0.8082051282051282,0.7911646586345381,0.8259958071278826,0.8174365168617324,0.2553660432893221,0.39908966422080994,0.2673075795173645,user12,T2,T2_XGBoost,calibration_FAR<=0.10_floor_0.05,,0.09968354430379747,0.8842676311030742,0
0.8092243186582809,0.32450331125827814,0.19077568134171907,0.8033298647242456,0.7975206611570248,0.8092243186582809,0.823996556846738,0.2537104141502492,0.5936139225959778,0.5,user12,T3,T3_1D_CNN,default_0.5,,,,0
0.8448637316561844,0.3576158940397351,0.15513626834381553,0.8157894736842105,0.7886497064579256,0.8448637316561844,0.823996556846738,0.2537104141502492,0.5936139225959778,0.46409955620765686,user12,T3,T3_1D_CNN,calibration_EER,0.11392405063291142,,,0
0.7924528301886793,0.31125827814569534,0.20754716981132076,0.7966280295047419,0.8008474576271186,0.7924528301886793,0.823996556846738,0.2537104141502492,0.5936139225959778,0.5158219933509827,user12,T3,T3_1D_CNN,calibration_FAR<=0.10,,0.09968354430379747,0.8553345388788427,0
0.7924528301886793,0.31125827814569534,0.20754716981132076,0.7966280295047419,0.8008474576271186,0.7924528301886793,0.823996556846738,0.2537104141502492,0.5936139225959778,0.5158219933509827,user12,T3,T3_1D_CNN,calibration_FAR<=0.10_floor_0.05,,0.09968354430379747,0.8553345388788427,0
0.8421052631578947,0.7284768211920529,0.15789473684210525,0.5614035087719298,0.42105263157894735,0.8421052631578947,0.6450950776499749,0.3901010805158592,0.5837386883950744,0.5,user15,T0,T0_DistanceProfile,default_0.5,,,,0
0.712280701754386,0.5055187637969095,0.28771929824561404,0.5662482566248257,0.4699074074074074,0.712280701754386,0.6450950776499749,0.3901010805158592,0.5837386883950744,0.5593167105065612,user15,T0,T0_DistanceProfile,calibration_EER,0.48825821695584704,,,0
0.29473684210526313,0.09933774834437085,0.7052631578947368,0.4057971014492754,0.6511627906976745,0.29473684210526313,0.6450950776499749,0.3901010805158592,0.5837386883950744,0.6455099028719449,user15,T0,T0_DistanceProfile,calibration_FAR<=0.10,,0.1,0.1774580335731415,0
0.29473684210526313,0.09933774834437085,0.7052631578947368,0.4057971014492754,0.6511627906976745,0.29473684210526313,0.6450950776499749,0.3901010805158592,0.5837386883950744,0.6455099028719449,user15,T0,T0_DistanceProfile,calibration_FAR<=0.10_floor_0.05,,0.1,0.1774580335731415,0
0.8807017543859649,0.20309050772626933,0.11929824561403508,0.7993630573248408,0.7317784256559767,0.8807017543859649,0.9062468533364315,0.16127570582084347,0.638725810710479,0.5,user15,T1,T1_LogReg,default_0.5,,,,0
0.8771929824561403,0.18984547461368653,0.12280701754385964,0.8051529790660226,0.7440476190476191,0.8771929824561403,0.9062468533364315,0.16127570582084347,0.638725810710479,0.5463653561858437,user15,T1,T1_LogReg,calibration_EER,0.09308611933982225,,,0
0.8807017543859649,0.19205298013245034,0.11929824561403508,0.8057784911717496,0.742603550295858,0.8807017543859649,0.9062468533364315,0.16127570582084347,0.638725810710479,0.5189544175110958,user15,T1,T1_LogReg,calibration_FAR<=0.10,,0.1,0.9160671462829736,0
0.8807017543859649,0.19205298013245034,0.11929824561403508,0.8057784911717496,0.742603550295858,0.8807017543859649,0.9062468533364315,0.16127570582084347,0.638725810710479,0.5189544175110958,user15,T1,T1_LogReg,calibration_FAR<=0.10_floor_0.05,,0.1,0.9160671462829736,0
0.7333333333333333,0.11258278145695365,0.26666666666666666,0.7669724770642202,0.8038461538461539,0.7333333333333333,0.9124511056891678,0.18394330196351807,0.34082943259809056,0.5,user15,T1,T1_SVM_RBF,default_0.5,,,,0
0.8771929824561403,0.24061810154525387,0.12280701754385964,0.7763975155279503,0.6963788300835655,0.8771929824561403,0.9124511056891678,0.18394330196351807,0.34082943259809056,0.22874026886775292,user15,T1,T1_SVM_RBF,calibration_EER,0.11343630977570882,,,0
0.8771929824561403,0.22958057395143489,0.12280701754385964,0.7824726134585289,0.7062146892655368,0.8771929824561403,0.9124511056891678,0.18394330196351807,0.34082943259809056,0.26025685159212164,user15,T1,T1_SVM_RBF,calibration_FAR<=0.10,,0.1,0.86810551558753,0
0.8771929824561403,0.22958057395143489,0.12280701754385964,0.7824726134585289,0.7062146892655368,0.8771929824561403,0.9124511056891678,0.18394330196351807,0.34082943259809056,0.26025685159212164,user15,T1,T1_SVM_RBF,calibration_FAR<=0.10_floor_0.05,,0.1,0.86810551558753,0
0.5508771929824562,0.13024282560706402,0.44912280701754387,0.626746506986028,0.7268518518518519,0.5508771929824562,0.8067658107741761,0.24829789706053212,0.4,0.5,user15,T1,T1_kNN,default_0.5,,,,0
0.7859649122807018,0.282560706401766,0.21403508771929824,0.7032967032967034,0.6363636363636364,0.7859649122807018,0.8067658107741761,0.24829789706053212,0.4,0.4,user15,T1,T1_kNN,calibration_EER,0.18732543377063055,,,0
0.5508771929824562,0.13024282560706402,0.44912280701754387,0.626746506986028,0.7268518518518519,0.5508771929824562,0.8067658107741761,0.24829789706053212,0.4,0.6,user15,T1,T1_kNN,calibration_FAR<=0.10,,0.06323529411764706,0.6091127098321343,0
0.5508771929824562,0.13024282560706402,0.44912280701754387,0.626746506986028,0.7268518518518519,0.5508771929824562,0.8067658107741761,0.24829789706053212,0.4,0.6,user15,T1,T1_kNN,calibration_FAR<=0.10_floor_0.05,,0.06323529411764706,0.6091127098321343,0
0.519298245614035,0.1280353200883002,0.4807017543859649,0.6028513238289206,0.7184466019417476,0.519298245614035,0.6956314627628674,0.3043685372371326,1.0,0.5,user15,T1,T1_DecisionTree,default_0.5,,,,0
0.519298245614035,0.1280353200883002,0.4807017543859649,0.6028513238289206,0.7184466019417476,0.519298245614035,0.6956314627628674,0.3043685372371326,1.0,1.0,user15,T1,T1_DecisionTree,calibration_EER,0.2833615460572719,,,0
0.0,0.0,1.0,0.0,0.0,0.0,0.6956314627628674,0.3043685372371326,1.0,1.0000000000000002,user15,T1,T1_DecisionTree,calibration_FAR<=0.10,,0.0,0.0,0
0.0,0.0,1.0,0.0,0.0,0.0,0.6956314627628674,0.3043685372371326,1.0,1.0000000000000002,user15,T1,T1_DecisionTree,calibration_FAR<=0.10_floor_0.05,,0.0,0.0,0
0.4982456140350877,0.03532008830022075,0.5017543859649123,0.6410835214446953,0.8987341772151899,0.4982456140350877,0.9043607916037335,0.18349018240966658,0.29,0.5,user15,T2,T2_RandomForest,default_0.5,,,,0
0.8105263157894737,0.17880794701986755,0.18947368421052632,0.7738693467336684,0.7403846153846154,0.8105263157894737,0.9043607916037335,0.18349018240966658,0.29,0.29333333333333333,user15,T2,T2_RandomForest,calibration_EER,0.12218049090139654,,,0
0.7789473684210526,0.1545253863134658,0.22105263157894736,0.7694974003466204,0.7602739726027398,0.7789473684210526,0.9043607916037335,0.18349018240966658,0.29,0.31666666666666665,user15,T2,T2_RandomForest,calibration_FAR<=0.10,,0.1,0.8609112709832134,0
0.7789473684210526,0.1545253863134658,0.22105263157894736,0.7694974003466204,0.7602739726027398,0.7789473684210526,0.9043607916037335,0.18349018240966658,0.29,0.31666666666666665,user15,T2,T2_RandomForest,calibration_FAR<=0.10_floor_0.05,,0.1,0.8609112709832134,0
0.5052631578947369,0.033112582781456956,0.49473684210526314,0.6486486486486487,0.9056603773584906,0.5052631578947369,0.9072189303280276,0.17030324154757753,0.32666666666666666,0.5,user15,T2,T2_ExtraTrees,default_0.5,,,,0
0.8491228070175438,0.18763796909492272,0.15087719298245614,0.7908496732026143,0.7400611620795107,0.8491228070175438,0.9072189303280276,0.17030324154757753,0.32666666666666666,0.31333333333333335,user15,T2,T2_ExtraTrees,calibration_EER,0.1076333051206094,,,0
0.8350877192982457,0.17439293598233996,0.1649122807017544,0.7906976744186046,0.750788643533123,0.8350877192982457,0.9072189303280276,0.17030324154757753,0.32666666666666666,0.3233333333333333,user15,T2,T2_ExtraTrees,calibration_FAR<=0.10,,0.09705882352941177,0.8752997601918465,0
0.8350877192982457,0.17439293598233996,0.1649122807017544,0.7906976744186046,0.750788643533123,0.8350877192982457,0.9072189303280276,0.17030324154757753,0.32666666666666666,0.3233333333333333,user15,T2,T2_ExtraTrees,calibration_FAR<=0.10_floor_0.05,,0.09705882352941177,0.8752997601918465,0
0.5824561403508772,0.05739514348785872,0.41754385964912283,0.6960167714884696,0.8645833333333334,0.5824561403508772,0.9179582510359785,0.15555942837225517,0.2235048984517991,0.5,user15,T2,T2_GradientBoosting,default_0.5,,,,0
0.7789473684210526,0.12582781456953643,0.22105263157894736,0.7872340425531915,0.7956989247311828,0.7789473684210526,0.9179582510359785,0.15555942837225517,0.2235048984517991,0.28752936640001636,user15,T2,T2_GradientBoosting,calibration_EER,0.1202461560163634,,,0
0.7543859649122807,0.10154525386313466,0.24561403508771928,0.7875457875457875,0.8237547892720306,0.7543859649122807,0.9179582510359785,0.15555942837225517,0.2235048984517991,0.3328106747974735,user15,T2,T2_GradientBoosting,calibration_FAR<=0.10,,0.1,0.8489208633093526,0
0.7543859649122807,0.10154525386313466,0.24561403508771928,0.7875457875457875,0.8237547892720306,0.7543859649122807,0.9179582510359785,0.15555942837225517,0.2235048984517991,0.3328106747974735,user15,T2,T2_GradientBoosting,calibration_FAR<=0.10_floor_0.05,,0.1,0.8489208633093526,0
0.6912280701754386,0.05739514348785872,0.3087719298245614,0.7755905511811023,0.8834080717488789,0.6912280701754386,0.9316215483521165,0.15841756709654936,0.21460236608982086,0.5,user15,T2,T2_XGBoost,default_0.5,,,,0
0.8245614035087719,0.1434878587196468,0.17543859649122806,0.8034188034188035,0.7833333333333333,0.8245614035087719,0.9316215483521165,0.15841756709654936,0.21460236608982086,0.23760046064853668,user15,T2,T2_XGBoost,calibration_EER,0.09916067146282977,,,0
0.8245614035087719,0.1434878587196468,0.17543859649122806,0.8034188034188035,0.7833333333333333,0.8245614035087719,0.9316215483521165,0.15841756709654936,0.21460236608982086,0.23760046064853668,user15,T2,T2_XGBoost,calibration_FAR<=0.10,,0.1,0.9016786570743405,0
0.8245614035087719,0.1434878587196468,0.17543859649122806,0.8034188034188035,0.7833333333333333,0.8245614035087719,0.9316215483521165,0.15841756709654936,0.21460236608982086,0.23760046064853668,user15,T2,T2_XGBoost,calibration_FAR<=0.10_floor_0.05,,0.1,0.9016786570743405,0
0.856140350877193,0.18543046357615894,0.14385964912280702,0.7960848287112561,0.7439024390243902,0.856140350877193,0.8920491073157508,0.16744510282328334,0.5499823689460754,0.5,user15,T3,T3_1D_CNN,default_0.5,,,,0
0.8807017543859649,0.2119205298013245,0.11929824561403508,0.7943037974683544,0.723342939481268,0.8807017543859649,0.8920491073157508,0.16744510282328334,0.5499823689460754,0.4302516281604767,user15,T3,T3_1D_CNN,calibration_EER,0.10376463535054312,,,0
0.8736842105263158,0.20750551876379691,0.12631578947368421,0.7929936305732485,0.7259475218658892,0.8736842105263158,0.8920491073157508,0.16744510282328334,0.5499823689460754,0.44417673349380493,user15,T3,T3_1D_CNN,calibration_FAR<=0.10,,0.1,0.8896882494004796,0
0.8736842105263158,0.20750551876379691,0.12631578947368421,0.7929936305732485,0.7259475218658892,0.8736842105263158,0.8920491073157508,0.16744510282328334,0.5499823689460754,0.44417673349380493,user15,T3,T3_1D_CNN,calibration_FAR<=0.10_floor_0.05,,0.1,0.8896882494004796,0
0.858,0.8025751072961373,0.142,0.7688172043010753,0.6964285714285714,0.858,0.5838283261802575,0.4378841201716738,0.5876672316807345,0.5,user16,T0,T0_DistanceProfile,default_0.5,,,,0
0.58,0.45064377682403434,0.42,0.6480446927374302,0.7341772151898734,0.58,0.5838283261802575,0.4378841201716738,0.5876672316807345,0.5838391972873148,user16,T0,T0_DistanceProfile,calibration_EER,0.4144369602964655,,,0
0.228,0.11587982832618025,0.772,0.35569422776911075,0.8085106382978723,0.228,0.5838283261802575,0.4378841201716738,0.5876672316807345,0.6587211901215018,user16,T0,T0_DistanceProfile,calibration_FAR<=0.10,,0.0987460815047022,0.19516728624535315,0
0.228,0.11587982832618025,0.772,0.35569422776911075,0.8085106382978723,0.228,0.5838283261802575,0.4378841201716738,0.5876672316807345,0.6587211901215018,user16,T0,T0_DistanceProfile,calibration_FAR<=0.10_floor_0.05,,0.0987460815047022,0.19516728624535315,0
0.824,0.41201716738197425,0.176,0.8174603174603174,0.8110236220472441,0.824,0.7623605150214592,0.31879828326180254,0.6276450261938052,0.5,user16,T1,T1_LogReg,default_0.5,,,,0
0.794,0.3776824034334764,0.206,0.8060913705583757,0.8185567010309278,0.794,0.7623605150214592,0.31879828326180254,0.6276450261938052,0.5422141355714053,user16,T1,T1_LogReg,calibration_EER,0.24057813100884506,,,0
0.488,0.19313304721030042,0.512,0.6185044359949303,0.8442906574394463,0.488,0.7623605150214592,0.31879828326180254,0.6276450261938052,0.7613009475898803,user16,T1,T1_LogReg,calibration_FAR<=0.10,,0.0987460815047022,0.5148698884758365,0
0.488,0.19313304721030042,0.512,0.6185044359949303,0.8442906574394463,0.488,0.7623605150214592,0.31879828326180254,0.6276450261938052,0.7613009475898803,user16,T1,T1_LogReg,calibration_FAR<=0.10_floor_0.05,,0.0987460815047022,0.5148698884758365,0
0.742,0.26609442060085836,0.258,0.7952840300107181,0.8568129330254042,0.742,0.8291244635193132,0.2620472103004292,0.5,0.5,user16,T1,T1_SVM_RBF,default_0.5,,,,0
0.83,0.36909871244635195,0.17,0.8291708291708292,0.8283433133732535,0.83,0.8291244635193132,0.2620472103004292,0.5,0.37237527182870644,user16,T1,T1_SVM_RBF,calibration_EER,0.19725909265711855,,,0
0.576,0.15450643776824036,0.424,0.6990291262135923,0.8888888888888888,0.576,0.8291244635193132,0.2620472103004292,0.5,0.6460273509309706,user16,T1,T1_SVM_RBF,calibration_FAR<=0.10,,0.0987460815047022,0.5910780669144982,0
0.576,0.15450643776824036,0.424,0.6990291262135923,0.8888888888888888,0.576,0.8291244635193132,0.2620472103004292,0.5,0.6460273509309706,user16,T1,T1_SVM_RBF,calibration_FAR<=0.10_floor_0.05,,0.0987460815047022,0.5910780669144982,0
0.634,0.30472103004291845,0.366,0.713963963963964,0.8170103092783505,0.634,0.7296437768240344,0.33536051502145925,0.6,0.5,user16,T1,T1_kNN,default_0.5,,,,0
0.634,0.30472103004291845,0.366,0.713963963963964,0.8170103092783505,0.634,0.7296437768240344,0.33536051502145925,0.6,0.6,user16,T1,T1_kNN,calibration_EER,0.2626615468879281,,,0
0.338,0.12875536480686695,0.662,0.48354792560801146,0.8492462311557789,0.338,0.7296437768240344,0.33536051502145925,0.6,0.8,user16,T1,T1_kNN,calibration_FAR<=0.10,,0.07836990595611286,0.36617100371747213,0
0.338,0.12875536480686695,0.662,0.48354792560801146,0.8492462311557789,0.338,0.7296437768240344,0.33536051502145925,0.6,0.8,user16,T1,T1_kNN,calibration_FAR<=0.10_floor_0.05,,0.07836990595611286,0.36617100371747213,0
0.578,0.3218884120171674,0.422,0.6689814814814815,0.7939560439560439,0.578,0.6280557939914162,0.3719442060085837,1.0,0.5,user16,T1,T1_DecisionTree,default_0.5,,,,0
0.578,0.3218884120171674,0.422,0.6689814814814815,0.7939560439560439,0.578,0.6280557939914162,0.3719442060085837,1.0,1.0,user16,T1,T1_DecisionTree,calibration_EER,0.3042121639416858,,,0
0.0,0.0,1.0,0.0,0.0,0.0,0.6280557939914162,0.3719442060085837,1.0,1.0000000000000002,user16,T1,T1_DecisionTree,calibration_FAR<=0.10,,0.0,0.0,0
0.0,0.0,1.0,0.0,0.0,0.0,0.6280557939914162,0.3719442060085837,1.0,1.0000000000000002,user16,T1,T1_DecisionTree,calibration_FAR<=0.10_floor_0.05,,0.0,0.0,0
0.684,0.18025751072961374,0.316,0.7737556561085973,0.890625,0.684,0.8438626609442061,0.23302575107296136,0.45,0.5,user16,T2,T2_RandomForest,default_0.5,,,,0
0.802,0.2875536480686695,0.198,0.8285123966942148,0.8568376068376068,0.802,0.8438626609442061,0.23302575107296136,0.45,0.42,user16,T2,T2_RandomForest,calibration_EER,0.1964753935975574,,,0
0.57,0.13304721030042918,0.43,0.6985294117647058,0.9018987341772152,0.57,0.8438626609442061,0.23302575107296136,0.45,0.5566666666666666,user16,T2,T2_RandomForest,calibration_FAR<=0.10,,0.0987460815047022,0.6003717472118959,0
0.57,0.13304721030042918,0.43,0.6985294117647058,0.9018987341772152,0.57,0.8438626609442061,0.23302575107296136,0.45,0.5566666666666666,user16,T2,T2_RandomForest,calibration_FAR<=0.10_floor_0.05,,0.0987460815047022,0.6003717472118959,0
0.686,0.1630901287553648,0.314,0.7786606129398411,0.9002624671916011,0.686,0.8515150214592275,0.23587982832618026,0.45666666666666667,0.5,user16,T2,T2_ExtraTrees,default_0.5,,,,0
0.816,0.26180257510729615,0.184,0.8421052631578947,0.8699360341151386,0.816,0.8515150214592275,0.23587982832618026,0.45666666666666667,0.43333333333333335,user16,T2,T2_ExtraTrees,calibration_EER,0.19040682429991496,,,0
0.614,0.12875536480686695,0.386,0.7335722819593787,0.9109792284866469,0.614,0.8515150214592275,0.23587982832618026,0.45666666666666667,0.5433333333333333,user16,T2,T2_ExtraTrees,calibration_FAR<=0.10,,0.09717868338557993,0.6003717472118959,0
0.614,0.12875536480686695,0.386,0.7335722819593787,0.9109792284866469,0.614,0.8515150214592275,0.23587982832618026,0.45666666666666667,0.5433333333333333,user16,T2,T2_ExtraTrees,calibration_FAR<=0.10_floor_0.05,,0.09717868338557993,0.6003717472118959,0
0.714,0.17167381974248927,0.286,0.7959866220735786,0.8992443324937027,0.714,0.8530386266094421,0.22773390557939913,0.4524110749595118,0.5,user16,T2,T2_GradientBoosting,default_0.5,,,,0
0.81,0.27896995708154504,0.19,0.8350515463917526,0.8617021276595744,0.81,0.8530386266094421,0.22773390557939913,0.4524110749595118,0.4182139238229363,user16,T2,T2_GradientBoosting,calibration_EER,0.19055249327009358,,,0
0.582,0.10300429184549356,0.418,0.7141104294478527,0.9238095238095239,0.582,0.8530386266094421,0.22773390557939913,0.4524110749595118,0.5942717493533847,user16,T2,T2_GradientBoosting,calibration_FAR<=0.10,,0.0987460815047022,0.6282527881040892,0
0.582,0.10300429184549356,0.418,0.7141104294478527,0.9238095238095239,0.582,0.8530386266094421,0.22773390557939913,0.4524110749595118,0.5942717493533847,user16,T2,T2_GradientBoosting,calibration_FAR<=0.10_floor_0.05,,0.0987460815047022,0.6282527881040892,0
0.766,0.22746781115879827,0.234,0.8183760683760684,0.8784403669724771,0.766,0.8591330472103003,0.23187982832618026,0.4983818531036377,0.5,user16,T2,T2_XGBoost,default_0.5,,,,0
0.816,0.26180257510729615,0.184,0.8421052631578947,0.8699360341151386,0.816,0.8591330472103003,0.23187982832618026,0.4983818531036377,0.4420218765735626,user16,T2,T2_XGBoost,calibration_EER,0.1888394261807927,,,0
0.662,0.15879828326180256,0.338,0.7626728110599078,0.8994565217391305,0.662,0.8591330472103003,0.23187982832618026,0.4983818531036377,0.641242504119873,user16,T2,T2_XGBoost,calibration_FAR<=0.10,,0.0987460815047022,0.6394052044609665,0
0.662,0.15879828326180256,0.338,0.7626728110599078,0.8994565217391305,0.662,0.8591330472103003,0.23187982832618026,0.4983818531036377,0.641242504119873,user16,T2,T2_XGBoost,calibration_FAR<=0.10_floor_0.05,,0.0987460815047022,0.6394052044609665,0
0.848,0.4206008583690987,0.152,0.8297455968688845,0.8122605363984674,0.848,0.8227811158798283,0.2650472103004292,0.6409752368927002,0.5,user16,T3,T3_1D_CNN,default_0.5,,,,0
0.8,0.34763948497854075,0.2,0.8154943934760448,0.8316008316008316,0.8,0.8227811158798283,0.2650472103004292,0.6409752368927002,0.5627695322036743,user16,T3,T3_1D_CNN,calibration_EER,0.25349896866369115,,,0
0.61,0.1459227467811159,0.39,0.7270560190703218,0.8997050147492626,0.61,0.8227811158798283,0.2650472103004292,0.6409752368927002,0.755393385887146,user16,T3,T3_1D_CNN,calibration_FAR<=0.10,,0.0987460815047022,0.5483271375464684,0
0.61,0.1459227467811159,0.39,0.7270560190703218,0.8997050147492626,0.61,0.8227811158798283,0.2650472103004292,0.6409752368927002,0.755393385887146,user16,T3,T3_1D_CNN,calibration_FAR<=0.10_floor_0.05,,0.0987460815047022,0.5483271375464684,0
0.7973568281938326,0.7403846153846154,0.2026431718061674,0.7463917525773196,0.7015503875968992,0.7973568281938326,0.5405794645882751,0.4760674347678753,0.5751033843093508,0.5,user20,T0,T0_DistanceProfile,default_0.5,,,,0
0.5506607929515418,0.5096153846153846,0.44933920704845814,0.6172839506172839,0.702247191011236,0.5506607929515418,0.5405794645882751,0.4760674347678753,0.5751033843093508,0.5698806469219095,user20,T0,T0_DistanceProfile,calibration_EER,0.33401639344262296,,,0
0.22466960352422907,0.19230769230769232,0.775330396475771,0.3422818791946309,0.7183098591549296,0.22466960352422907,0.5405794645882751,0.4760674347678753,0.5751033843093508,0.6346799050154064,user20,T0,T0_DistanceProfile,calibration_FAR<=0.10,,0.09972677595628415,0.3,0
0.22466960352422907,0.19230769230769232,0.775330396475771,0.3422818791946309,0.7183098591549296,0.22466960352422907,0.5405794645882751,0.4760674347678753,0.5751033843093508,0.6346799050154064,user20,T0,T0_DistanceProfile,calibration_FAR<=0.10_floor_0.05,,0.09972677595628415,0.3,0
0.748898678414097,0.21153846153846154,0.2511013215859031,0.8114558472553699,0.8854166666666666,0.748898678414097,0.8477634700101659,0.2277194171467299,0.47963560010042494,0.5,user20,T1,T1_LogReg,default_0.5,,,,0
0.6387665198237885,0.1346153846153846,0.36123348017621143,0.7512953367875648,0.9119496855345912,0.6387665198237885,0.8477634700101659,0.2277194171467299,0.47963560010042494,0.6148782693591893,user20,T1,T1_LogReg,calibration_EER,0.13702185792349725,,,0
0.5506607929515418,0.057692307692307696,0.44933920704845814,0.6983240223463687,0.9541984732824428,0.5506607929515418,0.8477634700101659,0.2277194171467299,0.47963560010042494,0.7200643369966492,user20,T1,T1_LogReg,calibration_FAR<=0.10,,0.09972677595628415,0.78,0
0.5506607929515418,0.057692307692307696,0.44933920704845814,0.6983240223463687,0.9541984732824428,0.5506607929515418,0.8477634700101659,0.2277194171467299,0.47963560010042494,0.7200643369966492,user20,T1,T1_LogReg,calibration_FAR<=0.10_floor_0.05,,0.09972677595628415,0.78,0
0.5066079295154186,0.10576923076923077,0.4933920704845815,0.6515580736543909,0.9126984126984127,0.5066079295154186,0.8438664859369706,0.23472975262622842,0.24233597600889004,0.5,user20,T1,T1_SVM_RBF,default_0.5,,,,0
0.6828193832599119,0.17307692307692307,0.31718061674008813,0.775,0.8959537572254336,0.6828193832599119,0.8438664859369706,0.23472975262622842,0.24233597600889004,0.3289529923121574,user20,T1,T1_SVM_RBF,calibration_EER,0.1612841530054645,,,0
0.5330396475770925,0.125,0.4669603524229075,0.6703601108033241,0.9029850746268657,0.5330396475770925,0.8438664859369706,0.23472975262622842,0.24233597600889004,0.45127279067840176,user20,T1,T1_SVM_RBF,calibration_FAR<=0.10,,0.09972677595628415,0.7733333333333333,0
0.5330396475770925,0.125,0.4669603524229075,0.6703601108033241,0.9029850746268657,0.5330396475770925,0.8438664859369706,0.23472975262622842,0.24233597600889004,0.45127279067840176,user20,T1,T1_SVM_RBF,calibration_FAR<=0.10_floor_0.05,,0.09972677595628415,0.7733333333333333,0
0.3392070484581498,0.04807692307692308,0.6607929515418502,0.49838187702265374,0.9390243902439024,0.3392070484581498,0.7356404608607252,0.3032023043036259,0.4,0.5,user20,T1,T1_kNN,default_0.5,,,,0
0.5859030837004405,0.19230769230769232,0.41409691629955947,0.7,0.869281045751634,0.5859030837004405,0.7356404608607252,0.3032023043036259,0.4,0.4,user20,T1,T1_kNN,calibration_EER,0.22057377049180327,,,0
0.3392070484581498,0.04807692307692308,0.6607929515418502,0.49838187702265374,0.9390243902439024,0.3392070484581498,0.7356404608607252,0.3032023043036259,0.4,0.6,user20,T1,T1_kNN,calibration_FAR<=0.10,,0.0860655737704918,0.6,0
0.3392070484581498,0.04807692307692308,0.6607929515418502,0.49838187702265374,0.9390243902439024,0.3392070484581498,0.7356404608607252,0.3032023043036259,0.4,0.6,user20,T1,T1_kNN,calibration_FAR<=0.10_floor_0.05,,0.0860655737704918,0.6,0
0.4889867841409692,0.038461538461538464,0.5110132158590308,0.6491228070175439,0.9652173913043478,0.4889867841409692,0.7252626228397153,0.2747373771602846,1.0,0.5,user20,T1,T1_DecisionTree,default_0.5,,,,0
0.4889867841409692,0.038461538461538464,0.5110132158590308,0.6491228070175439,0.9652173913043478,0.4889867841409692,0.7252626228397153,0.2747373771602846,1.0,1.0,user20,T1,T1_DecisionTree,calibration_EER,0.24155737704918034,,,0
0.0,0.0,1.0,0.0,0.0,0.0,0.7252626228397153,0.2747373771602846,1.0,1.0000000000000002,user20,T1,T1_DecisionTree,calibration_FAR<=0.10,,0.0,0.0,0
0.0,0.0,1.0,0.0,0.0,0.0,0.7252626228397153,0.2747373771602846,1.0,1.0000000000000002,user20,T1,T1_DecisionTree,calibration_FAR<=0.10_floor_0.05,,0.0,0.0,0
0.3303964757709251,0.0,0.6696035242290749,0.4966887417218543,1.0,0.3303964757709251,0.9569213825821756,0.10574805150796343,0.18,0.5,user20,T2,T2_RandomForest,default_0.5,,,,0
0.6519823788546255,0.019230769230769232,0.34801762114537443,0.7851458885941645,0.9866666666666667,0.6519823788546255,0.9569213825821756,0.10574805150796343,0.18,0.31333333333333335,user20,T2,T2_RandomForest,calibration_EER,0.15316939890710382,,,0
0.5242290748898678,0.009615384615384616,0.47577092511013214,0.6858789625360231,0.9916666666666667,0.5242290748898678,0.9569213825821756,0.10574805150796343,0.18,0.38333333333333336,user20,T2,T2_RandomForest,calibration_FAR<=0.10,,0.09836065573770492,0.76,0
0.5242290748898678,0.009615384615384616,0.47577092511013214,0.6858789625360231,0.9916666666666667,0.5242290748898678,0.9569213825821756,0.10574805150796343,0.18,0.38333333333333336,user20,T2,T2_RandomForest,calibration_FAR<=0.10_floor_0.05,,0.09836065573770492,0.76,0
0.32158590308370044,0.0,0.6784140969162996,0.4866666666666667,1.0,0.32158590308370044,0.9273763131141985,0.14039732294137577,0.20333333333333334,0.5,user20,T2,T2_ExtraTrees,default_0.5,,,,0
0.6167400881057269,0.019230769230769232,0.3832599118942731,0.7588075880758808,0.9859154929577465,0.6167400881057269,0.9273763131141985,0.14039732294137577,0.20333333333333334,0.33666666666666667,user20,T2,T2_ExtraTrees,calibration_EER,0.13224043715846995,,,0
0.4889867841409692,0.0,0.5110132158590308,0.6568047337278107,1.0,0.4889867841409692,0.9273763131141985,0.14039732294137577,0.20333333333333334,0.39,user20,T2,T2_ExtraTrees,calibration_FAR<=0.10,,0.09836065573770492,0.7933333333333333,0
0.4889867841409692,0.0,0.5110132158590308,0.6568047337278107,1.0,0.4889867841409692,0.9273763131141985,0.14039732294137577,0.20333333333333334,0.39,user20,T2,T2_ExtraTrees,calibration_FAR<=0.10_floor_0.05,,0.09836065573770492,0.7933333333333333,0
0.4977973568281938,0.009615384615384616,0.5022026431718062,0.6627565982404692,0.9912280701754386,0.4977973568281938,0.9466282616062351,0.13558963063368346,0.18191556750150953,0.5,user20,T2,T2_GradientBoosting,default_0.5,,,,0
0.7004405286343612,0.04807692307692308,0.29955947136563876,0.8132992327365729,0.9695121951219512,0.7004405286343612,0.9466282616062351,0.13558963063368346,0.18191556750150953,0.3080266686325503,user20,T2,T2_GradientBoosting,calibration_EER,0.12147540983606557,,,0
0.6343612334801763,0.038461538461538464,0.3656387665198238,0.768,0.972972972972973,0.6343612334801763,0.9466282616062351,0.13558963063368346,0.18191556750150953,0.36721849120850514,user20,T2,T2_GradientBoosting,calibration_FAR<=0.10,,0.09972677595628415,0.8266666666666667,0
0.6343612334801763,0.038461538461538464,0.3656387665198238,0.768,0.972972972972973,0.6343612334801763,0.9466282616062351,0.13558963063368346,0.18191556750150953,0.36721849120850514,user20,T2,T2_GradientBoosting,calibration_FAR<=0.10_floor_0.05,,0.09972677595628415,0.8266666666666667,0
0.6123348017621145,0.028846153846153848,0.3876651982378855,0.7533875338753387,0.9788732394366197,0.6123348017621145,0.9578956286004744,0.10795069467976956,0.162065327167511,0.5,user20,T2,T2_XGBoost,default_0.5,,,,0
0.7709251101321586,0.057692307692307696,0.2290748898678414,0.8578431372549019,0.9668508287292817,0.7709251101321586,0.9578956286004744,0.10795069467976956,0.162065327167511,0.3230389356613159,user20,T2,T2_XGBoost,calibration_EER,0.10456284153005466,,,0
0.762114537444934,0.057692307692307696,0.23788546255506607,0.8522167487684729,0.9664804469273743,0.762114537444934,0.9578956286004744,0.10795069467976956,0.162065327167511,0.33636221289634705,user20,T2,T2_XGBoost,calibration_FAR<=0.10,,0.09972677595628415,0.8866666666666667,0
0.762114537444934,0.057692307692307696,0.23788546255506607,0.8522167487684729,0.9664804469273743,0.762114537444934,0.9578956286004744,0.10795069467976956,0.162065327167511,0.33636221289634705,user20,T2,T2_XGBoost,calibration_FAR<=0.10_floor_0.05,,0.09972677595628415,0.8866666666666667,0
0.24669603524229075,0.038461538461538464,0.7533039647577092,0.3902439024390244,0.9333333333333333,0.24669603524229075,0.7246272450016943,0.33787275499830566,0.45958155393600464,0.5,user20,T3,T3_1D_CNN,default_0.5,,,,0
0.5550660792951542,0.33653846153846156,0.44493392070484583,0.6494845360824743,0.782608695652174,0.5550660792951542,0.7246272450016943,0.33787275499830566,0.45958155393600464,0.4668099582195282,user20,T3,T3_1D_CNN,calibration_EER,0.36707650273224046,,,0
0.20704845814977973,0.009615384615384616,0.7929515418502202,0.3418181818181818,0.9791666666666666,0.20704845814977973,0.7246272450016943,0.33787275499830566,0.45958155393600464,0.5031062364578247,user20,T3,T3_1D_CNN,calibration_FAR<=0.10,,0.09972677595628415,0.41333333333333333,0
0.20704845814977973,0.009615384615384616,0.7929515418502202,0.3418181818181818,0.9791666666666666,0.20704845814977973,0.7246272450016943,0.33787275499830566,0.45958155393600464,0.5031062364578247,user20,T3,T3_1D_CNN,calibration_FAR<=0.10_floor_0.05,,0.09972677595628415,0.41333333333333333,0
0.7479674796747967,0.7518796992481203,0.25203252032520324,0.6943396226415094,0.647887323943662,0.7479674796747967,0.4959655235650101,0.5076716180695642,0.6000558196205429,0.5,user21,T0,T0_DistanceProfile,default_0.5,,,,0
0.6382113821138211,0.631578947368421,0.3617886178861789,0.6447638603696099,0.6514522821576764,0.6382113821138211,0.4959655235650101,0.5076716180695642,0.6000558196205429,0.5642773473271052,user21,T0,T0_DistanceProfile,calibration_EER,0.3553214900810104,,,0
0.23170731707317074,0.2556390977443609,0.7682926829268293,0.33827893175074186,0.6263736263736264,0.23170731707317074,0.4959655235650101,0.5076716180695642,0.6000558196205429,0.6478493157571746,user21,T0,T0_DistanceProfile,calibration_FAR<=0.10,,0.09972677595628415,0.25680933852140075,0
0.23170731707317074,0.2556390977443609,0.7682926829268293,0.33827893175074186,0.6263736263736264,0.23170731707317074,0.4959655235650101,0.5076716180695642,0.6000558196205429,0.6478493157571746,user21,T0,T0_DistanceProfile,calibration_FAR<=0.10_floor_0.05,,0.09972677595628415,0.25680933852140075,0
0.7439024390243902,0.2781954887218045,0.25609756097560976,0.7854077253218884,0.8318181818181818,0.7439024390243902,0.8089430894308943,0.2636927685066325,0.5111902723459761,0.5,user21,T1,T1_LogReg,default_0.5,,,,0
0.8292682926829268,0.39097744360902253,0.17073170731707318,0.8127490039840638,0.796875,0.8292682926829268,0.8089430894308943,0.2636927685066325,0.5111902723459761,0.33693386667521313,user21,T1,T1_LogReg,calibration_EER,0.14370574727307522,,,0
0.7682926829268293,0.3082706766917293,0.23170731707317074,0.7941176470588235,0.8217391304347826,0.7682926829268293,0.8089430894308943,0.2636927685066325,0.5111902723459761,0.45469142270588087,user21,T1,T1_LogReg,calibration_FAR<=0.10,,0.09972677595628415,0.8132295719844358,0
0.7682926829268293,0.3082706766917293,0.23170731707317074,0.7941176470588235,0.8217391304347826,0.7682926829268293,0.8089430894308943,0.2636927685066325,0.5111902723459761,0.45469142270588087,user21,T1,T1_LogReg,calibration_FAR<=0.10_floor_0.05,,0.09972677595628415,0.8132295719844358,0
0.5609756097560976,0.09774436090225563,0.43902439024390244,0.6952141057934509,0.9139072847682119,0.5609756097560976,0.8192432300262852,0.2715172076532795,0.23202330833164775,0.5,user21,T1,T1_SVM_RBF,default_0.5,,,,0
0.8455284552845529,0.42105263157894735,0.15447154471544716,0.8156862745098039,0.7878787878787878,0.8455284552845529,0.8192432300262852,0.2715172076532795,0.23202330833164775,0.09794698997726195,user21,T1,T1_SVM_RBF,calibration_EER,0.12840998490357425,,,0
0.8089430894308943,0.39097744360902253,0.1910569105691057,0.8008048289738431,0.7928286852589641,0.8089430894308943,0.8192432300262852,0.2715172076532795,0.23202330833164775,0.12324012357629341,user21,T1,T1_SVM_RBF,calibration_FAR<=0.10,,0.09972677595628415,0.8443579766536965,0
0.8089430894308943,0.39097744360902253,0.1910569105691057,0.8008048289738431,0.7928286852589641,0.8089430894308943,0.8192432300262852,0.2715172076532795,0.23202330833164775,0.12324012357629341,user21,T1,T1_SVM_RBF,calibration_FAR<=0.10_floor_0.05,,0.09972677595628415,0.8443579766536965,0
0.34959349593495936,0.08270676691729323,0.6504065040650406,0.5014577259475219,0.8865979381443299,0.34959349593495936,0.68133749006663,0.3669386881838743,0.4,0.5,user21,T1,T1_kNN,default_0.5,,,,0
0.5894308943089431,0.3233082706766917,0.4105691056910569,0.6682027649769585,0.7712765957446809,0.5894308943089431,0.68133749006663,0.3669386881838743,0.4,0.4,user21,T1,T1_kNN,calibration_EER,0.24114679679360418,,,0
0.34959349593495936,0.08270676691729323,0.6504065040650406,0.5014577259475219,0.8865979381443299,0.34959349593495936,0.68133749006663,0.3669386881838743,0.4,0.6,user21,T1,T1_kNN,calibration_FAR<=0.10,,0.03278688524590164,0.36964980544747084,0
0.34959349593495936,0.08270676691729323,0.6504065040650406,0.5014577259475219,0.8865979381443299,0.34959349593495936,0.68133749006663,0.3669386881838743,0.4,0.6,user21,T1,T1_kNN,calibration_FAR<=0.10_floor_0.05,,0.03278688524590164,0.36964980544747084,0
0.540650406504065,0.18796992481203006,0.45934959349593496,0.6584158415841584,0.8417721518987342,0.540650406504065,0.6763402408460174,0.3236597591539825,1.0,0.5,user21,T1,T1_DecisionTree,default_0.5,,,,0
0.540650406504065,0.18796992481203006,0.45934959349593496,0.6584158415841584,0.8417721518987342,0.540650406504065,0.6763402408460174,0.3236597591539825,1.0,1.0,user21,T1,T1_DecisionTree,calibration_EER,0.2878580085475537,,,0
0.540650406504065,0.18796992481203006,0.45934959349593496,0.6584158415841584,0.8417721518987342,0.540650406504065,0.6763402408460174,0.3236597591539825,1.0,1.0,user21,T1,T1_DecisionTree,calibration_FAR<=0.10,,0.07377049180327869,0.4980544747081712,0
0.540650406504065,0.18796992481203006,0.45934959349593496,0.6584158415841584,0.8417721518987342,0.540650406504065,0.6763402408460174,0.3236597591539825,1.0,1.0,user21,T1,T1_DecisionTree,calibration_FAR<=0.10_floor_0.05,,0.07377049180327869,0.4980544747081712,0
0.3699186991869919,0.06015037593984962,0.6300813008130082,0.527536231884058,0.9191919191919192,0.3699186991869919,0.7935081606455163,0.2949905250932209,0.2833333333333333,0.5,user21,T2,T2_RandomForest,default_0.5,,,,0
0.8983739837398373,0.556390977443609,0.1016260162601626,0.8170055452865065,0.7491525423728813,0.8983739837398373,0.7935081606455163,0.2949905250932209,0.2833333333333333,0.19333333333333333,user21,T2,T2_RandomForest,calibration_EER,0.12646445961174546,,,0
0.8577235772357723,0.45864661654135336,0.14227642276422764,0.8146718146718147,0.7757352941176471,0.8577235772357723,0.7935081606455163,0.2949905250932209,0.2833333333333333,0.22,user21,T2,T2_RandomForest,calibration_FAR<=0.10,,0.09972677595628415,0.8210116731517509,0
0.8577235772357723,0.45864661654135336,0.14227642276422764,0.8146718146718147,0.7757352941176471,0.8577235772357723,0.7935081606455163,0.2949905250932209,0.2833333333333333,0.22,user21,T2,T2_RandomForest,calibration_FAR<=0.10_floor_0.05,,0.09972677595628415,0.8210116731517509,0
0.2886178861788618,0.03007518796992481,0.7113821138211383,0.4423676012461059,0.9466666666666667,0.2886178861788618,0.7839721254355402,0.29702304541842406,0.27666666666666667,0.5,user21,T2,T2_ExtraTrees,default_0.5,,,,0
0.8495934959349594,0.45864661654135336,0.15040650406504066,0.810077519379845,0.774074074074074,0.8495934959349594,0.7839721254355402,0.29702304541842406,0.27666666666666667,0.22333333333333333,user21,T2,T2_ExtraTrees,calibration_EER,0.14838351300206248,,,0
0.7804878048780488,0.39097744360902253,0.21951219512195122,0.7836734693877551,0.7868852459016393,0.7804878048780488,0.7839721254355402,0.29702304541842406,0.27666666666666667,0.25,user21,T2,T2_ExtraTrees,calibration_FAR<=0.10,,0.09972677595628415,0.7821011673151751,0
0.7804878048780488,0.39097744360902253,0.21951219512195122,0.7836734693877551,0.7868852459016393,0.7804878048780488,0.7839721254355402,0.29702304541842406,0.27666666666666667,0.25,user21,T2,T2_ExtraTrees,calibration_FAR<=0.10_floor_0.05,,0.09972677595628415,0.7821011673151751,0
0.532520325203252,0.11278195488721804,0.46747967479674796,0.6683673469387755,0.8972602739726028,0.532520325203252,0.816431322207959,0.2480438902133382,0.2634664507009547,0.5,user21,T2,T2_GradientBoosting,default_0.5,,,,0
0.8861788617886179,0.48872180451127817,0.11382113821138211,0.8241965973534972,0.7703180212014135,0.8861788617886179,0.816431322207959,0.2480438902133382,0.2634664507009547,0.13475722979694577,user21,T2,T2_GradientBoosting,calibration_EER,0.1030756309668091,,,0
0.8821138211382114,0.47368421052631576,0.11788617886178862,0.8250950570342205,0.775,0.8821138211382114,0.816431322207959,0.2480438902133382,0.2634664507009547,0.1370021086423507,user21,T2,T2_GradientBoosting,calibration_FAR<=0.10,,0.09972677595628415,0.8871595330739299,0
0.8821138211382114,0.47368421052631576,0.11788617886178862,0.8250950570342205,0.775,0.8821138211382114,0.816431322207959,0.2480438902133382,0.2634664507009547,0.1370021086423507,user21,T2,T2_GradientBoosting,calibration_FAR<=0.10_floor_0.05,,0.09972677595628415,0.8871595330739299,0
0.6016260162601627,0.12781954887218044,0.3983739837398374,0.7201946472019465,0.896969696969697,0.6016260162601627,0.8364203190904088,0.2480438902133382,0.2967052161693573,0.5,user21,T2,T2_XGBoost,default_0.5,,,,0
0.9146341463414634,0.46616541353383456,0.08536585365853659,0.8442776735459663,0.7839721254355401,0.9146341463414634,0.8364203190904088,0.2480438902133382,0.2967052161693573,0.09471041709184647,user21,T2,T2_XGBoost,calibration_EER,0.09187822925304587,,,0
0.926829268292683,0.48120300751879697,0.07317073170731707,0.8475836431226765,0.7808219178082192,0.926829268292683,0.8364203190904088,0.2480438902133382,0.2967052161693573,0.08724819868803024,user21,T2,T2_XGBoost,calibration_FAR<=0.10,,0.09972677595628415,0.9221789883268483,0
0.926829268292683,0.48120300751879697,0.07317073170731707,0.8475836431226765,0.7808219178082192,0.926829268292683,0.8364203190904088,0.2480438902133382,0.2967052161693573,0.08724819868803024,user21,T2,T2_XGBoost,calibration_FAR<=0.10_floor_0.05,,0.09972677595628415,0.9221789883268483,0
0.5487804878048781,0.41353383458646614,0.45121951219512196,0.6192660550458715,0.7105263157894737,0.5487804878048781,0.5848768262118712,0.429732868757259,0.49733710289001465,0.5,user21,T3,T3_1D_CNN,default_0.5,,,,0
0.6504065040650406,0.5714285714285714,0.34959349593495936,0.6639004149377593,0.6779661016949152,0.6504065040650406,0.5848768262118712,0.429732868757259,0.49733710289001465,0.47986364364624023,user21,T3,T3_1D_CNN,calibration_EER,0.32131466479556037,,,0
0.34146341463414637,0.24812030075187969,0.6585365853658537,0.4628099173553719,0.717948717948718,0.34146341463414637,0.5848768262118712,0.429732868757259,0.49733710289001465,0.5257570147514343,user21,T3,T3_1D_CNN,calibration_FAR<=0.10,,0.09972677595628415,0.32684824902723736,0
0.34146341463414637,0.24812030075187969,0.6585365853658537,0.4628099173553719,0.717948717948718,0.34146341463414637,0.5848768262118712,0.429732868757259,0.49733710289001465,0.5257570147514343,user21,T3,T3_1D_CNN,calibration_FAR<=0.10_floor_0.05,,0.09972677595628415,0.32684824902723736,0
0.825,0.7692307692307693,0.175,0.6305732484076433,0.5103092783505154,0.825,0.6231275303643725,0.40242914979757083,0.5853154841266826,0.5,user23,T0,T0_DistanceProfile,default_0.5,,,,0
0.6333333333333333,0.4493927125506073,0.36666666666666664,0.6043737574552683,0.5779467680608364,0.6333333333333333,0.6231275303643725,0.40242914979757083,0.5853154841266826,0.5786929880861156,user23,T0,T0_DistanceProfile,calibration_EER,0.42762505693540176,,,0
0.2708333333333333,0.11336032388663968,0.7291666666666666,0.39039039039039036,0.6989247311827957,0.2708333333333333,0.6231275303643725,0.40242914979757083,0.5853154841266826,0.6507205609319365,user23,T0,T0_DistanceProfile,calibration_FAR<=0.10,,0.0987460815047022,0.23504273504273504,0
0.2708333333333333,0.11336032388663968,0.7291666666666666,0.39039039039039036,0.6989247311827957,0.2708333333333333,0.6231275303643725,0.40242914979757083,0.5853154841266826,0.6507205609319365,user23,T0,T0_DistanceProfile,calibration_FAR<=0.10_floor_0.05,,0.0987460815047022,0.23504273504273504,0
0.7625,0.20647773279352227,0.2375,0.7721518987341772,0.782051282051282,0.7625,0.8509278002699057,0.22586032388663968,0.48302017991453045,0.5,user23,T1,T1_LogReg,default_0.5,,,,0
0.7,0.1902834008097166,0.3,0.7384615384615385,0.7813953488372093,0.7,0.8509278002699057,0.22586032388663968,0.48302017991453045,0.574747939026526,user23,T1,T1_LogReg,calibration_EER,0.2686279238003376,,,0
0.4041666666666667,0.06477732793522267,0.5958333333333333,0.5495750708215298,0.8584070796460177,0.4041666666666667,0.8509278002699057,0.22586032388663968,0.48302017991453045,0.8145004029378342,user23,T1,T1_LogReg,calibration_FAR<=0.10,,0.0987460815047022,0.4188034188034188,0
0.4041666666666667,0.06477732793522267,0.5958333333333333,0.5495750708215298,0.8584070796460177,0.4041666666666667,0.8509278002699057,0.22586032388663968,0.48302017991453045,0.8145004029378342,user23,T1,T1_LogReg,calibration_FAR<=0.10_floor_0.05,,0.0987460815047022,0.4188034188034188,0
0.5583333333333333,0.0931174089068826,0.44166666666666665,0.6750629722921915,0.8535031847133758,0.5583333333333333,0.866278677462888,0.20127361673414307,0.24317914530090567,0.5,user23,T1,T1_SVM_RBF,default_0.5,,,,0
0.7666666666666667,0.18218623481781376,0.23333333333333334,0.7846481876332623,0.8034934497816594,0.7666666666666667,0.866278677462888,0.20127361673414307,0.24317914530090567,0.28491047057297736,user23,T1,T1_SVM_RBF,calibration_EER,0.26414007448490207,,,0
0.4375,0.07692307692307693,0.5625,0.5769230769230769,0.8467741935483871,0.4375,0.866278677462888,0.20127361673414307,0.24317914530090567,0.6272095834461013,user23,T1,T1_SVM_RBF,calibration_FAR<=0.10,,0.0987460815047022,0.41025641025641024,0
0.4375,0.07692307692307693,0.5625,0.5769230769230769,0.8467741935483871,0.4375,0.866278677462888,0.20127361673414307,0.24317914530090567,0.6272095834461013,user23,T1,T1_SVM_RBF,calibration_FAR<=0.10_floor_0.05,,0.0987460815047022,0.41025641025641024,0
0.5,0.14979757085020243,0.5,0.6045340050377834,0.7643312101910829,0.5,0.7611167341430499,0.29016531713900134,0.4,0.5,user23,T1,T1_kNN,default_0.5,,,,0
0.8083333333333333,0.38866396761133604,0.19166666666666668,0.7320754716981132,0.6689655172413793,0.8083333333333333,0.7611167341430499,0.29016531713900134,0.4,0.4,user23,T1,T1_kNN,calibration_EER,0.32057310505586367,,,0
0.2375,0.05668016194331984,0.7625,0.3665594855305466,0.8028169014084507,0.2375,0.7611167341430499,0.29016531713900134,0.4,0.8,user23,T1,T1_kNN,calibration_FAR<=0.10,,0.061128526645768025,0.2564102564102564,0
0.2375,0.05668016194331984,0.7625,0.3665594855305466,0.8028169014084507,0.2375,0.7611167341430499,0.29016531713900134,0.4,0.8,user23,T1,T1_kNN,calibration_FAR<=0.10_floor_0.05,,0.061128526645768025,0.2564102564102564,0
0.5541666666666667,0.11740890688259109,0.44583333333333336,0.6616915422885572,0.8209876543209876,0.5541666666666667,0.7183788798920377,0.2816211201079622,1.0,0.5,user23,T1,T1_DecisionTree,default_0.5,,,,0
0.5541666666666667,0.11740890688259109,0.44583333333333336,0.6616915422885572,0.8209876543209876,0.5541666666666667,0.7183788798920377,0.2816211201079622,1.0,1.0,user23,T1,T1_DecisionTree,calibration_EER,0.35408461270530234,,,0
0.0,0.0,1.0,0.0,0.0,0.0,0.7183788798920377,0.2816211201079622,1.0,1.0000000000000002,user23,T1,T1_DecisionTree,calibration_FAR<=0.10,,0.0,0.0,0
0.0,0.0,1.0,0.0,0.0,0.0,0.7183788798920377,0.2816211201079622,1.0,1.0000000000000002,user23,T1,T1_DecisionTree,calibration_FAR<=0.10_floor_0.05,,0.0,0.0,0
0.475,0.04048582995951417,0.525,0.6263736263736264,0.9193548387096774,0.475,0.8997891363022942,0.1724612010796221,0.26,0.5,user23,T2,T2_RandomForest,default_0.5,,,,0
0.7958333333333333,0.13360323886639677,0.20416666666666666,0.8232758620689655,0.8526785714285714,0.7958333333333333,0.8997891363022942,0.1724612010796221,0.26,0.2966666666666667,user23,T2,T2_RandomForest,calibration_EER,0.24170082790772446,,,0
0.5833333333333334,0.06477732793522267,0.4166666666666667,0.7070707070707071,0.8974358974358975,0.5833333333333334,0.8997891363022942,0.1724612010796221,0.26,0.4166666666666667,user23,T2,T2_RandomForest,calibration_FAR<=0.10,,0.0987460815047022,0.5512820512820513,0
0.5833333333333334,0.06477732793522267,0.4166666666666667,0.7070707070707071,0.8974358974358975,0.5833333333333334,0.8997891363022942,0.1724612010796221,0.26,0.4166666666666667,user23,T2,T2_RandomForest,calibration_FAR<=0.10_floor_0.05,,0.0987460815047022,0.5512820512820513,0
0.44166666666666665,0.044534412955465584,0.5583333333333333,0.5938375350140056,0.905982905982906,0.44166666666666665,0.8993589743589744,0.17865215924426453,0.28,0.5,user23,T2,T2_ExtraTrees,default_0.5,,,,0
0.7583333333333333,0.12550607287449392,0.24166666666666667,0.8035320088300221,0.8544600938967136,0.7583333333333333,0.8993589743589744,0.17865215924426453,0.28,0.3233333333333333,user23,T2,T2_ExtraTrees,calibration_EER,0.244835624145969,,,0
0.5166666666666667,0.05668016194331984,0.48333333333333334,0.656084656084656,0.8985507246376812,0.5166666666666667,0.8993589743589744,0.17865215924426453,0.28,0.45,user23,T2,T2_ExtraTrees,calibration_FAR<=0.10,,0.09561128526645768,0.5042735042735043,0
0.5166666666666667,0.05668016194331984,0.48333333333333334,0.656084656084656,0.8985507246376812,0.5166666666666667,0.8993589743589744,0.17865215924426453,0.28,0.45,user23,T2,T2_ExtraTrees,calibration_FAR<=0.10_floor_0.05,,0.09561128526645768,0.5042735042735043,0
0.6166666666666667,0.07692307692307693,0.38333333333333336,0.7272727272727273,0.8862275449101796,0.6166666666666667,0.8925269905533063,0.19299932523616734,0.25750636546824085,0.5,user23,T2,T2_GradientBoosting,default_0.5,,,,0
0.7875,0.1659919028340081,0.2125,0.8042553191489362,0.8217391304347826,0.7875,0.8925269905533063,0.19299932523616734,0.25750636546824085,0.2873741714365016,user23,T2,T2_GradientBoosting,calibration_EER,0.24853977440184338,,,0
0.6,0.0728744939271255,0.4,0.7164179104477612,0.8888888888888888,0.6,0.8925269905533063,0.19299932523616734,0.25750636546824085,0.5152645980934705,user23,T2,T2_GradientBoosting,calibration_FAR<=0.10,,0.0987460815047022,0.5128205128205128,0
0.6,0.0728744939271255,0.4,0.7164179104477612,0.8888888888888888,0.6,0.8925269905533063,0.19299932523616734,0.25750636546824085,0.5152645980934705,user23,T2,T2_GradientBoosting,calibration_FAR<=0.10_floor_0.05,,0.0987460815047022,0.5128205128205128,0
0.6666666666666666,0.0931174089068826,0.3333333333333333,0.7565011820330969,0.8743169398907104,0.6666666666666666,0.8973515519568152,0.18275978407557356,0.24179941415786743,0.5,user23,T2,T2_XGBoost,default_0.5,,,,0
0.8041666666666667,0.18218623481781376,0.19583333333333333,0.8075313807531381,0.8109243697478992,0.8041666666666667,0.8973515519568152,0.18275978407557356,0.24179941415786743,0.2536427676677704,user23,T2,T2_XGBoost,calibration_EER,0.22239637756879135,,,0
0.6458333333333334,0.08097165991902834,0.3541666666666667,0.7469879518072289,0.8857142857142857,0.6458333333333334,0.8973515519568152,0.18275978407557356,0.24179941415786743,0.5385617017745972,user23,T2,T2_XGBoost,calibration_FAR<=0.10,,0.0987460815047022,0.5555555555555556,0
0.6458333333333334,0.08097165991902834,0.3541666666666667,0.7469879518072289,0.8857142857142857,0.6458333333333334,0.8973515519568152,0.18275978407557356,0.24179941415786743,0.5385617017745972,user23,T2,T2_XGBoost,calibration_FAR<=0.10_floor_0.05,,0.0987460815047022,0.5555555555555556,0
0.0,0.0,1.0,0.0,0.0,0.0,0.6588056680161943,0.40040485829959516,0.2830900251865387,0.5,user23,T3,T3_1D_CNN,default_0.5,,,,0
0.5625,0.3562753036437247,0.4375,0.5831533477321814,0.6053811659192825,0.5625,0.6588056680161943,0.40040485829959516,0.2830900251865387,0.29362213611602783,user23,T3,T3_1D_CNN,calibration_EER,0.3447070171208102,,,0
0.21666666666666667,0.06882591093117409,0.7833333333333333,0.3365695792880259,0.7536231884057971,0.21666666666666667,0.6588056680161943,0.40040485829959516,0.2830900251865387,0.3588799238204956,user23,T3,T3_1D_CNN,calibration_FAR<=0.10,,0.0987460815047022,0.23504273504273504,0
0.21666666666666667,0.06882591093117409,0.7833333333333333,0.3365695792880259,0.7536231884057971,0.21666666666666667,0.6588056680161943,0.40040485829959516,0.2830900251865387,0.3588799238204956,user23,T3,T3_1D_CNN,calibration_FAR<=0.10_floor_0.05,,0.0987460815047022,0.23504273504273504,0
0.8858267716535433,0.7,0.1141732283464567,0.7992895204262878,0.7281553398058253,0.8858267716535433,0.6854986876640419,0.35830052493438325,0.5971787279381837,0.5,user29,T0,T0_DistanceProfile,default_0.5,,,,0
0.7401574803149606,0.4666666666666667,0.25984251968503935,0.7550200803212851,0.7704918032786885,0.7401574803149606,0.6854986876640419,0.35830052493438325,0.5971787279381837,0.5663798866531501,user29,T0,T0_DistanceProfile,calibration_EER,0.3138202430470598,,,0
0.4763779527559055,0.20833333333333334,0.5236220472440944,0.605,0.8287671232876712,0.4763779527559055,0.6854986876640419,0.35830052493438325,0.5971787279381837,0.6318235594934214,user29,T0,T0_DistanceProfile,calibration_FAR<=0.10,,0.09972677595628415,0.373134328358209,0
0.4763779527559055,0.20833333333333334,0.5236220472440944,0.605,0.8287671232876712,0.4763779527559055,0.6854986876640419,0.35830052493438325,0.5971787279381837,0.6318235594934214,user29,T0,T0_DistanceProfile,calibration_FAR<=0.10_floor_0.05,,0.09972677595628415,0.373134328358209,0
0.8228346456692913,0.375,0.17716535433070865,0.8228346456692913,0.8228346456692913,0.8228346456692913,0.7833989501312336,0.27726377952755904,0.7169532302266577,0.5,user29,T1,T1_LogReg,default_0.5,,,,0
0.8779527559055118,0.45,0.1220472440944882,0.839924670433145,0.8050541516245487,0.8779527559055118,0.7833989501312336,0.27726377952755904,0.7169532302266577,0.35373815774586653,user29,T1,T1_LogReg,calibration_EER,0.1490804175842101,,,0
0.8307086614173228,0.4,0.16929133858267717,0.8226120857699805,0.8146718146718147,0.8307086614173228,0.7833989501312336,0.27726377952755904,0.7169532302266577,0.48314467779885867,user29,T1,T1_LogReg,calibration_FAR<=0.10,,0.09972677595628415,0.7761194029850746,0
0.8307086614173228,0.4,0.16929133858267717,0.8226120857699805,0.8146718146718147,0.8307086614173228,0.7833989501312336,0.27726377952755904,0.7169532302266577,0.48314467779885867,user29,T1,T1_LogReg,calibration_FAR<=0.10_floor_0.05,,0.09972677595628415,0.7761194029850746,0
0.610236220472441,0.20833333333333334,0.38976377952755903,0.7142857142857143,0.8611111111111112,0.610236220472441,0.788484251968504,0.27135826771653543,0.30070552774026277,0.5,user29,T1,T1_SVM_RBF,default_0.5,,,,0
0.8858267716535433,0.48333333333333334,0.1141732283464567,0.8379888268156425,0.7950530035335689,0.8858267716535433,0.788484251968504,0.27135826771653543,0.30070552774026277,0.11738010765685554,user29,T1,T1_SVM_RBF,calibration_EER,0.12820120707935728,,,0
0.8543307086614174,0.4166666666666667,0.14566929133858267,0.8330134357005758,0.8127340823970037,0.8543307086614174,0.788484251968504,0.27135826771653543,0.30070552774026277,0.14426302471224883,user29,T1,T1_SVM_RBF,calibration_FAR<=0.10,,0.09972677595628415,0.8159203980099502,0
0.8543307086614174,0.4166666666666667,0.14566929133858267,0.8330134357005758,0.8127340823970037,0.8543307086614174,0.788484251968504,0.27135826771653543,0.30070552774026277,0.14426302471224883,user29,T1,T1_SVM_RBF,calibration_FAR<=0.10_floor_0.05,,0.09972677595628415,0.8159203980099502,0
0.452755905511811,0.18333333333333332,0.547244094488189,0.5882352941176471,0.8394160583941606,0.452755905511811,0.7252296587926509,0.29891732283464567,0.4,0.5,user29,T1,T1_kNN,default_0.5,,,,0
0.8582677165354331,0.5833333333333334,0.14173228346456693,0.8044280442804428,0.7569444444444444,0.8582677165354331,0.7252296587926509,0.29891732283464567,0.4,0.2,user29,T1,T1_kNN,calibration_EER,0.2324545306255607,,,0
0.6771653543307087,0.275,0.3228346456692913,0.7494553376906318,0.8390243902439024,0.6771653543307087,0.7252296587926509,0.29891732283464567,0.4,0.4,user29,T1,T1_kNN,calibration_FAR<=0.10,,0.0860655737704918,0.5223880597014925,0
0.6771653543307087,0.275,0.3228346456692913,0.7494553376906318,0.8390243902439024,0.6771653543307087,0.7252296587926509,0.29891732283464567,0.4,0.4,user29,T1,T1_kNN,calibration_FAR<=0.10_floor_0.05,,0.0860655737704918,0.5223880597014925,0
0.5393700787401575,0.23333333333333334,0.46062992125984253,0.6539379474940334,0.8303030303030303,0.5393700787401575,0.653018372703412,0.3469816272965879,1.0,0.5,user29,T1,T1_DecisionTree,default_0.5,,,,0
0.5393700787401575,0.23333333333333334,0.46062992125984253,0.6539379474940334,0.8303030303030303,0.5393700787401575,0.653018372703412,0.3469816272965879,1.0,1.0,user29,T1,T1_DecisionTree,calibration_EER,0.3311006443193867,,,0
0.5393700787401575,0.23333333333333334,0.46062992125984253,0.6539379474940334,0.8303030303030303,0.5393700787401575,0.653018372703412,0.3469816272965879,1.0,1.0,user29,T1,T1_DecisionTree,calibration_FAR<=0.10,,0.07513661202185792,0.4129353233830846,0
0.5393700787401575,0.23333333333333334,0.46062992125984253,0.6539379474940334,0.8303030303030303,0.5393700787401575,0.653018372703412,0.3469816272965879,1.0,1.0,user29,T1,T1_DecisionTree,calibration_FAR<=0.10_floor_0.05,,0.07513661202185792,0.4129353233830846,0
0.4921259842519685,0.125,0.5078740157480315,0.6345177664974619,0.8928571428571429,0.4921259842519685,0.7894028871391077,0.2996062992125984,0.30333333333333334,0.5,user29,T2,T2_RandomForest,default_0.5,,,,0
0.9015748031496063,0.5166666666666667,0.0984251968503937,0.8403669724770643,0.7869415807560137,0.9015748031496063,0.7894028871391077,0.2996062992125984,0.30333333333333334,0.13333333333333333,user29,T2,T2_RandomForest,calibration_EER,0.14249449473941767,,,0
0.8779527559055118,0.425,0.1220472440944882,0.8446969696969697,0.8138686131386861,0.8779527559055118,0.7894028871391077,0.2996062992125984,0.30333333333333334,0.17,user29,T2,T2_RandomForest,calibration_FAR<=0.10,,0.09972677595628415,0.8009950248756219,0
0.8779527559055118,0.425,0.1220472440944882,0.8446969696969697,0.8138686131386861,0.8779527559055118,0.7894028871391077,0.2996062992125984,0.30333333333333334,0.17,user29,T2,T2_RandomForest,calibration_FAR<=0.10_floor_0.05,,0.09972677595628415,0.8009950248756219,0
0.4763779527559055,0.16666666666666666,0.5236220472440944,0.6126582278481013,0.8581560283687943,0.4763779527559055,0.7770997375328085,0.2996062992125984,0.30666666666666664,0.5,user29,T2,T2_ExtraTrees,default_0.5,,,,0
0.889763779527559,0.48333333333333334,0.11023622047244094,0.8401486988847584,0.795774647887324,0.889763779527559,0.7770997375328085,0.2996062992125984,0.30666666666666664,0.15333333333333332,user29,T2,T2_ExtraTrees,calibration_EER,0.12503058478101298,,,0
0.8582677165354331,0.425,0.14173228346456693,0.8336520076481836,0.8104089219330854,0.8582677165354331,0.7770997375328085,0.2996062992125984,0.30666666666666664,0.18333333333333332,user29,T2,T2_ExtraTrees,calibration_FAR<=0.10,,0.09972677595628415,0.8208955223880597,0
0.8582677165354331,0.425,0.14173228346456693,0.8336520076481836,0.8104089219330854,0.8582677165354331,0.7770997375328085,0.2996062992125984,0.30666666666666664,0.18333333333333332,user29,T2,T2_ExtraTrees,calibration_FAR<=0.10_floor_0.05,,0.09972677595628415,0.8208955223880597,0
0.5787401574803149,0.15,0.421259842519685,0.7016706443914081,0.8909090909090909,0.5787401574803149,0.7949475065616798,0.2853674540682415,0.2612181118289706,0.5,user29,T2,T2_GradientBoosting,default_0.5,,,,0
0.889763779527559,0.475,0.11023622047244094,0.8417132216014898,0.7985865724381626,0.889763779527559,0.7949475065616798,0.2853674540682415,0.2612181118289706,0.07916878249004136,user29,T2,T2_GradientBoosting,calibration_EER,0.15430022021042328,,,0
0.8188976377952756,0.38333333333333336,0.18110236220472442,0.8188976377952756,0.8188976377952756,0.8188976377952756,0.7949475065616798,0.2853674540682415,0.2612181118289706,0.1396086621600428,user29,T2,T2_GradientBoosting,calibration_FAR<=0.10,,0.09972677595628415,0.7711442786069652,0
0.8188976377952756,0.38333333333333336,0.18110236220472442,0.8188976377952756,0.8188976377952756,0.8188976377952756,0.7949475065616798,0.2853674540682415,0.2612181118289706,0.1396086621600428,user29,T2,T2_GradientBoosting,calibration_FAR<=0.10_floor_0.05,,0.09972677595628415,0.7711442786069652,0
0.6338582677165354,0.16666666666666666,0.3661417322834646,0.7402298850574712,0.8895027624309392,0.6338582677165354,0.8163385826771654,0.26522309711286085,0.2692704200744629,0.5,user29,T2,T2_XGBoost,default_0.5,,,,0
0.9015748031496063,0.45,0.0984251968503937,0.8528864059590316,0.8091872791519434,0.9015748031496063,0.8163385826771654,0.26522309711286085,0.2692704200744629,0.059526074677705765,user29,T2,T2_XGBoost,calibration_EER,0.11912772204551016,,,0
0.8858267716535433,0.43333333333333335,0.1141732283464567,0.847457627118644,0.8122743682310469,0.8858267716535433,0.8163385826771654,0.26522309711286085,0.2692704200744629,0.07279977202415466,user29,T2,T2_XGBoost,calibration_FAR<=0.10,,0.09972677595628415,0.8557213930348259,0
0.8858267716535433,0.43333333333333335,0.1141732283464567,0.847457627118644,0.8122743682310469,0.8858267716535433,0.8163385826771654,0.26522309711286085,0.2692704200744629,0.07279977202415466,user29,T2,T2_XGBoost,calibration_FAR<=0.10_floor_0.05,,0.09972677595628415,0.8557213930348259,0
0.6141732283464567,0.10833333333333334,0.3858267716535433,0.7375886524822695,0.9230769230769231,0.6141732283464567,0.8448818897637796,0.23280839895013125,0.10464493185281754,0.5,user29,T3,T3_1D_CNN,default_0.5,,,,0
0.9212598425196851,0.39166666666666666,0.07874015748031496,0.874766355140187,0.8327402135231317,0.9212598425196851,0.8448818897637796,0.23280839895013125,0.10464493185281754,0.014691818505525589,user29,T3,T3_1D_CNN,calibration_EER,0.1817653535600685,,,0
0.8543307086614174,0.31666666666666665,0.14566929133858267,0.8526522593320236,0.8509803921568627,0.8543307086614174,0.8448818897637796,0.23280839895013125,0.10464493185281754,0.03752579912543297,user29,T3,T3_1D_CNN,calibration_FAR<=0.10,,0.09972677595628415,0.736318407960199,0
0.8307086614173228,0.2916666666666667,0.16929133858267717,0.844,0.8577235772357723,0.8307086614173228,0.8448818897637796,0.23280839895013125,0.10464493185281754,0.05,user29,T3,T3_1D_CNN,calibration_FAR<=0.10_floor_0.05,,0.09972677595628415,0.736318407960199,0
0.8412017167381974,0.7545454545454545,0.15879828326180256,0.5151116951379764,0.3712121212121212,0.8412017167381974,0.5839153335934452,0.442620952009364,0.5829038931503422,0.5,user35,T0,T0_DistanceProfile,default_0.5,,,,0
0.3776824034334764,0.28863636363636364,0.6223175965665236,0.39285714285714285,0.40930232558139534,0.3776824034334764,0.5839153335934452,0.442620952009364,0.5829038931503422,0.6172477792329139,user35,T0,T0_DistanceProfile,calibration_EER,0.3839035964035964,,,0
0.12446351931330472,0.07954545454545454,0.8755364806866953,0.19528619528619529,0.453125,0.12446351931330472,0.5839153335934452,0.442620952009364,0.5829038931503422,0.6720827123934674,user35,T0,T0_DistanceProfile,calibration_FAR<=0.10,,0.0989010989010989,0.2909090909090909,0
0.12446351931330472,0.07954545454545454,0.8755364806866953,0.19528619528619529,0.453125,0.12446351931330472,0.5839153335934452,0.442620952009364,0.5829038931503422,0.6720827123934674,user35,T0,T0_DistanceProfile,calibration_FAR<=0.10_floor_0.05,,0.0989010989010989,0.2909090909090909,0
0.8111587982832618,0.29772727272727273,0.1888412017167382,0.6835443037974683,0.590625,0.8111587982832618,0.8244440109246975,0.25160944206008584,0.5513570245540743,0.5,user35,T1,T1_LogReg,default_0.5,,,,0
0.7811158798283262,0.26590909090909093,0.21888412017167383,0.6842105263157895,0.6086956521739131,0.7811158798283262,0.8244440109246975,0.25160944206008584,0.5513570245540743,0.5269297598566923,user35,T1,T1_LogReg,calibration_EER,0.29105894105894103,,,0
0.3905579399141631,0.08181818181818182,0.6094420600858369,0.5055555555555555,0.7165354330708661,0.3905579399141631,0.8244440109246975,0.25160944206008584,0.5513570245540743,0.8086445676423178,user35,T1,T1_LogReg,calibration_FAR<=0.10,,0.0989010989010989,0.33636363636363636,0
0.3905579399141631,0.08181818181818182,0.6094420600858369,0.5055555555555555,0.7165354330708661,0.3905579399141631,0.8244440109246975,0.25160944206008584,0.5513570245540743,0.8086445676423178,user35,T1,T1_LogReg,calibration_FAR<=0.10_floor_0.05,,0.0989010989010989,0.33636363636363636,0
0.5278969957081545,0.125,0.4721030042918455,0.5985401459854015,0.6910112359550562,0.5278969957081545,0.8204447912602418,0.25375536480686695,0.2981318897794589,0.5,user35,T1,T1_SVM_RBF,default_0.5,,,,0
0.7381974248927039,0.25,0.26180257510729615,0.6679611650485436,0.6099290780141844,0.7381974248927039,0.8204447912602418,0.25375536480686695,0.2981318897794589,0.2984234405368675,user35,T1,T1_SVM_RBF,calibration_EER,0.2682317682317682,,,0
0.45493562231759654,0.08409090909090909,0.5450643776824035,0.5638297872340425,0.7412587412587412,0.45493562231759654,0.8204447912602418,0.25375536480686695,0.2981318897794589,0.6026231655701276,user35,T1,T1_SVM_RBF,calibration_FAR<=0.10,,0.0989010989010989,0.4636363636363636,0
0.45493562231759654,0.08409090909090909,0.5450643776824035,0.5638297872340425,0.7412587412587412,0.45493562231759654,0.8204447912602418,0.25375536480686695,0.2981318897794589,0.6026231655701276,user35,T1,T1_SVM_RBF,calibration_FAR<=0.10_floor_0.05,,0.0989010989010989,0.4636363636363636,0
0.4034334763948498,0.16590909090909092,0.5965665236051502,0.47,0.562874251497006,0.4034334763948498,0.6826960593055014,0.35955423332032777,0.4,0.5,user35,T1,T1_kNN,default_0.5,,,,0
0.6695278969957081,0.3886363636363636,0.33047210300429186,0.5571428571428572,0.47706422018348627,0.6695278969957081,0.6826960593055014,0.35955423332032777,0.4,0.4,user35,T1,T1_kNN,calibration_EER,0.3819430569430569,,,0
0.19313304721030042,0.05909090909090909,0.8068669527896996,0.29605263157894735,0.6338028169014085,0.19313304721030042,0.6826960593055014,0.35955423332032777,0.4,0.8,user35,T1,T1_kNN,calibration_FAR<=0.10,,0.042582417582417584,0.20909090909090908,0
0.19313304721030042,0.05909090909090909,0.8068669527896996,0.29605263157894735,0.6338028169014085,0.19313304721030042,0.6826960593055014,0.35955423332032777,0.4,0.8,user35,T1,T1_kNN,calibration_FAR<=0.10_floor_0.05,,0.042582417582417584,0.20909090909090908,0
0.4678111587982833,0.21818181818181817,0.5321888412017167,0.4977168949771689,0.5317073170731708,0.4678111587982833,0.6248146703082326,0.37518532969176743,1.0,0.5,user35,T1,T1_DecisionTree,default_0.5,,,,0
0.4678111587982833,0.21818181818181817,0.5321888412017167,0.4977168949771689,0.5317073170731708,0.4678111587982833,0.6248146703082326,0.37518532969176743,1.0,1.0,user35,T1,T1_DecisionTree,calibration_EER,0.38399100899100896,,,0
0.0,0.0,1.0,0.0,0.0,0.0,0.6248146703082326,0.37518532969176743,1.0,1.0000000000000002,user35,T1,T1_DecisionTree,calibration_FAR<=0.10,,0.0,0.0,0
0.0,0.0,1.0,0.0,0.0,0.0,0.6248146703082326,0.37518532969176743,1.0,1.0000000000000002,user35,T1,T1_DecisionTree,calibration_FAR<=0.10_floor_0.05,,0.0,0.0,0
0.3776824034334764,0.05454545454545454,0.6223175965665236,0.5101449275362319,0.7857142857142857,0.3776824034334764,0.8272385875926647,0.23279847834568865,0.3,0.5,user35,T2,T2_RandomForest,default_0.5,,,,0
0.7639484978540773,0.21136363636363636,0.23605150214592274,0.7063492063492064,0.6568265682656826,0.7639484978540773,0.8272385875926647,0.23279847834568865,0.3,0.31,user35,T2,T2_RandomForest,calibration_EER,0.2629995004995005,,,0
0.4248927038626609,0.06136363636363636,0.575107296137339,0.5515320334261838,0.7857142857142857,0.4248927038626609,0.8272385875926647,0.23279847834568865,0.3,0.4766666666666667,user35,T2,T2_RandomForest,calibration_FAR<=0.10,,0.09615384615384616,0.41818181818181815,0
0.4248927038626609,0.06136363636363636,0.575107296137339,0.5515320334261838,0.7857142857142857,0.4248927038626609,0.8272385875926647,0.23279847834568865,0.3,0.4766666666666667,user35,T2,T2_RandomForest,calibration_FAR<=0.10_floor_0.05,,0.09615384615384616,0.41818181818181815,0
0.2918454935622318,0.045454545454545456,0.7081545064377682,0.4236760124610592,0.7727272727272727,0.2918454935622318,0.8258291065158018,0.23961666016387045,0.31333333333333335,0.5,user35,T2,T2_ExtraTrees,default_0.5,,,,0
0.7639484978540773,0.2431818181818182,0.23605150214592274,0.6872586872586872,0.624561403508772,0.7639484978540773,0.8258291065158018,0.23961666016387045,0.31333333333333335,0.31333333333333335,user35,T2,T2_ExtraTrees,calibration_EER,0.27716033966033965,,,0
0.44206008583690987,0.07954545454545454,0.5579399141630901,0.555256064690027,0.7463768115942029,0.44206008583690987,0.8258291065158018,0.23961666016387045,0.31333333333333335,0.44,user35,T2,T2_ExtraTrees,calibration_FAR<=0.10,,0.09203296703296704,0.42727272727272725,0
0.44206008583690987,0.07954545454545454,0.5579399141630901,0.555256064690027,0.7463768115942029,0.44206008583690987,0.8258291065158018,0.23961666016387045,0.31333333333333335,0.44,user35,T2,T2_ExtraTrees,calibration_FAR<=0.10_floor_0.05,,0.09203296703296704,0.42727272727272725,0
0.5364806866952789,0.10681818181818181,0.463519313304721,0.6172839506172839,0.7267441860465116,0.5364806866952789,0.8157140070230199,0.24176258291065156,0.3123770375429029,0.5,user35,T2,T2_GradientBoosting,default_0.5,,,,0
0.7725321888412017,0.275,0.22746781115879827,0.6741573033707865,0.5980066445182725,0.7725321888412017,0.8157140070230199,0.24176258291065156,0.3123770375429029,0.28765241076565917,user35,T2,T2_GradientBoosting,calibration_EER,0.25501998001998,,,0
0.49356223175965663,0.08863636363636364,0.5064377682403434,0.5943152454780362,0.7467532467532467,0.49356223175965663,0.8157140070230199,0.24176258291065156,0.3123770375429029,0.530599794717795,user35,T2,T2_GradientBoosting,calibration_FAR<=0.10,,0.0989010989010989,0.5272727272727272,0
0.49356223175965663,0.08863636363636364,0.5064377682403434,0.5943152454780362,0.7467532467532467,0.49356223175965663,0.8157140070230199,0.24176258291065156,0.3123770375429029,0.530599794717795,user35,T2,T2_GradientBoosting,calibration_FAR<=0.10_floor_0.05,,0.0989010989010989,0.5272727272727272,0
0.5879828326180258,0.10909090909090909,0.41201716738197425,0.6555023923444976,0.7405405405405405,0.5879828326180258,0.8337982832618027,0.24719079204057748,0.28972530364990234,0.5,user35,T2,T2_XGBoost,default_0.5,,,,0
0.7682403433476395,0.26136363636363635,0.2317596566523605,0.6793168880455408,0.608843537414966,0.7682403433476395,0.8337982832618027,0.24719079204057748,0.28972530364990234,0.26294150948524475,user35,T2,T2_XGBoost,calibration_EER,0.25364635364635363,,,0
0.5064377682403434,0.07727272727272727,0.49356223175965663,0.612987012987013,0.7763157894736842,0.5064377682403434,0.8337982832618027,0.24719079204057748,0.28972530364990234,0.5789622664451599,user35,T2,T2_XGBoost,calibration_FAR<=0.10,,0.0989010989010989,0.5363636363636364,0
0.5064377682403434,0.07727272727272727,0.49356223175965663,0.612987012987013,0.7763157894736842,0.5064377682403434,0.8337982832618027,0.24719079204057748,0.28972530364990234,0.5789622664451599,user35,T2,T2_XGBoost,calibration_FAR<=0.10_floor_0.05,,0.0989010989010989,0.5363636363636364,0
0.004291845493562232,0.0022727272727272726,0.9957081545064378,0.00851063829787234,0.5,0.004291845493562232,0.7341299258681233,0.3543747561451424,0.31725606322288513,0.5,user35,T3,T3_1D_CNN,default_0.5,,,,0
0.7296137339055794,0.42954545454545456,0.2703862660944206,0.5743243243243243,0.4735376044568245,0.7296137339055794,0.7341299258681233,0.3543747561451424,0.31725606322288513,0.29818961024284363,user35,T3,T3_1D_CNN,calibration_EER,0.40604395604395604,,,0
0.2875536480686695,0.07954545454545454,0.7124463519313304,0.4,0.6568627450980392,0.2875536480686695,0.7341299258681233,0.3543747561451424,0.31725606322288513,0.39755910634994507,user35,T3,T3_1D_CNN,calibration_FAR<=0.10,,0.0989010989010989,0.16363636363636364,0
0.2875536480686695,0.07954545454545454,0.7124463519313304,0.4,0.6568627450980392,0.2875536480686695,0.7341299258681233,0.3543747561451424,0.31725606322288513,0.39755910634994507,user35,T3,T3_1D_CNN,calibration_FAR<=0.10_floor_0.05,,0.0989010989010989,0.16363636363636364,0
0.88,0.16666666666666666,0.12,0.8784029038112523,0.8768115942028986,0.88,0.9244385026737969,0.13953654188948308,0.5062301529613676,0.5,user7,T0,T0_DistanceProfile,default_0.5,,,,0
0.8581818181818182,0.06862745098039216,0.14181818181818182,0.8990476190476191,0.944,0.8581818181818182,0.9244385026737969,0.13953654188948308,0.5062301529613676,0.5177347729322752,user7,T0,T0_DistanceProfile,calibration_EER,0.1596568898727172,,,0
0.8109090909090909,0.014705882352941176,0.1890909090909091,0.8902195608782435,0.9867256637168141,0.8109090909090909,0.9244385026737969,0.13953654188948308,0.5062301529613676,0.5377522121338165,user7,T0,T0_DistanceProfile,calibration_FAR<=0.10,,0.0989010989010989,0.7913669064748201,0
0.8109090909090909,0.014705882352941176,0.1890909090909091,0.8902195608782435,0.9867256637168141,0.8109090909090909,0.9244385026737969,0.13953654188948308,0.5062301529613676,0.5377522121338165,user7,T0,T0_DistanceProfile,calibration_FAR<=0.10_floor_0.05,,0.0989010989010989,0.7913669064748201,0
0.9527272727272728,0.004901960784313725,0.04727272727272727,0.9739776951672863,0.9961977186311787,0.9527272727272728,0.9991978609625669,0.01035650623885916,0.2496532012635927,0.5,user7,T1,T1_LogReg,default_0.5,,,,0
0.9454545454545454,0.004901960784313725,0.05454545454545454,0.9701492537313433,0.9961685823754789,0.9454545454545454,0.9991978609625669,0.01035650623885916,0.2496532012635927,0.5396158596974562,user7,T1,T1_LogReg,calibration_EER,0.0821832330054324,,,0
0.9854545454545455,0.00980392156862745,0.014545454545454545,0.9890510948905109,0.9926739926739927,0.9854545454545455,0.9991978609625669,0.01035650623885916,0.2496532012635927,0.3007562199327781,user7,T1,T1_LogReg,calibration_FAR<=0.10,,0.0989010989010989,0.9676258992805755,0
0.9854545454545455,0.00980392156862745,0.014545454545454545,0.9890510948905109,0.9926739926739927,0.9854545454545455,0.9991978609625669,0.01035650623885916,0.2496532012635927,0.3007562199327781,user7,T1,T1_LogReg,calibration_FAR<=0.10_floor_0.05,,0.0989010989010989,0.9676258992805755,0
0.9018181818181819,0.0,0.09818181818181818,0.9483747609942639,1.0,0.9018181818181819,0.9998217468805704,0.01035650623885916,0.06996875116327311,0.5,user7,T1,T1_SVM_RBF,default_0.5,,,,0
0.9454545454545454,0.0,0.05454545454545454,0.9719626168224299,1.0,0.9454545454545454,0.9998217468805704,0.01035650623885916,0.06996875116327311,0.3521125635637245,user7,T1,T1_SVM_RBF,calibration_EER,0.0744327614831212,,,0
0.9818181818181818,0.0,0.01818181818181818,0.9908256880733946,1.0,0.9818181818181818,0.9998217468805704,0.01035650623885916,0.06996875116327311,0.16853660167568363,user7,T1,T1_SVM_RBF,calibration_FAR<=0.10,,0.0989010989010989,0.9712230215827338,0
0.9818181818181818,0.0,0.01818181818181818,0.9908256880733946,1.0,0.9818181818181818,0.9998217468805704,0.01035650623885916,0.06996875116327311,0.16853660167568363,user7,T1,T1_SVM_RBF,calibration_FAR<=0.10_floor_0.05,,0.0989010989010989,0.9712230215827338,0
0.8872727272727273,0.0,0.11272727272727273,0.9402697495183044,1.0,0.8872727272727273,0.9981818181818182,0.0018181818181818299,0.2,0.5,user7,T1,T1_kNN,default_0.5,,,,0
0.9563636363636364,0.0,0.04363636363636364,0.9776951672862454,1.0,0.9563636363636364,0.9981818181818182,0.0018181818181818299,0.2,0.4,user7,T1,T1_kNN,calibration_EER,0.08486554555413753,,,0
0.9563636363636364,0.0,0.04363636363636364,0.9776951672862454,1.0,0.9563636363636364,0.9981818181818182,0.0018181818181818299,0.2,0.4,user7,T1,T1_kNN,calibration_FAR<=0.10,,0.09419152276295134,0.9244604316546763,0
0.9563636363636364,0.0,0.04363636363636364,0.9776951672862454,1.0,0.9563636363636364,0.9981818181818182,0.0018181818181818299,0.2,0.4,user7,T1,T1_kNN,calibration_FAR<=0.10_floor_0.05,,0.09419152276295134,0.9244604316546763,0
0.8036363636363636,0.0,0.19636363636363635,0.8911290322580645,1.0,0.8036363636363636,0.9018181818181819,0.0981818181818182,1.0,0.5,user7,T1,T1_DecisionTree,default_0.5,,,,0
0.8036363636363636,0.0,0.19636363636363635,0.8911290322580645,1.0,0.8036363636363636,0.9018181818181819,0.0981818181818182,1.0,1.0,user7,T1,T1_DecisionTree,calibration_EER,0.15091819793772518,,,0
0.8036363636363636,0.0,0.19636363636363635,0.8911290322580645,1.0,0.8036363636363636,0.9018181818181819,0.0981818181818182,1.0,1.0,user7,T1,T1_DecisionTree,calibration_FAR<=0.10,,0.03924646781789639,0.737410071942446,0
0.8036363636363636,0.0,0.19636363636363635,0.8911290322580645,1.0,0.8036363636363636,0.9018181818181819,0.0981818181818182,1.0,1.0,user7,T1,T1_DecisionTree,calibration_FAR<=0.10_floor_0.05,,0.03924646781789639,0.737410071942446,0
0.9018181818181819,0.0,0.09818181818181818,0.9483747609942639,1.0,0.9018181818181819,0.9998484848484849,0.004269162210338693,0.11333333333333333,0.5,user7,T2,T2_RandomForest,default_0.5,,,,0
0.9636363636363636,0.0,0.03636363636363636,0.9814814814814815,1.0,0.9636363636363636,0.9998484848484849,0.004269162210338693,0.11333333333333333,0.3233333333333333,user7,T2,T2_RandomForest,calibration_EER,0.053666015382356595,,,0
0.9890909090909091,0.004901960784313725,0.01090909090909091,0.9927007299270073,0.9963369963369964,0.9890909090909091,0.9998484848484849,0.004269162210338693,0.11333333333333333,0.17666666666666667,user7,T2,T2_RandomForest,calibration_FAR<=0.10,,0.0989010989010989,0.9892086330935251,0
0.9890909090909091,0.004901960784313725,0.01090909090909091,0.9927007299270073,0.9963369963369964,0.9890909090909091,0.9998484848484849,0.004269162210338693,0.11333333333333333,0.17666666666666667,user7,T2,T2_RandomForest,calibration_FAR<=0.10_floor_0.05,,0.0989010989010989,0.9892086330935251,0
0.9127272727272727,0.0,0.08727272727272728,0.9543726235741445,1.0,0.9127272727272727,0.9999999999999999,0.0,0.10333333333333333,0.5,user7,T2,T2_ExtraTrees,default_0.5,,,,0
0.96,0.0,0.04,0.9795918367346939,1.0,0.96,0.9999999999999999,0.0,0.10333333333333333,0.37,user7,T2,T2_ExtraTrees,calibration_EER,0.06118778446630448,,,0
0.9890909090909091,0.0,0.01090909090909091,0.9945155393053017,1.0,0.9890909090909091,0.9999999999999999,0.0,0.10333333333333333,0.25666666666666665,user7,T2,T2_ExtraTrees,calibration_FAR<=0.10,,0.0989010989010989,0.9820143884892086,0
0.9890909090909091,0.0,0.01090909090909091,0.9945155393053017,1.0,0.9890909090909091,0.9999999999999999,0.0,0.10333333333333333,0.25666666666666665,user7,T2,T2_ExtraTrees,calibration_FAR<=0.10_floor_0.05,,0.0989010989010989,0.9820143884892086,0
0.9163636363636364,0.0,0.08363636363636363,0.9563567362428842,1.0,0.9163636363636364,0.9998395721925134,0.0018181818181818299,0.07241823016521881,0.5,user7,T2,T2_GradientBoosting,default_0.5,,,,0
0.9709090909090909,0.0,0.02909090909090909,0.985239852398524,1.0,0.9709090909090909,0.9998395721925134,0.0018181818181818299,0.07241823016521881,0.2092516936816968,user7,T2,T2_GradientBoosting,calibration_EER,0.06275764317902034,,,0
0.9963636363636363,0.004901960784313725,0.0036363636363636364,0.9963636363636363,0.9963636363636363,0.9963636363636363,0.9998395721925134,0.0018181818181818299,0.07241823016521881,0.04670934586993639,user7,T2,T2_GradientBoosting,calibration_FAR<=0.10,,0.0989010989010989,0.9820143884892086,0
0.9963636363636363,0.004901960784313725,0.0036363636363636364,0.9963636363636363,0.9963636363636363,0.9963636363636363,0.9998395721925134,0.0018181818181818299,0.07241823016521881,0.05,user7,T2,T2_GradientBoosting,calibration_FAR<=0.10_floor_0.05,,0.0989010989010989,0.9820143884892086,0
0.9236363636363636,0.0,0.07636363636363637,0.9603024574669187,1.0,0.9236363636363636,0.9999108734402853,0.0060873440285205225,0.06039648503065109,0.5,user7,T2,T2_XGBoost,default_0.5,,,,0
0.9672727272727273,0.0,0.03272727272727273,0.9833641404805915,1.0,0.9672727272727273,0.9999108734402853,0.0060873440285205225,0.06039648503065109,0.22854135930538177,user7,T2,T2_XGBoost,calibration_EER,0.04974136860056695,,,0
0.9927272727272727,0.004901960784313725,0.007272727272727273,0.994535519125683,0.9963503649635036,0.9927272727272727,0.9999108734402853,0.0060873440285205225,0.06039648503065109,0.02691071107983589,user7,T2,T2_XGBoost,calibration_FAR<=0.10,,0.0989010989010989,0.9856115107913669,0
0.9927272727272727,0.004901960784313725,0.007272727272727273,0.994535519125683,0.9963503649635036,0.9927272727272727,0.9999108734402853,0.0060873440285205225,0.06039648503065109,0.05,user7,T2,T2_XGBoost,calibration_FAR<=0.10_floor_0.05,,0.0989010989010989,0.9856115107913669,0
0.9454545454545454,0.00980392156862745,0.05454545454545454,0.9683426443202979,0.9923664122137404,0.9454545454545454,0.9945454545454545,0.006720142602495555,0.23536580801010132,0.5,user7,T3,T3_1D_CNN,default_0.5,,,,0
0.9454545454545454,0.00980392156862745,0.05454545454545454,0.9683426443202979,0.9923664122137404,0.9454545454545454,0.9945454545454545,0.006720142602495555,0.23536580801010132,0.5000510215759277,user7,T3,T3_1D_CNN,calibration_EER,0.05602080345143037,,,0
0.9927272727272727,0.00980392156862745,0.007272727272727273,0.9927272727272727,0.9927272727272727,0.9927272727272727,0.9945454545454545,0.006720142602495555,0.23536580801010132,0.2392570525407791,user7,T3,T3_1D_CNN,calibration_FAR<=0.10,,0.0989010989010989,0.9928057553956835,0
0.9927272727272727,0.00980392156862745,0.007272727272727273,0.9927272727272727,0.9927272727272727,0.9927272727272727,0.9945454545454545,0.006720142602495555,0.23536580801010132,0.2392570525407791,user7,T3,T3_1D_CNN,calibration_FAR<=0.10_floor_0.05,,0.0989010989010989,0.9928057553956835,0
0.875,0.16591928251121077,0.125,0.8208469055374593,0.7730061349693251,0.875,0.9266629297458895,0.11978388141504732,0.5111959968677552,0.5,user9,T0,T0_DistanceProfile,default_0.5,,,,0
0.8680555555555556,0.11210762331838565,0.13194444444444445,0.8503401360544217,0.8333333333333334,0.8680555555555556,0.9266629297458895,0.11978388141504732,0.5111959968677552,0.5106917810674482,user9,T0,T0_DistanceProfile,calibration_EER,0.20107570793462223,,,0
0.8194444444444444,0.03587443946188341,0.18055555555555555,0.8740740740740741,0.9365079365079365,0.8194444444444444,0.9266629297458895,0.11978388141504732,0.5111959968677552,0.5324145750130419,user9,T0,T0_DistanceProfile,calibration_FAR<=0.10,,0.09984871406959153,0.7116564417177914,0
0.8194444444444444,0.03587443946188341,0.18055555555555555,0.8740740740740741,0.9365079365079365,0.8194444444444444,0.9266629297458895,0.11978388141504732,0.5111959968677552,0.5324145750130419,user9,T0,T0_DistanceProfile,calibration_FAR<=0.10_floor_0.05,,0.09984871406959153,0.7116564417177914,0
0.9652777777777778,0.017937219730941704,0.034722222222222224,0.9686411149825784,0.972027972027972,0.9652777777777778,0.9957959641255605,0.029583956153462886,0.3229438204356834,0.5,user9,T1,T1_LogReg,default_0.5,,,,0
0.9652777777777778,0.017937219730941704,0.034722222222222224,0.9686411149825784,0.972027972027972,0.9652777777777778,0.9957959641255605,0.029583956153462886,0.3229438204356834,0.49562007988685836,user9,T1,T1_LogReg,calibration_EER,0.07311843924895353,,,0
0.9722222222222222,0.02242152466367713,0.027777777777777776,0.9688581314878892,0.9655172413793104,0.9722222222222222,0.9957959641255605,0.029583956153462886,0.3229438204356834,0.3495620439797476,user9,T1,T1_LogReg,calibration_FAR<=0.10,,0.09984871406959153,0.9447852760736196,0
0.9722222222222222,0.02242152466367713,0.027777777777777776,0.9688581314878892,0.9655172413793104,0.9722222222222222,0.9957959641255605,0.029583956153462886,0.3229438204356834,0.3495620439797476,user9,T1,T1_LogReg,calibration_FAR<=0.10_floor_0.05,,0.09984871406959153,0.9447852760736196,0
0.7777777777777778,0.0,0.2222222222222222,0.875,1.0,0.7777777777777778,0.9987855007473841,0.013670901843547559,0.07259807985036783,0.5,user9,T1,T1_SVM_RBF,default_0.5,,,,0
0.9444444444444444,0.004484304932735426,0.05555555555555555,0.9679715302491103,0.9927007299270073,0.9444444444444444,0.9987855007473841,0.013670901843547559,0.07259807985036783,0.1366864788172082,user9,T1,T1_SVM_RBF,calibration_EER,0.08606127544248812,,,0
0.9583333333333334,0.004484304932735426,0.041666666666666664,0.9752650176678446,0.9928057553956835,0.9583333333333334,0.9987855007473841,0.013670901843547559,0.07259807985036783,0.11163314568587465,user9,T1,T1_SVM_RBF,calibration_FAR<=0.10,,0.09984871406959153,0.9447852760736196,0
0.9583333333333334,0.004484304932735426,0.041666666666666664,0.9752650176678446,0.9928057553956835,0.9583333333333334,0.9987855007473841,0.013670901843547559,0.07259807985036783,0.11163314568587465,user9,T1,T1_SVM_RBF,calibration_FAR<=0.10_floor_0.05,,0.09984871406959153,0.9447852760736196,0
0.6736111111111112,0.0,0.3263888888888889,0.8049792531120332,1.0,0.6736111111111112,0.9914985052316891,0.018155206776282982,0.2,0.5,user9,T1,T1_kNN,default_0.5,,,,0
0.9236111111111112,0.004484304932735426,0.0763888888888889,0.9568345323741008,0.9925373134328358,0.9236111111111112,0.9914985052316891,0.018155206776282982,0.2,0.4,user9,T1,T1_kNN,calibration_EER,0.10980295703665205,,,0
0.9236111111111112,0.004484304932735426,0.0763888888888889,0.9568345323741008,0.9925373134328358,0.9236111111111112,0.9914985052316891,0.018155206776282982,0.2,0.4,user9,T1,T1_kNN,calibration_FAR<=0.10,,0.0907715582450832,0.8711656441717791,0
0.9236111111111112,0.004484304932735426,0.0763888888888889,0.9568345323741008,0.9925373134328358,0.9236111111111112,0.9914985052316891,0.018155206776282982,0.2,0.4,user9,T1,T1_kNN,calibration_FAR<=0.10_floor_0.05,,0.0907715582450832,0.8711656441717791,0
0.6666666666666666,0.004484304932735426,0.3333333333333333,0.7966804979253111,0.9896907216494846,0.6666666666666666,0.8310911808669655,0.1689088191330344,1.0,0.5,user9,T1,T1_DecisionTree,default_0.5,,,,0
0.6666666666666666,0.004484304932735426,0.3333333333333333,0.7966804979253111,0.9896907216494846,0.6666666666666666,0.8310911808669655,0.1689088191330344,1.0,1.0,user9,T1,T1_DecisionTree,calibration_EER,0.23212180837734236,,,0
0.6666666666666666,0.004484304932735426,0.3333333333333333,0.7966804979253111,0.9896907216494846,0.6666666666666666,0.8310911808669655,0.1689088191330344,1.0,1.0,user9,T1,T1_DecisionTree,calibration_FAR<=0.10,,0.03479576399394856,0.5705521472392638,0
0.6666666666666666,0.004484304932735426,0.3333333333333333,0.7966804979253111,0.9896907216494846,0.6666666666666666,0.8310911808669655,0.1689088191330344,1.0,1.0,user9,T1,T1_DecisionTree,calibration_FAR<=0.10_floor_0.05,,0.03479576399394856,0.5705521472392638,0
0.6527777777777778,0.0,0.3472222222222222,0.7899159663865546,1.0,0.6527777777777778,0.9999221474838066,0.002242152466367713,0.1,0.5,user9,T2,T2_RandomForest,default_0.5,,,,0
0.9652777777777778,0.0,0.034722222222222224,0.9823321554770318,1.0,0.9652777777777778,0.9999221474838066,0.002242152466367713,0.1,0.20333333333333334,user9,T2,T2_RandomForest,calibration_EER,0.07845521286765729,,,0
0.9861111111111112,0.004484304932735426,0.013888888888888888,0.9895470383275261,0.993006993006993,0.9861111111111112,0.9999221474838066,0.002242152466367713,0.1,0.15,user9,T2,T2_RandomForest,calibration_FAR<=0.10,,0.09833585476550681,0.9570552147239264,0
0.9861111111111112,0.004484304932735426,0.013888888888888888,0.9895470383275261,0.993006993006993,0.9861111111111112,0.9999221474838066,0.002242152466367713,0.1,0.15,user9,T2,T2_RandomForest,calibration_FAR<=0.10_floor_0.05,,0.09833585476550681,0.9570552147239264,0
0.7569444444444444,0.0,0.24305555555555555,0.8616600790513834,1.0,0.7569444444444444,1.0000000000000002,0.0,0.17,0.5,user9,T2,T2_ExtraTrees,default_0.5,,,,0
0.9513888888888888,0.0,0.04861111111111111,0.9750889679715302,1.0,0.9513888888888888,1.0000000000000002,0.0,0.17,0.2833333333333333,user9,T2,T2_ExtraTrees,calibration_EER,0.07236200959691118,,,0
0.9861111111111112,0.0,0.013888888888888888,0.993006993006993,1.0,0.9861111111111112,1.0000000000000002,0.0,0.17,0.23,user9,T2,T2_ExtraTrees,calibration_FAR<=0.10,,0.09984871406959153,0.950920245398773,0
0.9861111111111112,0.0,0.013888888888888888,0.993006993006993,1.0,0.9861111111111112,1.0000000000000002,0.0,0.17,0.23,user9,T2,T2_ExtraTrees,calibration_FAR<=0.10_floor_0.05,,0.09984871406959153,0.950920245398773,0
0.8055555555555556,0.0,0.19444444444444445,0.8923076923076924,1.0,0.8055555555555556,0.9996574489287493,0.004484304932735426,0.0799111414385525,0.5,user9,T2,T2_GradientBoosting,default_0.5,,,,0
0.9722222222222222,0.008968609865470852,0.027777777777777776,0.9790209790209791,0.9859154929577465,0.9722222222222222,0.9996574489287493,0.004484304932735426,0.0799111414385525,0.13567913166764906,user9,T2,T2_GradientBoosting,calibration_EER,0.06093203270746127,,,0
1.0,0.02242152466367713,0.0,0.9829351535836177,0.9664429530201343,1.0,0.9996574489287493,0.004484304932735426,0.0799111414385525,0.06353183407516733,user9,T2,T2_GradientBoosting,calibration_FAR<=0.10,,0.09984871406959153,0.9754601226993865,0
1.0,0.02242152466367713,0.0,0.9829351535836177,0.9664429530201343,1.0,0.9996574489287493,0.004484304932735426,0.0799111414385525,0.06353183407516733,user9,T2,T2_GradientBoosting,calibration_FAR<=0.10_floor_0.05,,0.09984871406959153,0.9754601226993865,0
0.8888888888888888,0.0,0.1111111111111111,0.9411764705882353,1.0,0.8888888888888888,0.9997508719481814,0.007956527154957635,0.04450050741434097,0.5,user9,T2,T2_XGBoost,default_0.5,,,,0
0.9861111111111112,0.004484304932735426,0.013888888888888888,0.9895470383275261,0.993006993006993,0.9861111111111112,0.9997508719481814,0.007956527154957635,0.04450050741434097,0.07460971921682358,user9,T2,T2_XGBoost,calibration_EER,0.07463129855303827,,,0
1.0,0.008968609865470852,0.0,0.993103448275862,0.9863013698630136,1.0,0.9997508719481814,0.007956527154957635,0.04450050741434097,0.031099149957299232,user9,T2,T2_XGBoost,calibration_FAR<=0.10,,0.09984871406959153,0.9877300613496932,0
0.9930555555555556,0.004484304932735426,0.006944444444444444,0.9930555555555556,0.9930555555555556,0.9930555555555556,0.9997508719481814,0.007956527154957635,0.04450050741434097,0.05,user9,T2,T2_XGBoost,calibration_FAR<=0.10_floor_0.05,,0.09984871406959153,0.9877300613496932,0
0.9791666666666666,0.017937219730941704,0.020833333333333332,0.9757785467128027,0.9724137931034482,0.9791666666666666,0.9978201295465869,0.021627428998505248,0.49635767936706543,0.5,user9,T3,T3_1D_CNN,default_0.5,,,,0
0.9583333333333334,0.004484304932735426,0.041666666666666664,0.9752650176678446,0.9928057553956835,0.9583333333333334,0.9978201295465869,0.021627428998505248,0.49635767936706543,0.9193090796470642,user9,T3,T3_1D_CNN,calibration_EER,0.10967765887343031,,,0
0.9236111111111112,0.004484304932735426,0.0763888888888889,0.9568345323741008,0.9925373134328358,0.9236111111111112,0.9978201295465869,0.021627428998505248,0.49635767936706543,0.9387915134429932,user9,T3,T3_1D_CNN,calibration_FAR<=0.10,,0.09984871406959153,0.8711656441717791,0
0.9236111111111112,0.004484304932735426,0.0763888888888889,0.9568345323741008,0.9925373134328358,0.9236111111111112,0.9978201295465869,0.021627428998505248,0.49635767936706543,0.9387915134429932,user9,T3,T3_1D_CNN,calibration_FAR<=0.10_floor_0.05,,0.09984871406959153,0.8711656441717791,0
0.8071278825995807,0.7086092715231788,0.1928721174004193,0.7156133828996283,0.6427378964941569,0.8071278825995807,0.6349563358185125,0.39888514029461175,0.589483966273334,0.5,user12,T0,T0_DistanceProfile,default_0.5,,,,1
0.59958071278826,0.40066225165562913,0.40041928721174,0.6470588235294118,0.7027027027027027,0.59958071278826,0.6349563358185125,0.39888514029461175,0.589483966273334,0.5891811921381943,user12,T0,T0_DistanceProfile,calibration_EER,0.4299601972585366,,,1
0.1278825995807128,0.04304635761589404,0.8721174004192872,0.22141560798548093,0.8243243243243243,0.1278825995807128,0.6349563358185125,0.39888514029461175,0.589483966273334,0.6752959433195789,user12,T0,T0_DistanceProfile,calibration_FAR<=0.10,,0.09878213802435724,0.13598326359832635,1
0.1278825995807128,0.04304635761589404,0.8721174004192872,0.22141560798548093,0.8243243243243243,0.1278825995807128,0.6349563358185125,0.39888514029461175,0.589483966273334,0.6752959433195789,user12,T0,T0_DistanceProfile,calibration_FAR<=0.10_floor_0.05,,0.09878213802435724,0.13598326359832635,1
0.8092243186582809,0.2913907284768212,0.19077568134171907,0.8117770767613038,0.8143459915611815,0.8092243186582809,0.8326322073666819,0.23870215335915695,0.5850708646581488,0.5,user12,T1,T1_LogReg,default_0.5,,,,1
0.7651991614255765,0.25165562913907286,0.2348008385744235,0.7952069716775599,0.8276643990929705,0.7651991614255765,0.8326322073666819,0.23870215335915695,0.5850708646581488,0.5678795484575594,user12,T1,T1_LogReg,calibration_EER,0.16622598671732125,,,1
0.6540880503144654,0.17880794701986755,0.34591194968553457,0.7402135231316725,0.8524590163934426,0.6540880503144654,0.8326322073666819,0.23870215335915695,0.5850708646581488,0.6865381103647207,user12,T1,T1_LogReg,calibration_FAR<=0.10,,0.09878213802435724,0.7468619246861925,1
0.6540880503144654,0.17880794701986755,0.34591194968553457,0.7402135231316725,0.8524590163934426,0.6540880503144654,0.8326322073666819,0.23870215335915695,0.5850708646581488,0.6865381103647207,user12,T1,T1_LogReg,calibration_FAR<=0.10_floor_0.05,,0.09878213802435724,0.7468619246861925,1
0.7295597484276729,0.2185430463576159,0.27044025157232704,0.7811447811447811,0.8405797101449275,0.7295597484276729,0.8239063129104363,0.24245421855693006,0.462618922380793,0.5,user12,T1,T1_SVM_RBF,default_0.5,,,,1
0.7777777777777778,0.26490066225165565,0.2222222222222222,0.7995689655172413,0.8226164079822617,0.7777777777777778,0.8239063129104363,0.24245421855693006,0.462618922380793,0.4203059228172912,user12,T1,T1_SVM_RBF,calibration_EER,0.17102439687239906,,,1
0.6666666666666666,0.19205298013245034,0.3333333333333333,0.7456037514654161,0.8457446808510638,0.6666666666666666,0.8239063129104363,0.24245421855693006,0.462618922380793,0.5723384816502854,user12,T1,T1_SVM_RBF,calibration_FAR<=0.10,,0.09878213802435724,0.7364016736401674,1
0.6666666666666666,0.19205298013245034,0.3333333333333333,0.7456037514654161,0.8457446808510638,0.6666666666666666,0.8239063129104363,0.24245421855693006,0.462618922380793,0.5723384816502854,user12,T1,T1_SVM_RBF,calibration_FAR<=0.10_floor_0.05,,0.09878213802435724,0.7364016736401674,1
0.6373165618448637,0.27483443708609273,0.36268343815513626,0.7037037037037037,0.7855297157622739,0.6373165618448637,0.7363211018090438,0.31875893762061447,0.6,0.5,user12,T1,T1_kNN,default_0.5,,,,1
0.6373165618448637,0.27483443708609273,0.36268343815513626,0.7037037037037037,0.7855297157622739,0.6373165618448637,0.7363211018090438,0.31875893762061447,0.6,0.6,user12,T1,T1_kNN,calibration_EER,0.22485718006352584,,,1
0.3941299790356394,0.15894039735099338,0.6058700209643606,0.5273492286115007,0.7966101694915254,0.3941299790356394,0.7363211018090438,0.31875893762061447,0.6,0.8,user12,T1,T1_kNN,calibration_FAR<=0.10,,0.09742895805142084,0.5292887029288703,1
0.3941299790356394,0.15894039735099338,0.6058700209643606,0.5273492286115007,0.7966101694915254,0.3941299790356394,0.7363211018090438,0.31875893762061447,0.6,0.8,user12,T1,T1_kNN,calibration_FAR<=0.10_floor_0.05,,0.09742895805142084,0.5292887029288703,1
0.6163522012578616,0.2814569536423841,0.3836477987421384,0.6869158878504673,0.7757255936675461,0.6163522012578616,0.6674476238077387,0.33255237619226125,1.0,0.5,user12,T1,T1_DecisionTree,default_0.5,,,,1
0.6163522012578616,0.2814569536423841,0.3836477987421384,0.6869158878504673,0.7757255936675461,0.6163522012578616,0.6674476238077387,0.33255237619226125,1.0,1.0,user12,T1,T1_DecisionTree,calibration_EER,0.2775859042809179,,,1
0.0,0.0,1.0,0.0,0.0,0.0,0.6674476238077387,0.33255237619226125,1.0,1.0000000000000002,user12,T1,T1_DecisionTree,calibration_FAR<=0.10,,0.0,0.0,1
0.0,0.0,1.0,0.0,0.0,0.0,0.6674476238077387,0.33255237619226125,1.0,1.0000000000000002,user12,T1,T1_DecisionTree,calibration_FAR<=0.10_floor_0.05,,0.0,0.0,1
0.6582809224318659,0.19536423841059603,0.3417190775681342,0.7388235294117647,0.8418230563002681,0.6582809224318659,0.800054146361781,0.26662223888264125,0.4266666666666667,0.5,user12,T2,T2_RandomForest,default_0.5,,,,1
0.7253668763102725,0.25496688741721857,0.2746331236897275,0.7688888888888888,0.817966903073286,0.7253668763102725,0.800054146361781,0.26662223888264125,0.4266666666666667,0.43333333333333335,user12,T2,T2_RandomForest,calibration_EER,0.20461326795794382,,,1
0.5178197064989518,0.12251655629139073,0.48218029350104824,0.6491458607095927,0.8697183098591549,0.5178197064989518,0.800054146361781,0.26662223888264125,0.4266666666666667,0.5866666666666667,user12,T2,T2_RandomForest,calibration_FAR<=0.10,,0.09878213802435724,0.6171548117154811,1
0.5178197064989518,0.12251655629139073,0.48218029350104824,0.6491458607095927,0.8697183098591549,0.5178197064989518,0.800054146361781,0.26662223888264125,0.4266666666666667,0.5866666666666667,user12,T2,T2_RandomForest,calibration_FAR<=0.10_floor_0.05,,0.09878213802435724,0.6171548117154811,1
0.6561844863731656,0.2119205298013245,0.3438155136268344,0.7330210772833724,0.830238726790451,0.6561844863731656,0.7961701861801824,0.2822379107834562,0.45,0.5,user12,T2,T2_ExtraTrees,default_0.5,,,,1
0.7190775681341719,0.2913907284768212,0.2809224318658281,0.7555066079295154,0.7958236658932715,0.7190775681341719,0.7961701861801824,0.2822379107834562,0.45,0.44666666666666666,user12,T2,T2_ExtraTrees,calibration_EER,0.19883111294806394,,,1
0.5262054507337526,0.152317880794702,0.47379454926624737,0.648578811369509,0.8451178451178452,0.5262054507337526,0.7961701861801824,0.2822379107834562,0.45,0.5666666666666667,user12,T2,T2_ExtraTrees,calibration_FAR<=0.10,,0.09878213802435724,0.6631799163179917,1
0.5262054507337526,0.152317880794702,0.47379454926624737,0.648578811369509,0.8451178451178452,0.5262054507337526,0.7961701861801824,0.2822379107834562,0.45,0.5666666666666667,user12,T2,T2_ExtraTrees,calibration_FAR<=0.10_floor_0.05,,0.09878213802435724,0.6631799163179917,1
0.660377358490566,0.2119205298013245,0.33962264150943394,0.735981308411215,0.8311345646437994,0.660377358490566,0.8126535882377443,0.2784858455856831,0.41299367398651404,0.5,user12,T2,T2_GradientBoosting,default_0.5,,,,1
0.7127882599580713,0.27483443708609273,0.28721174004192873,0.7555555555555555,0.8037825059101655,0.7127882599580713,0.8126535882377443,0.2784858455856831,0.41299367398651404,0.42431104054946994,user12,T2,T2_GradientBoosting,calibration_EER,0.17342360194993803,,,1
0.5911949685534591,0.1423841059602649,0.4088050314465409,0.7032418952618454,0.8676923076923077,0.5911949685534591,0.8126535882377443,0.2784858455856831,0.41299367398651404,0.596514568750933,user12,T2,T2_GradientBoosting,calibration_FAR<=0.10,,0.09878213802435724,0.7112970711297071,1
0.5911949685534591,0.1423841059602649,0.4088050314465409,0.7032418952618454,0.8676923076923077,0.5911949685534591,0.8126535882377443,0.2784858455856831,0.41299367398651404,0.596514568750933,user12,T2,T2_GradientBoosting,calibration_FAR<=0.10_floor_0.05,,0.09878213802435724,0.7112970711297071,1
0.7064989517819706,0.2052980132450331,0.29350104821802936,0.769406392694064,0.8446115288220551,0.7064989517819706,0.838289807988671,0.23643911311036137,0.413274347782135,0.5,user12,T2,T2_XGBoost,default_0.5,,,,1
0.7568134171907757,0.2251655629139073,0.2431865828092243,0.7969094922737306,0.8414918414918415,0.7568134171907757,0.838289807988671,0.23643911311036137,0.413274347782135,0.41692423820495605,user12,T2,T2_XGBoost,calibration_EER,0.1569363212754995,,,1
0.6184486373165619,0.1423841059602649,0.38155136268343814,0.7239263803680982,0.8727810650887574,0.6184486373165619,0.838289807988671,0.23643911311036137,0.413274347782135,0.6139310002326965,user12,T2,T2_XGBoost,calibration_FAR<=0.10,,0.09878213802435724,0.7405857740585774,1
0.6184486373165619,0.1423841059602649,0.38155136268343814,0.7239263803680982,0.8727810650887574,0.6184486373165619,0.838289807988671,0.23643911311036137,0.413274347782135,0.6139310002326965,user12,T2,T2_XGBoost,calibration_FAR<=0.10_floor_0.05,,0.09878213802435724,0.7405857740585774,1
0.8301886792452831,0.3344370860927152,0.16981132075471697,0.813141683778234,0.7967806841046278,0.8301886792452831,0.8447526621961208,0.2247421105974149,0.5830660462379456,0.5,user12,T3,T3_1D_CNN,default_0.5,,,,1
0.6834381551362684,0.15562913907284767,0.3165618448637317,0.7670588235294118,0.8739946380697051,0.6834381551362684,0.8447526621961208,0.2247421105974149,0.5830660462379456,0.6487112045288086,user12,T3,T3_1D_CNN,calibration_EER,0.20984339348095638,,,1
0.49056603773584906,0.0695364238410596,0.5094339622641509,0.639344262295082,0.9176470588235294,0.49056603773584906,0.8447526621961208,0.2247421105974149,0.5830660462379456,0.7589321136474609,user12,T3,T3_1D_CNN,calibration_FAR<=0.10,,0.09878213802435724,0.5920502092050209,1
0.49056603773584906,0.0695364238410596,0.5094339622641509,0.639344262295082,0.9176470588235294,0.49056603773584906,0.8447526621961208,0.2247421105974149,0.5830660462379456,0.7589321136474609,user12,T3,T3_1D_CNN,calibration_FAR<=0.10_floor_0.05,,0.09878213802435724,0.5920502092050209,1
0.8701754385964913,0.7880794701986755,0.12982456140350876,0.5573033707865168,0.4099173553719008,0.8701754385964913,0.6619263390263739,0.36853723713256653,0.6020409840569947,0.5,user15,T0,T0_DistanceProfile,default_0.5,,,,1
0.6491228070175439,0.3973509933774834,0.3508771929824561,0.5692307692307692,0.5068493150684932,0.6491228070175439,0.6619263390263739,0.36853723713256653,0.6020409840569947,0.5975269026814068,user15,T0,T0_DistanceProfile,calibration_EER,0.45152009382616504,,,1
0.24561403508771928,0.09713024282560706,0.7543859649122807,0.3508771929824561,0.6140350877192983,0.24561403508771928,0.6619263390263739,0.36853723713256653,0.6020409840569947,0.6657098561230821,user15,T0,T0_DistanceProfile,calibration_FAR<=0.10,,0.09898477157360407,0.20938628158844766,1
0.24561403508771928,0.09713024282560706,0.7543859649122807,0.3508771929824561,0.6140350877192983,0.24561403508771928,0.6619263390263739,0.36853723713256653,0.6020409840569947,0.6657098561230821,user15,T0,T0_DistanceProfile,calibration_FAR<=0.10_floor_0.05,,0.09898477157360407,0.20938628158844766,1
0.856140350877193,0.20088300220750552,0.14385964912280702,0.7870967741935484,0.7283582089552239,0.856140350877193,0.8980442275667092,0.17140699430695944,0.56668640794303,0.5,user15,T1,T1_LogReg,default_0.5,,,,1
0.9122807017543859,0.2671081677704194,0.08771929824561403,0.7807807807807807,0.6824146981627297,0.9122807017543859,0.8980442275667092,0.17140699430695944,0.56668640794303,0.3314911753971087,user15,T1,T1_LogReg,calibration_EER,0.1099891880005131,,,1
0.9087719298245615,0.2560706401766004,0.0912280701754386,0.7848484848484848,0.6906666666666667,0.9087719298245615,0.8980442275667092,0.17140699430695944,0.56668640794303,0.3587152860988071,user15,T1,T1_LogReg,calibration_FAR<=0.10,,0.09898477157360407,0.8916967509025271,1
0.9087719298245615,0.2560706401766004,0.0912280701754386,0.7848484848484848,0.6906666666666667,0.9087719298245615,0.8980442275667092,0.17140699430695944,0.56668640794303,0.3587152860988071,user15,T1,T1_LogReg,calibration_FAR<=0.10_floor_0.05,,0.09898477157360407,0.8916967509025271,1
0.7789473684210526,0.13245033112582782,0.22105263157894736,0.783068783068783,0.7872340425531915,0.7789473684210526,0.9057588784322839,0.1914139653770187,0.35853743691564405,0.5,user15,T1,T1_SVM_RBF,default_0.5,,,,1
0.9192982456140351,0.2869757174392936,0.08070175438596491,0.7740029542097489,0.6683673469387755,0.9192982456140351,0.9057588784322839,0.1914139653770187,0.35853743691564405,0.19572117998005747,user15,T1,T1_SVM_RBF,calibration_EER,0.10872015246751818,,,1
0.887719298245614,0.2671081677704194,0.11228070175438597,0.7678300455235205,0.6764705882352942,0.887719298245614,0.9057588784322839,0.1914139653770187,0.35853743691564405,0.23333301889036517,user15,T1,T1_SVM_RBF,calibration_FAR<=0.10,,0.09898477157360407,0.8664259927797834,1
0.887719298245614,0.2671081677704194,0.11228070175438597,0.7678300455235205,0.6764705882352942,0.887719298245614,0.9057588784322839,0.1914139653770187,0.35853743691564405,0.23333301889036517,user15,T1,T1_SVM_RBF,calibration_FAR<=0.10_floor_0.05,,0.09898477157360407,0.8664259927797834,1
0.6350877192982456,0.2185430463576159,0.3649122807017544,0.6407079646017699,0.6464285714285715,0.6350877192982456,0.7876650788118198,0.29172766352968516,0.6,0.5,user15,T1,T1_kNN,default_0.5,,,,1
0.8105263157894737,0.3598233995584989,0.18947368421052632,0.6804123711340206,0.5862944162436549,0.8105263157894737,0.7876650788118198,0.29172766352968516,0.6,0.4,user15,T1,T1_kNN,calibration_EER,0.21983635397386797,,,1
0.6350877192982456,0.2185430463576159,0.3649122807017544,0.6407079646017699,0.6464285714285715,0.6350877192982456,0.7876650788118198,0.29172766352968516,0.6,0.6,user15,T1,T1_kNN,calibration_FAR<=0.10,,0.09390862944162437,0.6209386281588448,1
0.6350877192982456,0.2185430463576159,0.3649122807017544,0.6407079646017699,0.6464285714285715,0.6350877192982456,0.7876650788118198,0.29172766352968516,0.6,0.6,user15,T1,T1_kNN,calibration_FAR<=0.10_floor_0.05,,0.09390862944162437,0.6209386281588448,1
0.5824561403508772,0.1986754966887417,0.41754385964912283,0.6136783733826248,0.6484375,0.5824561403508772,0.6918903218310677,0.30810967816893226,1.0,0.5,user15,T1,T1_DecisionTree,default_0.5,,,,1
0.5824561403508772,0.1986754966887417,0.41754385964912283,0.6136783733826248,0.6484375,0.5824561403508772,0.6918903218310677,0.30810967816893226,1.0,1.0,user15,T1,T1_DecisionTree,calibration_EER,0.24618831204530042,,,1
0.5824561403508772,0.1986754966887417,0.41754385964912283,0.6136783733826248,0.6484375,0.5824561403508772,0.6918903218310677,0.30810967816893226,1.0,1.0,user15,T1,T1_DecisionTree,calibration_FAR<=0.10,,0.07360406091370558,0.5812274368231047,1
0.5824561403508772,0.1986754966887417,0.41754385964912283,0.6136783733826248,0.6484375,0.5824561403508772,0.6918903218310677,0.30810967816893226,1.0,1.0,user15,T1,T1_DecisionTree,calibration_FAR<=0.10_floor_0.05,,0.07360406091370558,0.5812274368231047,1
0.6385964912280702,0.0640176600441501,0.36140350877192984,0.7338709677419355,0.8625592417061612,0.6385964912280702,0.9076333217148832,0.18965957941210643,0.35,0.5,user15,T2,T2_RandomForest,default_0.5,,,,1
0.9052631578947369,0.2582781456953642,0.09473684210526316,0.7818181818181819,0.688,0.9052631578947369,0.9076333217148832,0.18965957941210643,0.35,0.26666666666666666,user15,T2,T2_RandomForest,calibration_EER,0.12174952812036138,,,1
0.8912280701754386,0.23841059602649006,0.10877192982456141,0.7851622874806801,0.7016574585635359,0.8912280701754386,0.9076333217148832,0.18965957941210643,0.35,0.2866666666666667,user15,T2,T2_RandomForest,calibration_FAR<=0.10,,0.09644670050761421,0.8628158844765343,1
0.8912280701754386,0.23841059602649006,0.10877192982456141,0.7851622874806801,0.7016574585635359,0.8912280701754386,0.9076333217148832,0.18965957941210643,0.35,0.2866666666666667,user15,T2,T2_RandomForest,calibration_FAR<=0.10_floor_0.05,,0.09644670050761421,0.8628158844765343,1
0.6456140350877193,0.08609271523178808,0.3543859649122807,0.7244094488188977,0.8251121076233184,0.6456140350877193,0.899523643545951,0.1760195189961659,0.38333333333333336,0.5,user15,T2,T2_ExtraTrees,default_0.5,,,,1
0.8947368421052632,0.2847682119205298,0.10526315789473684,0.7623318385650224,0.6640625,0.8947368421052632,0.899523643545951,0.1760195189961659,0.38333333333333336,0.30666666666666664,user15,T2,T2_ExtraTrees,calibration_EER,0.11921145705437154,,,1
0.8912280701754386,0.26048565121412803,0.10877192982456141,0.7732115677321156,0.6827956989247311,0.8912280701754386,0.899523643545951,0.1760195189961659,0.38333333333333336,0.3233333333333333,user15,T2,T2_ExtraTrees,calibration_FAR<=0.10,,0.09644670050761421,0.8592057761732852,1
0.8912280701754386,0.26048565121412803,0.10877192982456141,0.7732115677321156,0.6827956989247311,0.8912280701754386,0.899523643545951,0.1760195189961659,0.38333333333333336,0.3233333333333333,user15,T2,T2_ExtraTrees,calibration_FAR<=0.10_floor_0.05,,0.09644670050761421,0.8592057761732852,1
0.6771929824561403,0.07947019867549669,0.32280701754385965,0.7509727626459144,0.8427947598253275,0.6771929824561403,0.9171372138956663,0.16127570582084347,0.2738050711531454,0.5,user15,T2,T2_GradientBoosting,default_0.5,,,,1
0.9087719298245615,0.2163355408388521,0.0912280701754386,0.8068535825545171,0.7254901960784313,0.9087719298245615,0.9171372138956663,0.16127570582084347,0.2738050711531454,0.18135917563385345,user15,T2,T2_GradientBoosting,calibration_EER,0.09569077681467503,,,1
0.9122807017543859,0.22958057395143489,0.08771929824561403,0.8012326656394453,0.7142857142857143,0.9122807017543859,0.9171372138956663,0.16127570582084347,0.2738050711531454,0.17243554962834598,user15,T2,T2_GradientBoosting,calibration_FAR<=0.10,,0.09898477157360407,0.9025270758122743,1
0.9122807017543859,0.22958057395143489,0.08771929824561403,0.8012326656394453,0.7142857142857143,0.9122807017543859,0.9171372138956663,0.16127570582084347,0.2738050711531454,0.17243554962834598,user15,T2,T2_GradientBoosting,calibration_FAR<=0.10_floor_0.05,,0.09898477157360407,0.9025270758122743,1
0.712280701754386,0.0728476821192053,0.28771929824561404,0.7792706333973128,0.8601694915254238,0.712280701754386,0.9313504511831454,0.15445567561287327,0.24257515370845795,0.5,user15,T2,T2_XGBoost,default_0.5,,,,1
0.9333333333333333,0.2229580573951435,0.06666666666666667,0.8159509202453987,0.7247956403269755,0.9333333333333333,0.9313504511831454,0.15445567561287327,0.24257515370845795,0.10206097364425659,user15,T2,T2_XGBoost,calibration_EER,0.07724623870695815,,,1
0.9473684210526315,0.24503311258278146,0.05263157894736842,0.8108108108108109,0.7086614173228346,0.9473684210526315,0.9313504511831454,0.15445567561287327,0.24257515370845795,0.07851886004209518,user15,T2,T2_XGBoost,calibration_FAR<=0.10,,0.09898477157360407,0.9314079422382672,1
0.9473684210526315,0.24503311258278146,0.05263157894736842,0.8108108108108109,0.7086614173228346,0.9473684210526315,0.9313504511831454,0.15445567561287327,0.24257515370845795,0.07851886004209518,user15,T2,T2_XGBoost,calibration_FAR<=0.10_floor_0.05,,0.09898477157360407,0.9314079422382672,1
0.7684210526315789,0.17880794701986755,0.23157894736842105,0.7487179487179487,0.73,0.7684210526315789,0.881205220556911,0.2061577785523411,0.45744025707244873,0.5,user15,T3,T3_1D_CNN,default_0.5,,,,1
0.9017543859649123,0.3200883002207506,0.09824561403508772,0.7481804949053857,0.6393034825870647,0.9017543859649123,0.881205220556911,0.2061577785523411,0.45744025707244873,0.18257755041122437,user15,T3,T3_1D_CNN,calibration_EER,0.11306327768513261,,,1
0.8771929824561403,0.2869757174392936,0.12280701754385964,0.7518796992481203,0.6578947368421053,0.8771929824561403,0.881205220556911,0.2061577785523411,0.45744025707244873,0.24571307003498077,user15,T3,T3_1D_CNN,calibration_FAR<=0.10,,0.09898477157360407,0.8447653429602888,1
0.8771929824561403,0.2869757174392936,0.12280701754385964,0.7518796992481203,0.6578947368421053,0.8771929824561403,0.881205220556911,0.2061577785523411,0.45744025707244873,0.24571307003498077,user15,T3,T3_1D_CNN,calibration_FAR<=0.10_floor_0.05,,0.09898477157360407,0.8447653429602888,1
0.9,0.8583690987124464,0.1,0.782608695652174,0.6923076923076923,0.9,0.6041802575107296,0.4295922746781116,0.6035141096317798,0.5,user16,T0,T0_DistanceProfile,default_0.5,,,,1
0.494,0.3562231759656652,0.506,0.5951807228915663,0.7484848484848485,0.494,0.6041802575107296,0.4295922746781116,0.6035141096317798,0.6202992411854656,user16,T0,T0_DistanceProfile,calibration_EER,0.45497306006479443,,,1
0.15,0.05150214592274678,0.85,0.2555366269165247,0.8620689655172413,0.15,0.6041802575107296,0.4295922746781116,0.6035141096317798,0.6915041646537725,user16,T0,T0_DistanceProfile,calibration_FAR<=0.10,,0.09898477157360407,0.14505119453924914,1
0.15,0.05150214592274678,0.85,0.2555366269165247,0.8620689655172413,0.15,0.6041802575107296,0.4295922746781116,0.6035141096317798,0.6915041646537725,user16,T0,T0_DistanceProfile,calibration_FAR<=0.10_floor_0.05,,0.09898477157360407,0.14505119453924914,1
0.85,0.44635193133047213,0.15,0.826044703595724,0.8034026465028355,0.85,0.7815622317596567,0.28363090128755364,0.6423207183684237,0.5,user16,T1,T1_LogReg,default_0.5,,,,1
0.772,0.33905579399141633,0.228,0.8,0.8301075268817204,0.772,0.7815622317596567,0.28363090128755364,0.6423207183684237,0.5918106310018256,user16,T1,T1_LogReg,calibration_EER,0.23959650733701773,,,1
0.554,0.18025751072961374,0.446,0.6764346764346765,0.8683385579937304,0.554,0.7815622317596567,0.28363090128755364,0.6423207183684237,0.7470386150110332,user16,T1,T1_LogReg,calibration_FAR<=0.10,,0.09898477157360407,0.5477815699658704,1
0.554,0.18025751072961374,0.446,0.6764346764346765,0.8683385579937304,0.554,0.7815622317596567,0.28363090128755364,0.6423207183684237,0.7470386150110332,user16,T1,T1_LogReg,calibration_FAR<=0.10_floor_0.05,,0.09898477157360407,0.5477815699658704,1
0.802,0.27896995708154504,0.198,0.8302277432712215,0.8605150214592274,0.802,0.8504635193133047,0.2463175965665236,0.5586807710508401,0.5,user16,T1,T1_SVM_RBF,default_0.5,,,,1
0.802,0.27896995708154504,0.198,0.8302277432712215,0.8605150214592274,0.802,0.8504635193133047,0.2463175965665236,0.5586807710508401,0.5,user16,T1,T1_SVM_RBF,calibration_EER,0.2255721487846711,,,1
0.65,0.15021459227467812,0.35,0.7558139534883721,0.9027777777777778,0.65,0.8504635193133047,0.2463175965665236,0.5586807710508401,0.6610204136942303,user16,T1,T1_SVM_RBF,calibration_FAR<=0.10,,0.09898477157360407,0.6194539249146758,1
0.65,0.15021459227467812,0.35,0.7558139534883721,0.9027777777777778,0.65,0.8504635193133047,0.2463175965665236,0.5586807710508401,0.6610204136942303,user16,T1,T1_SVM_RBF,calibration_FAR<=0.10_floor_0.05,,0.09898477157360407,0.6194539249146758,1
0.728,0.3133047210300429,0.272,0.7769477054429029,0.8329519450800915,0.728,0.7679313304721029,0.29265236051502147,0.6,0.5,user16,T1,T1_kNN,default_0.5,,,,1
0.728,0.3133047210300429,0.272,0.7769477054429029,0.8329519450800915,0.728,0.7679313304721029,0.29265236051502147,0.6,0.6,user16,T1,T1_kNN,calibration_EER,0.33289010931896534,,,1
0.196,0.030042918454935622,0.804,0.3239669421487603,0.9333333333333333,0.196,0.7679313304721029,0.29265236051502147,0.6,1.0,user16,T1,T1_kNN,calibration_FAR<=0.10,,0.04060913705583756,0.1552901023890785,1
0.196,0.030042918454935622,0.804,0.3239669421487603,0.9333333333333333,0.196,0.7679313304721029,0.29265236051502147,0.6,1.0,user16,T1,T1_kNN,calibration_FAR<=0.10_floor_0.05,,0.04060913705583756,0.1552901023890785,1
0.66,0.33476394849785407,0.34,0.7268722466960352,0.8088235294117647,0.66,0.6626180257510731,0.337381974248927,1.0,0.5,user16,T1,T1_DecisionTree,default_0.5,,,,1
0.66,0.33476394849785407,0.34,0.7268722466960352,0.8088235294117647,0.66,0.6626180257510731,0.337381974248927,1.0,1.0,user16,T1,T1_DecisionTree,calibration_EER,0.32468252455778657,,,1
0.0,0.0,1.0,0.0,0.0,0.0,0.6626180257510731,0.337381974248927,1.0,1.0000000000000002,user16,T1,T1_DecisionTree,calibration_FAR<=0.10,,0.0,0.0,1
0.0,0.0,1.0,0.0,0.0,0.0,0.6626180257510731,0.337381974248927,1.0,1.0000000000000002,user16,T1,T1_DecisionTree,calibration_FAR<=0.10_floor_0.05,,0.0,0.0,1
0.746,0.19742489270386265,0.254,0.8117519042437432,0.8902147971360382,0.746,0.8583218884120173,0.22773390557939913,0.47333333333333333,0.5,user16,T2,T2_RandomForest,default_0.5,,,,1
0.806,0.2575107296137339,0.194,0.8369678089304258,0.8704103671706264,0.806,0.8583218884120173,0.22773390557939913,0.47333333333333333,0.44666666666666666,user16,T2,T2_RandomForest,calibration_EER,0.20986296148715375,,,1
0.704,0.16738197424892703,0.296,0.7901234567901234,0.9002557544757033,0.704,0.8583218884120173,0.22773390557939913,0.47333333333333333,0.53,user16,T2,T2_RandomForest,calibration_FAR<=0.10,,0.09898477157360407,0.689419795221843,1
0.704,0.16738197424892703,0.296,0.7901234567901234,0.9002557544757033,0.704,0.8583218884120173,0.22773390557939913,0.47333333333333333,0.53,user16,T2,T2_RandomForest,calibration_FAR<=0.10_floor_0.05,,0.09898477157360407,0.689419795221843,1
0.776,0.18454935622317598,0.224,0.8335123523093448,0.9002320185614849,0.776,0.871343347639485,0.1905665236051502,0.4766666666666667,0.5,user16,T2,T2_ExtraTrees,default_0.5,,,,1
0.814,0.19742489270386265,0.186,0.8541448058761805,0.8984547461368654,0.814,0.871343347639485,0.1905665236051502,0.4766666666666667,0.47,user16,T2,T2_ExtraTrees,calibration_EER,0.2438194071481783,,,1
0.666,0.12446351931330472,0.334,0.7726218097447796,0.919889502762431,0.666,0.871343347639485,0.1905665236051502,0.4766666666666667,0.57,user16,T2,T2_ExtraTrees,calibration_FAR<=0.10,,0.09898477157360407,0.6006825938566553,1
0.666,0.12446351931330472,0.334,0.7726218097447796,0.919889502762431,0.666,0.871343347639485,0.1905665236051502,0.4766666666666667,0.57,user16,T2,T2_ExtraTrees,calibration_FAR<=0.10_floor_0.05,,0.09898477157360407,0.6006825938566553,1
0.742,0.2317596566523605,0.258,0.8021621621621622,0.8729411764705882,0.742,0.8192961373390559,0.2453175965665236,0.48777631092888507,0.5,user16,T2,T2_GradientBoosting,default_0.5,,,,1
0.8,0.30042918454935624,0.2,0.8247422680412371,0.851063829787234,0.8,0.8192961373390559,0.2453175965665236,0.48777631092888507,0.42487885735223857,user16,T2,T2_GradientBoosting,calibration_EER,0.2255721487846711,,,1
0.656,0.17167381974248927,0.344,0.7557603686635944,0.8913043478260869,0.656,0.8192961373390559,0.2453175965665236,0.48777631092888507,0.5744226152530962,user16,T2,T2_GradientBoosting,calibration_FAR<=0.10,,0.09898477157360407,0.6501706484641638,1
0.656,0.17167381974248927,0.344,0.7557603686635944,0.8913043478260869,0.656,0.8192961373390559,0.2453175965665236,0.48777631092888507,0.5744226152530962,user16,T2,T2_GradientBoosting,calibration_FAR<=0.10_floor_0.05,,0.09898477157360407,0.6501706484641638,1
0.792,0.2575107296137339,0.208,0.8284518828451883,0.868421052631579,0.792,0.8464377682403434,0.23502575107296136,0.547588586807251,0.5,user16,T2,T2_XGBoost,default_0.5,,,,1
0.822,0.2875536480686695,0.178,0.8404907975460123,0.8598326359832636,0.822,0.8464377682403434,0.23502575107296136,0.547588586807251,0.44413086771965027,user16,T2,T2_XGBoost,calibration_EER,0.21240103255314358,,,1
0.72,0.19313304721030042,0.28,0.7955801104972375,0.8888888888888888,0.72,0.8464377682403434,0.23502575107296136,0.547588586807251,0.6008604764938354,user16,T2,T2_XGBoost,calibration_FAR<=0.10,,0.09898477157360407,0.6860068259385665,1
0.72,0.19313304721030042,0.28,0.7955801104972375,0.8888888888888888,0.72,0.8464377682403434,0.23502575107296136,0.547588586807251,0.6008604764938354,user16,T2,T2_XGBoost,calibration_FAR<=0.10_floor_0.05,,0.09898477157360407,0.6860068259385665,1
0.902,0.41201716738197425,0.098,0.8615090735434575,0.8244972577696527,0.902,0.8554077253218884,0.22458798283261802,0.6361159086227417,0.5,user16,T3,T3_1D_CNN,default_0.5,,,,1
0.86,0.3133047210300429,0.14,0.8574277168494516,0.8548707753479126,0.86,0.8554077253218884,0.22458798283261802,0.6361159086227417,0.5683268904685974,user16,T3,T3_1D_CNN,calibration_EER,0.17969196652864644,,,1
0.666,0.15450643776824036,0.334,0.766398158803222,0.9024390243902439,0.666,0.8554077253218884,0.22458798283261802,0.6361159086227417,0.7073701620101929,user16,T3,T3_1D_CNN,calibration_FAR<=0.10,,0.09898477157360407,0.6382252559726962,1
0.666,0.15450643776824036,0.334,0.766398158803222,0.9024390243902439,0.666,0.8554077253218884,0.22458798283261802,0.6361159086227417,0.7073701620101929,user16,T3,T3_1D_CNN,calibration_FAR<=0.10_floor_0.05,,0.09898477157360407,0.6382252559726962,1
0.6784140969162996,0.4230769230769231,0.32158590308370044,0.7247058823529412,0.7777777777777778,0.6784140969162996,0.7012876990850558,0.36591409691629956,0.5062434022770386,0.5,user20,T0,T0_DistanceProfile,default_0.5,,,,1
0.6431718061674009,0.34615384615384615,0.3568281938325991,0.7139364303178484,0.8021978021978022,0.6431718061674009,0.7012876990850558,0.36591409691629956,0.5062434022770386,0.5088549370287927,user20,T0,T0_DistanceProfile,calibration_EER,0.4106128246753247,,,1
0.31277533039647576,0.04807692307692308,0.6872246696035242,0.46864686468646866,0.9342105263157895,0.31277533039647576,0.7012876990850558,0.36591409691629956,0.5062434022770386,0.5703125186861726,user20,T0,T0_DistanceProfile,calibration_FAR<=0.10,,0.09943181818181818,0.1488095238095238,1
0.31277533039647576,0.04807692307692308,0.6872246696035242,0.46864686468646866,0.9342105263157895,0.31277533039647576,0.7012876990850558,0.36591409691629956,0.5062434022770386,0.5703125186861726,user20,T0,T0_DistanceProfile,calibration_FAR<=0.10_floor_0.05,,0.09943181818181818,0.1488095238095238,1
0.5726872246696035,0.0,0.42731277533039647,0.7282913165266106,1.0,0.5726872246696035,0.8411555404947476,0.26677397492375465,0.007812214135927147,0.5,user20,T1,T1_LogReg,default_0.5,,,,1
0.7709251101321586,0.3076923076923077,0.2290748898678414,0.8064516129032258,0.8454106280193237,0.7709251101321586,0.8411555404947476,0.26677397492375465,0.007812214135927147,0.00419909990664365,user20,T1,T1_LogReg,calibration_EER,0.49922213203463206,,,1
0.43612334801762115,0.0,0.5638766519823789,0.6073619631901841,1.0,0.43612334801762115,0.8411555404947476,0.26677397492375465,0.007812214135927147,0.8585729090578524,user20,T1,T1_LogReg,calibration_FAR<=0.10,,0.09943181818181818,0.15178571428571427,1
0.43612334801762115,0.0,0.5638766519823789,0.6073619631901841,1.0,0.43612334801762115,0.8411555404947476,0.26677397492375465,0.007812214135927147,0.8585729090578524,user20,T1,T1_LogReg,calibration_FAR<=0.10_floor_0.05,,0.09943181818181818,0.15178571428571427,1
0.5022026431718062,0.0,0.4977973568281938,0.6686217008797654,1.0,0.5022026431718062,0.7795238902067095,0.33086241951880724,0.004760179888178743,0.5,user20,T1,T1_SVM_RBF,default_0.5,,,,1
0.788546255506608,0.5096153846153846,0.21145374449339208,0.7799564270152506,0.771551724137931,0.788546255506608,0.7795238902067095,0.33086241951880724,0.004760179888178743,0.001459105234173062,user20,T1,T1_SVM_RBF,calibration_EER,0.5479572510822511,,,1
0.47577092511013214,0.0,0.5242290748898678,0.6447761194029851,1.0,0.47577092511013214,0.7795238902067095,0.33086241951880724,0.004760179888178743,0.5487912261832024,user20,T1,T1_SVM_RBF,calibration_FAR<=0.10,,0.09943181818181818,0.17261904761904762,1
0.47577092511013214,0.0,0.5242290748898678,0.6447761194029851,1.0,0.47577092511013214,0.7795238902067095,0.33086241951880724,0.004760179888178743,0.5487912261832024,user20,T1,T1_SVM_RBF,calibration_FAR<=0.10_floor_0.05,,0.09943181818181818,0.17261904761904762,1
0.3524229074889868,0.0,0.6475770925110133,0.5211726384364821,1.0,0.3524229074889868,0.7603143002372077,0.2509107082344968,0.2,0.5,user20,T1,T1_kNN,default_0.5,,,,1
0.5462555066079295,0.04807692307692308,0.45374449339207046,0.6966292134831461,0.9612403100775194,0.5462555066079295,0.7603143002372077,0.2509107082344968,0.2,0.2,user20,T1,T1_kNN,calibration_EER,0.5215097402597403,,,1
0.21145374449339208,0.0,0.788546255506608,0.3490909090909091,1.0,0.21145374449339208,0.7603143002372077,0.2509107082344968,0.2,0.8,user20,T1,T1_kNN,calibration_FAR<=0.10,,0.06818181818181818,0.09226190476190477,1
0.21145374449339208,0.0,0.788546255506608,0.3490909090909091,1.0,0.21145374449339208,0.7603143002372077,0.2509107082344968,0.2,0.8,user20,T1,T1_kNN,calibration_FAR<=0.10_floor_0.05,,0.06818181818181818,0.09226190476190477,1
0.46255506607929514,0.009615384615384616,0.5374449339207048,0.6306306306306306,0.9905660377358491,0.46255506607929514,0.7264698407319553,0.2735301592680447,1.0,0.5,user20,T1,T1_DecisionTree,default_0.5,,,,1
0.46255506607929514,0.009615384615384616,0.5374449339207048,0.6306306306306306,0.9905660377358491,0.46255506607929514,0.7264698407319553,0.2735301592680447,1.0,1.0,user20,T1,T1_DecisionTree,calibration_EER,0.5058509199134199,,,1
0.0,0.0,1.0,0.0,0.0,0.0,0.7264698407319553,0.2735301592680447,1.0,1.0000000000000002,user20,T1,T1_DecisionTree,calibration_FAR<=0.10,,0.0,0.0,1
0.0,0.0,1.0,0.0,0.0,0.0,0.7264698407319553,0.2735301592680447,1.0,1.0000000000000002,user20,T1,T1_DecisionTree,calibration_FAR<=0.10_floor_0.05,,0.0,0.0,1
0.46255506607929514,0.0,0.5374449339207048,0.6325301204819277,1.0,0.46255506607929514,0.7836750254151136,0.30762876990850563,0.01,0.5,user20,T2,T2_RandomForest,default_0.5,,,,1
0.73568281938326,0.38461538461538464,0.2643171806167401,0.7695852534562212,0.8067632850241546,0.73568281938326,0.7836750254151136,0.30762876990850563,0.01,0.006666666666666667,user20,T2,T2_RandomForest,calibration_EER,0.5756561147186148,,,1
0.4581497797356828,0.0,0.5418502202643172,0.6283987915407855,1.0,0.4581497797356828,0.7836750254151136,0.30762876990850563,0.01,0.52,user20,T2,T2_RandomForest,calibration_FAR<=0.10,,0.09801136363636363,0.16071428571428573,1
0.4581497797356828,0.0,0.5418502202643172,0.6283987915407855,1.0,0.4581497797356828,0.7836750254151136,0.30762876990850563,0.01,0.52,user20,T2,T2_RandomForest,calibration_FAR<=0.10_floor_0.05,,0.09801136363636363,0.16071428571428573,1
0.45374449339207046,0.0,0.5462555066079295,0.6242424242424243,1.0,0.45374449339207046,0.757497458488648,0.3260547272111149,0.016666666666666666,0.5,user20,T2,T2_ExtraTrees,default_0.5,,,,1
0.6960352422907489,0.41346153846153844,0.3039647577092511,0.7383177570093458,0.7860696517412935,0.6960352422907489,0.757497458488648,0.3260547272111149,0.016666666666666666,0.01,user20,T2,T2_ExtraTrees,calibration_EER,0.5621279761904762,,,1
0.40969162995594716,0.0,0.5903083700440529,0.58125,1.0,0.40969162995594716,0.757497458488648,0.3260547272111149,0.016666666666666666,0.54,user20,T2,T2_ExtraTrees,calibration_FAR<=0.10,,0.09659090909090909,0.1488095238095238,1
0.40969162995594716,0.0,0.5903083700440529,0.58125,1.0,0.40969162995594716,0.757497458488648,0.3260547272111149,0.016666666666666666,0.54,user20,T2,T2_ExtraTrees,calibration_FAR<=0.10_floor_0.05,,0.09659090909090909,0.1488095238095238,1
0.5198237885462555,0.0,0.4801762114537445,0.6840579710144927,1.0,0.5198237885462555,0.765990342256862,0.3404778041341918,0.0024552797280018874,0.5,user20,T2,T2_GradientBoosting,default_0.5,,,,1
0.6960352422907489,0.3942307692307692,0.3039647577092511,0.7417840375586855,0.7939698492462312,0.6960352422907489,0.765990342256862,0.3404778041341918,0.0024552797280018874,0.002166545595061868,user20,T2,T2_GradientBoosting,calibration_EER,0.574134199134199,,,1
0.3700440528634361,0.0,0.6299559471365639,0.5401929260450161,1.0,0.3700440528634361,0.765990342256862,0.3404778041341918,0.0024552797280018874,0.7897052173860769,user20,T2,T2_GradientBoosting,calibration_FAR<=0.10,,0.09943181818181818,0.13988095238095238,1
0.3700440528634361,0.0,0.6299559471365639,0.5401929260450161,1.0,0.3700440528634361,0.765990342256862,0.3404778041341918,0.0024552797280018874,0.7897052173860769,user20,T2,T2_GradientBoosting,calibration_FAR<=0.10_floor_0.05,,0.09943181818181818,0.13988095238095238,1
0.5154185022026432,0.0,0.4845814977973568,0.6802325581395349,1.0,0.5154185022026432,0.7944340901389358,0.3058285327007794,0.00033947956399060786,0.5,user20,T2,T2_XGBoost,default_0.5,,,,1
0.7400881057268722,0.375,0.2599118942731278,0.7741935483870968,0.8115942028985508,0.7400881057268722,0.7944340901389358,0.3058285327007794,0.00033947956399060786,0.00024531077360734344,user20,T2,T2_XGBoost,calibration_EER,0.5421401515151516,,,1
0.43612334801762115,0.0,0.5638766519823789,0.6073619631901841,1.0,0.43612334801762115,0.7944340901389358,0.3058285327007794,0.00033947956399060786,0.8275420665740967,user20,T2,T2_XGBoost,calibration_FAR<=0.10,,0.09943181818181818,0.16071428571428573,1
0.43612334801762115,0.0,0.5638766519823789,0.6073619631901841,1.0,0.43612334801762115,0.7944340901389358,0.3058285327007794,0.00033947956399060786,0.8275420665740967,user20,T2,T2_XGBoost,calibration_FAR<=0.10_floor_0.05,,0.09943181818181818,0.16071428571428573,1
0.5374449339207048,0.028846153846153848,0.46255506607929514,0.6931818181818182,0.976,0.5374449339207048,0.8580989495086411,0.2461453744493392,0.001082420814782381,0.5,user20,T3,T3_1D_CNN,default_0.5,,,,1
0.7400881057268722,0.21153846153846154,0.2599118942731278,0.8057553956834532,0.8842105263157894,0.7400881057268722,0.8580989495086411,0.2461453744493392,0.001082420814782381,0.0021161308977752924,user20,T3,T3_1D_CNN,calibration_EER,0.4491341991341991,,,1
0.31277533039647576,0.0,0.6872246696035242,0.47651006711409394,1.0,0.31277533039647576,0.8580989495086411,0.2461453744493392,0.001082420814782381,0.9757645130157471,user20,T3,T3_1D_CNN,calibration_FAR<=0.10,,0.09943181818181818,0.1130952380952381,1
0.31277533039647576,0.0,0.6872246696035242,0.47651006711409394,1.0,0.31277533039647576,0.8580989495086411,0.2461453744493392,0.001082420814782381,0.9757645130157471,user20,T3,T3_1D_CNN,calibration_FAR<=0.10_floor_0.05,,0.09943181818181818,0.1130952380952381,1
0.7764227642276422,0.7744360902255639,0.22357723577235772,0.7074074074074074,0.6496598639455783,0.7764227642276422,0.5036371416345743,0.5195610978666177,0.5984500544132643,0.5,user21,T0,T0_DistanceProfile,default_0.5,,,,1
0.524390243902439,0.5864661654135338,0.47560975609756095,0.5695364238410596,0.6231884057971014,0.524390243902439,0.5036371416345743,0.5195610978666177,0.5984500544132643,0.5865275227843992,user21,T0,T0_DistanceProfile,calibration_EER,0.33177101627444094,,,1
0.17886178861788618,0.19548872180451127,0.8211382113821138,0.27848101265822783,0.6285714285714286,0.17886178861788618,0.5036371416345743,0.5195610978666177,0.5984500544132643,0.657697413985918,user21,T0,T0_DistanceProfile,calibration_FAR<=0.10,,0.0989345509893455,0.25961538461538464,1
0.17886178861788618,0.19548872180451127,0.8211382113821138,0.27848101265822783,0.6285714285714286,0.17886178861788618,0.5036371416345743,0.5195610978666177,0.5984500544132643,0.657697413985918,user21,T0,T0_DistanceProfile,calibration_FAR<=0.10_floor_0.05,,0.0989345509893455,0.25961538461538464,1
0.7154471544715447,0.3157894736842105,0.2845528455284553,0.7586206896551724,0.8073394495412844,0.7154471544715447,0.7950058072009292,0.31673696436212484,0.5767137728003798,0.5,user21,T1,T1_LogReg,default_0.5,,,,1
0.8252032520325203,0.37593984962406013,0.17479674796747968,0.8136272545090181,0.8023715415019763,0.8252032520325203,0.7950058072009292,0.31673696436212484,0.5767137728003798,0.3526694387235999,user21,T1,T1_LogReg,calibration_EER,0.1928052921203606,,,1
0.6747967479674797,0.3082706766917293,0.3252032520325203,0.7328918322295805,0.8019323671497585,0.6747967479674797,0.7950058072009292,0.31673696436212484,0.5767137728003798,0.5759362378222501,user21,T1,T1_LogReg,calibration_FAR<=0.10,,0.0989345509893455,0.6826923076923077,1
0.6747967479674797,0.3082706766917293,0.3252032520325203,0.7328918322295805,0.8019323671497585,0.6747967479674797,0.7950058072009292,0.31673696436212484,0.5767137728003798,0.5759362378222501,user21,T1,T1_LogReg,calibration_FAR<=0.10_floor_0.05,,0.0989345509893455,0.6826923076923077,1
0.5609756097560976,0.17293233082706766,0.43902439024390244,0.6781326781326781,0.8571428571428571,0.5609756097560976,0.796289504248426,0.2909254844428143,0.2831876197362595,0.5,user21,T1,T1_SVM_RBF,default_0.5,,,,1
0.8170731707317073,0.39097744360902253,0.18292682926829268,0.8056112224448898,0.7944664031620553,0.8170731707317073,0.796289504248426,0.2909254844428143,0.2831876197362595,0.13032956927857572,user21,T1,T1_SVM_RBF,calibration_EER,0.17405748741365182,,,1
0.7113821138211383,0.2932330827067669,0.2886178861788618,0.7608695652173914,0.8177570093457944,0.7113821138211383,0.796289504248426,0.2909254844428143,0.2831876197362595,0.2646753617091958,user21,T1,T1_SVM_RBF,calibration_FAR<=0.10,,0.0989345509893455,0.6538461538461539,1
0.7113821138211383,0.2932330827067669,0.2886178861788618,0.7608695652173914,0.8177570093457944,0.7113821138211383,0.796289504248426,0.2909254844428143,0.2831876197362595,0.2646753617091958,user21,T1,T1_SVM_RBF,calibration_FAR<=0.10_floor_0.05,,0.0989345509893455,0.6538461538461539,1
0.37398373983739835,0.15789473684210525,0.6260162601626016,0.5125348189415042,0.8141592920353983,0.37398373983739835,0.6681184668989548,0.37089675408032274,0.4,0.5,user21,T1,T1_kNN,default_0.5,,,,1
0.8455284552845529,0.6541353383458647,0.15447154471544716,0.7689463955637708,0.7050847457627119,0.8455284552845529,0.6681184668989548,0.37089675408032274,0.4,0.2,user21,T1,T1_kNN,calibration_EER,0.24326410841821802,,,1
0.37398373983739835,0.15789473684210525,0.6260162601626016,0.5125348189415042,0.8141592920353983,0.37398373983739835,0.6681184668989548,0.37089675408032274,0.4,0.6,user21,T1,T1_kNN,calibration_FAR<=0.10,,0.0563165905631659,0.3605769230769231,1
0.37398373983739835,0.15789473684210525,0.6260162601626016,0.5125348189415042,0.8141592920353983,0.37398373983739835,0.6681184668989548,0.37089675408032274,0.4,0.6,user21,T1,T1_kNN,calibration_FAR<=0.10_floor_0.05,,0.0563165905631659,0.3605769230769231,1
0.524390243902439,0.18045112781954886,0.47560975609756095,0.6466165413533834,0.8431372549019608,0.524390243902439,0.6719695580414451,0.3280304419585549,1.0,0.5,user21,T1,T1_DecisionTree,default_0.5,,,,1
0.524390243902439,0.18045112781954886,0.47560975609756095,0.6466165413533834,0.8431372549019608,0.524390243902439,0.6719695580414451,0.3280304419585549,1.0,1.0,user21,T1,T1_DecisionTree,calibration_EER,0.3474600456621004,,,1
0.0,0.0,1.0,0.0,0.0,0.0,0.6719695580414451,0.3280304419585549,1.0,1.0000000000000002,user21,T1,T1_DecisionTree,calibration_FAR<=0.10,,0.0,0.0,1
0.0,0.0,1.0,0.0,0.0,0.0,0.6719695580414451,0.3280304419585549,1.0,1.0000000000000002,user21,T1,T1_DecisionTree,calibration_FAR<=0.10_floor_0.05,,0.0,0.0,1
0.33739837398373984,0.08270676691729323,0.6626016260162602,0.48823529411764705,0.8829787234042553,0.33739837398373984,0.7730607005318173,0.2851335656213705,0.27,0.5,user21,T2,T2_RandomForest,default_0.5,,,,1
0.8252032520325203,0.41353383458646614,0.17479674796747968,0.8055555555555556,0.7868217054263565,0.8252032520325203,0.7730607005318173,0.2851335656213705,0.27,0.20666666666666667,user21,T2,T2_RandomForest,calibration_EER,0.2006571244584943,,,1
0.5975609756097561,0.21052631578947367,0.4024390243902439,0.6983372921615202,0.84,0.5975609756097561,0.7730607005318173,0.2851335656213705,0.27,0.3433333333333333,user21,T2,T2_RandomForest,calibration_FAR<=0.10,,0.0943683409436834,0.5288461538461539,1
0.5975609756097561,0.21052631578947367,0.4024390243902439,0.6983372921615202,0.84,0.5975609756097561,0.7730607005318173,0.2851335656213705,0.27,0.3433333333333333,user21,T2,T2_RandomForest,calibration_FAR<=0.10_floor_0.05,,0.0943683409436834,0.5288461538461539,1
0.2764227642276423,0.06015037593984962,0.7235772357723578,0.422360248447205,0.8947368421052632,0.2764227642276423,0.7624090714591356,0.3007824439146647,0.2833333333333333,0.5,user21,T2,T2_ExtraTrees,default_0.5,,,,1
0.8170731707317073,0.47368421052631576,0.18292682926829268,0.788235294117647,0.7613636363636364,0.8170731707317073,0.7624090714591356,0.3007824439146647,0.2833333333333333,0.21333333333333335,user21,T2,T2_ExtraTrees,calibration_EER,0.19192351598173515,,,1
0.6829268292682927,0.2857142857142857,0.3170731707317073,0.7433628318584071,0.8155339805825242,0.6829268292682927,0.7624090714591356,0.3007824439146647,0.2833333333333333,0.2966666666666667,user21,T2,T2_ExtraTrees,calibration_FAR<=0.10,,0.0943683409436834,0.6201923076923077,1
0.6829268292682927,0.2857142857142857,0.3170731707317073,0.7433628318584071,0.8155339805825242,0.6829268292682927,0.7624090714591356,0.3007824439146647,0.2833333333333333,0.2966666666666667,user21,T2,T2_ExtraTrees,calibration_FAR<=0.10_floor_0.05,,0.0943683409436834,0.6201923076923077,1
0.5203252032520326,0.12781954887218044,0.4796747967479675,0.6547314578005116,0.8827586206896552,0.5203252032520326,0.8139556207592151,0.28106852497096396,0.2538248597510351,0.5,user21,T2,T2_GradientBoosting,default_0.5,,,,1
0.8170731707317073,0.37593984962406013,0.18292682926829268,0.8088531187122736,0.8007968127490039,0.8170731707317073,0.8139556207592151,0.28106852497096396,0.2538248597510351,0.16456720408589195,user21,T2,T2_GradientBoosting,calibration_EER,0.1803872497365648,,,1
0.6747967479674797,0.20300751879699247,0.3252032520325203,0.7562642369020501,0.8601036269430051,0.6747967479674797,0.8139556207592151,0.28106852497096396,0.2538248597510351,0.33166128087475466,user21,T2,T2_GradientBoosting,calibration_FAR<=0.10,,0.0989345509893455,0.5961538461538461,1
0.6747967479674797,0.20300751879699247,0.3252032520325203,0.7562642369020501,0.8601036269430051,0.6747967479674797,0.8139556207592151,0.28106852497096396,0.2538248597510351,0.33166128087475466,user21,T2,T2_GradientBoosting,calibration_FAR<=0.10_floor_0.05,,0.0989345509893455,0.5961538461538461,1
0.6016260162601627,0.16541353383458646,0.3983739837398374,0.7115384615384616,0.8705882352941177,0.6016260162601627,0.807476007090898,0.3007824439146647,0.28504839539527893,0.5,user21,T2,T2_XGBoost,default_0.5,,,,1
0.8536585365853658,0.40601503759398494,0.14634146341463414,0.8235294117647058,0.7954545454545454,0.8536585365853658,0.807476007090898,0.3007824439146647,0.28504839539527893,0.1309746652841568,user21,T2,T2_XGBoost,calibration_EER,0.16392255005268702,,,1
0.6869918699186992,0.2932330827067669,0.3130081300813008,0.7444933920704846,0.8125,0.6869918699186992,0.807476007090898,0.3007824439146647,0.28504839539527893,0.29706212878227234,user21,T2,T2_XGBoost,calibration_FAR<=0.10,,0.0989345509893455,0.6875,1
0.6869918699186992,0.2932330827067669,0.3130081300813008,0.7444933920704846,0.8125,0.6869918699186992,0.807476007090898,0.3007824439146647,0.28504839539527893,0.29706212878227234,user21,T2,T2_XGBoost,calibration_FAR<=0.10_floor_0.05,,0.0989345509893455,0.6875,1
0.8658536585365854,0.3082706766917293,0.13414634146341464,0.852,0.8385826771653543,0.8658536585365854,0.8285958799437619,0.25993337001039185,0.756842315196991,0.5,user21,T3,T3_1D_CNN,default_0.5,,,,1
0.8861788617886179,0.3609022556390977,0.11382113821138211,0.8515625,0.8195488721804511,0.8861788617886179,0.8285958799437619,0.25993337001039185,0.756842315196991,0.35955050587654114,user21,T3,T3_1D_CNN,calibration_EER,0.13503980798501344,,,1
0.8252032520325203,0.2857142857142857,0.17479674796747968,0.8336755646817249,0.8423236514522822,0.8252032520325203,0.8285958799437619,0.25993337001039185,0.756842315196991,0.6030179262161255,user21,T3,T3_1D_CNN,calibration_FAR<=0.10,,0.0989345509893455,0.7884615384615384,1
0.8252032520325203,0.2857142857142857,0.17479674796747968,0.8336755646817249,0.8423236514522822,0.8252032520325203,0.8285958799437619,0.25993337001039185,0.756842315196991,0.6030179262161255,user21,T3,T3_1D_CNN,calibration_FAR<=0.10_floor_0.05,,0.0989345509893455,0.7884615384615384,1
0.8416666666666667,0.8137651821862348,0.15833333333333333,0.6283048211508554,0.5012406947890818,0.8416666666666667,0.611336032388664,0.4086201079622132,0.5951252462392344,0.5,user23,T0,T0_DistanceProfile,default_0.5,,,,1
0.55,0.3562753036437247,0.45,0.5739130434782609,0.6,0.55,0.611336032388664,0.4086201079622132,0.5951252462392344,0.6052810972349627,user23,T0,T0_DistanceProfile,calibration_EER,0.4656834393676499,,,1
0.125,0.048582995951417005,0.875,0.2127659574468085,0.7142857142857143,0.125,0.611336032388664,0.4086201079622132,0.5951252462392344,0.6831423217496556,user23,T0,T0_DistanceProfile,calibration_FAR<=0.10,,0.09774436090225563,0.16117216117216118,1
0.125,0.048582995951417005,0.875,0.2127659574468085,0.7142857142857143,0.125,0.611336032388664,0.4086201079622132,0.5951252462392344,0.6831423217496556,user23,T0,T0_DistanceProfile,calibration_FAR<=0.10_floor_0.05,,0.09774436090225563,0.16117216117216118,1
0.8375,0.26720647773279355,0.1625,0.7928994082840237,0.7528089887640449,0.8375,0.8546727395411605,0.21353744939271257,0.559932051374949,0.5,user23,T1,T1_LogReg,default_0.5,,,,1
0.7375,0.17408906882591094,0.2625,0.7695652173913043,0.8045454545454546,0.7375,0.8546727395411605,0.21353744939271257,0.559932051374949,0.6136661637278225,user23,T1,T1_LogReg,calibration_EER,0.20098322729901674,,,1
0.5208333333333334,0.08097165991902834,0.4791666666666667,0.6493506493506493,0.8620689655172413,0.5208333333333334,0.8546727395411605,0.21353744939271257,0.559932051374949,0.7858376454731917,user23,T1,T1_LogReg,calibration_FAR<=0.10,,0.09774436090225563,0.5824175824175825,1
0.5208333333333334,0.08097165991902834,0.4791666666666667,0.6493506493506493,0.8620689655172413,0.5208333333333334,0.8546727395411605,0.21353744939271257,0.559932051374949,0.7858376454731917,user23,T1,T1_LogReg,calibration_FAR<=0.10_floor_0.05,,0.09774436090225563,0.5824175824175825,1
0.5958333333333333,0.13360323886639677,0.4041666666666667,0.6875,0.8125,0.5958333333333333,0.8516531713900135,0.22175269905533063,0.29879110637191203,0.5,user23,T1,T1_SVM_RBF,default_0.5,,,,1
0.7666666666666667,0.21052631578947367,0.23333333333333334,0.773109243697479,0.7796610169491526,0.7666666666666667,0.8516531713900135,0.22175269905533063,0.29879110637191203,0.31887916333751215,user23,T1,T1_SVM_RBF,calibration_EER,0.18430692114902641,,,1
0.5416666666666666,0.11740890688259109,0.4583333333333333,0.6516290726817042,0.8176100628930818,0.5416666666666666,0.8516531713900135,0.22175269905533063,0.29879110637191203,0.5363599547338859,user23,T1,T1_SVM_RBF,calibration_FAR<=0.10,,0.09774436090225563,0.5897435897435898,1
0.5416666666666666,0.11740890688259109,0.4583333333333333,0.6516290726817042,0.8176100628930818,0.5416666666666666,0.8516531713900135,0.22175269905533063,0.29879110637191203,0.5363599547338859,user23,T1,T1_SVM_RBF,calibration_FAR<=0.10_floor_0.05,,0.09774436090225563,0.5897435897435898,1
0.48333333333333334,0.1902834008097166,0.5166666666666667,0.575682382133995,0.7116564417177914,0.48333333333333334,0.7031123481781377,0.3477901484480432,0.4,0.5,user23,T1,T1_kNN,default_0.5,,,,1
0.7416666666666667,0.43724696356275305,0.25833333333333336,0.6768060836501901,0.6223776223776224,0.7416666666666667,0.7031123481781377,0.3477901484480432,0.4,0.4,user23,T1,T1_kNN,calibration_EER,0.30605359552727973,,,1
0.24166666666666667,0.06477732793522267,0.7583333333333333,0.36942675159235666,0.7837837837837838,0.24166666666666667,0.7031123481781377,0.3477901484480432,0.4,0.8,user23,T1,T1_kNN,calibration_FAR<=0.10,,0.07769423558897243,0.2490842490842491,1
0.24166666666666667,0.06477732793522267,0.7583333333333333,0.36942675159235666,0.7837837837837838,0.24166666666666667,0.7031123481781377,0.3477901484480432,0.4,0.8,user23,T1,T1_kNN,calibration_FAR<=0.10_floor_0.05,,0.07769423558897243,0.2490842490842491,1
0.575,0.1902834008097166,0.425,0.6494117647058824,0.745945945945946,0.575,0.6923582995951416,0.30764170040485833,1.0,0.5,user23,T1,T1_DecisionTree,default_0.5,,,,1
0.575,0.1902834008097166,0.425,0.6494117647058824,0.745945945945946,0.575,0.6923582995951416,0.30764170040485833,1.0,1.0,user23,T1,T1_DecisionTree,calibration_EER,0.3015230383651436,,,1
0.0,0.0,1.0,0.0,0.0,0.0,0.6923582995951416,0.30764170040485833,1.0,1.0000000000000002,user23,T1,T1_DecisionTree,calibration_FAR<=0.10,,0.0,0.0,1
0.0,0.0,1.0,0.0,0.0,0.0,0.6923582995951416,0.30764170040485833,1.0,1.0000000000000002,user23,T1,T1_DecisionTree,calibration_FAR<=0.10_floor_0.05,,0.0,0.0,1
0.5541666666666667,0.06882591093117409,0.44583333333333336,0.6820512820512821,0.8866666666666667,0.5541666666666667,0.8721406882591093,0.20121457489878541,0.29,0.5,user23,T2,T2_RandomForest,default_0.5,,,,1
0.7666666666666667,0.18218623481781376,0.23333333333333334,0.7846481876332623,0.8034934497816594,0.7666666666666667,0.8721406882591093,0.20121457489878541,0.29,0.32,user23,T2,T2_RandomForest,calibration_EER,0.1799691536533642,,,1
0.6625,0.10121457489878542,0.3375,0.75,0.8641304347826086,0.6625,0.8721406882591093,0.20121457489878541,0.29,0.42,user23,T2,T2_RandomForest,calibration_FAR<=0.10,,0.09774436090225563,0.6996336996336996,1
0.6625,0.10121457489878542,0.3375,0.75,0.8641304347826086,0.6625,0.8721406882591093,0.20121457489878541,0.29,0.42,user23,T2,T2_RandomForest,calibration_FAR<=0.10_floor_0.05,,0.09774436090225563,0.6996336996336996,1
0.49166666666666664,0.06882591093117409,0.5083333333333333,0.6293333333333333,0.8740740740740741,0.49166666666666664,0.8746120107962213,0.20121457489878541,0.31333333333333335,0.5,user23,T2,T2_ExtraTrees,default_0.5,,,,1
0.7791666666666667,0.17813765182186234,0.22083333333333333,0.7940552016985138,0.8095238095238095,0.7791666666666667,0.8746120107962213,0.20121457489878541,0.31333333333333335,0.32666666666666666,user23,T2,T2_ExtraTrees,calibration_EER,0.1812222864854444,,,1
0.6333333333333333,0.09716599190283401,0.36666666666666664,0.7307692307692307,0.8636363636363636,0.6333333333333333,0.8746120107962213,0.20121457489878541,0.31333333333333335,0.41,user23,T2,T2_ExtraTrees,calibration_FAR<=0.10,,0.09774436090225563,0.6666666666666666,1
0.6333333333333333,0.09716599190283401,0.36666666666666664,0.7307692307692307,0.8636363636363636,0.6333333333333333,0.8746120107962213,0.20121457489878541,0.31333333333333335,0.41,user23,T2,T2_ExtraTrees,calibration_FAR<=0.10_floor_0.05,,0.09774436090225563,0.6666666666666666,1
0.6541666666666667,0.11336032388663968,0.3458333333333333,0.7388235294117647,0.8486486486486486,0.6541666666666667,0.8778002699055331,0.1888917004048583,0.31092223982824435,0.5,user23,T2,T2_GradientBoosting,default_0.5,,,,1
0.7958333333333333,0.17408906882591094,0.20416666666666666,0.8059071729957806,0.8162393162393162,0.7958333333333333,0.8778002699055331,0.1888917004048583,0.31092223982824435,0.3405500552440849,user23,T2,T2_GradientBoosting,calibration_EER,0.18305378831694621,,,1
0.6958333333333333,0.12550607287449392,0.30416666666666664,0.7625570776255708,0.8434343434343434,0.6958333333333333,0.8778002699055331,0.1888917004048583,0.31092223982824435,0.45639053291994874,user23,T2,T2_GradientBoosting,calibration_FAR<=0.10,,0.09774436090225563,0.7252747252747253,1
0.6958333333333333,0.12550607287449392,0.30416666666666664,0.7625570776255708,0.8434343434343434,0.6958333333333333,0.8778002699055331,0.1888917004048583,0.31092223982824435,0.45639053291994874,user23,T2,T2_GradientBoosting,calibration_FAR<=0.10_floor_0.05,,0.09774436090225563,0.7252747252747253,1
0.7416666666666667,0.1214574898785425,0.25833333333333336,0.7946428571428571,0.8557692307692307,0.7416666666666667,0.8848178137651822,0.19508265856950066,0.3364725410938263,0.5,user23,T2,T2_XGBoost,default_0.5,,,,1
0.8041666666666667,0.19433198380566802,0.19583333333333333,0.8024948024948025,0.8008298755186722,0.8041666666666667,0.8848178137651822,0.19508265856950066,0.3364725410938263,0.3361172080039978,user23,T2,T2_XGBoost,calibration_EER,0.15336417967996915,,,1
0.7416666666666667,0.1214574898785425,0.25833333333333336,0.7946428571428571,0.8557692307692307,0.7416666666666667,0.8848178137651822,0.19508265856950066,0.3364725410938263,0.507004976272583,user23,T2,T2_XGBoost,calibration_FAR<=0.10,,0.09774436090225563,0.7362637362637363,1
0.7416666666666667,0.1214574898785425,0.25833333333333336,0.7946428571428571,0.8557692307692307,0.7416666666666667,0.8848178137651822,0.19508265856950066,0.3364725410938263,0.507004976272583,user23,T2,T2_XGBoost,calibration_FAR<=0.10_floor_0.05,,0.09774436090225563,0.7362637362637363,1
0.8208333333333333,0.2550607287449393,0.17916666666666667,0.788,0.7576923076923077,0.8208333333333333,0.8412618083670715,0.2176450742240216,0.5331284999847412,0.5,user23,T3,T3_1D_CNN,default_0.5,,,,1
0.7833333333333333,0.22267206477732793,0.21666666666666667,0.7784679089026915,0.7736625514403292,0.7833333333333333,0.8412618083670715,0.2176450742240216,0.5331284999847412,0.53232342004776,user23,T3,T3_1D_CNN,calibration_EER,0.19047619047619047,,,1
0.5875,0.1214574898785425,0.4125,0.6861313868613139,0.8245614035087719,0.5875,0.8412618083670715,0.2176450742240216,0.5331284999847412,0.5968368649482727,user23,T3,T3_1D_CNN,calibration_FAR<=0.10,,0.09774436090225563,0.6336996336996337,1
0.5875,0.1214574898785425,0.4125,0.6861313868613139,0.8245614035087719,0.5875,0.8412618083670715,0.2176450742240216,0.5331284999847412,0.5968368649482727,user23,T3,T3_1D_CNN,calibration_FAR<=0.10_floor_0.05,,0.09774436090225563,0.6336996336996337,1
0.8858267716535433,0.675,0.1141732283464567,0.8035714285714286,0.7352941176470589,0.8858267716535433,0.6803805774278215,0.3703412073490814,0.5924509851372061,0.5,user29,T0,T0_DistanceProfile,default_0.5,,,,1
0.6889763779527559,0.425,0.3110236220472441,0.7291666666666666,0.7743362831858407,0.6889763779527559,0.6803805774278215,0.3703412073490814,0.5924509851372061,0.5752526080441653,user29,T0,T0_DistanceProfile,calibration_EER,0.37933728908749054,,,1
0.2204724409448819,0.08333333333333333,0.7795275590551181,0.35,0.8484848484848485,0.2204724409448819,0.6803805774278215,0.3703412073490814,0.5924509851372061,0.6638068487131199,user29,T0,T0_DistanceProfile,calibration_FAR<=0.10,,0.0989345509893455,0.17647058823529413,1
0.2204724409448819,0.08333333333333333,0.7795275590551181,0.35,0.8484848484848485,0.2204724409448819,0.6803805774278215,0.3703412073490814,0.5924509851372061,0.6638068487131199,user29,T0,T0_DistanceProfile,calibration_FAR<=0.10_floor_0.05,,0.0989345509893455,0.17647058823529413,1
0.7637795275590551,0.4083333333333333,0.23622047244094488,0.7806841046277666,0.7983539094650206,0.7637795275590551,0.7455708661417322,0.319750656167979,0.6288557070536476,0.5,user29,T1,T1_LogReg,default_0.5,,,,1
0.8031496062992126,0.45,0.1968503937007874,0.796875,0.7906976744186046,0.8031496062992126,0.7455708661417322,0.319750656167979,0.6288557070536476,0.4360762508671231,user29,T1,T1_LogReg,calibration_EER,0.3095703204486444,,,1
0.40551181102362205,0.11666666666666667,0.594488188976378,0.555256064690027,0.8803418803418803,0.40551181102362205,0.7455708661417322,0.319750656167979,0.6288557070536476,0.8676122643326614,user29,T1,T1_LogReg,calibration_FAR<=0.10,,0.0989345509893455,0.1497326203208556,1
0.40551181102362205,0.11666666666666667,0.594488188976378,0.555256064690027,0.8803418803418803,0.40551181102362205,0.7455708661417322,0.319750656167979,0.6288557070536476,0.8676122643326614,user29,T1,T1_LogReg,calibration_FAR<=0.10_floor_0.05,,0.0989345509893455,0.1497326203208556,1
0.515748031496063,0.18333333333333332,0.484251968503937,0.6437346437346437,0.8562091503267973,0.515748031496063,0.7658956692913386,0.30770997375328085,0.2549237255609724,0.5,user29,T1,T1_SVM_RBF,default_0.5,,,,1
0.8070866141732284,0.4166666666666667,0.19291338582677164,0.8055009823182712,0.803921568627451,0.8070866141732284,0.7658956692913386,0.30770997375328085,0.2549237255609724,0.12319884285973111,user29,T1,T1_SVM_RBF,calibration_EER,0.30804825043342365,,,1
0.44881889763779526,0.15833333333333333,0.5511811023622047,0.5891472868217055,0.8571428571428571,0.44881889763779526,0.7658956692913386,0.30770997375328085,0.2549237255609724,0.6018767041797968,user29,T1,T1_SVM_RBF,calibration_FAR<=0.10,,0.0989345509893455,0.22459893048128343,1
0.44881889763779526,0.15833333333333333,0.5511811023622047,0.5891472868217055,0.8571428571428571,0.44881889763779526,0.7658956692913386,0.30770997375328085,0.2549237255609724,0.6018767041797968,user29,T1,T1_SVM_RBF,calibration_FAR<=0.10_floor_0.05,,0.0989345509893455,0.22459893048128343,1
0.44881889763779526,0.19166666666666668,0.5511811023622047,0.5831202046035806,0.8321167883211679,0.44881889763779526,0.6871227034120735,0.36420603674540686,0.4,0.5,user29,T1,T1_kNN,default_0.5,,,,1
0.8307086614173228,0.5833333333333334,0.16929133858267717,0.788785046728972,0.7508896797153025,0.8307086614173228,0.6871227034120735,0.36420603674540686,0.4,0.2,user29,T1,T1_kNN,calibration_EER,0.3346030815813249,,,1
0.2677165354330709,0.08333333333333333,0.7322834645669292,0.40963855421686746,0.8717948717948718,0.2677165354330709,0.6871227034120735,0.36420603674540686,0.4,0.8,user29,T1,T1_kNN,calibration_FAR<=0.10,,0.0532724505327245,0.0855614973262032,1
0.2677165354330709,0.08333333333333333,0.7322834645669292,0.40963855421686746,0.8717948717948718,0.2677165354330709,0.6871227034120735,0.36420603674540686,0.4,0.8,user29,T1,T1_kNN,calibration_FAR<=0.10_floor_0.05,,0.0532724505327245,0.0855614973262032,1
0.4881889763779528,0.21666666666666667,0.5118110236220472,0.6138613861386139,0.8266666666666667,0.4881889763779528,0.6357611548556431,0.36423884514435695,1.0,0.5,user29,T1,T1_DecisionTree,default_0.5,,,,1
0.4881889763779528,0.21666666666666667,0.5118110236220472,0.6138613861386139,0.8266666666666667,0.4881889763779528,0.6357611548556431,0.36423884514435695,1.0,1.0,user29,T1,T1_DecisionTree,calibration_EER,0.4332201955086725,,,1
0.0,0.0,1.0,0.0,0.0,0.0,0.6357611548556431,0.36423884514435695,1.0,1.0000000000000002,user29,T1,T1_DecisionTree,calibration_FAR<=0.10,,0.0,0.0,1
0.0,0.0,1.0,0.0,0.0,0.0,0.6357611548556431,0.36423884514435695,1.0,1.0000000000000002,user29,T1,T1_DecisionTree,calibration_FAR<=0.10_floor_0.05,,0.0,0.0,1
0.4645669291338583,0.11666666666666667,0.5354330708661418,0.6113989637305699,0.8939393939393939,0.4645669291338583,0.769520997375328,0.3096784776902887,0.3,0.5,user29,T2,T2_RandomForest,default_0.5,,,,1
0.8582677165354331,0.525,0.14173228346456693,0.8149532710280374,0.7758007117437722,0.8582677165354331,0.769520997375328,0.3096784776902887,0.3,0.16,user29,T2,T2_RandomForest,calibration_EER,0.31109239046386505,,,1
0.484251968503937,0.13333333333333333,0.515748031496063,0.6259541984732825,0.8848920863309353,0.484251968503937,0.769520997375328,0.3096784776902887,0.3,0.4866666666666667,user29,T2,T2_RandomForest,calibration_FAR<=0.10,,0.0989345509893455,0.12299465240641712,1
0.484251968503937,0.13333333333333333,0.515748031496063,0.6259541984732825,0.8848920863309353,0.484251968503937,0.769520997375328,0.3096784776902887,0.3,0.4866666666666667,user29,T2,T2_RandomForest,calibration_FAR<=0.10_floor_0.05,,0.0989345509893455,0.12299465240641712,1
0.46062992125984253,0.13333333333333333,0.5393700787401575,0.6046511627906976,0.8796992481203008,0.46062992125984253,0.7572178477690289,0.319750656167979,0.29333333333333333,0.5,user29,T2,T2_ExtraTrees,default_0.5,,,,1
0.8031496062992126,0.45,0.1968503937007874,0.796875,0.7906976744186046,0.8031496062992126,0.7572178477690289,0.319750656167979,0.29333333333333333,0.19333333333333333,user29,T2,T2_ExtraTrees,calibration_EER,0.3225282641076356,,,1
0.48031496062992124,0.15833333333333333,0.5196850393700787,0.6177215189873417,0.8652482269503546,0.48031496062992124,0.7572178477690289,0.319750656167979,0.29333333333333333,0.49333333333333335,user29,T2,T2_ExtraTrees,calibration_FAR<=0.10,,0.0989345509893455,0.13368983957219252,1
0.48031496062992124,0.15833333333333333,0.5196850393700787,0.6177215189873417,0.8652482269503546,0.48031496062992124,0.7572178477690289,0.319750656167979,0.29333333333333333,0.49333333333333335,user29,T2,T2_ExtraTrees,calibration_FAR<=0.10_floor_0.05,,0.0989345509893455,0.13368983957219252,1
0.547244094488189,0.16666666666666666,0.452755905511811,0.6731234866828087,0.8742138364779874,0.547244094488189,0.7863845144356956,0.27135826771653543,0.29460242242991713,0.5,user29,T2,T2_GradientBoosting,default_0.5,,,,1
0.8700787401574803,0.49166666666666664,0.12992125984251968,0.8277153558052435,0.7892857142857143,0.8700787401574803,0.7863845144356956,0.27135826771653543,0.29460242242991713,0.11119951964431479,user29,T2,T2_GradientBoosting,calibration_EER,0.31604929227814,,,1
0.5236220472440944,0.15,0.4763779527559055,0.6567901234567901,0.8807947019867549,0.5236220472440944,0.7863845144356956,0.27135826771653543,0.29460242242991713,0.5309662185811097,user29,T2,T2_GradientBoosting,calibration_FAR<=0.10,,0.0989345509893455,0.16042780748663102,1
0.5236220472440944,0.15,0.4763779527559055,0.6567901234567901,0.8807947019867549,0.5236220472440944,0.7863845144356956,0.27135826771653543,0.29460242242991713,0.5309662185811097,user29,T2,T2_GradientBoosting,calibration_FAR<=0.10_floor_0.05,,0.0989345509893455,0.16042780748663102,1
0.594488188976378,0.16666666666666666,0.40551181102362205,0.7105882352941176,0.8830409356725146,0.594488188976378,0.7933727034120734,0.27726377952755904,0.2802107632160187,0.5,user29,T2,T2_XGBoost,default_0.5,,,,1
0.889763779527559,0.525,0.11023622047244094,0.8324125230202578,0.7820069204152249,0.889763779527559,0.7933727034120734,0.27726377952755904,0.2802107632160187,0.06359045952558517,user29,T2,T2_XGBoost,calibration_EER,0.30385238362675915,,,1
0.5866141732283464,0.14166666666666666,0.41338582677165353,0.7095238095238096,0.8975903614457831,0.5866141732283464,0.7933727034120734,0.27726377952755904,0.2802107632160187,0.5243930220603943,user29,T2,T2_XGBoost,calibration_FAR<=0.10,,0.0989345509893455,0.20855614973262032,1
0.5866141732283464,0.14166666666666666,0.41338582677165353,0.7095238095238096,0.8975903614457831,0.5866141732283464,0.7933727034120734,0.27726377952755904,0.2802107632160187,0.5243930220603943,user29,T2,T2_XGBoost,calibration_FAR<=0.10_floor_0.05,,0.0989345509893455,0.20855614973262032,1
0.5275590551181102,0.26666666666666666,0.47244094488188976,0.638095238095238,0.8072289156626506,0.5275590551181102,0.6919619422572179,0.3563320209973754,0.47207197546958923,0.5,user29,T3,T3_1D_CNN,default_0.5,,,,1
0.6496062992125984,0.35833333333333334,0.35039370078740156,0.7142857142857143,0.7932692307692307,0.6496062992125984,0.6919619422572179,0.3563320209973754,0.47207197546958923,0.4703630208969116,user29,T3,T3_1D_CNN,calibration_EER,0.21617056951464686,,,1
0.41732283464566927,0.18333333333333332,0.5826771653543307,0.5549738219895288,0.828125,0.41732283464566927,0.6919619422572179,0.3563320209973754,0.47207197546958923,0.5230726003646851,user29,T3,T3_1D_CNN,calibration_FAR<=0.10,,0.0989345509893455,0.5454545454545454,1
0.41732283464566927,0.18333333333333332,0.5826771653543307,0.5549738219895288,0.828125,0.41732283464566927,0.6919619422572179,0.3563320209973754,0.47207197546958923,0.5230726003646851,user29,T3,T3_1D_CNN,calibration_FAR<=0.10_floor_0.05,,0.0989345509893455,0.5454545454545454,1
0.7982832618025751,0.6772727272727272,0.2017167381974249,0.5188284518828452,0.384297520661157,0.7982832618025751,0.5807842372220055,0.4459032383925088,0.5709942223925183,0.5,user35,T0,T0_DistanceProfile,default_0.5,,,,1
0.5965665236051502,0.4681818181818182,0.4034334763948498,0.4809688581314879,0.4028985507246377,0.5965665236051502,0.5807842372220055,0.4459032383925088,0.5709942223925183,0.5654030699870226,user35,T0,T0_DistanceProfile,calibration_EER,0.37296626984126985,,,1
0.23605150214592274,0.1431818181818182,0.7639484978540773,0.31339031339031337,0.4661016949152542,0.23605150214592274,0.5807842372220055,0.4459032383925088,0.5709942223925183,0.6431481512725292,user35,T0,T0_DistanceProfile,calibration_FAR<=0.10,,0.1,0.25396825396825395,1
0.23605150214592274,0.1431818181818182,0.7639484978540773,0.31339031339031337,0.4661016949152542,0.23605150214592274,0.5807842372220055,0.4459032383925088,0.5709942223925183,0.6431481512725292,user35,T0,T0_DistanceProfile,calibration_FAR<=0.10_floor_0.05,,0.1,0.25396825396825395,1
0.8626609442060086,0.425,0.13733905579399142,0.6473429951690821,0.5180412371134021,0.8626609442060086,0.7929184549356223,0.27029360124853685,0.7554880283616249,0.5,user35,T1,T1_LogReg,default_0.5,,,,1
0.7381974248927039,0.29772727272727273,0.26180257510729615,0.6417910447761194,0.5676567656765676,0.7381974248927039,0.7929184549356223,0.27029360124853685,0.7554880283616249,0.7087342878554233,user35,T1,T1_LogReg,calibration_EER,0.27847222222222223,,,1
0.463519313304721,0.12045454545454545,0.5364806866952789,0.5482233502538071,0.6708074534161491,0.463519313304721,0.7929184549356223,0.27029360124853685,0.7554880283616249,0.909271871459919,user35,T1,T1_LogReg,calibration_FAR<=0.10,,0.1,0.4126984126984127,1
0.463519313304721,0.12045454545454545,0.5364806866952789,0.5482233502538071,0.6708074534161491,0.463519313304721,0.7929184549356223,0.27029360124853685,0.7554880283616249,0.909271871459919,user35,T1,T1_LogReg,calibration_FAR<=0.10_floor_0.05,,0.1,0.4126984126984127,1
0.6866952789699571,0.2340909090909091,0.3133047210300429,0.6451612903225806,0.6083650190114068,0.6866952789699571,0.7895727662895046,0.2713031603589543,0.4360794442314837,0.5,user35,T1,T1_SVM_RBF,default_0.5,,,,1
0.7381974248927039,0.30227272727272725,0.26180257510729615,0.6394052044609665,0.5639344262295082,0.7381974248927039,0.7895727662895046,0.2713031603589543,0.4360794442314837,0.39627441016070436,user35,T1,T1_SVM_RBF,calibration_EER,0.25823412698412695,,,1
0.4592274678111588,0.09090909090909091,0.5407725321888412,0.5631578947368421,0.7278911564625851,0.4592274678111588,0.7895727662895046,0.2713031603589543,0.4360794442314837,0.7198723139435945,user35,T1,T1_SVM_RBF,calibration_FAR<=0.10,,0.1,0.42857142857142855,1
0.4592274678111588,0.09090909090909091,0.5407725321888412,0.5631578947368421,0.7278911564625851,0.4592274678111588,0.7895727662895046,0.2713031603589543,0.4360794442314837,0.7198723139435945,user35,T1,T1_SVM_RBF,calibration_FAR<=0.10_floor_0.05,,0.1,0.42857142857142855,1
0.5064377682403434,0.2636363636363636,0.49356223175965663,0.5053533190578159,0.5042735042735043,0.5064377682403434,0.6800477955520874,0.37859929769801015,0.6,0.5,user35,T1,T1_kNN,default_0.5,,,,1
0.776824034334764,0.47954545454545455,0.22317596566523606,0.5792,0.461734693877551,0.776824034334764,0.6800477955520874,0.37859929769801015,0.6,0.4,user35,T1,T1_kNN,calibration_EER,0.34012896825396827,,,1
0.2532188841201717,0.09545454545454546,0.7467811158798283,0.3532934131736527,0.5841584158415841,0.2532188841201717,0.6800477955520874,0.37859929769801015,0.6,0.8,user35,T1,T1_kNN,calibration_FAR<=0.10,,0.07708333333333334,0.18253968253968253,1
0.2532188841201717,0.09545454545454546,0.7467811158798283,0.3532934131736527,0.5841584158415841,0.2532188841201717,0.6800477955520874,0.37859929769801015,0.6,0.8,user35,T1,T1_kNN,calibration_FAR<=0.10_floor_0.05,,0.07708333333333334,0.18253968253968253,1
0.5879828326180258,0.23636363636363636,0.41201716738197425,0.5780590717299579,0.5684647302904564,0.5879828326180258,0.6758095981271948,0.3241904018728053,1.0,0.5,user35,T1,T1_DecisionTree,default_0.5,,,,1
0.5879828326180258,0.23636363636363636,0.41201716738197425,0.5780590717299579,0.5684647302904564,0.5879828326180258,0.6758095981271948,0.3241904018728053,1.0,1.0,user35,T1,T1_DecisionTree,calibration_EER,0.3484623015873016,,,1
0.0,0.0,1.0,0.0,0.0,0.0,0.6758095981271948,0.3241904018728053,1.0,1.0000000000000002,user35,T1,T1_DecisionTree,calibration_FAR<=0.10,,0.0,0.0,1
0.0,0.0,1.0,0.0,0.0,0.0,0.6758095981271948,0.3241904018728053,1.0,1.0000000000000002,user35,T1,T1_DecisionTree,calibration_FAR<=0.10_floor_0.05,,0.0,0.0,1
0.5836909871244635,0.16590909090909092,0.41630901287553645,0.6153846153846154,0.6507177033492823,0.5836909871244635,0.7891484588373001,0.2681476785017558,0.41333333333333333,0.5,user35,T2,T2_RandomForest,default_0.5,,,,1
0.7725321888412017,0.28863636363636364,0.22746781115879827,0.6666666666666666,0.5863192182410424,0.7725321888412017,0.7891484588373001,0.2681476785017558,0.41333333333333333,0.38666666666666666,user35,T2,T2_RandomForest,calibration_EER,0.251984126984127,,,1
0.5107296137339056,0.1318181818181818,0.4892703862660944,0.5804878048780487,0.672316384180791,0.5107296137339056,0.7891484588373001,0.2681476785017558,0.41333333333333333,0.5366666666666666,user35,T2,T2_RandomForest,calibration_FAR<=0.10,,0.1,0.5396825396825397,1
0.5107296137339056,0.1318181818181818,0.4892703862660944,0.5804878048780487,0.672316384180791,0.5107296137339056,0.7891484588373001,0.2681476785017558,0.41333333333333333,0.5366666666666666,user35,T2,T2_RandomForest,calibration_FAR<=0.10_floor_0.05,,0.1,0.5396825396825397,1
0.592274678111588,0.17272727272727273,0.40772532188841204,0.6174496644295302,0.6448598130841121,0.592274678111588,0.7815255559890754,0.26486539211861104,0.42333333333333334,0.5,user35,T2,T2_ExtraTrees,default_0.5,,,,1
0.7682403433476395,0.31136363636363634,0.2317596566523605,0.6520947176684881,0.5664556962025317,0.7682403433476395,0.7815255559890754,0.26486539211861104,0.42333333333333334,0.39666666666666667,user35,T2,T2_ExtraTrees,calibration_EER,0.27847222222222223,,,1
0.38626609442060084,0.1,0.6137339055793991,0.4904632152588556,0.6716417910447762,0.38626609442060084,0.7815255559890754,0.26486539211861104,0.42333333333333334,0.58,user35,T2,T2_ExtraTrees,calibration_FAR<=0.10,,0.1,0.4365079365079365,1
0.38626609442060084,0.1,0.6137339055793991,0.4904632152588556,0.6716417910447762,0.38626609442060084,0.7815255559890754,0.26486539211861104,0.42333333333333334,0.58,user35,T2,T2_ExtraTrees,calibration_FAR<=0.10_floor_0.05,,0.1,0.4365079365079365,1
0.6995708154506438,0.2772727272727273,0.30042918454935624,0.6293436293436293,0.5719298245614035,0.6995708154506438,0.7685037065938354,0.29352321498244244,0.4858891034487267,0.5,user35,T2,T2_GradientBoosting,default_0.5,,,,1
0.7467811158798283,0.33181818181818185,0.2532188841201717,0.6292947558770343,0.54375,0.7467811158798283,0.7685037065938354,0.29352321498244244,0.4858891034487267,0.4364696201060336,user35,T2,T2_GradientBoosting,calibration_EER,0.24196428571428574,,,1
0.5493562231759657,0.175,0.45064377682403434,0.5844748858447488,0.624390243902439,0.5493562231759657,0.7685037065938354,0.29352321498244244,0.4858891034487267,0.64926178005507,user35,T2,T2_GradientBoosting,calibration_FAR<=0.10,,0.1,0.5238095238095238,1
0.5493562231759657,0.175,0.45064377682403434,0.5844748858447488,0.624390243902439,0.5493562231759657,0.7685037065938354,0.29352321498244244,0.4858891034487267,0.64926178005507,user35,T2,T2_GradientBoosting,calibration_FAR<=0.10_floor_0.05,,0.1,0.5238095238095238,1
0.7467811158798283,0.2727272727272727,0.2532188841201717,0.6603415559772297,0.5918367346938775,0.7467811158798283,0.8015801794771752,0.2594371829886851,0.5154188275337219,0.5,user35,T2,T2_XGBoost,default_0.5,,,,1
0.7682403433476395,0.2840909090909091,0.2317596566523605,0.6666666666666666,0.5888157894736842,0.7682403433476395,0.8015801794771752,0.2594371829886851,0.5154188275337219,0.48204541206359863,user35,T2,T2_XGBoost,calibration_EER,0.2234126984126984,,,1
0.5708154506437768,0.1590909090909091,0.4291845493562232,0.6100917431192661,0.6551724137931034,0.5708154506437768,0.8015801794771752,0.2594371829886851,0.5154188275337219,0.7095997929573059,user35,T2,T2_XGBoost,calibration_FAR<=0.10,,0.1,0.5952380952380952,1
0.5708154506437768,0.1590909090909091,0.4291845493562232,0.6100917431192661,0.6551724137931034,0.5708154506437768,0.8015801794771752,0.2594371829886851,0.5154188275337219,0.7095997929573059,user35,T2,T2_XGBoost,calibration_FAR<=0.10_floor_0.05,,0.1,0.5952380952380952,1
0.1630901287553648,0.05,0.8369098712446352,0.2593856655290102,0.6333333333333333,0.1630901287553648,0.7021946937182989,0.3586666016387046,0.38449981808662415,0.5,user35,T3,T3_1D_CNN,default_0.5,,,,1
0.6566523605150214,0.37272727272727274,0.34334763948497854,0.5563636363636364,0.48264984227129337,0.6566523605150214,0.7021946937182989,0.3586666016387046,0.38449981808662415,0.37871333956718445,user35,T3,T3_1D_CNN,calibration_EER,0.3099702380952381,,,1
0.296137339055794,0.1,0.703862660944206,0.3988439306358382,0.6106194690265486,0.296137339055794,0.7021946937182989,0.3586666016387046,0.38449981808662415,0.47337931394577026,user35,T3,T3_1D_CNN,calibration_FAR<=0.10,,0.1,0.2777777777777778,1
0.296137339055794,0.1,0.703862660944206,0.3988439306358382,0.6106194690265486,0.296137339055794,0.7021946937182989,0.3586666016387046,0.38449981808662415,0.47337931394577026,user35,T3,T3_1D_CNN,calibration_FAR<=0.10_floor_0.05,,0.1,0.2777777777777778,1
0.8654545454545455,0.18137254901960784,0.13454545454545455,0.8654545454545455,0.8654545454545455,0.8654545454545455,0.9157040998217469,0.13771836007130125,0.507343777749467,0.5,user7,T0,T0_DistanceProfile,default_0.5,,,,1
0.8145454545454546,0.024509803921568627,0.18545454545454546,0.8888888888888888,0.9781659388646288,0.8145454545454546,0.9157040998217469,0.13771836007130125,0.507343777749467,0.532352819696364,user7,T0,T0_DistanceProfile,calibration_EER,0.25381104466793514,,,1
0.6436363636363637,0.0,0.3563636363636364,0.7831858407079646,1.0,0.6436363636363637,0.9157040998217469,0.13771836007130125,0.507343777749467,0.5812382399914752,user7,T0,T0_DistanceProfile,calibration_FAR<=0.10,,0.09935897435897435,0.5371024734982333,1
0.6436363636363637,0.0,0.3563636363636364,0.7831858407079646,1.0,0.6436363636363637,0.9157040998217469,0.13771836007130125,0.507343777749467,0.5812382399914752,user7,T0,T0_DistanceProfile,calibration_FAR<=0.10_floor_0.05,,0.09935897435897435,0.5371024734982333,1
0.9636363636363636,0.014705882352941176,0.03636363636363636,0.9760589318600368,0.9888059701492538,0.9636363636363636,0.9954901960784314,0.020713012477718375,0.4302126306081236,0.5,user7,T1,T1_LogReg,default_0.5,,,,1
0.9309090909090909,0.014705882352941176,0.06909090909090909,0.9588014981273408,0.9884169884169884,0.9309090909090909,0.9954901960784314,0.020713012477718375,0.4302126306081236,0.5875802751923292,user7,T1,T1_LogReg,calibration_EER,0.10332008244994109,,,1
0.92,0.014705882352941176,0.08,0.9529190207156308,0.98828125,0.92,0.9954901960784314,0.020713012477718375,0.4302126306081236,0.6374086367885152,user7,T1,T1_LogReg,calibration_FAR<=0.10,,0.09935897435897435,0.872791519434629,1
0.92,0.014705882352941176,0.08,0.9529190207156308,0.98828125,0.92,0.9954901960784314,0.020713012477718375,0.4302126306081236,0.6374086367885152,user7,T1,T1_LogReg,calibration_FAR<=0.10_floor_0.05,,0.09935897435897435,0.872791519434629,1
0.9163636363636364,0.0,0.08363636363636363,0.9563567362428842,1.0,0.9163636363636364,0.9999643493761141,0.0018181818181818299,0.06862438643428503,0.5,user7,T1,T1_SVM_RBF,default_0.5,,,,1
0.9309090909090909,0.0,0.06909090909090909,0.9642184557438794,1.0,0.9309090909090909,0.9999643493761141,0.0018181818181818299,0.06862438643428503,0.42791075194228506,user7,T1,T1_SVM_RBF,calibration_EER,0.0983481697925161,,,1
0.9345454545454546,0.0,0.06545454545454546,0.9661654135338346,1.0,0.9345454545454546,0.9999643493761141,0.0018181818181818299,0.06862438643428503,0.41496896422025586,user7,T1,T1_SVM_RBF,calibration_FAR<=0.10,,0.09935897435897435,0.9081272084805654,1
0.9345454545454546,0.0,0.06545454545454546,0.9661654135338346,1.0,0.9345454545454546,0.9999643493761141,0.0018181818181818299,0.06862438643428503,0.41496896422025586,user7,T1,T1_SVM_RBF,calibration_FAR<=0.10_floor_0.05,,0.09935897435897435,0.9081272084805654,1
0.8690909090909091,0.0,0.13090909090909092,0.9299610894941635,1.0,0.8690909090909091,0.9962032085561497,0.008538324420677385,0.2,0.5,user7,T1,T1_kNN,default_0.5,,,,1
0.8690909090909091,0.0,0.13090909090909092,0.9299610894941635,1.0,0.8690909090909091,0.9962032085561497,0.008538324420677385,0.2,0.6,user7,T1,T1_kNN,calibration_EER,0.12082370662317657,,,1
0.6654545454545454,0.0,0.33454545454545453,0.7991266375545851,1.0,0.6654545454545454,0.9962032085561497,0.008538324420677385,0.2,0.8,user7,T1,T1_kNN,calibration_FAR<=0.10,,0.04006410256410257,0.6819787985865724,1
0.6654545454545454,0.0,0.33454545454545453,0.7991266375545851,1.0,0.6654545454545454,0.9962032085561497,0.008538324420677385,0.2,0.8,user7,T1,T1_kNN,calibration_FAR<=0.10_floor_0.05,,0.04006410256410257,0.6819787985865724,1
0.8109090909090909,0.0,0.1890909090909091,0.8955823293172691,1.0,0.8109090909090909,0.9054545454545455,0.09454545454545454,1.0,0.5,user7,T1,T1_DecisionTree,default_0.5,,,,1
0.8109090909090909,0.0,0.1890909090909091,0.8955823293172691,1.0,0.8109090909090909,0.9054545454545455,0.09454545454545454,1.0,1.0,user7,T1,T1_DecisionTree,calibration_EER,0.17641512639304158,,,1
0.8109090909090909,0.0,0.1890909090909091,0.8955823293172691,1.0,0.8109090909090909,0.9054545454545455,0.09454545454545454,1.0,1.0,user7,T1,T1_DecisionTree,calibration_FAR<=0.10,,0.09134615384615384,0.7385159010600707,1
0.8109090909090909,0.0,0.1890909090909091,0.8955823293172691,1.0,0.8109090909090909,0.9054545454545455,0.09454545454545454,1.0,1.0,user7,T1,T1_DecisionTree,calibration_FAR<=0.10_floor_0.05,,0.09134615384615384,0.7385159010600707,1
0.8618181818181818,0.0,0.13818181818181818,0.92578125,1.0,0.8618181818181818,0.9999554367201426,0.0018181818181818299,0.15,0.5,user7,T2,T2_RandomForest,default_0.5,,,,1
0.92,0.0,0.08,0.9583333333333334,1.0,0.92,0.9999554367201426,0.0018181818181818299,0.15,0.42333333333333334,user7,T2,T2_RandomForest,calibration_EER,0.07396144785720757,,,1
0.9381818181818182,0.0,0.06181818181818182,0.9681050656660413,1.0,0.9381818181818182,0.9999554367201426,0.0018181818181818299,0.15,0.37333333333333335,user7,T2,T2_RandomForest,calibration_FAR<=0.10,,0.09935897435897435,0.9434628975265018,1
0.9381818181818182,0.0,0.06181818181818182,0.9681050656660413,1.0,0.9381818181818182,0.9999554367201426,0.0018181818181818299,0.15,0.37333333333333335,user7,T2,T2_RandomForest,calibration_FAR<=0.10_floor_0.05,,0.09935897435897435,0.9434628975265018,1
0.8836363636363637,0.0,0.11636363636363636,0.9382239382239382,1.0,0.8836363636363637,1.0,0.0,0.09,0.5,user7,T2,T2_ExtraTrees,default_0.5,,,,1
0.9090909090909091,0.0,0.09090909090909091,0.9523809523809523,1.0,0.9090909090909091,1.0,0.0,0.09,0.48,user7,T2,T2_ExtraTrees,calibration_EER,0.06979081725106458,,,1
0.9563636363636364,0.0,0.04363636363636364,0.9776951672862454,1.0,0.9563636363636364,1.0,0.0,0.09,0.38666666666666666,user7,T2,T2_ExtraTrees,calibration_FAR<=0.10,,0.09935897435897435,0.9611307420494699,1
0.9563636363636364,0.0,0.04363636363636364,0.9776951672862454,1.0,0.9563636363636364,1.0,0.0,0.09,0.38666666666666666,user7,T2,T2_ExtraTrees,calibration_FAR<=0.10_floor_0.05,,0.09935897435897435,0.9611307420494699,1
0.8836363636363637,0.0,0.11636363636363636,0.9382239382239382,1.0,0.8836363636363637,0.9998217468805704,0.0060873440285205225,0.03144868115203578,0.5,user7,T2,T2_GradientBoosting,default_0.5,,,,1
0.9163636363636364,0.0,0.08363636363636363,0.9563567362428842,1.0,0.9163636363636364,0.9998217468805704,0.0060873440285205225,0.03144868115203578,0.35541899304426566,user7,T2,T2_GradientBoosting,calibration_EER,0.06979081725106458,,,1
0.9563636363636364,0.0,0.04363636363636364,0.9776951672862454,1.0,0.9563636363636364,0.9998217468805704,0.0060873440285205225,0.03144868115203578,0.26163191302030636,user7,T2,T2_GradientBoosting,calibration_FAR<=0.10,,0.09935897435897435,0.9540636042402827,1
0.9563636363636364,0.0,0.04363636363636364,0.9776951672862454,1.0,0.9563636363636364,0.9998217468805704,0.0060873440285205225,0.03144868115203578,0.26163191302030636,user7,T2,T2_GradientBoosting,calibration_FAR<=0.10_floor_0.05,,0.09935897435897435,0.9540636042402827,1
0.8981818181818182,0.0,0.10181818181818182,0.946360153256705,1.0,0.8981818181818182,1.0,0.0,0.04205579683184624,0.5,user7,T2,T2_XGBoost,default_0.5,,,,1
0.9272727272727272,0.0,0.07272727272727272,0.9622641509433962,1.0,0.9272727272727272,1.0,0.0,0.04205579683184624,0.3840853273868561,user7,T2,T2_XGBoost,calibration_EER,0.059682771586481824,,,1
0.9527272727272728,0.0,0.04727272727272727,0.9757914338919925,1.0,0.9527272727272728,1.0,0.0,0.04205579683184624,0.22821219265460968,user7,T2,T2_XGBoost,calibration_FAR<=0.10,,0.09935897435897435,0.9646643109540636,1
0.9527272727272728,0.0,0.04727272727272727,0.9757914338919925,1.0,0.9527272727272728,1.0,0.0,0.04205579683184624,0.22821219265460968,user7,T2,T2_XGBoost,calibration_FAR<=0.10_floor_0.05,,0.09935897435897435,0.9646643109540636,1
0.8472727272727273,0.004901960784313725,0.15272727272727274,0.9155206286836935,0.9957264957264957,0.8472727272727273,0.9986274509803921,0.014625668449197852,0.08404216170310974,0.5,user7,T3,T3_1D_CNN,default_0.5,,,,1
0.8981818181818182,0.004901960784313725,0.10181818181818182,0.9445506692160612,0.9959677419354839,0.8981818181818182,0.9986274509803921,0.014625668449197852,0.08404216170310974,0.40819206833839417,user7,T3,T3_1D_CNN,calibration_EER,0.09080819063151219,,,1
0.9309090909090909,0.004901960784313725,0.06909090909090909,0.9624060150375939,0.9961089494163424,0.9309090909090909,0.9986274509803921,0.014625668449197852,0.08404216170310974,0.35542237758636475,user7,T3,T3_1D_CNN,calibration_FAR<=0.10,,0.09935897435897435,0.9328621908127208,1
0.9309090909090909,0.004901960784313725,0.06909090909090909,0.9624060150375939,0.9961089494163424,0.9309090909090909,0.9986274509803921,0.014625668449197852,0.08404216170310974,0.35542237758636475,user7,T3,T3_1D_CNN,calibration_FAR<=0.10_floor_0.05,,0.09935897435897435,0.9328621908127208,1
0.8958333333333334,0.25112107623318386,0.10416666666666667,0.78419452887538,0.6972972972972973,0.8958333333333334,0.9262580966616841,0.12426818634778275,0.5256370589800641,0.5,user9,T0,T0_DistanceProfile,default_0.5,,,,1
0.8055555555555556,0.04035874439461883,0.19444444444444445,0.862453531598513,0.928,0.8055555555555556,0.9262580966616841,0.12426818634778275,0.5256370589800641,0.5459612964983005,user9,T0,T0_DistanceProfile,calibration_EER,0.2659123802279762,,,1
0.5902777777777778,0.0,0.4097222222222222,0.74235807860262,1.0,0.5902777777777778,0.9262580966616841,0.12426818634778275,0.5256370589800641,0.6012663485022777,user9,T0,T0_DistanceProfile,calibration_FAR<=0.10,,0.09985315712187959,0.5035971223021583,1
0.5902777777777778,0.0,0.4097222222222222,0.74235807860262,1.0,0.5902777777777778,0.9262580966616841,0.12426818634778275,0.5256370589800641,0.6012663485022777,user9,T0,T0_DistanceProfile,calibration_FAR<=0.10_floor_0.05,,0.09985315712187959,0.5035971223021583,1
0.9166666666666666,0.013452914798206279,0.08333333333333333,0.946236559139785,0.9777777777777777,0.9166666666666666,0.9962630792227205,0.0330561783756851,0.13489602713773036,0.5,user9,T1,T1_LogReg,default_0.5,,,,1
0.9166666666666666,0.008968609865470852,0.08333333333333333,0.9496402877697842,0.9850746268656716,0.9166666666666666,0.9962630792227205,0.0330561783756851,0.13489602713773036,0.5397550931649128,user9,T1,T1_LogReg,calibration_EER,0.10828869943692623,,,1
0.9027777777777778,0.004484304932735426,0.09722222222222222,0.9454545454545454,0.9923664122137404,0.9027777777777778,0.9962630792227205,0.0330561783756851,0.13489602713773036,0.6067001189660169,user9,T1,T1_LogReg,calibration_FAR<=0.10,,0.09985315712187959,0.8848920863309353,1
0.9027777777777778,0.004484304932735426,0.09722222222222222,0.9454545454545454,0.9923664122137404,0.9027777777777778,0.9962630792227205,0.0330561783756851,0.13489602713773036,0.6067001189660169,user9,T1,T1_LogReg,calibration_FAR<=0.10_floor_0.05,,0.09985315712187959,0.8848920863309353,1
0.7777777777777778,0.0,0.2222222222222222,0.875,1.0,0.7777777777777778,0.9976644245142002,0.038770553064275015,0.05136153783099333,0.5,user9,T1,T1_SVM_RBF,default_0.5,,,,1
0.8819444444444444,0.0,0.11805555555555555,0.9372693726937269,1.0,0.8819444444444444,0.9976644245142002,0.038770553064275015,0.05136153783099333,0.23403779550917791,user9,T1,T1_SVM_RBF,calibration_EER,0.11915401599425307,,,1
0.8819444444444444,0.0,0.11805555555555555,0.9372693726937269,1.0,0.8819444444444444,0.9976644245142002,0.038770553064275015,0.05136153783099333,0.2721590144250938,user9,T1,T1_SVM_RBF,calibration_FAR<=0.10,,0.09985315712187959,0.8561151079136691,1
0.8819444444444444,0.0,0.11805555555555555,0.9372693726937269,1.0,0.8819444444444444,0.9976644245142002,0.038770553064275015,0.05136153783099333,0.2721590144250938,user9,T1,T1_SVM_RBF,calibration_FAR<=0.10_floor_0.05,,0.09985315712187959,0.8561151079136691,1
0.6527777777777778,0.0,0.3472222222222222,0.7899159663865546,1.0,0.6527777777777778,0.9887425261584455,0.02263951170901841,0.2,0.5,user9,T1,T1_kNN,default_0.5,,,,1
0.8680555555555556,0.013452914798206279,0.13194444444444445,0.9191176470588235,0.9765625,0.8680555555555556,0.9887425261584455,0.02263951170901841,0.2,0.4,user9,T1,T1_kNN,calibration_EER,0.16555213978596858,,,1
0.6527777777777778,0.0,0.3472222222222222,0.7899159663865546,1.0,0.6527777777777778,0.9887425261584455,0.02263951170901841,0.2,0.6,user9,T1,T1_kNN,calibration_FAR<=0.10,,0.06754772393538913,0.6618705035971223,1
0.6527777777777778,0.0,0.3472222222222222,0.7899159663865546,1.0,0.6527777777777778,0.9887425261584455,0.02263951170901841,0.2,0.6,user9,T1,T1_kNN,calibration_FAR<=0.10_floor_0.05,,0.06754772393538913,0.6618705035971223,1
0.6736111111111112,0.0,0.3263888888888889,0.8049792531120332,1.0,0.6736111111111112,0.8368055555555556,0.16319444444444442,1.0,0.5,user9,T1,T1_DecisionTree,default_0.5,,,,1
0.6736111111111112,0.0,0.3263888888888889,0.8049792531120332,1.0,0.6736111111111112,0.8368055555555556,0.16319444444444442,1.0,1.0,user9,T1,T1_DecisionTree,calibration_EER,0.2027646605182814,,,1
0.6736111111111112,0.0,0.3263888888888889,0.8049792531120332,1.0,0.6736111111111112,0.8368055555555556,0.16319444444444442,1.0,1.0,user9,T1,T1_DecisionTree,calibration_FAR<=0.10,,0.06020558002936858,0.6546762589928058,1
0.6736111111111112,0.0,0.3263888888888889,0.8049792531120332,1.0,0.6736111111111112,0.8368055555555556,0.16319444444444442,1.0,1.0,user9,T1,T1_DecisionTree,calibration_FAR<=0.10_floor_0.05,,0.06020558002936858,0.6546762589928058,1
0.6597222222222222,0.0,0.3402777777777778,0.7949790794979079,1.0,0.6597222222222222,0.9997197309417041,0.011428749377179845,0.11,0.5,user9,T2,T2_RandomForest,default_0.5,,,,1
0.9166666666666666,0.0,0.08333333333333333,0.9565217391304348,1.0,0.9166666666666666,0.9997197309417041,0.011428749377179845,0.11,0.24666666666666667,user9,T2,T2_RandomForest,calibration_EER,0.12715642464002364,,,1
0.875,0.0,0.125,0.9333333333333333,1.0,0.875,0.9997197309417041,0.011428749377179845,0.11,0.30333333333333334,user9,T2,T2_RandomForest,calibration_FAR<=0.10,,0.09985315712187959,0.7985611510791367,1
0.875,0.0,0.125,0.9333333333333333,1.0,0.875,0.9997197309417041,0.011428749377179845,0.11,0.30333333333333334,user9,T2,T2_RandomForest,calibration_FAR<=0.10_floor_0.05,,0.09985315712187959,0.7985611510791367,1
0.6805555555555556,0.0,0.3194444444444444,0.8099173553719008,1.0,0.6805555555555556,0.9998754359740907,0.007956527154957635,0.13,0.5,user9,T2,T2_ExtraTrees,default_0.5,,,,1
0.875,0.0,0.125,0.9333333333333333,1.0,0.875,0.9998754359740907,0.007956527154957635,0.13,0.2966666666666667,user9,T2,T2_ExtraTrees,calibration_EER,0.13376435415544213,,,1
0.8541666666666666,0.0,0.14583333333333334,0.9213483146067416,1.0,0.8541666666666666,0.9998754359740907,0.007956527154957635,0.13,0.3566666666666667,user9,T2,T2_ExtraTrees,calibration_FAR<=0.10,,0.09985315712187959,0.7913669064748201,1
0.8541666666666666,0.0,0.14583333333333334,0.9213483146067416,1.0,0.8541666666666666,0.9998754359740907,0.007956527154957635,0.13,0.3566666666666667,user9,T2,T2_ExtraTrees,calibration_FAR<=0.10_floor_0.05,,0.09985315712187959,0.7913669064748201,1
0.8125,0.0,0.1875,0.896551724137931,1.0,0.8125,0.999719730941704,0.017143124065769823,0.09473494967892397,0.5,user9,T2,T2_GradientBoosting,default_0.5,,,,1
0.9444444444444444,0.0,0.05555555555555555,0.9714285714285714,1.0,0.9444444444444444,0.999719730941704,0.017143124065769823,0.09473494967892397,0.18567534771159044,user9,T2,T2_GradientBoosting,calibration_EER,0.1010205051817577,,,1
0.9444444444444444,0.0,0.05555555555555555,0.9714285714285714,1.0,0.9444444444444444,0.999719730941704,0.017143124065769823,0.09473494967892397,0.18656767714853595,user9,T2,T2_GradientBoosting,calibration_FAR<=0.10,,0.09985315712187959,0.8992805755395683,1
0.9444444444444444,0.0,0.05555555555555555,0.9714285714285714,1.0,0.9444444444444444,0.999719730941704,0.017143124065769823,0.09473494967892397,0.18656767714853595,user9,T2,T2_GradientBoosting,calibration_FAR<=0.10_floor_0.05,,0.09985315712187959,0.8992805755395683,1
0.8472222222222222,0.0,0.1527777777777778,0.9172932330827067,1.0,0.8472222222222222,0.9992837568510214,0.013670901843547559,0.025948431342840195,0.5,user9,T2,T2_XGBoost,default_0.5,,,,1
0.9236111111111112,0.0,0.0763888888888889,0.9602888086642599,1.0,0.9236111111111112,0.9992837568510214,0.013670901843547559,0.025948431342840195,0.1758582592010498,user9,T2,T2_XGBoost,calibration_EER,0.08068435119745611,,,1
0.9652777777777778,0.004484304932735426,0.034722222222222224,0.9788732394366197,0.9928571428571429,0.9652777777777778,0.9992837568510214,0.013670901843547559,0.025948431342840195,0.0879511907696724,user9,T2,T2_XGBoost,calibration_FAR<=0.10,,0.09985315712187959,0.9568345323741008,1
0.9652777777777778,0.004484304932735426,0.034722222222222224,0.9788732394366197,0.9928571428571429,0.9652777777777778,0.9992837568510214,0.013670901843547559,0.025948431342840195,0.0879511907696724,user9,T2,T2_XGBoost,calibration_FAR<=0.10_floor_0.05,,0.09985315712187959,0.9568345323741008,1
0.9652777777777778,0.02242152466367713,0.034722222222222224,0.9652777777777778,0.9652777777777778,0.9652777777777778,0.9908445440956651,0.018155206776282982,0.45671287178993225,0.5,user9,T3,T3_1D_CNN,default_0.5,,,,1
0.8819444444444444,0.017937219730941704,0.11805555555555555,0.9236363636363636,0.9694656488549618,0.8819444444444444,0.9908445440956651,0.018155206776282982,0.45671287178993225,0.7186842560768127,user9,T3,T3_1D_CNN,calibration_EER,0.07701327924444583,,,1
0.9305555555555556,0.017937219730941704,0.06944444444444445,0.950354609929078,0.9710144927536232,0.9305555555555556,0.9908445440956651,0.018155206776282982,0.45671287178993225,0.6381135582923889,user9,T3,T3_1D_CNN,calibration_FAR<=0.10,,0.09985315712187959,0.9424460431654677,1
0.9305555555555556,0.017937219730941704,0.06944444444444445,0.950354609929078,0.9710144927536232,0.9305555555555556,0.9908445440956651,0.018155206776282982,0.45671287178993225,0.6381135582923889,user9,T3,T3_1D_CNN,calibration_FAR<=0.10_floor_0.05,,0.09985315712187959,0.9424460431654677,1
0.8050314465408805,0.7019867549668874,0.1949685534591195,0.7157502329916123,0.6442953020134228,0.8050314465408805,0.6421411415163758,0.3940848570674886,0.5815056144531462,0.5,user12,T0,T0_DistanceProfile,default_0.5,,,,2
0.649895178197065,0.4503311258278146,0.350104821802935,0.6717226435536294,0.695067264573991,0.649895178197065,0.6421411415163758,0.3940848570674886,0.5815056144531462,0.5681693433273581,user12,T0,T0_DistanceProfile,calibration_EER,0.3965086501525932,,,2
0.29979035639413,0.1423841059602649,0.70020964360587,0.43137254901960786,0.7688172043010753,0.29979035639413,0.6421411415163758,0.3940848570674886,0.5815056144531462,0.6383044112577828,user12,T0,T0_DistanceProfile,calibration_FAR<=0.10,,0.09976798143851508,0.27593360995850624,2
0.29979035639413,0.1423841059602649,0.70020964360587,0.43137254901960786,0.7688172043010753,0.29979035639413,0.6421411415163758,0.3940848570674886,0.5815056144531462,0.6383044112577828,user12,T0,T0_DistanceProfile,calibration_FAR<=0.10_floor_0.05,,0.09976798143851508,0.27593360995850624,2
0.7987421383647799,0.39072847682119205,0.20125786163522014,0.7807377049180327,0.7635270541082164,0.7987421383647799,0.785011176364419,0.2978535826842712,0.6372437927526369,0.5,user12,T1,T1_LogReg,default_0.5,,,,2
0.7924528301886793,0.38079470198675497,0.20754716981132076,0.7793814432989691,0.7667342799188641,0.7924528301886793,0.785011176364419,0.2978535826842712,0.6372437927526369,0.5173327777149537,user12,T1,T1_LogReg,calibration_EER,0.1177133174803362,,,2
0.7651991614255765,0.3609271523178808,0.2348008385744235,0.7676130389064143,0.770042194092827,0.7651991614255765,0.785011176364419,0.2978535826842712,0.6372437927526369,0.5708720727067643,user12,T1,T1_LogReg,calibration_FAR<=0.10,,0.09976798143851508,0.8609958506224067,2
0.7651991614255765,0.3609271523178808,0.2348008385744235,0.7676130389064143,0.770042194092827,0.7651991614255765,0.785011176364419,0.2978535826842712,0.6372437927526369,0.5708720727067643,user12,T1,T1_LogReg,calibration_FAR<=0.10_floor_0.05,,0.09976798143851508,0.8609958506224067,2
0.7295597484276729,0.26490066225165565,0.27044025157232704,0.7690607734806629,0.8130841121495327,0.7295597484276729,0.7924042372999014,0.26932608605106423,0.49406514960844217,0.5,user12,T1,T1_SVM_RBF,default_0.5,,,,2
0.8259958071278826,0.39403973509933776,0.1740041928721174,0.795959595959596,0.7680311890838206,0.8259958071278826,0.7924042372999014,0.26932608605106423,0.49406514960844217,0.31944991610121903,user12,T1,T1_SVM_RBF,calibration_EER,0.11667597308199595,,,2
0.8029350104821803,0.3576158940397351,0.1970649895178197,0.7913223140495868,0.780040733197556,0.8029350104821803,0.7924042372999014,0.26932608605106423,0.49406514960844217,0.37355348233983254,user12,T1,T1_SVM_RBF,calibration_FAR<=0.10,,0.09976798143851508,0.8672199170124482,2
0.8029350104821803,0.3576158940397351,0.1970649895178197,0.7913223140495868,0.780040733197556,0.8029350104821803,0.7924042372999014,0.26932608605106423,0.49406514960844217,0.37355348233983254,user12,T1,T1_SVM_RBF,calibration_FAR<=0.10_floor_0.05,,0.09976798143851508,0.8672199170124482,2
0.6016771488469602,0.26158940397350994,0.39832285115303984,0.6809015421115066,0.7841530054644809,0.6016771488469602,0.7146694989378983,0.32995612756327486,0.6,0.5,user12,T1,T1_kNN,default_0.5,,,,2
0.8071278825995807,0.4867549668874172,0.1928721174004193,0.7631318136769079,0.7236842105263158,0.8071278825995807,0.7146694989378983,0.32995612756327486,0.6,0.4,user12,T1,T1_kNN,calibration_EER,0.1861804546023433,,,2
0.3417190775681342,0.152317880794702,0.6582809224318659,0.4752186588921283,0.7799043062200957,0.3417190775681342,0.7146694989378983,0.32995612756327486,0.6,0.8,user12,T1,T1_kNN,calibration_FAR<=0.10,,0.0382830626450116,0.42738589211618255,2
0.3417190775681342,0.152317880794702,0.6582809224318659,0.4752186588921283,0.7799043062200957,0.3417190775681342,0.7146694989378983,0.32995612756327486,0.6,0.8,user12,T1,T1_kNN,calibration_FAR<=0.10_floor_0.05,,0.0382830626450116,0.42738589211618255,2
0.6226415094339622,0.33112582781456956,0.37735849056603776,0.6796338672768879,0.7481108312342569,0.6226415094339622,0.6457578408096963,0.35424215919030366,1.0,0.5,user12,T1,T1_DecisionTree,default_0.5,,,,2
0.6226415094339622,0.33112582781456956,0.37735849056603776,0.6796338672768879,0.7481108312342569,0.6226415094339622,0.6457578408096963,0.35424215919030366,1.0,1.0,user12,T1,T1_DecisionTree,calibration_EER,0.22812912169903055,,,2
0.0,0.0,1.0,0.0,0.0,0.0,0.6457578408096963,0.35424215919030366,1.0,1.0000000000000002,user12,T1,T1_DecisionTree,calibration_FAR<=0.10,,0.0,0.0,2
0.0,0.0,1.0,0.0,0.0,0.0,0.6457578408096963,0.35424215919030366,1.0,1.0000000000000002,user12,T1,T1_DecisionTree,calibration_FAR<=0.10_floor_0.05,,0.0,0.0,2
0.6142557651991615,0.20198675496688742,0.3857442348008386,0.7051744885679904,0.827683615819209,0.6142557651991615,0.7840844405570133,0.2747337803879101,0.43,0.5,user12,T2,T2_RandomForest,default_0.5,,,,2
0.8280922431865828,0.41721854304635764,0.1719077568134172,0.7915831663326653,0.7581573896353166,0.8280922431865828,0.7840844405570133,0.2747337803879101,0.43,0.35333333333333333,user12,T2,T2_RandomForest,calibration_EER,0.10407139625111916,,,2
0.8238993710691824,0.41721854304635764,0.1761006289308176,0.7891566265060241,0.7572254335260116,0.8238993710691824,0.7840844405570133,0.2747337803879101,0.43,0.3566666666666667,user12,T2,T2_RandomForest,calibration_FAR<=0.10,,0.09976798143851508,0.8921161825726142,2
0.8238993710691824,0.41721854304635764,0.1761006289308176,0.7891566265060241,0.7572254335260116,0.8238993710691824,0.7840844405570133,0.2747337803879101,0.43,0.3566666666666667,user12,T2,T2_RandomForest,calibration_FAR<=0.10_floor_0.05,,0.09976798143851508,0.8921161825726142,2
0.5932914046121593,0.2185430463576159,0.40670859538784065,0.6852300242130751,0.8108882521489972,0.5932914046121593,0.7770592972079915,0.29244588834742524,0.44,0.5,user12,T2,T2_ExtraTrees,default_0.5,,,,2
0.8301886792452831,0.41721854304635764,0.16981132075471697,0.7927927927927928,0.7586206896551724,0.8301886792452831,0.7770592972079915,0.29244588834742524,0.44,0.36666666666666664,user12,T2,T2_ExtraTrees,calibration_EER,0.11170105226675398,,,2
0.8176100628930818,0.39072847682119205,0.18238993710691823,0.7918781725888325,0.7677165354330708,0.8176100628930818,0.7770592972079915,0.29244588834742524,0.44,0.38,user12,T2,T2_ExtraTrees,calibration_FAR<=0.10,,0.09976798143851508,0.8775933609958506,2
0.8176100628930818,0.39072847682119205,0.18238993710691823,0.7918781725888325,0.7677165354330708,0.8176100628930818,0.7770592972079915,0.29244588834742524,0.44,0.38,user12,T2,T2_ExtraTrees,calibration_FAR<=0.10_floor_0.05,,0.09976798143851508,0.8775933609958506,2
0.6729559748427673,0.25496688741721857,0.3270440251572327,0.7337142857142858,0.8065326633165829,0.6729559748427673,0.7814361281186223,0.2951497355158482,0.44710171742029153,0.5,user12,T2,T2_GradientBoosting,default_0.5,,,,2
0.7714884696016772,0.3509933774834437,0.22851153039832284,0.7739221871713985,0.7763713080168776,0.7714884696016772,0.7814361281186223,0.2951497355158482,0.44710171742029153,0.3542856011338093,user12,T2,T2_GradientBoosting,calibration_EER,0.11112100586304169,,,2
0.7421383647798742,0.3211920529801324,0.2578616352201258,0.7629310344827587,0.7849223946784922,0.7421383647798742,0.7814361281186223,0.2951497355158482,0.44710171742029153,0.38938735615162523,user12,T2,T2_GradientBoosting,calibration_FAR<=0.10,,0.09976798143851508,0.8734439834024896,2
0.7421383647798742,0.3211920529801324,0.2578616352201258,0.7629310344827587,0.7849223946784922,0.7421383647798742,0.7814361281186223,0.2951497355158482,0.44710171742029153,0.38938735615162523,user12,T2,T2_GradientBoosting,calibration_FAR<=0.10_floor_0.05,,0.09976798143851508,0.8734439834024896,2
0.6960167714884696,0.24834437086092714,0.3039832285115304,0.751131221719457,0.8157248157248157,0.6960167714884696,0.809161842086995,0.26827786802171405,0.45621591806411743,0.5,user12,T2,T2_XGBoost,default_0.5,,,,2
0.7631027253668763,0.3079470198675497,0.23689727463312368,0.7794432548179872,0.7964989059080962,0.7631027253668763,0.809161842086995,0.26827786802171405,0.45621591806411743,0.38016802072525024,user12,T2,T2_XGBoost,calibration_EER,0.1188734102877608,,,2
0.740041928721174,0.271523178807947,0.259958071278826,0.7741228070175439,0.8114942528735632,0.740041928721174,0.809161842086995,0.26827786802171405,0.45621591806411743,0.44558414816856384,user12,T2,T2_XGBoost,calibration_FAR<=0.10,,0.09976798143851508,0.8692946058091287,2
0.740041928721174,0.271523178807947,0.259958071278826,0.7741228070175439,0.8114942528735632,0.740041928721174,0.809161842086995,0.26827786802171405,0.45621591806411743,0.44558414816856384,user12,T2,T2_XGBoost,calibration_FAR<=0.10_floor_0.05,,0.09976798143851508,0.8692946058091287,2
0.519916142557652,0.10596026490066225,0.480083857442348,0.655217965653897,0.8857142857142857,0.519916142557652,0.8005400752495591,0.2822379107834562,0.32731765508651733,0.5,user12,T3,T3_1D_CNN,default_0.5,,,,2
0.8238993710691824,0.39072847682119205,0.1761006289308176,0.7955465587044535,0.7690802348336595,0.8238993710691824,0.8005400752495591,0.2822379107834562,0.32731765508651733,0.25015127658843994,user12,T3,T3_1D_CNN,calibration_EER,0.11331844306880652,,,2
0.7987421383647799,0.3609271523178808,0.20125786163522014,0.7880041365046536,0.7775510204081633,0.7987421383647799,0.8005400752495591,0.2822379107834562,0.32731765508651733,0.26662343740463257,user12,T3,T3_1D_CNN,calibration_FAR<=0.10,,0.09976798143851508,0.8734439834024896,2
0.7987421383647799,0.3609271523178808,0.20125786163522014,0.7880041365046536,0.7775510204081633,0.7987421383647799,0.8005400752495591,0.2822379107834562,0.32731765508651733,0.26662343740463257,user12,T3,T3_1D_CNN,calibration_FAR<=0.10_floor_0.05,,0.09976798143851508,0.8734439834024896,2
0.8350877192982457,0.7218543046357616,0.1649122807017544,0.56,0.42123893805309737,0.8350877192982457,0.6379458580225398,0.414523062623446,0.5762982653303038,0.5,user15,T0,T0_DistanceProfile,default_0.5,,,,2
0.656140350877193,0.47240618101545256,0.34385964912280703,0.5451895043731778,0.46633416458852867,0.656140350877193,0.6379458580225398,0.414523062623446,0.5762982653303038,0.5658702196988322,user15,T0,T0_DistanceProfile,calibration_EER,0.4889561243474648,,,2
0.26666666666666666,0.09050772626931568,0.7333333333333333,0.3781094527363184,0.6495726495726496,0.26666666666666666,0.6379458580225398,0.414523062623446,0.5762982653303038,0.6469418472022087,user15,T0,T0_DistanceProfile,calibration_FAR<=0.10,,0.09895052473763119,0.18795180722891566,2
0.26666666666666666,0.09050772626931568,0.7333333333333333,0.3781094527363184,0.6495726495726496,0.26666666666666666,0.6379458580225398,0.414523062623446,0.5762982653303038,0.6469418472022087,user15,T0,T0_DistanceProfile,calibration_FAR<=0.10_floor_0.05,,0.09895052473763119,0.18795180722891566,2
0.8771929824561403,0.26048565121412803,0.12280701754385964,0.7656967840735069,0.6793478260869565,0.8771929824561403,0.8871848495410712,0.1766701522016963,0.7025067903599439,0.5,user15,T1,T1_LogReg,default_0.5,,,,2
0.8175438596491228,0.15673289183222958,0.1824561403508772,0.7911714770797963,0.7664473684210527,0.8175438596491228,0.8871848495410712,0.1766701522016963,0.7025067903599439,0.7207965210074027,user15,T1,T1_LogReg,calibration_EER,0.12021097884792546,,,2
0.7894736842105263,0.1368653421633554,0.21052631578947367,0.7867132867132867,0.7839721254355401,0.7894736842105263,0.8871848495410712,0.1766701522016963,0.7025067903599439,0.7670880554352024,user15,T1,T1_LogReg,calibration_FAR<=0.10,,0.09895052473763119,0.8698795180722891,2
0.7894736842105263,0.1368653421633554,0.21052631578947367,0.7867132867132867,0.7839721254355401,0.7894736842105263,0.8871848495410712,0.1766701522016963,0.7025067903599439,0.7670880554352024,user15,T1,T1_LogReg,calibration_FAR<=0.10_floor_0.05,,0.09895052473763119,0.8698795180722891,2
0.7929824561403509,0.17880794701986755,0.20701754385964913,0.7635135135135135,0.7361563517915309,0.7929824561403509,0.8940048797490414,0.19076333217148833,0.4468202456644382,0.5,user15,T1,T1_SVM_RBF,default_0.5,,,,2
0.8421052631578947,0.2229580573951435,0.15789473684210525,0.7667731629392971,0.7038123167155426,0.8421052631578947,0.8940048797490414,0.19076333217148833,0.4468202456644382,0.3815646666489719,user15,T1,T1_SVM_RBF,calibration_EER,0.14034428568848106,,,2
0.7824561403508772,0.17660044150110377,0.21754385964912282,0.7585034013605442,0.735973597359736,0.7824561403508772,0.8940048797490414,0.19076333217148833,0.4468202456644382,0.5053790422262258,user15,T1,T1_SVM_RBF,calibration_FAR<=0.10,,0.09895052473763119,0.8,2
0.7824561403508772,0.17660044150110377,0.21754385964912282,0.7585034013605442,0.735973597359736,0.7824561403508772,0.8940048797490414,0.19076333217148833,0.4468202456644382,0.5053790422262258,user15,T1,T1_SVM_RBF,calibration_FAR<=0.10_floor_0.05,,0.09895052473763119,0.8,2
0.6,0.2185430463576159,0.4,0.6162162162162163,0.6333333333333333,0.6,0.762092870144456,0.30927152317880796,0.6,0.5,user15,T1,T1_kNN,default_0.5,,,,2
0.8035087719298246,0.38852097130242824,0.19649122807017544,0.663768115942029,0.5654320987654321,0.8035087719298246,0.762092870144456,0.30927152317880796,0.6,0.4,user15,T1,T1_kNN,calibration_EER,0.2286934845830097,,,2
0.37894736842105264,0.11479028697571744,0.6210526315789474,0.4853932584269663,0.675,0.37894736842105264,0.762092870144456,0.30927152317880796,0.6,0.8,user15,T1,T1_kNN,calibration_FAR<=0.10,,0.041979010494752625,0.43373493975903615,2
0.37894736842105264,0.11479028697571744,0.6210526315789474,0.4853932584269663,0.675,0.37894736842105264,0.762092870144456,0.30927152317880796,0.6,0.8,user15,T1,T1_kNN,calibration_FAR<=0.10_floor_0.05,,0.041979010494752625,0.43373493975903615,2
0.6385964912280702,0.1986754966887417,0.36140350877192984,0.6535008976660682,0.6691176470588235,0.6385964912280702,0.7199604972696643,0.2800395027303358,1.0,0.5,user15,T1,T1_DecisionTree,default_0.5,,,,2
0.6385964912280702,0.1986754966887417,0.36140350877192984,0.6535008976660682,0.6691176470588235,0.6385964912280702,0.7199604972696643,0.2800395027303358,1.0,1.0,user15,T1,T1_DecisionTree,calibration_EER,0.2858582756814364,,,2
0.0,0.0,1.0,0.0,0.0,0.0,0.7199604972696643,0.2800395027303358,1.0,1.0000000000000002,user15,T1,T1_DecisionTree,calibration_FAR<=0.10,,0.0,0.0,2
0.0,0.0,1.0,0.0,0.0,0.0,0.7199604972696643,0.2800395027303358,1.0,1.0000000000000002,user15,T1,T1_DecisionTree,calibration_FAR<=0.10_floor_0.05,,0.0,0.0,2
0.6070175438596491,0.09492273730684327,0.3929824561403509,0.6906187624750499,0.8009259259259259,0.6070175438596491,0.872832190852407,0.22596723597072152,0.3566666666666667,0.5,user15,T2,T2_RandomForest,default_0.5,,,,2
0.7473684210526316,0.2052980132450331,0.25263157894736843,0.7208121827411168,0.696078431372549,0.7473684210526316,0.872832190852407,0.22596723597072152,0.3566666666666667,0.37333333333333335,user15,T2,T2_RandomForest,calibration_EER,0.14154910496558948,,,2
0.6807017543859649,0.1456953642384106,0.3192982456140351,0.7119266055045872,0.7461538461538462,0.6807017543859649,0.872832190852407,0.22596723597072152,0.3566666666666667,0.4266666666666667,user15,T2,T2_RandomForest,calibration_FAR<=0.10,,0.09895052473763119,0.7855421686746988,2
0.6807017543859649,0.1456953642384106,0.3192982456140351,0.7119266055045872,0.7461538461538462,0.6807017543859649,0.872832190852407,0.22596723597072152,0.3566666666666667,0.4266666666666667,user15,T2,T2_RandomForest,calibration_FAR<=0.10_floor_0.05,,0.09895052473763119,0.7855421686746988,2
0.5964912280701754,0.1390728476821192,0.40350877192982454,0.6563706563706564,0.7296137339055794,0.5964912280701754,0.8436234073041324,0.23674915766236782,0.39,0.5,user15,T2,T2_ExtraTrees,default_0.5,,,,2
0.7403508771929824,0.23178807947019867,0.2596491228070175,0.7021630615640599,0.6677215189873418,0.7403508771929824,0.8436234073041324,0.23674915766236782,0.39,0.39666666666666667,user15,T2,T2_ExtraTrees,calibration_EER,0.15191018948357143,,,2
0.6280701754385964,0.16777041942604856,0.3719298245614035,0.662962962962963,0.7019607843137254,0.6280701754385964,0.8436234073041324,0.23674915766236782,0.39,0.4666666666666667,user15,T2,T2_ExtraTrees,calibration_FAR<=0.10,,0.09745127436281859,0.7614457831325301,2
0.6280701754385964,0.16777041942604856,0.3719298245614035,0.662962962962963,0.7019607843137254,0.6280701754385964,0.8436234073041324,0.23674915766236782,0.39,0.4666666666666667,user15,T2,T2_ExtraTrees,calibration_FAR<=0.10_floor_0.05,,0.09745127436281859,0.7614457831325301,2
0.6736842105263158,0.09933774834437085,0.3263157894736842,0.735632183908046,0.810126582278481,0.6736842105263158,0.8892142054916541,0.20219588706866504,0.3223270037241578,0.5,user15,T2,T2_GradientBoosting,default_0.5,,,,2
0.6947368421052632,0.13024282560706402,0.30526315789473685,0.7306273062730627,0.7704280155642024,0.6947368421052632,0.8892142054916541,0.20219588706866504,0.3223270037241578,0.43405813995736237,user15,T2,T2_GradientBoosting,calibration_EER,0.14109391087588735,,,2
0.6526315789473685,0.08609271523178808,0.3473684210526316,0.7294117647058823,0.8266666666666667,0.6526315789473685,0.8892142054916541,0.20219588706866504,0.3223270037241578,0.5217132482559413,user15,T2,T2_GradientBoosting,calibration_FAR<=0.10,,0.09895052473763119,0.8289156626506025,2
0.6526315789473685,0.08609271523178808,0.3473684210526316,0.7294117647058823,0.8266666666666667,0.6526315789473685,0.8892142054916541,0.20219588706866504,0.3223270037241578,0.5217132482559413,user15,T2,T2_GradientBoosting,calibration_FAR<=0.10_floor_0.05,,0.09895052473763119,0.8289156626506025,2
0.7473684210526316,0.11037527593818984,0.25263157894736843,0.7773722627737226,0.8098859315589354,0.7473684210526316,0.9136052050656442,0.16634135006390144,0.3149402439594269,0.5,user15,T2,T2_XGBoost,default_0.5,,,,2
0.7684210526315789,0.12362030905077263,0.23157894736842105,0.7821428571428571,0.7963636363636364,0.7684210526315789,0.9136052050656442,0.16634135006390144,0.3149402439594269,0.45767030119895935,user15,T2,T2_XGBoost,calibration_EER,0.12291504849984647,,,2
0.7368421052631579,0.10816777041942605,0.2631578947368421,0.7720588235294118,0.8108108108108109,0.7368421052631579,0.9136052050656442,0.16634135006390144,0.3149402439594269,0.5156593918800354,user15,T2,T2_XGBoost,calibration_FAR<=0.10,,0.09895052473763119,0.8674698795180723,2
0.7368421052631579,0.10816777041942605,0.2631578947368421,0.7720588235294118,0.8108108108108109,0.7368421052631579,0.9136052050656442,0.16634135006390144,0.3149402439594269,0.5156593918800354,user15,T2,T2_XGBoost,calibration_FAR<=0.10_floor_0.05,,0.09895052473763119,0.8674698795180723,2
0.23157894736842105,0.052980132450331126,0.7684210526315789,0.352,0.7333333333333333,0.23157894736842105,0.7843925487006699,0.28559312187754154,0.3662867844104767,0.5,user15,T3,T3_1D_CNN,default_0.5,,,,2
0.7964912280701755,0.33774834437086093,0.20350877192982456,0.6827067669172933,0.5973684210526315,0.7964912280701755,0.7843925487006699,0.28559312187754154,0.3662867844104767,0.3416003882884979,user15,T3,T3_1D_CNN,calibration_EER,0.2330593739274941,,,2
0.5263157894736842,0.17218543046357615,0.47368421052631576,0.5847953216374269,0.6578947368421053,0.5263157894736842,0.7843925487006699,0.28559312187754154,0.3662867844104767,0.42043980956077576,user15,T3,T3_1D_CNN,calibration_FAR<=0.10,,0.09895052473763119,0.4963855421686747,2
0.5263157894736842,0.17218543046357615,0.47368421052631576,0.5847953216374269,0.6578947368421053,0.5263157894736842,0.7843925487006699,0.28559312187754154,0.3662867844104767,0.42043980956077576,user15,T3,T3_1D_CNN,calibration_FAR<=0.10_floor_0.05,,0.09895052473763119,0.4963855421686747,2
0.826,0.7510729613733905,0.174,0.7591911764705882,0.7023809523809523,0.826,0.5813648068669528,0.44703004291845494,0.5818421323262961,0.5,user16,T0,T0_DistanceProfile,default_0.5,,,,2
0.654,0.5665236051502146,0.346,0.6819603753910324,0.7124183006535948,0.654,0.5813648068669528,0.44703004291845494,0.5818421323262961,0.5573298102942548,user16,T0,T0_DistanceProfile,calibration_EER,0.37355510334039344,,,2
0.246,0.15021459227467812,0.754,0.3738601823708207,0.7784810126582279,0.246,0.5813648068669528,0.44703004291845494,0.5818421323262961,0.6447831538568748,user16,T0,T0_DistanceProfile,calibration_FAR<=0.10,,0.09882747068676717,0.23553719008264462,2
0.246,0.15021459227467812,0.754,0.3738601823708207,0.7784810126582279,0.246,0.5813648068669528,0.44703004291845494,0.5818421323262961,0.6447831538568748,user16,T0,T0_DistanceProfile,calibration_FAR<=0.10_floor_0.05,,0.09882747068676717,0.23553719008264462,2
0.846,0.47639484978540775,0.154,0.8181818181818182,0.7921348314606742,0.846,0.7749356223175965,0.2909227467811159,0.651614377627284,0.5,user16,T1,T1_LogReg,default_0.5,,,,2
0.58,0.20600858369098712,0.42,0.6921241050119332,0.8579881656804734,0.58,0.7749356223175965,0.2909227467811159,0.651614377627284,0.7365965088528512,user16,T1,T1_LogReg,calibration_EER,0.39290287525783185,,,2
0.06,0.008583690987124463,0.94,0.11278195488721804,0.9375,0.06,0.7749356223175965,0.2909227467811159,0.651614377627284,0.9518292375521934,user16,T1,T1_LogReg,calibration_FAR<=0.10,,0.09882747068676717,0.10537190082644628,2
0.06,0.008583690987124463,0.94,0.11278195488721804,0.9375,0.06,0.7749356223175965,0.2909227467811159,0.651614377627284,0.9518292375521934,user16,T1,T1_LogReg,calibration_FAR<=0.10_floor_0.05,,0.09882747068676717,0.10537190082644628,2
0.852,0.3133047210300429,0.148,0.8528528528528528,0.8537074148296593,0.852,0.8434248927038626,0.24217167381974247,0.6051212647667785,0.5,user16,T1,T1_SVM_RBF,default_0.5,,,,2
0.738,0.22746781115879827,0.262,0.8004338394793926,0.8744075829383886,0.738,0.8434248927038626,0.24217167381974247,0.6051212647667785,0.6177253812868158,user16,T1,T1_SVM_RBF,calibration_EER,0.2830699641457979,,,2
0.352,0.03862660944206009,0.648,0.5138686131386861,0.9513513513513514,0.352,0.8434248927038626,0.24217167381974247,0.6051212647667785,0.808514502293905,user16,T1,T1_SVM_RBF,calibration_FAR<=0.10,,0.09882747068676717,0.41115702479338845,2
0.352,0.03862660944206009,0.648,0.5138686131386861,0.9513513513513514,0.352,0.8434248927038626,0.24217167381974247,0.6051212647667785,0.808514502293905,user16,T1,T1_SVM_RBF,calibration_FAR<=0.10_floor_0.05,,0.09882747068676717,0.41115702479338845,2
0.738,0.39914163090128757,0.262,0.7671517671517671,0.7987012987012987,0.738,0.739175965665236,0.3305708154506438,0.6,0.5,user16,T1,T1_kNN,default_0.5,,,,2
0.738,0.39914163090128757,0.262,0.7671517671517671,0.7987012987012987,0.738,0.739175965665236,0.3305708154506438,0.6,0.6,user16,T1,T1_kNN,calibration_EER,0.3804733031548929,,,2
0.178,0.02145922746781116,0.822,0.2996632996632997,0.9468085106382979,0.178,0.739175965665236,0.3305708154506438,0.6,1.0,user16,T1,T1_kNN,calibration_FAR<=0.10,,0.08877721943048576,0.16115702479338842,2
0.178,0.02145922746781116,0.822,0.2996632996632997,0.9468085106382979,0.178,0.739175965665236,0.3305708154506438,0.6,1.0,user16,T1,T1_kNN,calibration_FAR<=0.10_floor_0.05,,0.08877721943048576,0.16115702479338842,2
0.662,0.33476394849785407,0.338,0.7282728272827282,0.8092909535452323,0.662,0.663618025751073,0.336381974248927,1.0,0.5,user16,T1,T1_DecisionTree,default_0.5,,,,2
0.662,0.33476394849785407,0.338,0.7282728272827282,0.8092909535452323,0.662,0.663618025751073,0.336381974248927,1.0,1.0,user16,T1,T1_DecisionTree,calibration_EER,0.38508485955950555,,,2
0.0,0.0,1.0,0.0,0.0,0.0,0.663618025751073,0.336381974248927,1.0,1.0000000000000002,user16,T1,T1_DecisionTree,calibration_FAR<=0.10,,0.0,0.0,2
0.0,0.0,1.0,0.0,0.0,0.0,0.663618025751073,0.336381974248927,1.0,1.0000000000000002,user16,T1,T1_DecisionTree,calibration_FAR<=0.10_floor_0.05,,0.0,0.0,2
0.802,0.2703862660944206,0.198,0.8319502074688797,0.8642241379310345,0.802,0.8507210300429184,0.22873390557939913,0.5266666666666666,0.5,user16,T2,T2_RandomForest,default_0.5,,,,2
0.682,0.17167381974248927,0.318,0.7741203178206584,0.89501312335958,0.682,0.8507210300429184,0.22873390557939913,0.5266666666666666,0.57,user16,T2,T2_RandomForest,calibration_EER,0.27475012805072196,,,2
0.294,0.034334763948497854,0.706,0.4488549618320611,0.9483870967741935,0.294,0.8507210300429184,0.22873390557939913,0.5266666666666666,0.74,user16,T2,T2_RandomForest,calibration_FAR<=0.10,,0.09882747068676717,0.3615702479338843,2
0.294,0.034334763948497854,0.706,0.4488549618320611,0.9483870967741935,0.294,0.8507210300429184,0.22873390557939913,0.5266666666666666,0.74,user16,T2,T2_RandomForest,calibration_FAR<=0.10_floor_0.05,,0.09882747068676717,0.3615702479338843,2
0.816,0.296137339055794,0.184,0.8352098259979529,0.8553459119496856,0.816,0.8504377682403432,0.23817167381974247,0.5333333333333333,0.5,user16,T2,T2_ExtraTrees,default_0.5,,,,2
0.694,0.16738197424892703,0.306,0.7832957110609481,0.8989637305699482,0.694,0.8504377682403432,0.23817167381974247,0.5333333333333333,0.5733333333333334,user16,T2,T2_ExtraTrees,calibration_EER,0.27475012805072196,,,2
0.346,0.02145922746781116,0.654,0.5103244837758112,0.9719101123595506,0.346,0.8504377682403432,0.23817167381974247,0.5333333333333333,0.72,user16,T2,T2_ExtraTrees,calibration_FAR<=0.10,,0.09882747068676717,0.3739669421487603,2
0.346,0.02145922746781116,0.654,0.5103244837758112,0.9719101123595506,0.346,0.8504377682403432,0.23817167381974247,0.5333333333333333,0.72,user16,T2,T2_ExtraTrees,calibration_FAR<=0.10_floor_0.05,,0.09882747068676717,0.3739669421487603,2
0.804,0.23605150214592274,0.196,0.8401253918495298,0.8796498905908097,0.804,0.8579828326180259,0.22358798283261802,0.5188121475408182,0.5,user16,T2,T2_GradientBoosting,default_0.5,,,,2
0.594,0.10300429184549356,0.406,0.7235079171741778,0.9252336448598131,0.594,0.8579828326180259,0.22358798283261802,0.5188121475408182,0.6363528253278431,user16,T2,T2_GradientBoosting,calibration_EER,0.34692055317911874,,,2
0.108,0.004291845493562232,0.892,0.1945945945945946,0.9818181818181818,0.108,0.8579828326180259,0.22358798283261802,0.5188121475408182,0.8730046120905312,user16,T2,T2_GradientBoosting,calibration_FAR<=0.10,,0.09882747068676717,0.16735537190082644,2
0.108,0.004291845493562232,0.892,0.1945945945945946,0.9818181818181818,0.108,0.8579828326180259,0.22358798283261802,0.5188121475408182,0.8730046120905312,user16,T2,T2_GradientBoosting,calibration_FAR<=0.10_floor_0.05,,0.09882747068676717,0.16735537190082644,2
0.826,0.2532188841201717,0.174,0.8497942386831275,0.875,0.826,0.8582660944206009,0.2038583690987124,0.5612576007843018,0.5,user16,T2,T2_XGBoost,default_0.5,,,,2
0.634,0.13733905579399142,0.366,0.7467608951707891,0.9083094555873925,0.634,0.8582660944206009,0.2038583690987124,0.5612576007843018,0.6749991774559021,user16,T2,T2_XGBoost,calibration_EER,0.3134456718855988,,,2
0.168,0.0,0.832,0.2876712328767123,1.0,0.168,0.8582660944206009,0.2038583690987124,0.5612576007843018,0.9178367257118225,user16,T2,T2_XGBoost,calibration_FAR<=0.10,,0.09882747068676717,0.21487603305785125,2
0.168,0.0,0.832,0.2876712328767123,1.0,0.168,0.8582660944206009,0.2038583690987124,0.5612576007843018,0.9178367257118225,user16,T2,T2_XGBoost,calibration_FAR<=0.10_floor_0.05,,0.09882747068676717,0.21487603305785125,2
0.702,0.4291845493562232,0.298,0.7381703470031545,0.7782705099778271,0.702,0.6961802575107296,0.3519656652360515,0.5230949521064758,0.5,user16,T3,T3_1D_CNN,default_0.5,,,,2
0.59,0.296137339055794,0.41,0.6828703703703703,0.8104395604395604,0.59,0.6961802575107296,0.3519656652360515,0.5230949521064758,0.5399967432022095,user16,T3,T3_1D_CNN,calibration_EER,0.3302808809889669,,,2
0.34,0.0944206008583691,0.66,0.4913294797687861,0.8854166666666666,0.34,0.6961802575107296,0.3519656652360515,0.5230949521064758,0.6151379346847534,user16,T3,T3_1D_CNN,calibration_FAR<=0.10,,0.09882747068676717,0.4380165289256198,2
0.34,0.0944206008583691,0.66,0.4913294797687861,0.8854166666666666,0.34,0.6961802575107296,0.3519656652360515,0.5230949521064758,0.6151379346847534,user16,T3,T3_1D_CNN,calibration_FAR<=0.10_floor_0.05,,0.09882747068676717,0.4380165289256198,2
0.7665198237885462,0.5865384615384616,0.23348017621145375,0.7532467532467533,0.7404255319148936,0.7665198237885462,0.6965435445611659,0.3562987123009149,0.5248282246876664,0.5,user20,T0,T0_DistanceProfile,default_0.5,,,,2
0.6255506607929515,0.34615384615384615,0.3744493392070485,0.7012345679012346,0.797752808988764,0.6255506607929515,0.6965435445611659,0.3562987123009149,0.5248282246876664,0.5273775573949719,user20,T0,T0_DistanceProfile,calibration_EER,0.44946305654055,,,2
0.24669603524229075,0.028846153846153848,0.7533039647577092,0.3916083916083916,0.9491525423728814,0.24669603524229075,0.6965435445611659,0.3562987123009149,0.5248282246876664,0.6009191109145536,user20,T0,T0_DistanceProfile,calibration_FAR<=0.10,,0.09910913140311804,0.07854984894259819,2
0.24669603524229075,0.028846153846153848,0.7533039647577092,0.3916083916083916,0.9491525423728814,0.24669603524229075,0.6965435445611659,0.3562987123009149,0.5248282246876664,0.6009191109145536,user20,T0,T0_DistanceProfile,calibration_FAR<=0.10_floor_0.05,,0.09910913140311804,0.07854984894259819,2
0.5418502202643172,0.038461538461538464,0.4581497797356828,0.6949152542372882,0.968503937007874,0.5418502202643172,0.7961707895628601,0.284797526262284,0.05198311126127149,0.5,user20,T1,T1_LogReg,default_0.5,,,,2
0.775330396475771,0.40384615384615385,0.22466960352422907,0.7910112359550562,0.8073394495412844,0.775330396475771,0.7961707895628601,0.284797526262284,0.05198311126127149,0.012793280632491641,user20,T1,T1_LogReg,calibration_EER,0.4764212516569214,,,2
0.4008810572687225,0.009615384615384616,0.5991189427312775,0.5705329153605015,0.9891304347826086,0.4008810572687225,0.7961707895628601,0.284797526262284,0.05198311126127149,0.8069485618714167,user20,T1,T1_LogReg,calibration_FAR<=0.10,,0.09910913140311804,0.16012084592145015,2
0.4008810572687225,0.009615384615384616,0.5991189427312775,0.5705329153605015,0.9891304347826086,0.4008810572687225,0.7961707895628601,0.284797526262284,0.05198311126127149,0.8069485618714167,user20,T1,T1_LogReg,calibration_FAR<=0.10_floor_0.05,,0.09910913140311804,0.16012084592145015,2
0.4669603524229075,0.0,0.5330396475770925,0.6366366366366366,1.0,0.4669603524229075,0.758302270416808,0.33787275499830566,0.009708142474910579,0.5,user20,T1,T1_SVM_RBF,default_0.5,,,,2
0.7400881057268722,0.5288461538461539,0.2599118942731278,0.7466666666666667,0.7533632286995515,0.7400881057268722,0.758302270416808,0.33787275499830566,0.009708142474910579,0.003814120914270386,user20,T1,T1_SVM_RBF,calibration_EER,0.5933999017622242,,,2
0.47577092511013214,0.0,0.5242290748898678,0.6447761194029851,1.0,0.47577092511013214,0.758302270416808,0.33787275499830566,0.009708142474910579,0.4393995026570011,user20,T1,T1_SVM_RBF,calibration_FAR<=0.10,,0.09910913140311804,0.1661631419939577,2
0.47577092511013214,0.0,0.5242290748898678,0.6447761194029851,1.0,0.47577092511013214,0.758302270416808,0.33787275499830566,0.009708142474910579,0.4393995026570011,user20,T1,T1_SVM_RBF,calibration_FAR<=0.10_floor_0.05,,0.09910913140311804,0.1661631419939577,2
0.3568281938325991,0.0,0.6431718061674009,0.525974025974026,1.0,0.3568281938325991,0.7723864791596069,0.23769484920365977,0.2,0.5,user20,T1,T1_kNN,default_0.5,,,,2
0.5726872246696035,0.04807692307692308,0.42731277533039647,0.7182320441988951,0.9629629629629629,0.5726872246696035,0.7723864791596069,0.23769484920365977,0.2,0.2,user20,T1,T1_kNN,calibration_EER,0.5214508239188798,,,2
0.3568281938325991,0.0,0.6431718061674009,0.525974025974026,1.0,0.3568281938325991,0.7723864791596069,0.23769484920365977,0.2,0.6,user20,T1,T1_kNN,calibration_FAR<=0.10,,0.07238307349665925,0.1691842900302115,2
0.3568281938325991,0.0,0.6431718061674009,0.525974025974026,1.0,0.3568281938325991,0.7723864791596069,0.23769484920365977,0.2,0.6,user20,T1,T1_kNN,calibration_FAR<=0.10_floor_0.05,,0.07238307349665925,0.1691842900302115,2
0.3744493392070485,0.019230769230769232,0.6255506607929515,0.5414012738853503,0.9770114942528736,0.3744493392070485,0.6776092849881397,0.3223907150118604,1.0,0.5,user20,T1,T1_DecisionTree,default_0.5,,,,2
0.3744493392070485,0.019230769230769232,0.6255506607929515,0.5414012738853503,0.9770114942528736,0.3744493392070485,0.6776092849881397,0.3223907150118604,1.0,1.0,user20,T1,T1_DecisionTree,calibration_EER,0.48078980480288525,,,2
0.0,0.0,1.0,0.0,0.0,0.0,0.6776092849881397,0.3223907150118604,1.0,1.0000000000000002,user20,T1,T1_DecisionTree,calibration_FAR<=0.10,,0.0,0.0,2
0.0,0.0,1.0,0.0,0.0,0.0,0.6776092849881397,0.3223907150118604,1.0,1.0000000000000002,user20,T1,T1_DecisionTree,calibration_FAR<=0.10_floor_0.05,,0.0,0.0,2
0.4008810572687225,0.0,0.5991189427312775,0.5723270440251572,1.0,0.4008810572687225,0.7574127414435785,0.33126482548288716,0.013333333333333334,0.5,user20,T2,T2_RandomForest,default_0.5,,,,2
0.7136563876651982,0.4326923076923077,0.28634361233480177,0.7465437788018433,0.782608695652174,0.7136563876651982,0.7574127414435785,0.33126482548288716,0.013333333333333334,0.006666666666666667,user20,T2,T2_RandomForest,calibration_EER,0.6128001803268761,,,2
0.4889867841409692,0.019230769230769232,0.5110132158590308,0.6529411764705882,0.9823008849557522,0.4889867841409692,0.7574127414435785,0.33126482548288716,0.013333333333333334,0.36,user20,T2,T2_RandomForest,calibration_FAR<=0.10,,0.09799554565701558,0.1782477341389728,2
0.4889867841409692,0.019230769230769232,0.5110132158590308,0.6529411764705882,0.9823008849557522,0.4889867841409692,0.7574127414435785,0.33126482548288716,0.013333333333333334,0.36,user20,T2,T2_RandomForest,calibration_FAR<=0.10_floor_0.05,,0.09799554565701558,0.1782477341389728,2
0.40969162995594716,0.0,0.5903083700440529,0.58125,1.0,0.40969162995594716,0.7774483226025077,0.31463910538800405,0.02,0.5,user20,T2,T2_ExtraTrees,default_0.5,,,,2
0.7136563876651982,0.36538461538461536,0.28634361233480177,0.7587822014051522,0.81,0.7136563876651982,0.7774483226025077,0.31463910538800405,0.02,0.013333333333333334,user20,T2,T2_ExtraTrees,calibration_EER,0.5955446477233732,,,2
0.4713656387665198,0.0,0.5286343612334802,0.6407185628742516,1.0,0.4713656387665198,0.7774483226025077,0.31463910538800405,0.02,0.39,user20,T2,T2_ExtraTrees,calibration_FAR<=0.10,,0.09799554565701558,0.17220543806646527,2
0.4713656387665198,0.0,0.5286343612334802,0.6407185628742516,1.0,0.4713656387665198,0.7774483226025077,0.31463910538800405,0.02,0.39,user20,T2,T2_ExtraTrees,calibration_FAR<=0.10_floor_0.05,,0.09799554565701558,0.17220543806646527,2
0.42290748898678415,0.009615384615384616,0.5770925110132159,0.5925925925925926,0.9896907216494846,0.42290748898678415,0.7898381904439173,0.31283886818027784,0.004384879770353761,0.5,user20,T2,T2_GradientBoosting,default_0.5,,,,2
0.6960352422907489,0.3269230769230769,0.3039647577092511,0.7541766109785203,0.8229166666666666,0.6960352422907489,0.7898381904439173,0.31283886818027784,0.004384879770353761,0.00423232835813961,user20,T2,T2_GradientBoosting,calibration_EER,0.6044533336921929,,,2
0.44933920704845814,0.009615384615384616,0.5506607929515418,0.6181818181818182,0.9902912621359223,0.44933920704845814,0.7898381904439173,0.31283886818027784,0.004384879770353761,0.388040949901148,user20,T2,T2_GradientBoosting,calibration_FAR<=0.10,,0.09910913140311804,0.18429003021148035,2
0.44933920704845814,0.009615384615384616,0.5506607929515418,0.6181818181818182,0.9902912621359223,0.44933920704845814,0.7898381904439173,0.31283886818027784,0.004384879770353761,0.388040949901148,user20,T2,T2_GradientBoosting,calibration_FAR<=0.10_floor_0.05,,0.09910913140311804,0.18429003021148035,2
0.46255506607929514,0.0,0.5374449339207048,0.6325301204819277,1.0,0.46255506607929514,0.7829125720094883,0.2966155540494747,0.0007619562093168497,0.5,user20,T2,T2_XGBoost,default_0.5,,,,2
0.775330396475771,0.4423076923076923,0.22466960352422907,0.7839643652561247,0.7927927927927928,0.775330396475771,0.7829125720094883,0.2966155540494747,0.0007619562093168497,0.0004539880028460175,user20,T2,T2_XGBoost,calibration_EER,0.58854857050579,,,2
0.4845814977973568,0.0,0.5154185022026432,0.6528189910979229,1.0,0.4845814977973568,0.7829125720094883,0.2966155540494747,0.0007619562093168497,0.35737335681915283,user20,T2,T2_XGBoost,calibration_FAR<=0.10,,0.09910913140311804,0.18429003021148035,2
0.4845814977973568,0.0,0.5154185022026432,0.6528189910979229,1.0,0.4845814977973568,0.7829125720094883,0.2966155540494747,0.0007619562093168497,0.35737335681915283,user20,T2,T2_XGBoost,calibration_FAR<=0.10_floor_0.05,,0.09910913140311804,0.18429003021148035,2
0.5770925110132159,0.057692307692307696,0.42290748898678415,0.7197802197802198,0.9562043795620438,0.5770925110132159,0.8106997627922737,0.27778719078278546,0.009024485014379025,0.5,user20,T3,T3_1D_CNN,default_0.5,,,,2
0.7136563876651982,0.2692307692307692,0.28634361233480177,0.7769784172661871,0.8526315789473684,0.7136563876651982,0.8106997627922737,0.27778719078278546,0.009024485014379025,0.007781945634633303,user20,T3,T3_1D_CNN,calibration_EER,0.4986879201178853,,,2
0.4713656387665198,0.009615384615384616,0.5286343612334802,0.6388059701492538,0.9907407407407407,0.4713656387665198,0.8106997627922737,0.27778719078278546,0.009024485014379025,0.8876747488975525,user20,T3,T3_1D_CNN,calibration_FAR<=0.10,,0.09910913140311804,0.16314199395770393,2
0.4713656387665198,0.009615384615384616,0.5286343612334802,0.6388059701492538,0.9907407407407407,0.4713656387665198,0.8106997627922737,0.27778719078278546,0.009024485014379025,0.8876747488975525,user20,T3,T3_1D_CNN,calibration_FAR<=0.10_floor_0.05,,0.09910913140311804,0.16314199395770393,2
0.7723577235772358,0.7819548872180451,0.22764227642276422,0.7037037037037037,0.6462585034013606,0.7723577235772358,0.5017421602787457,0.513463536891008,0.5945352111250349,0.5,user21,T0,T0_DistanceProfile,default_0.5,,,,2
0.5691056910569106,0.5864661654135338,0.43089430894308944,0.603448275862069,0.6422018348623854,0.5691056910569106,0.5017421602787457,0.513463536891008,0.5945352111250349,0.5783765328011942,user21,T0,T0_DistanceProfile,calibration_EER,0.30824006465375475,,,2
0.26422764227642276,0.2706766917293233,0.7357723577235772,0.3746397694524496,0.6435643564356436,0.26422764227642276,0.5017421602787457,0.513463536891008,0.5945352111250349,0.6381040068307622,user21,T0,T0_DistanceProfile,calibration_FAR<=0.10,,0.09910913140311804,0.37130801687763715,2
0.26422764227642276,0.2706766917293233,0.7357723577235772,0.3746397694524496,0.6435643564356436,0.26422764227642276,0.5017421602787457,0.513463536891008,0.5945352111250349,0.6381040068307622,user21,T0,T0_DistanceProfile,calibration_FAR<=0.10_floor_0.05,,0.09910913140311804,0.37130801687763715,2
0.7357723577235772,0.3308270676691729,0.26422764227642276,0.7685774946921444,0.8044444444444444,0.7357723577235772,0.7931108258451005,0.2909254844428143,0.5678504058344374,0.5,user21,T1,T1_LogReg,default_0.5,,,,2
0.8252032520325203,0.39849624060150374,0.17479674796747968,0.8087649402390438,0.79296875,0.8252032520325203,0.7931108258451005,0.2909254844428143,0.5678504058344374,0.3511862126028034,user21,T1,T1_LogReg,calibration_EER,0.16957749523084586,,,2
0.6951219512195121,0.2857142857142857,0.3048780487804878,0.7516483516483516,0.8181818181818182,0.6951219512195121,0.7931108258451005,0.2909254844428143,0.5678504058344374,0.5829036520284842,user21,T1,T1_LogReg,calibration_FAR<=0.10,,0.09910913140311804,0.7215189873417721,2
0.6951219512195121,0.2857142857142857,0.3048780487804878,0.7516483516483516,0.8181818181818182,0.6951219512195121,0.7931108258451005,0.2909254844428143,0.5678504058344374,0.5829036520284842,user21,T1,T1_LogReg,calibration_FAR<=0.10_floor_0.05,,0.09910913140311804,0.7215189873417721,2
0.5691056910569106,0.18796992481203006,0.43089430894308944,0.681265206812652,0.8484848484848485,0.5691056910569106,0.7987040772663365,0.27497096399535426,0.22120899322249127,0.5,user21,T1,T1_SVM_RBF,default_0.5,,,,2
0.8577235772357723,0.44360902255639095,0.14227642276422764,0.8178294573643411,0.7814814814814814,0.8577235772357723,0.7987040772663365,0.27497096399535426,0.22120899322249127,0.10706221679286876,user21,T1,T1_SVM_RBF,calibration_EER,0.14244265268341277,,,2
0.7886178861788617,0.3308270676691729,0.21138211382113822,0.8016528925619835,0.8151260504201681,0.7886178861788617,0.7987040772663365,0.27497096399535426,0.22120899322249127,0.1721176108022972,user21,T1,T1_SVM_RBF,calibration_FAR<=0.10,,0.09910913140311804,0.8059071729957806,2
0.7886178861788617,0.3308270676691729,0.21138211382113822,0.8016528925619835,0.8151260504201681,0.7886178861788617,0.7987040772663365,0.27497096399535426,0.22120899322249127,0.1721176108022972,user21,T1,T1_SVM_RBF,calibration_FAR<=0.10_floor_0.05,,0.09910913140311804,0.8059071729957806,2
0.3333333333333333,0.11278195488721804,0.6666666666666666,0.478134110787172,0.845360824742268,0.3333333333333333,0.6883978238278623,0.3570817287120239,0.4,0.5,user21,T1,T1_kNN,default_0.5,,,,2
0.8536585365853658,0.6390977443609023,0.14634146341463414,0.7763401109057301,0.711864406779661,0.8536585365853658,0.6883978238278623,0.3570817287120239,0.4,0.2,user21,T1,T1_kNN,calibration_EER,0.25321389303938424,,,2
0.3333333333333333,0.11278195488721804,0.6666666666666666,0.478134110787172,0.845360824742268,0.3333333333333333,0.6883978238278623,0.3570817287120239,0.4,0.6,user21,T1,T1_kNN,calibration_FAR<=0.10,,0.04899777282850779,0.35864978902953587,2
0.3333333333333333,0.11278195488721804,0.6666666666666666,0.478134110787172,0.845360824742268,0.3333333333333333,0.6883978238278623,0.3570817287120239,0.4,0.6,user21,T1,T1_kNN,calibration_FAR<=0.10_floor_0.05,,0.04899777282850779,0.35864978902953587,2
0.4186991869918699,0.2706766917293233,0.5813008130081301,0.535064935064935,0.7410071942446043,0.4186991869918699,0.5740112476312733,0.4259887523687267,1.0,0.5,user21,T1,T1_DecisionTree,default_0.5,,,,2
0.4186991869918699,0.2706766917293233,0.5813008130081301,0.535064935064935,0.7410071942446043,0.4186991869918699,0.5740112476312733,0.4259887523687267,1.0,1.0,user21,T1,T1_DecisionTree,calibration_EER,0.2899128865834062,,,2
0.4186991869918699,0.2706766917293233,0.5813008130081301,0.535064935064935,0.7410071942446043,0.4186991869918699,0.5740112476312733,0.4259887523687267,1.0,1.0,user21,T1,T1_DecisionTree,calibration_FAR<=0.10,,0.07349665924276169,0.4936708860759494,2
0.4186991869918699,0.2706766917293233,0.5813008130081301,0.535064935064935,0.7410071942446043,0.4186991869918699,0.5740112476312733,0.4259887523687267,1.0,1.0,user21,T1,T1_DecisionTree,calibration_FAR<=0.10_floor_0.05,,0.07349665924276169,0.4936708860759494,2
0.3170731707317073,0.06015037593984962,0.6829268292682927,0.46987951807228917,0.9069767441860465,0.3170731707317073,0.7803502659086741,0.2851335656213705,0.2866666666666667,0.5,user21,T2,T2_RandomForest,default_0.5,,,,2
0.8617886178861789,0.5263157894736842,0.13821138211382114,0.803030303030303,0.75177304964539,0.8617886178861789,0.7803502659086741,0.2851335656213705,0.2866666666666667,0.2,user21,T2,T2_RandomForest,calibration_EER,0.11809177450123576,,,2
0.8252032520325203,0.46616541353383456,0.17479674796747968,0.7945205479452054,0.7660377358490567,0.8252032520325203,0.7803502659086741,0.2851335656213705,0.2866666666666667,0.22666666666666666,user21,T2,T2_RandomForest,calibration_FAR<=0.10,,0.09910913140311804,0.8270042194092827,2
0.8252032520325203,0.46616541353383456,0.17479674796747968,0.7945205479452054,0.7660377358490567,0.8252032520325203,0.7803502659086741,0.2851335656213705,0.2866666666666667,0.22666666666666666,user21,T2,T2_RandomForest,calibration_FAR<=0.10_floor_0.05,,0.09910913140311804,0.8270042194092827,2
0.22764227642276422,0.05263157894736842,0.7723577235772358,0.36245954692556637,0.8888888888888888,0.22764227642276422,0.7540803227581148,0.3065743627361086,0.30333333333333334,0.5,user21,T2,T2_ExtraTrees,default_0.5,,,,2
0.8333333333333334,0.47368421052631576,0.16666666666666666,0.7976653696498055,0.7649253731343284,0.8333333333333334,0.7540803227581148,0.3065743627361086,0.30333333333333334,0.22333333333333333,user21,T2,T2_ExtraTrees,calibration_EER,0.1332121075432513,,,2
0.7845528455284553,0.43609022556390975,0.21544715447154472,0.7766599597585513,0.7689243027888446,0.7845528455284553,0.7540803227581148,0.3065743627361086,0.30333333333333334,0.25,user21,T2,T2_ExtraTrees,calibration_FAR<=0.10,,0.09799554565701558,0.7890295358649789,2
0.7845528455284553,0.43609022556390975,0.21544715447154472,0.7766599597585513,0.7689243027888446,0.7845528455284553,0.7540803227581148,0.3065743627361086,0.30333333333333334,0.25,user21,T2,T2_ExtraTrees,calibration_FAR<=0.10_floor_0.05,,0.09799554565701558,0.7890295358649789,2
0.4796747967479675,0.12781954887218044,0.5203252032520326,0.6194225721784777,0.8740740740740741,0.4796747967479675,0.7943945228925973,0.28106852497096396,0.27400270744858757,0.5,user21,T2,T2_GradientBoosting,default_0.5,,,,2
0.8658536585365854,0.48872180451127817,0.13414634146341464,0.8129770992366412,0.7661870503597122,0.8658536585365854,0.7943945228925973,0.28106852497096396,0.27400270744858757,0.1401402317838486,user21,T2,T2_GradientBoosting,calibration_EER,0.1273223196413972,,,2
0.8333333333333334,0.42857142857142855,0.16666666666666666,0.8070866141732284,0.7824427480916031,0.8333333333333334,0.7943945228925973,0.28106852497096396,0.27400270744858757,0.17247804883436857,user21,T2,T2_GradientBoosting,calibration_FAR<=0.10,,0.09910913140311804,0.8481012658227848,2
0.8333333333333334,0.42857142857142855,0.16666666666666666,0.8070866141732284,0.7824427480916031,0.8333333333333334,0.7943945228925973,0.28106852497096396,0.27400270744858757,0.17247804883436857,user21,T2,T2_GradientBoosting,calibration_FAR<=0.10_floor_0.05,,0.09910913140311804,0.8481012658227848,2
0.5853658536585366,0.15789473684210525,0.4146341463414634,0.7007299270072993,0.8727272727272727,0.5853658536585366,0.7993764900055016,0.2851335656213705,0.28574690222740173,0.5,user21,T2,T2_XGBoost,default_0.5,,,,2
0.8780487804878049,0.5112781954887218,0.12195121951219512,0.8150943396226416,0.7605633802816901,0.8780487804878049,0.7993764900055016,0.2851335656213705,0.28574690222740173,0.10379975289106369,user21,T2,T2_XGBoost,calibration_EER,0.1169781887551333,,,2
0.8658536585365854,0.46616541353383456,0.13414634146341464,0.817658349328215,0.7745454545454545,0.8658536585365854,0.7993764900055016,0.2851335656213705,0.28574690222740173,0.1236463412642479,user21,T2,T2_XGBoost,calibration_FAR<=0.10,,0.09910913140311804,0.869198312236287,2
0.8658536585365854,0.46616541353383456,0.13414634146341464,0.817658349328215,0.7745454545454545,0.8658536585365854,0.7993764900055016,0.2851335656213705,0.28574690222740173,0.1236463412642479,user21,T2,T2_XGBoost,calibration_FAR<=0.10_floor_0.05,,0.09910913140311804,0.869198312236287,2
0.17073170731707318,0.08270676691729323,0.8292682926829268,0.2809364548494983,0.7924528301886793,0.17073170731707318,0.5638792102206737,0.47464698331193833,0.4354645013809204,0.5,user21,T3,T3_1D_CNN,default_0.5,,,,2
0.6707317073170732,0.5939849624060151,0.32926829268292684,0.673469387755102,0.6762295081967213,0.6707317073170732,0.5638792102206737,0.47464698331193833,0.4354645013809204,0.39743664860725403,user21,T3,T3_1D_CNN,calibration_EER,0.3635058686438687,,,2
0.25203252032520324,0.15789473684210525,0.7479674796747967,0.3768996960486322,0.7469879518072289,0.25203252032520324,0.5638792102206737,0.47464698331193833,0.4354645013809204,0.48075810074806213,user21,T3,T3_1D_CNN,calibration_FAR<=0.10,,0.09910913140311804,0.15611814345991562,2
0.25203252032520324,0.15789473684210525,0.7479674796747967,0.3768996960486322,0.7469879518072289,0.25203252032520324,0.5638792102206737,0.47464698331193833,0.4354645013809204,0.48075810074806213,user21,T3,T3_1D_CNN,calibration_FAR<=0.10_floor_0.05,,0.09910913140311804,0.15611814345991562,2
0.825,0.7489878542510121,0.175,0.6356340288924559,0.5169712793733682,0.825,0.618100539811066,0.41272773279352226,0.5808489845971682,0.5,user23,T0,T0_DistanceProfile,default_0.5,,,,2
0.7166666666666667,0.5506072874493927,0.2833333333333333,0.6277372262773723,0.5584415584415584,0.7166666666666667,0.618100539811066,0.41272773279352226,0.5808489845971682,0.5563347685924004,user23,T0,T0_DistanceProfile,calibration_EER,0.3532845746886247,,,2
0.3,0.145748987854251,0.7,0.41379310344827586,0.6666666666666666,0.3,0.618100539811066,0.41272773279352226,0.5808489845971682,0.6352626182227831,user23,T0,T0_DistanceProfile,calibration_FAR<=0.10,,0.09882747068676717,0.3069306930693069,2
0.3,0.145748987854251,0.7,0.41379310344827586,0.6666666666666666,0.3,0.618100539811066,0.41272773279352226,0.5808489845971682,0.6352626182227831,user23,T0,T0_DistanceProfile,calibration_FAR<=0.10_floor_0.05,,0.09882747068676717,0.3069306930693069,2
0.8125,0.23481781376518218,0.1875,0.7910750507099391,0.7707509881422925,0.8125,0.8718117408906882,0.22788461538461538,0.5349475258749068,0.5,user23,T1,T1_LogReg,default_0.5,,,,2
0.5791666666666667,0.09716599190283401,0.42083333333333334,0.6898263027295285,0.852760736196319,0.5791666666666667,0.8718117408906882,0.22788461538461538,0.5349475258749068,0.7685974625323375,user23,T1,T1_LogReg,calibration_EER,0.3915368923827056,,,2
0.075,0.0,0.925,0.13953488372093023,1.0,0.075,0.8718117408906882,0.22788461538461538,0.5349475258749068,0.986005853876063,user23,T1,T1_LogReg,calibration_FAR<=0.10,,0.09882747068676717,0.04950495049504951,2
0.075,0.0,0.925,0.13953488372093023,1.0,0.075,0.8718117408906882,0.22788461538461538,0.5349475258749068,0.986005853876063,user23,T1,T1_LogReg,calibration_FAR<=0.10_floor_0.05,,0.09882747068676717,0.04950495049504951,2
0.6041666666666666,0.10526315789473684,0.3958333333333333,0.7055961070559611,0.847953216374269,0.6041666666666666,0.8592948717948719,0.21151315789473685,0.2763445003153355,0.5,user23,T1,T1_SVM_RBF,default_0.5,,,,2
0.6791666666666667,0.13360323886639677,0.32083333333333336,0.7477064220183486,0.8316326530612245,0.6791666666666667,0.8592948717948719,0.21151315789473685,0.2763445003153355,0.40661412012490733,user23,T1,T1_SVM_RBF,calibration_EER,0.29094316466822556,,,2
0.30833333333333335,0.032388663967611336,0.6916666666666667,0.45962732919254656,0.9024390243902439,0.30833333333333335,0.8592948717948719,0.21151315789473685,0.2763445003153355,0.7661376129619162,user23,T1,T1_SVM_RBF,calibration_FAR<=0.10,,0.09882747068676717,0.3333333333333333,2
0.30833333333333335,0.032388663967611336,0.6916666666666667,0.45962732919254656,0.9024390243902439,0.30833333333333335,0.8592948717948719,0.21151315789473685,0.2763445003153355,0.7661376129619162,user23,T1,T1_SVM_RBF,calibration_FAR<=0.10_floor_0.05,,0.09882747068676717,0.3333333333333333,2
0.4583333333333333,0.14979757085020243,0.5416666666666666,0.5684754521963824,0.7482993197278912,0.4583333333333333,0.7410931174089068,0.30551619433198385,0.4,0.5,user23,T1,T1_kNN,default_0.5,,,,2
0.725,0.3360323886639676,0.275,0.7002012072434608,0.6770428015564203,0.725,0.7410931174089068,0.30551619433198385,0.4,0.4,user23,T1,T1_kNN,calibration_EER,0.38200905517687445,,,2
0.2,0.032388663967611336,0.8,0.32432432432432434,0.8571428571428571,0.2,0.7410931174089068,0.30551619433198385,0.4,0.8,user23,T1,T1_kNN,calibration_FAR<=0.10,,0.06700167504187604,0.19141914191419143,2
0.2,0.032388663967611336,0.8,0.32432432432432434,0.8571428571428571,0.2,0.7410931174089068,0.30551619433198385,0.4,0.8,user23,T1,T1_kNN,calibration_FAR<=0.10_floor_0.05,,0.06700167504187604,0.19141914191419143,2
0.5125,0.1417004048582996,0.4875,0.6180904522613065,0.7784810126582279,0.5125,0.6853997975708501,0.3146002024291498,1.0,0.5,user23,T1,T1_DecisionTree,default_0.5,,,,2
0.5125,0.1417004048582996,0.4875,0.6180904522613065,0.7784810126582279,0.5125,0.6853997975708501,0.3146002024291498,1.0,1.0,user23,T1,T1_DecisionTree,calibration_EER,0.34689122178549514,,,2
0.0,0.0,1.0,0.0,0.0,0.0,0.6853997975708501,0.3146002024291498,1.0,1.0000000000000002,user23,T1,T1_DecisionTree,calibration_FAR<=0.10,,0.0,0.0,2
0.0,0.0,1.0,0.0,0.0,0.0,0.6853997975708501,0.3146002024291498,1.0,1.0000000000000002,user23,T1,T1_DecisionTree,calibration_FAR<=0.10_floor_0.05,,0.0,0.0,2
0.44166666666666665,0.048582995951417005,0.5583333333333333,0.5921787709497207,0.8983050847457628,0.44166666666666665,0.8859311740890689,0.17865215924426453,0.23,0.5,user23,T2,T2_RandomForest,default_0.5,,,,2
0.7458333333333333,0.13765182186234817,0.25416666666666665,0.7902869757174393,0.8403755868544601,0.7458333333333333,0.8859311740890689,0.17865215924426453,0.23,0.28,user23,T2,T2_RandomForest,calibration_EER,0.21862613397018094,,,2
0.5458333333333333,0.06072874493927125,0.45416666666666666,0.6787564766839378,0.8972602739726028,0.5458333333333333,0.8859311740890689,0.17865215924426453,0.23,0.42,user23,T2,T2_RandomForest,calibration_FAR<=0.10,,0.09547738693467336,0.5742574257425742,2
0.5458333333333333,0.06072874493927125,0.45416666666666666,0.6787564766839378,0.8972602739726028,0.5458333333333333,0.8859311740890689,0.17865215924426453,0.23,0.42,user23,T2,T2_RandomForest,calibration_FAR<=0.10_floor_0.05,,0.09547738693467336,0.5742574257425742,2
0.36666666666666664,0.044534412955465584,0.6333333333333333,0.5191740412979351,0.8888888888888888,0.36666666666666664,0.8774544534412956,0.19305836707152496,0.27,0.5,user23,T2,T2_ExtraTrees,default_0.5,,,,2
0.7833333333333333,0.15789473684210525,0.21666666666666667,0.8051391862955032,0.8281938325991189,0.7833333333333333,0.8774544534412956,0.19305836707152496,0.27,0.29,user23,T2,T2_ExtraTrees,calibration_EER,0.2568784516642619,,,2
0.5125,0.07692307692307693,0.4875,0.643979057591623,0.8661971830985915,0.5125,0.8774544534412956,0.19305836707152496,0.27,0.43,user23,T2,T2_ExtraTrees,calibration_FAR<=0.10,,0.09715242881072027,0.5379537953795379,2
0.5125,0.07692307692307693,0.4875,0.643979057591623,0.8661971830985915,0.5125,0.8774544534412956,0.19305836707152496,0.27,0.43,user23,T2,T2_ExtraTrees,calibration_FAR<=0.10_floor_0.05,,0.09715242881072027,0.5379537953795379,2
0.5541666666666667,0.08502024291497975,0.44583333333333336,0.6751269035532995,0.8636363636363636,0.5541666666666667,0.8829453441295547,0.1888917004048583,0.2032287939902089,0.5,user23,T2,T2_GradientBoosting,default_0.5,,,,2
0.7166666666666667,0.13765182186234817,0.2833333333333333,0.7713004484304933,0.8349514563106796,0.7166666666666667,0.8829453441295547,0.1888917004048583,0.2032287939902089,0.3169871283630863,user23,T2,T2_GradientBoosting,calibration_EER,0.29591853657727585,,,2
0.44166666666666665,0.044534412955465584,0.5583333333333333,0.5938375350140056,0.905982905982906,0.44166666666666665,0.8829453441295547,0.1888917004048583,0.2032287939902089,0.630714675330812,user23,T2,T2_GradientBoosting,calibration_FAR<=0.10,,0.09882747068676717,0.5115511551155115,2
0.44166666666666665,0.044534412955465584,0.5583333333333333,0.5938375350140056,0.905982905982906,0.44166666666666665,0.8829453441295547,0.1888917004048583,0.2032287939902089,0.630714675330812,user23,T2,T2_GradientBoosting,calibration_FAR<=0.10_floor_0.05,,0.09882747068676717,0.5115511551155115,2
0.6333333333333333,0.07692307692307693,0.36666666666666664,0.7396593673965937,0.8888888888888888,0.6333333333333333,0.8928306342780028,0.17454453441295548,0.2138911634683609,0.5,user23,T2,T2_XGBoost,default_0.5,,,,2
0.7708333333333334,0.12955465587044535,0.22916666666666666,0.8096280087527352,0.8525345622119815,0.7708333333333334,0.8928306342780028,0.17454453441295548,0.2138911634683609,0.288619726896286,user23,T2,T2_XGBoost,calibration_EER,0.2219513408627295,,,2
0.5375,0.05263157894736842,0.4625,0.675392670157068,0.9084507042253521,0.5375,0.8928306342780028,0.17454453441295548,0.2138911634683609,0.6164410710334778,user23,T2,T2_XGBoost,calibration_FAR<=0.10,,0.09882747068676717,0.5973597359735974,2
0.5375,0.05263157894736842,0.4625,0.675392670157068,0.9084507042253521,0.5375,0.8928306342780028,0.17454453441295548,0.2138911634683609,0.6164410710334778,user23,T2,T2_XGBoost,calibration_FAR<=0.10_floor_0.05,,0.09882747068676717,0.5973597359735974,2
0.0,0.0,1.0,0.0,0.0,0.0,0.6789811066126855,0.37986673414304994,0.295271635055542,0.5,user23,T3,T3_1D_CNN,default_0.5,,,,2
0.6083333333333333,0.3603238866396761,0.39166666666666666,0.6147368421052631,0.6212765957446809,0.6083333333333333,0.6789811066126855,0.37986673414304994,0.295271635055542,0.2984831631183624,user23,T3,T3_1D_CNN,calibration_EER,0.3965122642917558,,,2
0.20833333333333334,0.048582995951417005,0.7916666666666666,0.33112582781456956,0.8064516129032258,0.20833333333333334,0.6789811066126855,0.37986673414304994,0.295271635055542,0.3750368356704712,user23,T3,T3_1D_CNN,calibration_FAR<=0.10,,0.09882747068676717,0.23432343234323433,2
0.20833333333333334,0.048582995951417005,0.7916666666666666,0.33112582781456956,0.8064516129032258,0.20833333333333334,0.6789811066126855,0.37986673414304994,0.295271635055542,0.3750368356704712,user23,T3,T3_1D_CNN,calibration_FAR<=0.10_floor_0.05,,0.09882747068676717,0.23432343234323433,2
0.8858267716535433,0.6583333333333333,0.1141732283464567,0.8064516129032258,0.7401315789473685,0.8858267716535433,0.6791338582677164,0.3602690288713911,0.591191005291744,0.5,user29,T0,T0_DistanceProfile,default_0.5,,,,2
0.7086614173228346,0.45,0.29133858267716534,0.7377049180327869,0.7692307692307693,0.7086614173228346,0.6791338582677164,0.3602690288713911,0.591191005291744,0.5686127639712517,user29,T0,T0_DistanceProfile,calibration_EER,0.26986322465834683,,,2
0.468503937007874,0.2,0.531496062992126,0.5994962216624685,0.8321678321678322,0.468503937007874,0.6791338582677164,0.3602690288713911,0.591191005291744,0.6258737710338339,user29,T0,T0_DistanceProfile,calibration_FAR<=0.10,,0.09915356711003627,0.4481132075471698,2
0.468503937007874,0.2,0.531496062992126,0.5994962216624685,0.8321678321678322,0.468503937007874,0.6791338582677164,0.3602690288713911,0.591191005291744,0.6258737710338339,user29,T0,T0_DistanceProfile,calibration_FAR<=0.10_floor_0.05,,0.09915356711003627,0.4481132075471698,2
0.8228346456692913,0.4583333333333333,0.17716535433070865,0.806949806949807,0.7916666666666666,0.8228346456692913,0.7555118110236221,0.28756561679790027,0.6896866255147177,0.5,user29,T1,T1_LogReg,default_0.5,,,,2
0.8267716535433071,0.4583333333333333,0.1732283464566929,0.8092485549132948,0.7924528301886793,0.8267716535433071,0.7555118110236221,0.28756561679790027,0.6896866255147177,0.4937963242433793,user29,T1,T1_LogReg,calibration_EER,0.12655711710889556,,,2
0.8031496062992126,0.39166666666666666,0.1968503937007874,0.807920792079208,0.8127490039840638,0.8031496062992126,0.7555118110236221,0.28756561679790027,0.6896866255147177,0.5590214501441971,user29,T1,T1_LogReg,calibration_FAR<=0.10,,0.09915356711003627,0.8066037735849056,2
0.8031496062992126,0.39166666666666666,0.1968503937007874,0.807920792079208,0.8127490039840638,0.8031496062992126,0.7555118110236221,0.28756561679790027,0.6896866255147177,0.5590214501441971,user29,T1,T1_LogReg,calibration_FAR<=0.10_floor_0.05,,0.09915356711003627,0.8066037735849056,2
0.5866141732283464,0.2,0.41338582677165353,0.6978922716627635,0.861271676300578,0.5866141732283464,0.7889107611548557,0.2993766404199475,0.3802715683265821,0.5,user29,T1,T1_SVM_RBF,default_0.5,,,,2
0.8779527559055118,0.43333333333333335,0.1220472440944882,0.8431001890359168,0.8109090909090909,0.8779527559055118,0.7889107611548557,0.2993766404199475,0.3802715683265821,0.14228962753736354,user29,T1,T1_SVM_RBF,calibration_EER,0.13193858228194655,,,2
0.8307086614173228,0.39166666666666666,0.16929133858267717,0.82421875,0.8178294573643411,0.8307086614173228,0.7889107611548557,0.2993766404199475,0.3802715683265821,0.20028557431899546,user29,T1,T1_SVM_RBF,calibration_FAR<=0.10,,0.09915356711003627,0.8301886792452831,2
0.8307086614173228,0.39166666666666666,0.16929133858267717,0.82421875,0.8178294573643411,0.8307086614173228,0.7889107611548557,0.2993766404199475,0.3802715683265821,0.20028557431899546,user29,T1,T1_SVM_RBF,calibration_FAR<=0.10_floor_0.05,,0.09915356711003627,0.8301886792452831,2
0.4409448818897638,0.19166666666666668,0.5590551181102362,0.5758354755784062,0.8296296296296296,0.4409448818897638,0.7001476377952756,0.358759842519685,0.4,0.5,user29,T1,T1_kNN,default_0.5,,,,2
0.8740157480314961,0.5666666666666667,0.12598425196850394,0.8161764705882353,0.7655172413793103,0.8740157480314961,0.7001476377952756,0.358759842519685,0.4,0.2,user29,T1,T1_kNN,calibration_EER,0.19160810841641762,,,2
0.4409448818897638,0.19166666666666668,0.5590551181102362,0.5758354755784062,0.8296296296296296,0.4409448818897638,0.7001476377952756,0.358759842519685,0.4,0.6,user29,T1,T1_kNN,calibration_FAR<=0.10,,0.03385731559854897,0.4669811320754717,2
0.4409448818897638,0.19166666666666668,0.5590551181102362,0.5758354755784062,0.8296296296296296,0.4409448818897638,0.7001476377952756,0.358759842519685,0.4,0.6,user29,T1,T1_kNN,calibration_FAR<=0.10_floor_0.05,,0.03385731559854897,0.4669811320754717,2
0.531496062992126,0.225,0.468503937007874,0.6490384615384616,0.8333333333333334,0.531496062992126,0.6532480314960629,0.34675196850393697,1.0,0.5,user29,T1,T1_DecisionTree,default_0.5,,,,2
0.531496062992126,0.225,0.468503937007874,0.6490384615384616,0.8333333333333334,0.531496062992126,0.6532480314960629,0.34675196850393697,1.0,1.0,user29,T1,T1_DecisionTree,calibration_EER,0.2839172047181219,,,2
0.531496062992126,0.225,0.468503937007874,0.6490384615384616,0.8333333333333334,0.531496062992126,0.6532480314960629,0.34675196850393697,1.0,1.0,user29,T1,T1_DecisionTree,calibration_FAR<=0.10,,0.07255139056831923,0.5047169811320755,2
0.531496062992126,0.225,0.468503937007874,0.6490384615384616,0.8333333333333334,0.531496062992126,0.6532480314960629,0.34675196850393697,1.0,1.0,user29,T1,T1_DecisionTree,calibration_FAR<=0.10_floor_0.05,,0.07255139056831923,0.5047169811320755,2
0.4448818897637795,0.10833333333333334,0.5551181102362205,0.5947368421052631,0.8968253968253969,0.4448818897637795,0.7947998687664043,0.28953412073490814,0.3433333333333333,0.5,user29,T2,T2_RandomForest,default_0.5,,,,2
0.8858267716535433,0.44166666666666665,0.1141732283464567,0.8458646616541353,0.8093525179856115,0.8858267716535433,0.7947998687664043,0.28953412073490814,0.3433333333333333,0.20333333333333334,user29,T2,T2_RandomForest,calibration_EER,0.1313339873605439,,,2
0.8346456692913385,0.375,0.16535433070866143,0.8297455968688845,0.8249027237354085,0.8346456692913385,0.7947998687664043,0.28953412073490814,0.3433333333333333,0.24,user29,T2,T2_RandomForest,calibration_FAR<=0.10,,0.09552599758162031,0.8349056603773585,2
0.8346456692913385,0.375,0.16535433070866143,0.8297455968688845,0.8249027237354085,0.8346456692913385,0.7947998687664043,0.28953412073490814,0.3433333333333333,0.24,user29,T2,T2_RandomForest,calibration_FAR<=0.10_floor_0.05,,0.09552599758162031,0.8349056603773585,2
0.4409448818897638,0.125,0.5590551181102362,0.5879265091863517,0.8818897637795275,0.4409448818897638,0.7857611548556431,0.30770997375328085,0.34,0.5,user29,T2,T2_ExtraTrees,default_0.5,,,,2
0.8661417322834646,0.43333333333333335,0.13385826771653545,0.8365019011406845,0.8088235294117647,0.8661417322834646,0.7857611548556431,0.30770997375328085,0.34,0.21333333333333335,user29,T2,T2_ExtraTrees,calibration_EER,0.12480322146426044,,,2
0.8385826771653543,0.4166666666666667,0.16141732283464566,0.8239845261121856,0.8098859315589354,0.8385826771653543,0.7857611548556431,0.30770997375328085,0.34,0.24,user29,T2,T2_ExtraTrees,calibration_FAR<=0.10,,0.09915356711003627,0.8490566037735849,2
0.8385826771653543,0.4166666666666667,0.16141732283464566,0.8239845261121856,0.8098859315589354,0.8385826771653543,0.7857611548556431,0.30770997375328085,0.34,0.24,user29,T2,T2_ExtraTrees,calibration_FAR<=0.10_floor_0.05,,0.09915356711003627,0.8490566037735849,2
0.5354330708661418,0.18333333333333332,0.4645669291338583,0.6601941747572816,0.8607594936708861,0.5354330708661418,0.7789041994750656,0.2855971128608924,0.31666842380753,0.5,user29,T2,T2_GradientBoosting,default_0.5,,,,2
0.8661417322834646,0.45,0.13385826771653545,0.8333333333333334,0.8029197080291971,0.8661417322834646,0.7789041994750656,0.2855971128608924,0.31666842380753,0.1594211192082158,user29,T2,T2_GradientBoosting,calibration_EER,0.14149232278524332,,,2
0.8188976377952756,0.39166666666666666,0.18110236220472442,0.8172888015717092,0.8156862745098039,0.8188976377952756,0.7789041994750656,0.2855971128608924,0.31666842380753,0.21624770125872514,user29,T2,T2_GradientBoosting,calibration_FAR<=0.10,,0.09915356711003627,0.839622641509434,2
0.8188976377952756,0.39166666666666666,0.18110236220472442,0.8172888015717092,0.8156862745098039,0.8188976377952756,0.7789041994750656,0.2855971128608924,0.31666842380753,0.21624770125872514,user29,T2,T2_GradientBoosting,calibration_FAR<=0.10_floor_0.05,,0.09915356711003627,0.839622641509434,2
0.6220472440944882,0.2,0.3779527559055118,0.7247706422018348,0.8681318681318682,0.6220472440944882,0.7925853018372704,0.2691601049868766,0.3395465016365051,0.5,user29,T2,T2_XGBoost,default_0.5,,,,2
0.8503937007874016,0.4166666666666667,0.14960629921259844,0.8307692307692308,0.8120300751879699,0.8503937007874016,0.7925853018372704,0.2691601049868766,0.3395465016365051,0.12939022481441498,user29,T2,T2_XGBoost,calibration_EER,0.11283110127535305,,,2
0.84251968503937,0.38333333333333336,0.15748031496062992,0.8326848249027238,0.823076923076923,0.84251968503937,0.7925853018372704,0.2691601049868766,0.3395465016365051,0.15012580156326294,user29,T2,T2_XGBoost,calibration_FAR<=0.10,,0.09915356711003627,0.8584905660377359,2
0.84251968503937,0.38333333333333336,0.15748031496062992,0.8326848249027238,0.823076923076923,0.84251968503937,0.7925853018372704,0.2691601049868766,0.3395465016365051,0.15012580156326294,user29,T2,T2_XGBoost,calibration_FAR<=0.10_floor_0.05,,0.09915356711003627,0.8584905660377359,2
0.8228346456692913,0.39166666666666666,0.17716535433070865,0.8196078431372549,0.81640625,0.8228346456692913,0.756988188976378,0.27135826771653543,0.5890550017356873,0.5,user29,T3,T3_1D_CNN,default_0.5,,,,2
0.8070866141732284,0.39166666666666666,0.19291338582677164,0.8102766798418972,0.8134920634920635,0.8070866141732284,0.756988188976378,0.27135826771653543,0.5890550017356873,0.5110405087471008,user29,T3,T3_1D_CNN,calibration_EER,0.1904103260249595,,,2
0.6614173228346457,0.24166666666666667,0.33858267716535434,0.7450110864745011,0.8527918781725888,0.6614173228346457,0.756988188976378,0.27135826771653543,0.5890550017356873,0.6206610202789307,user29,T3,T3_1D_CNN,calibration_FAR<=0.10,,0.09915356711003627,0.6273584905660378,2
0.6614173228346457,0.24166666666666667,0.33858267716535434,0.7450110864745011,0.8527918781725888,0.6614173228346457,0.756988188976378,0.27135826771653543,0.5890550017356873,0.6206610202789307,user29,T3,T3_1D_CNN,calibration_FAR<=0.10_floor_0.05,,0.09915356711003627,0.6273584905660378,2
0.8454935622317596,0.759090909090909,0.15450643776824036,0.5157068062827225,0.3709981167608286,0.8454935622317596,0.5870171673819742,0.43820230198985566,0.5940202304650306,0.5,user35,T0,T0_DistanceProfile,default_0.5,,,,2
0.3948497854077253,0.3090909090909091,0.6051502145922747,0.39913232104121477,0.40350877192982454,0.3948497854077253,0.5870171673819742,0.43820230198985566,0.5940202304650306,0.622179390257478,user35,T0,T0_DistanceProfile,calibration_EER,0.36235062774164273,,,2
0.15879828326180256,0.09772727272727273,0.8412017167381974,0.2364217252396166,0.4625,0.15879828326180256,0.5870171673819742,0.43820230198985566,0.5940202304650306,0.6717249185336183,user35,T0,T0_DistanceProfile,calibration_FAR<=0.10,,0.09983361064891846,0.33636363636363636,2
0.15879828326180256,0.09772727272727273,0.8412017167381974,0.2364217252396166,0.4625,0.15879828326180256,0.5870171673819742,0.43820230198985566,0.5940202304650306,0.6717249185336183,user35,T0,T0_DistanceProfile,calibration_FAR<=0.10_floor_0.05,,0.09983361064891846,0.33636363636363636,2
0.8154506437768241,0.38181818181818183,0.18454935622317598,0.6429780033840947,0.5307262569832403,0.8154506437768241,0.7740050721810379,0.2748390557939914,0.596496277700822,0.5,user35,T1,T1_LogReg,default_0.5,,,,2
0.8068669527896996,0.3568181818181818,0.19313304721030042,0.6505190311418685,0.5449275362318841,0.8068669527896996,0.7740050721810379,0.2748390557939914,0.596496277700822,0.5158788814209356,user35,T1,T1_LogReg,calibration_EER,0.23382241718348207,,,2
0.5107296137339056,0.17727272727272728,0.4892703862660944,0.5534883720930233,0.6040609137055838,0.5107296137339056,0.7740050721810379,0.2748390557939914,0.596496277700822,0.7168094649324469,user35,T1,T1_LogReg,calibration_FAR<=0.10,,0.09983361064891846,0.5454545454545454,2
0.5107296137339056,0.17727272727272728,0.4892703862660944,0.5534883720930233,0.6040609137055838,0.5107296137339056,0.7740050721810379,0.2748390557939914,0.596496277700822,0.7168094649324469,user35,T1,T1_LogReg,calibration_FAR<=0.10_floor_0.05,,0.09983361064891846,0.5454545454545454,2
0.5493562231759657,0.17272727272727273,0.45064377682403434,0.585812356979405,0.6274509803921569,0.5493562231759657,0.7609734685914943,0.3090518923136949,0.3431340118109544,0.5,user35,T1,T1_SVM_RBF,default_0.5,,,,2
0.7725321888412017,0.4022727272727273,0.22746781115879827,0.6101694915254238,0.5042016806722689,0.7725321888412017,0.7609734685914943,0.3090518923136949,0.3431340118109544,0.2555884331429922,user35,T1,T1_SVM_RBF,calibration_EER,0.24668733928301317,,,2
0.6094420600858369,0.20227272727272727,0.3905579399141631,0.6120689655172413,0.6147186147186147,0.6094420600858369,0.7609734685914943,0.3090518923136949,0.3431340118109544,0.4432738477533564,user35,T1,T1_SVM_RBF,calibration_FAR<=0.10,,0.09983361064891846,0.5909090909090909,2
0.6094420600858369,0.20227272727272727,0.3905579399141631,0.6120689655172413,0.6147186147186147,0.6094420600858369,0.7609734685914943,0.3090518923136949,0.3431340118109544,0.4432738477533564,user35,T1,T1_SVM_RBF,calibration_FAR<=0.10_floor_0.05,,0.09983361064891846,0.5909090909090909,2
0.4206008583690987,0.22272727272727272,0.5793991416309013,0.4568764568764569,0.5,0.4206008583690987,0.6410749122122513,0.39907822863831444,0.4,0.5,user35,T1,T1_kNN,default_0.5,,,,2
0.6995708154506438,0.49772727272727274,0.30042918454935624,0.5300813008130081,0.42670157068062825,0.6995708154506438,0.6410749122122513,0.39907822863831444,0.4,0.4,user35,T1,T1_kNN,calibration_EER,0.33552412645590685,,,2
0.18025751072961374,0.05909090909090909,0.8197424892703863,0.27906976744186046,0.6176470588235294,0.18025751072961374,0.6410749122122513,0.39907822863831444,0.4,0.8,user35,T1,T1_kNN,calibration_FAR<=0.10,,0.03993344425956739,0.18181818181818182,2
0.18025751072961374,0.05909090909090909,0.8197424892703863,0.27906976744186046,0.6176470588235294,0.18025751072961374,0.6410749122122513,0.39907822863831444,0.4,0.8,user35,T1,T1_kNN,calibration_FAR<=0.10_floor_0.05,,0.03993344425956739,0.18181818181818182,2
0.5236051502145923,0.31136363636363634,0.47639484978540775,0.4959349593495935,0.47104247104247104,0.5236051502145923,0.6061207569254781,0.39387924307452205,1.0,0.5,user35,T1,T1_DecisionTree,default_0.5,,,,2
0.5236051502145923,0.31136363636363634,0.47639484978540775,0.4959349593495935,0.47104247104247104,0.5236051502145923,0.6061207569254781,0.39387924307452205,1.0,1.0,user35,T1,T1_DecisionTree,calibration_EER,0.3039328392073817,,,2
0.0,0.0,1.0,0.0,0.0,0.0,0.6061207569254781,0.39387924307452205,1.0,1.0000000000000002,user35,T1,T1_DecisionTree,calibration_FAR<=0.10,,0.0,0.0,2
0.0,0.0,1.0,0.0,0.0,0.0,0.6061207569254781,0.39387924307452205,1.0,1.0000000000000002,user35,T1,T1_DecisionTree,calibration_FAR<=0.10_floor_0.05,,0.0,0.0,2
0.43776824034334766,0.08636363636363636,0.5622317596566524,0.546916890080429,0.7285714285714285,0.43776824034334766,0.8018630511119782,0.2583008193523215,0.36333333333333334,0.5,user35,T2,T2_RandomForest,default_0.5,,,,2
0.7982832618025751,0.325,0.2017167381974249,0.6619217081850534,0.5653495440729484,0.7982832618025751,0.8018630511119782,0.2583008193523215,0.36333333333333334,0.33666666666666667,user35,T2,T2_RandomForest,calibration_EER,0.19112842232642566,,,2
0.5579399141630901,0.15227272727272728,0.44206008583690987,0.6046511627906976,0.6598984771573604,0.5579399141630901,0.8018630511119782,0.2583008193523215,0.36333333333333334,0.43666666666666665,user35,T2,T2_RandomForest,calibration_FAR<=0.10,,0.09484193011647254,0.5727272727272728,2
0.5579399141630901,0.15227272727272728,0.44206008583690987,0.6046511627906976,0.6598984771573604,0.5579399141630901,0.8018630511119782,0.2583008193523215,0.36333333333333334,0.43666666666666665,user35,T2,T2_RandomForest,calibration_FAR<=0.10_floor_0.05,,0.09484193011647254,0.5727272727272728,2
0.3905579399141631,0.07727272727272727,0.6094420600858369,0.5083798882681564,0.728,0.3905579399141631,0.8010534529847836,0.2658749512290285,0.37666666666666665,0.5,user35,T2,T2_ExtraTrees,default_0.5,,,,2
0.8025751072961373,0.37272727272727274,0.19742489270386265,0.6404109589041096,0.5327635327635327,0.8025751072961373,0.8010534529847836,0.2658749512290285,0.37666666666666665,0.3333333333333333,user35,T2,T2_ExtraTrees,calibration_EER,0.25372863409469065,,,2
0.5622317596566524,0.13863636363636364,0.43776824034334766,0.6164705882352941,0.6822916666666666,0.5622317596566524,0.8010534529847836,0.2658749512290285,0.37666666666666665,0.43666666666666665,user35,T2,T2_ExtraTrees,calibration_FAR<=0.10,,0.09650582362728785,0.5272727272727272,2
0.5622317596566524,0.13863636363636364,0.43776824034334766,0.6164705882352941,0.6822916666666666,0.5622317596566524,0.8010534529847836,0.2658749512290285,0.37666666666666665,0.43666666666666665,user35,T2,T2_ExtraTrees,calibration_FAR<=0.10_floor_0.05,,0.09650582362728785,0.5272727272727272,2
0.592274678111588,0.22045454545454546,0.40772532188841204,0.5897435897435898,0.5872340425531914,0.592274678111588,0.7573351541162701,0.3079155286773313,0.42188149215497817,0.5,user35,T2,T2_GradientBoosting,default_0.5,,,,2
0.8240343347639485,0.4681818181818182,0.1759656652360515,0.6085578446909667,0.4824120603015075,0.8240343347639485,0.7573351541162701,0.3079155286773313,0.42188149215497817,0.29525799211634945,user35,T2,T2_GradientBoosting,calibration_EER,0.2085387989714113,,,2
0.630901287553648,0.2590909090909091,0.36909871244635195,0.5951417004048583,0.5632183908045977,0.630901287553648,0.7573351541162701,0.3079155286773313,0.42188149215497817,0.47193800500731015,user35,T2,T2_GradientBoosting,calibration_FAR<=0.10,,0.09983361064891846,0.6545454545454545,2
0.630901287553648,0.2590909090909091,0.36909871244635195,0.5951417004048583,0.5632183908045977,0.630901287553648,0.7573351541162701,0.3079155286773313,0.42188149215497817,0.47193800500731015,user35,T2,T2_GradientBoosting,calibration_FAR<=0.10_floor_0.05,,0.09983361064891846,0.6545454545454545,2
0.6695278969957081,0.23636363636363636,0.33047210300429186,0.6328600405679513,0.6,0.6695278969957081,0.7796332422941866,0.2792577058134998,0.4389410614967346,0.5,user35,T2,T2_XGBoost,default_0.5,,,,2
0.8068669527896996,0.3886363636363636,0.19313304721030042,0.6351351351351351,0.5236768802228412,0.8068669527896996,0.7796332422941866,0.2792577058134998,0.4389410614967346,0.3198595643043518,user35,T2,T2_XGBoost,calibration_EER,0.1691725911359855,,,2
0.6738197424892703,0.2409090909090909,0.3261802575107296,0.6330645161290323,0.596958174904943,0.6738197424892703,0.7796332422941866,0.2792577058134998,0.4389410614967346,0.4975718855857849,user35,T2,T2_XGBoost,calibration_FAR<=0.10,,0.09983361064891846,0.6909090909090909,2
0.6738197424892703,0.2409090909090909,0.3261802575107296,0.6330645161290323,0.596958174904943,0.6738197424892703,0.7796332422941866,0.2792577058134998,0.4389410614967346,0.4975718855857849,user35,T2,T2_XGBoost,calibration_FAR<=0.10_floor_0.05,,0.09983361064891846,0.6909090909090909,2
0.4206008583690987,0.2,0.5793991416309013,0.4677804295942721,0.5268817204301075,0.4206008583690987,0.6957081545064379,0.372049356223176,0.4643223285675049,0.5,user35,T3,T3_1D_CNN,default_0.5,,,,2
0.7682403433476395,0.5045454545454545,0.2317596566523605,0.5646687697160884,0.4463840399002494,0.7682403433476395,0.6957081545064379,0.372049356223176,0.4643223285675049,0.4339950680732727,user35,T3,T3_1D_CNN,calibration_EER,0.40133111480865225,,,2
0.4034334763948498,0.17954545454545454,0.5965665236051502,0.4630541871921182,0.5433526011560693,0.4034334763948498,0.6957081545064379,0.372049356223176,0.4643223285675049,0.5043373107910156,user35,T3,T3_1D_CNN,calibration_FAR<=0.10,,0.09983361064891846,0.20909090909090908,2
0.4034334763948498,0.17954545454545454,0.5965665236051502,0.4630541871921182,0.5433526011560693,0.4034334763948498,0.6957081545064379,0.372049356223176,0.4643223285675049,0.5043373107910156,user35,T3,T3_1D_CNN,calibration_FAR<=0.10_floor_0.05,,0.09983361064891846,0.20909090909090908,2
0.8218181818181818,0.12254901960784313,0.1781818181818182,0.8593155893536122,0.900398406374502,0.8218181818181818,0.8831729055258468,0.16088235294117648,0.4905736517766907,0.5,user7,T0,T0_DistanceProfile,default_0.5,,,,2
0.84,0.21568627450980393,0.16,0.84,0.84,0.84,0.8831729055258468,0.16088235294117648,0.4905736517766907,0.48312609518930766,user7,T0,T0_DistanceProfile,calibration_EER,0.2906530936012691,,,2
0.7527272727272727,0.0392156862745098,0.24727272727272728,0.8448979591836735,0.9627906976744186,0.7527272727272727,0.8831729055258468,0.16088235294117648,0.4905736517766907,0.5197714178622401,user7,T0,T0_DistanceProfile,calibration_FAR<=0.10,,0.09972677595628415,0.6209677419354839,2
0.7527272727272727,0.0392156862745098,0.24727272727272728,0.8448979591836735,0.9627906976744186,0.7527272727272727,0.8831729055258468,0.16088235294117648,0.4905736517766907,0.5197714178622401,user7,T0,T0_DistanceProfile,calibration_FAR<=0.10_floor_0.05,,0.09972677595628415,0.6209677419354839,2
0.9854545454545455,0.0,0.014545454545454545,0.9926739926739927,1.0,0.9854545454545455,0.9998039215686275,0.004269162210338693,0.22245687108005316,0.5,user7,T1,T1_LogReg,default_0.5,,,,2
0.9636363636363636,0.0,0.03636363636363636,0.9814814814814815,1.0,0.9636363636363636,0.9998039215686275,0.004269162210338693,0.22245687108005316,0.7136440429460136,user7,T1,T1_LogReg,calibration_EER,0.05893046007403488,,,2
0.9963636363636363,0.029411764705882353,0.0036363636363636364,0.9873873873873874,0.9785714285714285,0.9963636363636363,0.9998039215686275,0.004269162210338693,0.22245687108005316,0.09113236300774823,user7,T1,T1_LogReg,calibration_FAR<=0.10,,0.09972677595628415,0.9959677419354839,2
0.9963636363636363,0.029411764705882353,0.0036363636363636364,0.9873873873873874,0.9785714285714285,0.9963636363636363,0.9998039215686275,0.004269162210338693,0.22245687108005316,0.09113236300774823,user7,T1,T1_LogReg,calibration_FAR<=0.10_floor_0.05,,0.09972677595628415,0.9959677419354839,2
0.9454545454545454,0.0,0.05454545454545454,0.9719626168224299,1.0,0.9454545454545454,0.9998752228163993,0.004269162210338693,0.11650171044673438,0.5,user7,T1,T1_SVM_RBF,default_0.5,,,,2
0.9636363636363636,0.0,0.03636363636363636,0.9814814814814815,1.0,0.9636363636363636,0.9998752228163993,0.004269162210338693,0.11650171044673438,0.41933774471711344,user7,T1,T1_SVM_RBF,calibration_EER,0.07860699806099068,,,2
0.9927272727272727,0.0,0.007272727272727273,0.9963503649635036,1.0,0.9927272727272727,0.9998752228163993,0.004269162210338693,0.11650171044673438,0.13886436520223905,user7,T1,T1_SVM_RBF,calibration_FAR<=0.10,,0.09972677595628415,0.9879032258064516,2
0.9927272727272727,0.0,0.007272727272727273,0.9963503649635036,1.0,0.9927272727272727,0.9998752228163993,0.004269162210338693,0.11650171044673438,0.13886436520223905,user7,T1,T1_SVM_RBF,calibration_FAR<=0.10_floor_0.05,,0.09972677595628415,0.9879032258064516,2
0.96,0.0,0.04,0.9795918367346939,1.0,0.96,0.9979946524064172,0.005454545454545434,0.4,0.5,user7,T1,T1_kNN,default_0.5,,,,2
0.9054545454545454,0.0,0.09454545454545454,0.950381679389313,1.0,0.9054545454545454,0.9979946524064172,0.005454545454545434,0.4,0.8,user7,T1,T1_kNN,calibration_EER,0.0710602855631941,,,2
0.9890909090909091,0.0,0.01090909090909091,0.9945155393053017,1.0,0.9890909090909091,0.9979946524064172,0.005454545454545434,0.4,0.4,user7,T1,T1_kNN,calibration_FAR<=0.10,,0.0860655737704918,0.9838709677419355,2
0.9890909090909091,0.0,0.01090909090909091,0.9945155393053017,1.0,0.9890909090909091,0.9979946524064172,0.005454545454545434,0.4,0.4,user7,T1,T1_kNN,calibration_FAR<=0.10_floor_0.05,,0.0860655737704918,0.9838709677419355,2
0.8036363636363636,0.00980392156862745,0.19636363636363635,0.8875502008032129,0.9910313901345291,0.8036363636363636,0.8969162210338681,0.10308377896613193,1.0,0.5,user7,T1,T1_DecisionTree,default_0.5,,,,2
0.8036363636363636,0.00980392156862745,0.19636363636363635,0.8875502008032129,0.9910313901345291,0.8036363636363636,0.8969162210338681,0.10308377896613193,1.0,1.0,user7,T1,T1_DecisionTree,calibration_EER,0.09860303190551736,,,2
0.8036363636363636,0.00980392156862745,0.19636363636363635,0.8875502008032129,0.9910313901345291,0.8036363636363636,0.8969162210338681,0.10308377896613193,1.0,1.0,user7,T1,T1_DecisionTree,calibration_FAR<=0.10,,0.060109289617486336,0.8629032258064516,2
0.8036363636363636,0.00980392156862745,0.19636363636363635,0.8875502008032129,0.9910313901345291,0.8036363636363636,0.8969162210338681,0.10308377896613193,1.0,1.0,user7,T1,T1_DecisionTree,calibration_FAR<=0.10_floor_0.05,,0.060109289617486336,0.8629032258064516,2
0.9636363636363636,0.004901960784313725,0.03636363636363636,0.9796672828096118,0.9962406015037594,0.9636363636363636,0.9997682709447415,0.004269162210338693,0.26666666666666666,0.5,user7,T2,T2_RandomForest,default_0.5,,,,2
0.8872727272727273,0.0,0.11272727272727273,0.9402697495183044,1.0,0.8872727272727273,0.9997682709447415,0.004269162210338693,0.26666666666666666,0.6733333333333333,user7,T2,T2_RandomForest,calibration_EER,0.048100652212233364,,,2
1.0,0.0196078431372549,0.0,0.9927797833935018,0.985663082437276,1.0,0.9997682709447415,0.004269162210338693,0.26666666666666666,0.10666666666666667,user7,T2,T2_RandomForest,calibration_FAR<=0.10,,0.09972677595628415,0.9959677419354839,2
1.0,0.0196078431372549,0.0,0.9927797833935018,0.985663082437276,1.0,0.9997682709447415,0.004269162210338693,0.26666666666666666,0.10666666666666667,user7,T2,T2_RandomForest,calibration_FAR<=0.10_floor_0.05,,0.09972677595628415,0.9959677419354839,2
0.9672727272727273,0.0,0.03272727272727273,0.9833641404805915,1.0,0.9672727272727273,0.9999465240641712,0.0024509803921568627,0.15,0.5,user7,T2,T2_ExtraTrees,default_0.5,,,,2
0.8727272727272727,0.0,0.12727272727272726,0.9320388349514563,1.0,0.8727272727272727,0.9999465240641712,0.0024509803921568627,0.15,0.7133333333333334,user7,T2,T2_ExtraTrees,calibration_EER,0.0494667724308126,,,2
1.0,0.014705882352941176,0.0,0.9945750452079566,0.9892086330935251,1.0,0.9999465240641712,0.0024509803921568627,0.15,0.11666666666666667,user7,T2,T2_ExtraTrees,calibration_FAR<=0.10,,0.09972677595628415,0.9959677419354839,2
1.0,0.014705882352941176,0.0,0.9945750452079566,0.9892086330935251,1.0,0.9999465240641712,0.0024509803921568627,0.15,0.11666666666666667,user7,T2,T2_ExtraTrees,calibration_FAR<=0.10_floor_0.05,,0.09972677595628415,0.9959677419354839,2
0.9490909090909091,0.0,0.05090909090909091,0.9738805970149254,1.0,0.9490909090909091,0.9997326203208556,0.004269162210338693,0.04409366896692862,0.5,user7,T2,T2_GradientBoosting,default_0.5,,,,2
0.9018181818181819,0.0,0.09818181818181818,0.9483747609942639,1.0,0.9018181818181819,0.9997326203208556,0.004269162210338693,0.04409366896692862,0.7455371789952825,user7,T2,T2_GradientBoosting,calibration_EER,0.04335228274281683,,,2
0.9963636363636363,0.00980392156862745,0.0036363636363636364,0.9945553539019963,0.9927536231884058,0.9963636363636363,0.9997326203208556,0.004269162210338693,0.04409366896692862,0.0356817143997889,user7,T2,T2_GradientBoosting,calibration_FAR<=0.10,,0.09972677595628415,0.9959677419354839,2
0.9927272727272727,0.004901960784313725,0.007272727272727273,0.994535519125683,0.9963503649635036,0.9927272727272727,0.9997326203208556,0.004269162210338693,0.04409366896692862,0.05,user7,T2,T2_GradientBoosting,calibration_FAR<=0.10_floor_0.05,,0.09972677595628415,0.9959677419354839,2
0.9745454545454545,0.0,0.025454545454545455,0.9871086556169429,1.0,0.9745454545454545,0.9999821746880571,0.004269162210338693,0.033897485584020615,0.5,user7,T2,T2_XGBoost,default_0.5,,,,2
0.9454545454545454,0.0,0.05454545454545454,0.9719626168224299,1.0,0.9454545454545454,0.9999821746880571,0.004269162210338693,0.033897485584020615,0.7513381242752075,user7,T2,T2_XGBoost,calibration_EER,0.037270844350431855,,,2
1.0,0.0196078431372549,0.0,0.9927797833935018,0.985663082437276,1.0,0.9999821746880571,0.004269162210338693,0.033897485584020615,0.003384209470823407,user7,T2,T2_XGBoost,calibration_FAR<=0.10,,0.09972677595628415,0.9959677419354839,2
0.9890909090909091,0.0,0.01090909090909091,0.9945155393053017,1.0,0.9890909090909091,0.9999821746880571,0.004269162210338693,0.033897485584020615,0.05,user7,T2,T2_XGBoost,calibration_FAR<=0.10_floor_0.05,,0.09972677595628415,0.9959677419354839,2
0.9963636363636363,0.28431372549019607,0.0036363636363636364,0.9028006589785832,0.8253012048192772,0.9963636363636363,0.9952584670231729,0.020713012477718375,0.8126721978187561,0.5,user7,T3,T3_1D_CNN,default_0.5,,,,2
0.8290909090909091,0.004901960784313725,0.1709090909090909,0.9047619047619048,0.9956331877729258,0.8290909090909091,0.9952584670231729,0.020713012477718375,0.8126721978187561,0.906291127204895,user7,T3,T3_1D_CNN,calibration_EER,0.07112638815441567,,,2
0.9709090909090909,0.0196078431372549,0.02909090909090909,0.978021978021978,0.985239852398524,0.9709090909090909,0.9952584670231729,0.020713012477718375,0.8126721978187561,0.8222863078117371,user7,T3,T3_1D_CNN,calibration_FAR<=0.10,,0.09972677595628415,0.9879032258064516,2
0.9709090909090909,0.0196078431372549,0.02909090909090909,0.978021978021978,0.985239852398524,0.9709090909090909,0.9952584670231729,0.020713012477718375,0.8126721978187561,0.8222863078117371,user7,T3,T3_1D_CNN,calibration_FAR<=0.10_floor_0.05,,0.09972677595628415,0.9879032258064516,2
0.8333333333333334,0.05829596412556054,0.16666666666666666,0.8664259927797834,0.9022556390977443,0.8333333333333334,0.9143933731938214,0.12998256103637268,0.49039955916357664,0.5,user9,T0,T0_DistanceProfile,default_0.5,,,,2
0.8541666666666666,0.1210762331838565,0.14583333333333334,0.8367346938775511,0.82,0.8541666666666666,0.9143933731938214,0.12998256103637268,0.49039955916357664,0.4913310373391299,user9,T0,T0_DistanceProfile,calibration_EER,0.15363186489947056,,,2
0.8333333333333334,0.04932735426008968,0.16666666666666666,0.8727272727272727,0.916030534351145,0.8333333333333334,0.9143933731938214,0.12998256103637268,0.49039955916357664,0.5039946836113874,user9,T0,T0_DistanceProfile,calibration_FAR<=0.10,,0.09950859950859951,0.8169014084507042,2
0.8333333333333334,0.04932735426008968,0.16666666666666666,0.8727272727272727,0.916030534351145,0.8333333333333334,0.9143933731938214,0.12998256103637268,0.49039955916357664,0.5039946836113874,user9,T0,T0_DistanceProfile,calibration_FAR<=0.10_floor_0.05,,0.09950859950859951,0.8169014084507042,2
0.9583333333333334,0.004484304932735426,0.041666666666666664,0.9752650176678446,0.9928057553956835,0.9583333333333334,0.9991591928251121,0.007956527154957635,0.17579808795157348,0.5,user9,T1,T1_LogReg,default_0.5,,,,2
0.9027777777777778,0.0,0.09722222222222222,0.948905109489051,1.0,0.9027777777777778,0.9991591928251121,0.007956527154957635,0.17579808795157348,0.8071302398139328,user9,T1,T1_LogReg,calibration_EER,0.09843582378793644,,,2
0.9097222222222222,0.0,0.09027777777777778,0.9527272727272728,1.0,0.9097222222222222,0.9991591928251121,0.007956527154957635,0.17579808795157348,0.7877400643047713,user9,T1,T1_LogReg,calibration_FAR<=0.10,,0.09950859950859951,0.9154929577464789,2
0.9097222222222222,0.0,0.09027777777777778,0.9527272727272728,1.0,0.9097222222222222,0.9991591928251121,0.007956527154957635,0.17579808795157348,0.7877400643047713,user9,T1,T1_LogReg,calibration_FAR<=0.10_floor_0.05,,0.09950859950859951,0.9154929577464789,2
0.9027777777777778,0.004484304932735426,0.09722222222222222,0.9454545454545454,0.9923664122137404,0.9027777777777778,0.9986609367214748,0.018155206776282982,0.14590468598391493,0.5,user9,T1,T1_SVM_RBF,default_0.5,,,,2
0.9097222222222222,0.004484304932735426,0.09027777777777778,0.9492753623188406,0.9924242424242424,0.9097222222222222,0.9986609367214748,0.018155206776282982,0.14590468598391493,0.49170839861381077,user9,T1,T1_SVM_RBF,calibration_EER,0.07206630446067067,,,2
0.9513888888888888,0.008968609865470852,0.04861111111111111,0.9681978798586572,0.9856115107913669,0.9513888888888888,0.9986609367214748,0.018155206776282982,0.14590468598391493,0.3490300069772326,user9,T1,T1_SVM_RBF,calibration_FAR<=0.10,,0.09950859950859951,0.9647887323943662,2
0.9513888888888888,0.008968609865470852,0.04861111111111111,0.9681978798586572,0.9856115107913669,0.9513888888888888,0.9986609367214748,0.018155206776282982,0.14590468598391493,0.3490300069772326,user9,T1,T1_SVM_RBF,calibration_FAR<=0.10_floor_0.05,,0.09950859950859951,0.9647887323943662,2
0.8680555555555556,0.017937219730941704,0.13194444444444445,0.9157509157509157,0.9689922480620154,0.8680555555555556,0.9942077727952168,0.022857498754359745,0.4,0.5,user9,T1,T1_kNN,default_0.5,,,,2
0.8680555555555556,0.017937219730941704,0.13194444444444445,0.9157509157509157,0.9689922480620154,0.8680555555555556,0.9942077727952168,0.022857498754359745,0.4,0.6,user9,T1,T1_kNN,calibration_EER,0.11407758590857181,,,2
0.7152777777777778,0.008968609865470852,0.2847222222222222,0.8273092369477911,0.9809523809523809,0.7152777777777778,0.9942077727952168,0.022857498754359745,0.4,0.8,user9,T1,T1_kNN,calibration_FAR<=0.10,,0.07125307125307126,0.647887323943662,2
0.7152777777777778,0.008968609865470852,0.2847222222222222,0.8273092369477911,0.9809523809523809,0.7152777777777778,0.9942077727952168,0.022857498754359745,0.4,0.8,user9,T1,T1_kNN,calibration_FAR<=0.10_floor_0.05,,0.07125307125307126,0.647887323943662,2
0.8194444444444444,0.004484304932735426,0.18055555555555555,0.8973384030418251,0.9915966386554622,0.8194444444444444,0.9074800697558545,0.09251993024414551,1.0,0.5,user9,T1,T1_DecisionTree,default_0.5,,,,2
0.8194444444444444,0.004484304932735426,0.18055555555555555,0.8973384030418251,0.9915966386554622,0.8194444444444444,0.9074800697558545,0.09251993024414551,1.0,1.0,user9,T1,T1_DecisionTree,calibration_EER,0.14953109319306504,,,2
0.8194444444444444,0.004484304932735426,0.18055555555555555,0.8973384030418251,0.9915966386554622,0.8194444444444444,0.9074800697558545,0.09251993024414551,1.0,1.0,user9,T1,T1_DecisionTree,calibration_FAR<=0.10,,0.07371007371007371,0.7746478873239436,2
0.8194444444444444,0.004484304932735426,0.18055555555555555,0.8973384030418251,0.9915966386554622,0.8194444444444444,0.9074800697558545,0.09251993024414551,1.0,1.0,user9,T1,T1_DecisionTree,calibration_FAR<=0.10_floor_0.05,,0.07371007371007371,0.7746478873239436,2
0.8819444444444444,0.0,0.11805555555555555,0.9372693726937269,1.0,0.8819444444444444,0.9999377179870453,0.002242152466367713,0.12333333333333334,0.5,user9,T2,T2_RandomForest,default_0.5,,,,2
0.9166666666666666,0.0,0.08333333333333333,0.9565217391304348,1.0,0.9166666666666666,0.9999377179870453,0.002242152466367713,0.12333333333333334,0.41333333333333333,user9,T2,T2_RandomForest,calibration_EER,0.07083780323216944,,,2
0.9652777777777778,0.0,0.034722222222222224,0.9823321554770318,1.0,0.9652777777777778,0.9999377179870453,0.002242152466367713,0.12333333333333334,0.31333333333333335,user9,T2,T2_RandomForest,calibration_FAR<=0.10,,0.09950859950859951,0.9788732394366197,2
0.9652777777777778,0.0,0.034722222222222224,0.9823321554770318,1.0,0.9652777777777778,0.9999377179870453,0.002242152466367713,0.12333333333333334,0.31333333333333335,user9,T2,T2_RandomForest,calibration_FAR<=0.10_floor_0.05,,0.09950859950859951,0.9788732394366197,2
0.8958333333333334,0.0,0.10416666666666667,0.945054945054945,1.0,0.8958333333333334,0.9999999999999999,0.0,0.17666666666666667,0.5,user9,T2,T2_ExtraTrees,default_0.5,,,,2
0.9305555555555556,0.0,0.06944444444444445,0.9640287769784173,1.0,0.9305555555555556,0.9999999999999999,0.0,0.17666666666666667,0.4666666666666667,user9,T2,T2_ExtraTrees,calibration_EER,0.09245769457037062,,,2
0.9305555555555556,0.0,0.06944444444444445,0.9640287769784173,1.0,0.9305555555555556,0.9999999999999999,0.0,0.17666666666666667,0.4533333333333333,user9,T2,T2_ExtraTrees,calibration_FAR<=0.10,,0.09950859950859951,0.9084507042253521,2
0.9305555555555556,0.0,0.06944444444444445,0.9640287769784173,1.0,0.9305555555555556,0.9999999999999999,0.0,0.17666666666666667,0.4533333333333333,user9,T2,T2_ExtraTrees,calibration_FAR<=0.10_floor_0.05,,0.09950859950859951,0.9084507042253521,2
0.9027777777777778,0.0,0.09722222222222222,0.948905109489051,1.0,0.9027777777777778,0.9998131539611361,0.011428749377179845,0.0739244871388241,0.5,user9,T2,T2_GradientBoosting,default_0.5,,,,2
0.9305555555555556,0.0,0.06944444444444445,0.9640287769784173,1.0,0.9305555555555556,0.9998131539611361,0.011428749377179845,0.0739244871388241,0.39753158030916097,user9,T2,T2_GradientBoosting,calibration_EER,0.07743018306398589,,,2
0.9652777777777778,0.0,0.034722222222222224,0.9823321554770318,1.0,0.9652777777777778,0.9998131539611361,0.011428749377179845,0.0739244871388241,0.27405835218499996,user9,T2,T2_GradientBoosting,calibration_FAR<=0.10,,0.09950859950859951,0.9577464788732394,2
0.9652777777777778,0.0,0.034722222222222224,0.9823321554770318,1.0,0.9652777777777778,0.9998131539611361,0.011428749377179845,0.0739244871388241,0.27405835218499996,user9,T2,T2_GradientBoosting,calibration_FAR<=0.10_floor_0.05,,0.09950859950859951,0.9577464788732394,2
0.9305555555555556,0.0,0.06944444444444445,0.9640287769784173,1.0,0.9305555555555556,0.9997820129546587,0.00347222222222221,0.049523353576660156,0.5,user9,T2,T2_XGBoost,default_0.5,,,,2
0.9305555555555556,0.0,0.06944444444444445,0.9640287769784173,1.0,0.9305555555555556,0.9997820129546587,0.00347222222222221,0.049523353576660156,0.40264904499053955,user9,T2,T2_XGBoost,calibration_EER,0.07268055507492127,,,2
0.9583333333333334,0.0,0.041666666666666664,0.9787234042553191,1.0,0.9583333333333334,0.9997820129546587,0.00347222222222221,0.049523353576660156,0.2450682520866394,user9,T2,T2_XGBoost,calibration_FAR<=0.10,,0.09950859950859951,0.971830985915493,2
0.9583333333333334,0.0,0.041666666666666664,0.9787234042553191,1.0,0.9583333333333334,0.9997820129546587,0.00347222222222221,0.049523353576660156,0.2450682520866394,user9,T2,T2_XGBoost,calibration_FAR<=0.10_floor_0.05,,0.09950859950859951,0.971830985915493,2
1.0,0.21973094170403587,0.0,0.8545994065281899,0.7461139896373057,1.0,0.9928998505231689,0.03978263577478823,0.7148669362068176,0.5,user9,T3,T3_1D_CNN,default_0.5,,,,2
0.8472222222222222,0.008968609865470852,0.1527777777777778,0.9104477611940298,0.9838709677419355,0.8472222222222222,0.9928998505231689,0.03978263577478823,0.7148669362068176,0.8225913047790527,user9,T3,T3_1D_CNN,calibration_EER,0.18139426238017786,,,2
0.13194444444444445,0.0,0.8680555555555556,0.2331288343558282,1.0,0.13194444444444445,0.9928998505231689,0.03978263577478823,0.7148669362068176,0.9573270082473755,user9,T3,T3_1D_CNN,calibration_FAR<=0.10,,0.09950859950859951,0.11267605633802817,2
0.13194444444444445,0.0,0.8680555555555556,0.2331288343558282,1.0,0.13194444444444445,0.9928998505231689,0.03978263577478823,0.7148669362068176,0.9573270082473755,user9,T3,T3_1D_CNN,calibration_FAR<=0.10_floor_0.05,,0.09950859950859951,0.11267605633802817,2
