user,seed,source,session_id,gatekeeper,gate_threshold,gate_score,gate_accepted,anomaly_threshold,anomaly_score,anomaly_flagged,final_accepted
user12,0,Genuine,user12:session_0166199610,T2_RandomForest,0.6141262030570976,0.20796438835041242,False,0.03913981438489411,0.04074813902336272,False,False
user12,0,Genuine,user12:session_0195566274,T2_RandomForest,0.6141262030570976,0.6362823898154539,True,0.03913981438489411,-0.004297538981587468,False,True
user12,0,Genuine,user12:session_0611188910,T2_RandomForest,0.6141262030570976,0.48091006638953004,False,0.03913981438489411,0.0043408215996721955,False,False
user12,0,Genuine,user12:session_0831009063,T2_RandomForest,0.6141262030570976,0.7169374451417748,True,0.03913981438489411,0.022071775343574407,False,True
user12,0,Genuine,user12:session_0893120027,T2_RandomForest,0.6141262030570976,0.7030113280127875,True,0.03913981438489411,0.020829184387584743,False,True
user12,0,Genuine,user12:session_1178629549,T2_RandomForest,0.6141262030570976,0.5536747258109583,False,0.03913981438489411,-0.003114895202422918,False,False
user12,0,Genuine,user12:session_1843905203,T2_RandomForest,0.6141262030570976,0.694915018290841,True,0.03913981438489411,0.013129718600255913,False,True
user12,0,Genuine,user12:session_3226676976,T2_RandomForest,0.6141262030570976,0.594890439318928,False,0.03913981438489411,0.004040456066397913,False,False
user12,0,Genuine,user12:session_3230049516,T2_RandomForest,0.6141262030570976,0.5878144721565789,False,0.03913981438489411,0.018352867965171327,False,False
user12,0,Genuine,user12:session_3267760096,T2_RandomForest,0.6141262030570976,0.5506273600921737,False,0.03913981438489411,0.006146777376974333,False,False
user12,0,Genuine,user12:session_3360873587,T2_RandomForest,0.6141262030570976,0.594219519385514,False,0.03913981438489411,-0.024827227717585665,False,False
user12,0,Genuine,user12:session_3487526409,T2_RandomForest,0.6141262030570976,0.6778335376253585,True,0.03913981438489411,-0.008414669361948346,False,True
user12,0,Genuine,user12:session_3571551367,T2_RandomForest,0.6141262030570976,0.5936284210877215,False,0.03913981438489411,0.008261900737882355,False,False
user12,0,Genuine,user12:session_3657391768,T2_RandomForest,0.6141262030570976,0.6055782678140167,False,0.03913981438489411,0.01038586293177668,False,False
user12,0,Genuine,user12:session_3678562948,T2_RandomForest,0.6141262030570976,0.5697755250969966,False,0.03913981438489411,0.030537161803324442,False,False
user12,0,Genuine,user12:session_3807007352,T2_RandomForest,0.6141262030570976,0.7562295112726553,True,0.03913981438489411,0.002840781727081465,False,True
user12,0,Genuine,user12:session_3958419196,T2_RandomForest,0.6141262030570976,0.47195237536399226,False,0.03913981438489411,0.03085331713492323,False,False
user12,0,Genuine,user12:session_4414280148,T2_RandomForest,0.6141262030570976,0.7244476656894756,True,0.03913981438489411,0.005242992581123929,False,True
user12,0,Genuine,user12:session_4905082660,T2_RandomForest,0.6141262030570976,0.5804582167090149,False,0.03913981438489411,0.0378565995301402,False,False
user12,0,Genuine,user12:session_5035500864,T2_RandomForest,0.6141262030570976,0.7345578042064165,True,0.03913981438489411,0.014353940219733574,False,True
user12,0,Genuine,user12:session_5052301661,T2_RandomForest,0.6141262030570976,0.48319856865150096,False,0.03913981438489411,0.03625687507699715,False,False
user12,0,Genuine,user12:session_5088690608,T2_RandomForest,0.6141262030570976,0.7366593047138689,True,0.03913981438489411,-0.011334524189255901,False,True
user12,0,Genuine,user12:session_5256432882,T2_RandomForest,0.6141262030570976,0.5593533917825099,False,0.03913981438489411,0.011298847356515096,False,False
user12,0,Genuine,user12:session_5518980455,T2_RandomForest,0.6141262030570976,0.6829195421014322,True,0.03913981438489411,-0.03352212578318464,False,True
user12,0,Genuine,user12:session_5747551041,T2_RandomForest,0.6141262030570976,0.5773546335349113,False,0.03913981438489411,-0.00014592676966568296,False,False
user12,0,Genuine,user12:session_5771189096,T2_RandomForest,0.6141262030570976,0.5870396161175757,False,0.03913981438489411,-0.019990442254170515,False,False
user12,0,Genuine,user12:session_6142373482,T2_RandomForest,0.6141262030570976,0.4139929967050655,False,0.03913981438489411,0.03211982360307486,False,False
user12,0,Genuine,user12:session_6167829880,T2_RandomForest,0.6141262030570976,0.7439161805054588,True,0.03913981438489411,-0.0315727737509226,False,True
user12,0,Genuine,user12:session_6229277499,T2_RandomForest,0.6141262030570976,0.6197132903424306,True,0.03913981438489411,0.023005663670234267,False,True
user12,0,Genuine,user12:session_6237876052,T2_RandomForest,0.6141262030570976,0.6473671851408852,True,0.03913981438489411,0.0202089984160313,False,True
user12,0,Genuine,user12:session_6304072815,T2_RandomForest,0.6141262030570976,0.5250052348674932,False,0.03913981438489411,0.056434269257197744,False,False
user12,0,Genuine,user12:session_6446737316,T2_RandomForest,0.6141262030570976,0.5598213471559571,False,0.03913981438489411,-0.0034108204043630796,False,False
user12,0,Genuine,user12:session_6468388206,T2_RandomForest,0.6141262030570976,0.5615328457798382,False,0.03913981438489411,0.009474508748460009,False,False
user12,0,Genuine,user12:session_6721137284,T2_RandomForest,0.6141262030570976,0.39351369290176724,False,0.03913981438489411,0.022071775343574407,False,False
user12,0,Genuine,user12:session_6835186342,T2_RandomForest,0.6141262030570976,0.4792332431642672,False,0.03913981438489411,0.03625687507699715,False,False
user12,0,Genuine,user12:session_7168735362,T2_RandomForest,0.6141262030570976,0.6765902209055786,True,0.03913981438489411,0.014353940219733574,False,True
user12,0,Genuine,user12:session_7489987884,T2_RandomForest,0.6141262030570976,0.6186943989020278,True,0.03913981438489411,-0.0016326218936973391,False,True
user12,0,Genuine,user12:session_7575485743,T2_RandomForest,0.6141262030570976,0.5306090578346577,False,0.03913981438489411,0.005544074724577297,False,False
user12,0,Genuine,user12:session_7580547206,T2_RandomForest,0.6141262030570976,0.4969266371763493,False,0.03913981438489411,0.021139554584719833,False,False
user12,0,Genuine,user12:session_7583047056,T2_RandomForest,0.6141262030570976,0.597160972327873,False,0.03913981438489411,0.010081897209928359,False,False
user12,0,Genuine,user12:session_7907939720,T2_RandomForest,0.6141262030570976,0.4891081942917206,False,0.03913981438489411,0.02832934031772638,False,False
user12,0,Genuine,user12:session_7976664538,T2_RandomForest,0.6141262030570976,0.49642280741234507,False,0.03913981438489411,0.02927442225254251,False,False
user12,0,Genuine,user12:session_8199358611,T2_RandomForest,0.6141262030570976,0.5794599658777404,False,0.03913981438489411,-0.004887804891416714,False,False
user12,0,Genuine,user12:session_8291380356,T2_RandomForest,0.6141262030570976,0.5496738796876984,False,0.03913981438489411,0.0025413095584863044,False,False
user12,0,Genuine,user12:session_8361853378,T2_RandomForest,0.6141262030570976,0.5287367080531772,False,0.03913981438489411,0.014967145871901844,False,False
user12,0,Genuine,user12:session_8439712811,T2_RandomForest,0.6141262030570976,0.5661606757558014,False,0.03913981438489411,-0.01941818149968144,False,False
user12,0,Genuine,user12:session_8674602823,T2_RandomForest,0.6141262030570976,0.6376997166707509,True,0.03913981438489411,0.00795919996427863,False,True
user12,0,Genuine,user12:session_8680283238,T2_RandomForest,0.6141262030570976,0.6946253776866997,True,0.03913981438489411,0.015274022789274144,False,True
user12,0,Genuine,user12:session_9203064974,T2_RandomForest,0.6141262030570976,0.5590456618492313,False,0.03913981438489411,0.013741464752344834,False,False
user12,0,Genuine,user12:session_9387370115,T2_RandomForest,0.6141262030570976,0.6685689428330613,True,0.03913981438489411,0.0025413095584863044,False,True
user12,0,Genuine,user12:session_9506925023,T2_RandomForest,0.6141262030570976,0.4699115728171382,False,0.03913981438489411,0.03275420949564678,False,False
user12,0,Genuine,user12:session_9839818954,T2_RandomForest,0.6141262030570976,0.6582310157709845,True,0.03913981438489411,0.016811152647435934,False,True
user12,0,Genuine,user12:session_9899715696,T2_RandomForest,0.6141262030570976,0.5591275755732485,False,0.03913981438489411,0.015581082579365857,False,False
user12,0,Genuine,user12:session_9924186646,T2_RandomForest,0.6141262030570976,0.6264692810295589,True,0.03913981438489411,0.01897084108367819,False,True
user12,0,Genuine,user12:session_9932324920,T2_RandomForest,0.6141262030570976,0.5104268520176696,False,0.03913981438489411,0.022071775343574407,False,False
user12,0,Genuine,user12:session_9973193301,T2_RandomForest,0.6141262030570976,0.8590655169138048,True,0.03913981438489411,0.0001519440330807198,False,True
user12,0,HumanImpostor,user12:session_0126772600,T2_RandomForest,0.6141262030570976,0.18970743761716463,False,0.03913981438489411,0.023005663670234267,False,False
user12,0,HumanImpostor,user12:session_0170625567,T2_RandomForest,0.6141262030570976,0.43821380896882955,False,0.03913981438489411,0.016811152647435934,False,False
user12,0,HumanImpostor,user12:session_0172860263,T2_RandomForest,0.6141262030570976,0.42370067874584155,False,0.03913981438489411,0.022071775343574407,False,False
user12,0,HumanImpostor,user12:session_0172989910,T2_RandomForest,0.6141262030570976,0.5211638613982572,False,0.03913981438489411,0.03721613788218503,False,False
user12,0,HumanImpostor,user12:session_0718520474,T2_RandomForest,0.6141262030570976,0.25719203145530745,False,0.03913981438489411,0.038177116628318686,False,False
user12,0,HumanImpostor,user12:session_1196335015,T2_RandomForest,0.6141262030570976,0.5003227752740846,False,0.03913981438489411,0.012518700895022605,False,False
user12,0,HumanImpostor,user12:session_1656689994,T2_RandomForest,0.6141262030570976,0.5587225882893094,False,0.03913981438489411,-0.010168669204649317,False,False
user12,0,HumanImpostor,user12:session_1928096865,T2_RandomForest,0.6141262030570976,0.18495086196259675,False,0.03913981438489411,0.022694182092012016,False,False
user12,0,HumanImpostor,user12:session_2116060291,T2_RandomForest,0.6141262030570976,0.30065883063763665,False,0.03913981438489411,0.026757952394332762,False,False
user12,0,HumanImpostor,user12:session_2177337196,T2_RandomForest,0.6141262030570976,0.022251490277364668,False,0.03913981438489411,0.044627720614115796,False,False
user12,0,HumanImpostor,user12:session_2726751248,T2_RandomForest,0.6141262030570976,0.515022901741077,False,0.03913981438489411,0.037536273319323965,False,False
user12,0,HumanImpostor,user12:session_2923450227,T2_RandomForest,0.6141262030570976,0.32059567962023505,False,0.03913981438489411,0.018044157408852013,False,False
user12,0,HumanImpostor,user12:session_3315925736,T2_RandomForest,0.6141262030570976,0.48025245219819485,False,0.03913981438489411,0.023629183787415853,False,False
user12,0,HumanImpostor,user12:session_3387344935,T2_RandomForest,0.6141262030570976,0.33658964363590926,False,0.03913981438489411,-0.0016326218936973391,False,False
user12,0,HumanImpostor,user12:session_3683562482,T2_RandomForest,0.6141262030570976,0.20488058216816007,False,0.03913981438489411,0.038177116628318686,False,False
user12,0,HumanImpostor,user12:session_4066543084,T2_RandomForest,0.6141262030570976,0.00747315559019738,False,0.03913981438489411,0.05214155559559519,False,False
user12,0,HumanImpostor,user12:session_4091639526,T2_RandomForest,0.6141262030570976,0.3884253091785179,False,0.03913981438489411,0.0340252511007042,False,False
user12,0,HumanImpostor,user12:session_4157921188,T2_RandomForest,0.6141262030570976,0.07913402435028592,False,0.03913981438489411,0.0314861931160042,False,False
user12,0,HumanImpostor,user12:session_4383618618,T2_RandomForest,0.6141262030570976,0.12211641881512994,False,0.03913981438489411,0.019899182421506567,False,False
user12,0,HumanImpostor,user12:session_4498932663,T2_RandomForest,0.6141262030570976,0.36788854134421345,False,0.03913981438489411,0.02425344725665557,False,False
user12,0,HumanImpostor,user12:session_4876159319,T2_RandomForest,0.6141262030570976,0.4399211202480429,False,0.03913981438489411,-0.007535315557506528,False,False
user12,0,HumanImpostor,user12:session_4970622399,T2_RandomForest,0.6141262030570976,0.12985148004046196,False,0.03913981438489411,0.04074813902336272,False,False
user12,0,HumanImpostor,user12:session_5046103917,T2_RandomForest,0.6141262030570976,0.4514660655891013,False,0.03913981438489411,-0.018271612453279518,False,False
user12,0,HumanImpostor,user12:session_5269540222,T2_RandomForest,0.6141262030570976,0.36815631152936706,False,0.03913981438489411,0.01897084108367819,False,False
user12,0,HumanImpostor,user12:session_5346999982,T2_RandomForest,0.6141262030570976,0.2505994320263854,False,0.03913981438489411,0.01282411874601963,False,False
user12,0,HumanImpostor,user12:session_5352520893,T2_RandomForest,0.6141262030570976,0.5199671623252764,False,0.03913981438489411,0.013129718600255913,False,False
user12,0,HumanImpostor,user12:session_5466872812,T2_RandomForest,0.6141262030570976,0.281695890997478,False,0.03913981438489411,0.027700223411364022,False,False
user12,0,HumanImpostor,user12:session_5476317070,T2_RandomForest,0.6141262030570976,0.05998063993678792,False,0.03913981438489411,0.043007857097916324,False,False
user12,0,HumanImpostor,user12:session_5577188457,T2_RandomForest,0.6141262030570976,0.49434260582041156,False,0.03913981438489411,0.03721613788218503,False,False
user12,0,HumanImpostor,user12:session_6186753676,T2_RandomForest,0.6141262030570976,0.43213073682760883,False,0.03913981438489411,0.0049420897503390515,False,False
user12,0,HumanImpostor,user12:session_6695269196,T2_RandomForest,0.6141262030570976,0.3469387876823019,False,0.03913981438489411,0.03561831832741158,False,False
user12,0,HumanImpostor,user12:session_6965771386,T2_RandomForest,0.6141262030570976,0.38158751533284907,False,0.03913981438489411,0.010081897209928359,False,False
user12,0,HumanImpostor,user12:session_6974460768,T2_RandomForest,0.6141262030570976,0.2839200380548278,False,0.03913981438489411,0.00464136612543109,False,False
user12,0,HumanImpostor,user12:session_7251443361,T2_RandomForest,0.6141262030570976,0.33649679044450354,False,0.03913981438489411,0.06478351597541543,False,False
user12,0,HumanImpostor,user12:session_7454853209,T2_RandomForest,0.6141262030570976,0.15842336456869555,False,0.03913981438489411,0.04010423422689813,False,False
user12,0,HumanImpostor,user12:session_7562248450,T2_RandomForest,0.6141262030570976,0.27309069762812255,False,0.03913981438489411,0.038497824727612207,False,False
user12,0,HumanImpostor,user12:session_7614908860,T2_RandomForest,0.6141262030570976,0.47630532144479315,False,0.03913981438489411,0.04788195885650903,False,False
user12,0,HumanImpostor,user12:session_7684485021,T2_RandomForest,0.6141262030570976,0.30764248456364146,False,0.03913981438489411,0.021139554584719833,False,False
user12,0,HumanImpostor,user12:session_7772954143,T2_RandomForest,0.6141262030570976,0.3983762806593326,False,0.03913981438489411,0.01404761126730858,False,False
user12,0,HumanImpostor,user12:session_7914718036,T2_RandomForest,0.6141262030570976,0.141007666918346,False,0.03913981438489411,0.04984382778819341,False,False
user12,0,HumanImpostor,user12:session_8014286229,T2_RandomForest,0.6141262030570976,0.3032592061555946,False,0.03913981438489411,0.01711912843707486,False,False
user12,0,HumanImpostor,user12:session_8200552592,T2_RandomForest,0.6141262030570976,0.22770756436661443,False,0.03913981438489411,-0.005477367932344213,False,False
user12,0,HumanImpostor,user12:session_8271683052,T2_RandomForest,0.6141262030570976,0.373533023185697,False,0.03913981438489411,0.021760849952464634,False,False
user12,0,HumanImpostor,user12:session_8689827198,T2_RandomForest,0.6141262030570976,0.6547436232589947,True,0.03913981438489411,-0.016546627825184068,False,True
user12,0,HumanImpostor,user12:session_8701118698,T2_RandomForest,0.6141262030570976,0.2761807918881291,False,0.03913981438489411,0.043007857097916324,False,False
user12,0,HumanImpostor,user12:session_8950902312,T2_RandomForest,0.6141262030570976,0.4546110253741039,False,0.03913981438489411,0.03085331713492323,False,False
user12,0,HumanImpostor,user12:session_9072596713,T2_RandomForest,0.6141262030570976,0.09932124789667766,False,0.03913981438489411,0.023941222547664842,False,False
user12,0,HumanImpostor,user12:session_9693789671,T2_RandomForest,0.6141262030570976,0.1214580535112042,False,0.03913981438489411,0.03085331713492323,False,False
user12,0,HumanImpostor,user12:session_9816302916,T2_RandomForest,0.6141262030570976,0.7781384669784526,True,0.03913981438489411,0.01404761126730858,False,True
user12,0,WindMouse,windmouse:0,T2_RandomForest,0.6141262030570976,0.13163001619389014,False,0.03913981438489411,0.05610287891784871,False,False
user12,0,WindMouse,windmouse:1,T2_RandomForest,0.6141262030570976,0.13404256830194483,False,0.03913981438489411,0.052470585320874896,False,False
user12,0,WindMouse,windmouse:2,T2_RandomForest,0.6141262030570976,0.14943547328164322,False,0.03913981438489411,0.056434269257197744,False,False
user12,0,WindMouse,windmouse:3,T2_RandomForest,0.6141262030570976,0.12548478362978546,False,0.03913981438489411,0.05975905352699795,False,False
user12,0,WindMouse,windmouse:4,T2_RandomForest,0.6141262030570976,0.13008069364895528,False,0.03913981438489411,0.050499343993368195,False,False
user12,0,WindMouse,windmouse:5,T2_RandomForest,0.6141262030570976,0.13897147684872213,False,0.03913981438489411,0.044952272728473575,False,False
user12,0,WindMouse,windmouse:6,T2_RandomForest,0.6141262030570976,0.13523951733128306,False,0.03913981438489411,0.047229559346006256,False,False
user12,0,WindMouse,windmouse:7,T2_RandomForest,0.6141262030570976,0.13542158753035513,False,0.03913981438489411,0.05378866612999322,False,False
user12,0,WindMouse,windmouse:8,T2_RandomForest,0.6141262030570976,0.15719517894428472,False,0.03913981438489411,0.060092622637560766,False,False
user12,0,WindMouse,windmouse:9,T2_RandomForest,0.6141262030570976,0.09098612539737413,False,0.03913981438489411,0.051155641695894705,False,False
user12,0,WindMouse,windmouse:10,T2_RandomForest,0.6141262030570976,0.1284055706421224,False,0.03913981438489411,0.053129233110042695,False,False
user12,0,WindMouse,windmouse:11,T2_RandomForest,0.6141262030570976,0.13155422402018277,False,0.03913981438489411,0.05875953768588338,False,False
user12,0,WindMouse,windmouse:12,T2_RandomForest,0.6141262030570976,0.11790760129717132,False,0.03913981438489411,0.059425683077061975,False,False
user12,0,WindMouse,windmouse:13,T2_RandomForest,0.6141262030570976,0.14037223905437338,False,0.03913981438489411,0.05809418551835477,False,False
user12,0,WindMouse,windmouse:14,T2_RandomForest,0.6141262030570976,0.1295150540628374,False,0.03913981438489411,0.06042639052713539,False,False
user12,0,WindMouse,windmouse:15,T2_RandomForest,0.6141262030570976,0.1340818511127437,False,0.03913981438489411,0.0551098916079239,False,False
user12,0,WindMouse,windmouse:16,T2_RandomForest,0.6141262030570976,0.13471598557265424,False,0.03913981438489411,0.05676585707719517,False,False
user12,0,WindMouse,windmouse:17,T2_RandomForest,0.6141262030570976,0.1402823487272747,False,0.03913981438489411,0.05676585707719517,False,False
user12,0,WindMouse,windmouse:18,T2_RandomForest,0.6141262030570976,0.11456711757132594,False,0.03913981438489411,0.05909251116943848,False,False
user12,0,WindMouse,windmouse:19,T2_RandomForest,0.6141262030570976,0.14119738775260926,False,0.03913981438489411,0.05975905352699795,False,False
user12,0,SapiAgent,sapiagent:0,T2_RandomForest,0.6141262030570976,0.26099881601041947,False,0.03913981438489411,0.05017148826179918,False,False
user12,0,SapiAgent,sapiagent:1,T2_RandomForest,0.6141262030570976,0.24157804272064298,False,0.03913981438489411,0.05378866612999322,False,False
user12,0,SapiAgent,sapiagent:2,T2_RandomForest,0.6141262030570976,0.20775331794202953,False,0.03913981438489411,0.056434269257197744,False,False
user12,0,SapiAgent,sapiagent:3,T2_RandomForest,0.6141262030570976,0.20870609468724077,False,0.03913981438489411,0.05345885140768736,False,False
user12,0,SapiAgent,sapiagent:4,T2_RandomForest,0.6141262030570976,0.22280008423328843,False,0.03913981438489411,0.05214155559559519,False,False
user12,0,SapiAgent,sapiagent:5,T2_RandomForest,0.6141262030570976,0.2510845937024075,False,0.03913981438489411,0.04984382778819341,False,False
user12,0,SapiAgent,sapiagent:6,T2_RandomForest,0.6141262030570976,0.22833474435474302,False,0.03913981438489411,0.0482084502219593,False,False
user12,0,SapiAgent,sapiagent:7,T2_RandomForest,0.6141262030570976,0.22346836559201322,False,0.03913981438489411,0.05809418551835477,False,False
user12,0,SapiAgent,sapiagent:8,T2_RandomForest,0.6141262030570976,0.26288488740809807,False,0.03913981438489411,0.047229559346006256,False,False
user12,0,SapiAgent,sapiagent:9,T2_RandomForest,0.6141262030570976,0.2302347389381313,False,0.03913981438489411,0.046903650969414734,False,False
user12,0,SapiAgent,sapiagent:10,T2_RandomForest,0.6141262030570976,0.252417081878555,False,0.03913981438489411,0.053129233110042695,False,False
user12,0,SapiAgent,sapiagent:11,T2_RandomForest,0.6141262030570976,0.2027710239308633,False,0.03913981438489411,0.04951636245626301,False,False
user12,0,SapiAgent,sapiagent:12,T2_RandomForest,0.6141262030570976,0.23849764979430355,False,0.03913981438489411,0.04430336179021699,False,False
user12,0,SapiAgent,sapiagent:13,T2_RandomForest,0.6141262030570976,0.23375927360069004,False,0.03913981438489411,0.05411867739401266,False,False
user12,0,SapiAgent,sapiagent:14,T2_RandomForest,0.6141262030570976,0.18668761862979735,False,0.03913981438489411,0.05148408389977477,False,False
user12,0,SapiAgent,sapiagent:15,T2_RandomForest,0.6141262030570976,0.24826044407249606,False,0.03913981438489411,0.051155641695894705,False,False
user12,0,SapiAgent,sapiagent:16,T2_RandomForest,0.6141262030570976,0.24554873774526395,False,0.03913981438489411,0.05082739509925793,False,False
user12,0,SapiAgent,sapiagent:17,T2_RandomForest,0.6141262030570976,0.22116387806688934,False,0.03913981438489411,0.05017148826179918,False,False
user12,0,SapiAgent,sapiagent:18,T2_RandomForest,0.6141262030570976,0.22037611473334776,False,0.03913981438489411,0.05378866612999322,False,False
user12,0,SapiAgent,sapiagent:19,T2_RandomForest,0.6141262030570976,0.24388646553139257,False,0.03913981438489411,0.05676585707719517,False,False
user12,0,DMTG_Inspired,unknown_user:session_0,T2_RandomForest,0.6141262030570976,0.1665178040767972,False,0.03913981438489411,0.05411867739401266,False,False
user12,0,DMTG_Inspired,unknown_user:session_1,T2_RandomForest,0.6141262030570976,0.14397938152153802,False,0.03913981438489411,0.045927089966492085,False,False
user12,0,DMTG_Inspired,unknown_user:session_2,T2_RandomForest,0.6141262030570976,0.16211057908557472,False,0.03913981438489411,0.04853513614868321,False,False
user12,0,DMTG_Inspired,unknown_user:session_3,T2_RandomForest,0.6141262030570976,0.1481454020348352,False,0.03913981438489411,0.05148408389977477,False,False
user12,0,DMTG_Inspired,unknown_user:session_4,T2_RandomForest,0.6141262030570976,0.14715430264806698,False,0.03913981438489411,0.05345885140768736,False,False
user12,0,DMTG_Inspired,unknown_user:session_5,T2_RandomForest,0.6141262030570976,0.15039614472330864,False,0.03913981438489411,0.0378565995301402,False,False
user12,0,DMTG_Inspired,unknown_user:session_6,T2_RandomForest,0.6141262030570976,0.16990736659108172,False,0.03913981438489411,0.0482084502219593,False,False
user12,0,DMTG_Inspired,unknown_user:session_7,T2_RandomForest,0.6141262030570976,0.19787910108807716,False,0.03913981438489411,0.04203825249465143,False,False
user12,0,DMTG_Inspired,unknown_user:session_8,T2_RandomForest,0.6141262030570976,0.16796458018132113,False,0.03913981438489411,0.038497824727612207,False,False
user12,0,DMTG_Inspired,unknown_user:session_9,T2_RandomForest,0.6141262030570976,0.16012514157489374,False,0.03913981438489411,0.039782569413364444,False,False
user12,0,DMTG_Inspired,unknown_user:session_10,T2_RandomForest,0.6141262030570976,0.15060954338939467,False,0.03913981438489411,0.04755566193645944,False,False
user12,0,DMTG_Inspired,unknown_user:session_11,T2_RandomForest,0.6141262030570976,0.15548270402825717,False,0.03913981438489411,0.043331443910455625,False,False
user12,0,DMTG_Inspired,unknown_user:session_12,T2_RandomForest,0.6141262030570976,0.1620046758068964,False,0.03913981438489411,0.047229559346006256,False,False
user12,0,DMTG_Inspired,unknown_user:session_13,T2_RandomForest,0.6141262030570976,0.13498487537244344,False,0.03913981438489411,0.05345885140768736,False,False
user12,0,DMTG_Inspired,unknown_user:session_14,T2_RandomForest,0.6141262030570976,0.15469488019718283,False,0.03913981438489411,0.048862016752622806,False,False
user12,0,DMTG_Inspired,unknown_user:session_15,T2_RandomForest,0.6141262030570976,0.1191290640060972,False,0.03913981438489411,0.05577168594153614,False,False
user12,0,DMTG_Inspired,unknown_user:session_16,T2_RandomForest,0.6141262030570976,0.13112136844970115,False,0.03913981438489411,0.0417154358559958,False,False
user12,0,DMTG_Inspired,unknown_user:session_17,T2_RandomForest,0.6141262030570976,0.14425314857917132,False,0.03913981438489411,0.052799811120076146,False,False
user12,0,DMTG_Inspired,unknown_user:session_18,T2_RandomForest,0.6141262030570976,0.14792867814171953,False,0.03913981438489411,0.046252416395220486,False,False
user12,0,DMTG_Inspired,unknown_user:session_19,T2_RandomForest,0.6141262030570976,0.14542205175515704,False,0.03913981438489411,0.03913981438489411,False,False
user15,0,Genuine,user15:session_0510406466,T2_RandomForest,0.5904267947982763,0.49062830583608397,False,-0.0045357742187775996,-0.01116796398795572,False,False
user15,0,Genuine,user15:session_0797370695,T2_RandomForest,0.5904267947982763,0.622339216871025,True,-0.0045357742187775996,-0.05483981920556702,False,True
user15,0,Genuine,user15:session_0864574884,T2_RandomForest,0.5904267947982763,0.475985941696189,False,-0.0045357742187775996,-0.02238263395776685,False,False
user15,0,Genuine,user15:session_1016856509,T2_RandomForest,0.5904267947982763,0.601050841451082,True,-0.0045357742187775996,-0.0004385503509852229,True,False
user15,0,Genuine,user15:session_1324126678,T2_RandomForest,0.5904267947982763,0.5966850762374414,True,-0.0045357742187775996,-0.019872991623090308,False,True
user15,0,Genuine,user15:session_1567411744,T2_RandomForest,0.5904267947982763,0.534263934596945,False,-0.0045357742187775996,0.019004835279134102,False,False
user15,0,Genuine,user15:session_1824070206,T2_RandomForest,0.5904267947982763,0.5198584470787272,False,-0.0045357742187775996,-0.021666934869437215,False,False
user15,0,Genuine,user15:session_1876247964,T2_RandomForest,0.5904267947982763,0.3302920371950816,False,-0.0045357742187775996,-0.015540029466565075,False,False
user15,0,Genuine,user15:session_2099251918,T2_RandomForest,0.5904267947982763,0.428086192967448,False,-0.0045357742187775996,0.030396514111657225,False,False
user15,0,Genuine,user15:session_2613999059,T2_RandomForest,0.5904267947982763,0.6601048512644574,True,-0.0045357742187775996,-0.051494494867586615,False,True
user15,0,Genuine,user15:session_3102058551,T2_RandomForest,0.5904267947982763,0.232573822171455,False,-0.0045357742187775996,-0.016988677663374696,False,False
user15,0,Genuine,user15:session_3343831517,T2_RandomForest,0.5904267947982763,0.4351576068166218,False,-0.0045357742187775996,-0.04061958507279434,False,False
user15,0,Genuine,user15:session_3393326634,T2_RandomForest,0.5904267947982763,0.5343265113815292,False,-0.0045357742187775996,0.014362907262167268,False,False
user15,0,Genuine,user15:session_3641521673,T2_RandomForest,0.5904267947982763,0.33271663202774826,False,-0.0045357742187775996,-0.03368926698642705,False,False
user15,0,Genuine,user15:session_3704248627,T2_RandomForest,0.5904267947982763,0.4471708417563758,False,-0.0045357742187775996,-0.025945098588811832,False,False
user15,0,Genuine,user15:session_3814755566,T2_RandomForest,0.5904267947982763,0.7247413683204491,True,-0.0045357742187775996,-0.04438725850267672,False,True
user15,0,Genuine,user15:session_3879503861,T2_RandomForest,0.5904267947982763,0.5678864245340436,False,-0.0045357742187775996,-0.03438697783024047,False,False
user15,0,Genuine,user15:session_4119002624,T2_RandomForest,0.5904267947982763,0.6162483416623958,True,-0.0045357742187775996,-0.03508364473406478,False,True
user15,0,Genuine,user15:session_4659905162,T2_RandomForest,0.5904267947982763,0.5749433201853092,False,-0.0045357742187775996,-0.01116796398795572,False,False
user15,0,Genuine,user15:session_4687655362,T2_RandomForest,0.5904267947982763,0.5721215861126578,False,-0.0045357742187775996,-0.0357792692598804,False,False
user15,0,Genuine,user15:session_5269315187,T2_RandomForest,0.5904267947982763,0.7309892087271902,True,-0.0045357742187775996,0.010144287146819475,True,False
user15,0,Genuine,user15:session_5700842190,T2_RandomForest,0.5904267947982763,0.6388785818791831,True,-0.0045357742187775996,-0.02842300178689333,False,True
user15,0,Genuine,user15:session_6112730640,T2_RandomForest,0.5904267947982763,0.48525543191691245,False,-0.0045357742187775996,-0.0357792692598804,False,False
user15,0,Genuine,user15:session_6189139492,T2_RandomForest,0.5904267947982763,0.5994629264260416,True,-0.0045357742187775996,-0.045409432098734104,False,True
user15,0,Genuine,user15:session_6303895598,T2_RandomForest,0.5904267947982763,0.37042179191909985,False,-0.0045357742187775996,-0.0004385503509852229,False,False
user15,0,Genuine,user15:session_6349231133,T2_RandomForest,0.5904267947982763,0.5618015030787501,False,-0.0045357742187775996,-0.04778559447711472,False,False
user15,0,Genuine,user15:session_6509364535,T2_RandomForest,0.5904267947982763,0.48194028030890895,False,-0.0045357742187775996,-0.05517297618706368,False,False
user15,0,Genuine,user15:session_6679825465,T2_RandomForest,0.5904267947982763,0.4241432794457359,False,-0.0045357742187775996,-0.03508364473406478,False,False
user15,0,Genuine,user15:session_6869635181,T2_RandomForest,0.5904267947982763,0.5208589626747231,False,-0.0045357742187775996,-0.054172756493431395,False,False
user15,0,Genuine,user15:session_6873559742,T2_RandomForest,0.5904267947982763,0.5093338839544015,False,-0.0045357742187775996,-0.02842300178689333,False,False
user15,0,Genuine,user15:session_7071815036,T2_RandomForest,0.5904267947982763,0.47797617585341573,False,-0.0045357742187775996,-0.05216556489082752,False,False
user15,0,Genuine,user15:session_7096197451,T2_RandomForest,0.5904267947982763,0.6442572247056932,True,-0.0045357742187775996,0.01167431256757534,True,False
user15,0,Genuine,user15:session_7394343234,T2_RandomForest,0.5904267947982763,0.6096813584678084,True,-0.0045357742187775996,-0.03473544167697268,False,True
user15,0,Genuine,user15:session_7690305433,T2_RandomForest,0.5904267947982763,0.6946157786857158,True,-0.0045357742187775996,-0.04981241708427031,False,True
user15,0,Genuine,user15:session_7779665504,T2_RandomForest,0.5904267947982763,0.3847408081141814,False,-0.0045357742187775996,-0.023097262191450696,False,False
user15,0,Genuine,user15:session_7800181258,T2_RandomForest,0.5904267947982763,0.8440820101395347,True,-0.0045357742187775996,-0.03751378040004877,False,True
user15,0,Genuine,user15:session_7967310508,T2_RandomForest,0.5904267947982763,0.37000905214090424,False,-0.0045357742187775996,0.01167431256757534,False,False
user15,0,Genuine,user15:session_7979911880,T2_RandomForest,0.5904267947982763,0.5065505514713069,False,-0.0045357742187775996,-0.029128592205582393,False,False
user15,0,Genuine,user15:session_8423329764,T2_RandomForest,0.5904267947982763,0.4572270708983048,False,-0.0045357742187775996,-0.034038252998547514,False,False
user15,0,Genuine,user15:session_8691825471,T2_RandomForest,0.5904267947982763,0.47869869396781545,False,-0.0045357742187775996,0.022513752050962288,False,False
user15,0,Genuine,user15:session_9411417025,T2_RandomForest,0.5904267947982763,0.44752848348447194,False,-0.0045357742187775996,-0.05115858285623048,False,False
user15,0,Genuine,user15:session_9505884451,T2_RandomForest,0.5904267947982763,0.6122699679019973,True,-0.0045357742187775996,-0.039931213653462805,False,True
user15,0,Genuine,user15:session_9729063367,T2_RandomForest,0.5904267947982763,0.2873898049592189,False,-0.0045357742187775996,-0.03264073991063393,False,False
user15,0,Genuine,user15:session_9809839685,T2_RandomForest,0.5904267947982763,0.6931294780422023,True,-0.0045357742187775996,-0.035431587196691205,False,True
user15,0,Genuine,user15:session_9921687223,T2_RandomForest,0.5904267947982763,0.37568658189213716,False,-0.0045357742187775996,0.0003100314626141021,False,False
user15,0,HumanImpostor,user15:session_0003960194,T2_RandomForest,0.5904267947982763,0.009479931148516935,False,-0.0045357742187775996,0.026834661018259376,False,False
user15,0,HumanImpostor,user15:session_0128859274,T2_RandomForest,0.5904267947982763,0.15687447301283738,False,-0.0045357742187775996,-0.026299880320942493,False,False
user15,0,HumanImpostor,user15:session_0280517098,T2_RandomForest,0.5904267947982763,0.09315010079498677,False,-0.0045357742187775996,-0.007125584778574723,False,False
user15,0,HumanImpostor,user15:session_0305187451,T2_RandomForest,0.5904267947982763,0.13660804813467037,False,-0.0045357742187775996,-0.023454175238597608,False,False
user15,0,HumanImpostor,user15:session_0326724732,T2_RandomForest,0.5904267947982763,0.4261033360719907,False,-0.0045357742187775996,0.005203230742735876,False,False
user15,0,HumanImpostor,user15:session_0612796637,T2_RandomForest,0.5904267947982763,0.29247062982375216,False,-0.0045357742187775996,-0.043362786489242855,False,False
user15,0,HumanImpostor,user15:session_0647531474,T2_RandomForest,0.5904267947982763,0.24159810870079418,False,-0.0045357742187775996,0.015905585173952907,False,False
user15,0,HumanImpostor,user15:session_0719528275,T2_RandomForest,0.5904267947982763,0.18099045262744473,False,-0.0045357742187775996,0.026046392102564986,False,False
user15,0,HumanImpostor,user15:session_0861337889,T2_RandomForest,0.5904267947982763,0.17660566105269962,False,-0.0045357742187775996,-0.027716354056524783,False,False
user15,0,HumanImpostor,user15:session_1149922141,T2_RandomForest,0.5904267947982763,0.5455977835832043,False,-0.0045357742187775996,-0.027008647430118604,False,False
user15,0,HumanImpostor,user15:session_1316321566,T2_RandomForest,0.5904267947982763,0.20753284438971625,False,-0.0045357742187775996,-0.04061958507279434,False,False
user15,0,HumanImpostor,user15:session_1618522149,T2_RandomForest,0.5904267947982763,0.008051306827331291,False,-0.0045357742187775996,0.004825137663754142,False,False
user15,0,HumanImpostor,user15:session_1649882646,T2_RandomForest,0.5904267947982763,0.16694594673125604,False,-0.0045357742187775996,-0.0004385503509852229,False,False
user15,0,HumanImpostor,user15:session_1750509621,T2_RandomForest,0.5904267947982763,0.21212219492052156,False,-0.0045357742187775996,-0.01879339784052969,False,False
user15,0,HumanImpostor,user15:session_1854610785,T2_RandomForest,0.5904267947982763,0.18170330334572793,False,-0.0045357742187775996,-0.030536607433506224,False,False
user15,0,HumanImpostor,user15:session_1968614536,T2_RandomForest,0.5904267947982763,0.14413917775701898,False,-0.0045357742187775996,-0.03473544167697268,False,False
user15,0,HumanImpostor,user15:session_2203453961,T2_RandomForest,0.5904267947982763,0.23512573014729735,False,-0.0045357742187775996,0.011291376544006915,False,False
user15,0,HumanImpostor,user15:session_2375808482,T2_RandomForest,0.5904267947982763,0.09282042784769838,False,-0.0045357742187775996,-0.024523312501488037,False,False
user15,0,HumanImpostor,user15:session_2694965772,T2_RandomForest,0.5904267947982763,0.06279086371733357,False,-0.0045357742187775996,-0.02948099141751087,False,False
user15,0,HumanImpostor,user15:session_2730276507,T2_RandomForest,0.5904267947982763,0.1642528491013818,False,-0.0045357742187775996,-0.02806981018463578,False,False
user15,0,HumanImpostor,user15:session_2931074825,T2_RandomForest,0.5904267947982763,0.2365042555989405,False,-0.0045357742187775996,-6.439955589510049e-05,False,False
user15,0,HumanImpostor,user15:session_2953697423,T2_RandomForest,0.5904267947982763,0.0601865098047266,False,-0.0045357742187775996,0.005203230742735876,False,False
user15,0,HumanImpostor,user15:session_3014121416,T2_RandomForest,0.5904267947982763,0.17352863217981074,False,-0.0045357742187775996,-0.03958664122432792,False,False
user15,0,HumanImpostor,user15:session_3051589624,T2_RandomForest,0.5904267947982763,0.2718383193506468,False,-0.0045357742187775996,-0.021308683253420335,False,False
user15,0,HumanImpostor,user15:session_3077149461,T2_RandomForest,0.5904267947982763,0.1508339932054242,False,-0.0045357742187775996,-0.006756442294773679,False,False
user15,0,HumanImpostor,user15:session_3155649031,T2_RandomForest,0.5904267947982763,0.2663469820287438,False,-0.0045357742187775996,-0.03855137474093978,False,False
user15,0,HumanImpostor,user15:session_3603344105,T2_RandomForest,0.5904267947982763,0.039019232452430885,False,-0.0045357742187775996,-0.03299051063830333,False,False
user15,0,HumanImpostor,user15:session_3791802350,T2_RandomForest,0.5904267947982763,0.09285496619831932,False,-0.0045357742187775996,-0.01408703648216758,False,False
user15,0,HumanImpostor,user15:session_4098569257,T2_RandomForest,0.5904267947982763,0.1742351843995527,False,-0.0045357742187775996,-0.0015593234921428278,False,False
user15,0,HumanImpostor,user15:session_4290136840,T2_RandomForest,0.5904267947982763,0.08911540576245473,False,-0.0045357742187775996,-0.017711376527930256,False,False
user15,0,HumanImpostor,user15:session_4386624259,T2_RandomForest,0.5904267947982763,0.2168266023907044,False,-0.0045357742187775996,-0.048124030826171116,False,False
user15,0,HumanImpostor,user15:session_4480398495,T2_RandomForest,0.5904267947982763,0.25510599416015,False,-0.0045357742187775996,-0.05115858285623048,False,False
user15,0,HumanImpostor,user15:session_4762909710,T2_RandomForest,0.5904267947982763,0.32412378178283846,False,-0.0045357742187775996,-0.02416720019378421,False,False
user15,0,HumanImpostor,user15:session_4896261465,T2_RandomForest,0.5904267947982763,0.08367953217384748,False,-0.0045357742187775996,-0.015177189052654583,False,False
user15,0,HumanImpostor,user15:session_5023081923,T2_RandomForest,0.5904267947982763,0.25514583269125773,False,-0.0045357742187775996,-0.023097262191450696,False,False
user15,0,HumanImpostor,user15:session_5071023384,T2_RandomForest,0.5904267947982763,0.20008975877852583,False,-0.0045357742187775996,-0.025234737775155447,False,False
user15,0,HumanImpostor,user15:session_5312030236,T2_RandomForest,0.5904267947982763,0.16671373258755623,False,-0.0045357742187775996,-0.0019323554891739758,False,False
user15,0,HumanImpostor,user15:session_5594141097,T2_RandomForest,0.5904267947982763,0.5244590946016063,False,-0.0045357742187775996,-0.05216556489082752,False,False
user15,0,HumanImpostor,user15:session_5695398064,T2_RandomForest,0.5904267947982763,0.44773387173462637,False,-0.0045357742187775996,-0.03889672196142285,False,False
user15,0,HumanImpostor,user15:session_5806761857,T2_RandomForest,0.5904267947982763,0.23964495743749828,False,-0.0045357742187775996,-0.02842300178689333,False,False
user15,0,HumanImpostor,user15:session_5958053029,T2_RandomForest,0.5904267947982763,0.14246772622769482,False,-0.0045357742187775996,-0.030887952889677828,False,False
user15,0,HumanImpostor,user15:session_6102555994,T2_RandomForest,0.5904267947982763,0.11058400707495057,False,-0.0045357742187775996,-0.02059137487364815,False,False
user15,0,HumanImpostor,user15:session_6237417362,T2_RandomForest,0.5904267947982763,0.21633752351656674,False,-0.0045357742187775996,-0.02238263395776685,False,False
user15,0,HumanImpostor,user15:session_6320970139,T2_RandomForest,0.5904267947982763,0.07570000420646734,False,-0.0045357742187775996,-0.025945098588811832,False,False
user15,0,HumanImpostor,user15:session_6464183153,T2_RandomForest,0.5904267947982763,0.17853168010182496,False,-0.0045357742187775996,-0.0266543965351404,False,False
user15,0,HumanImpostor,user15:session_6568302079,T2_RandomForest,0.5904267947982763,0.3506867349112809,False,-0.0045357742187775996,-0.022024918370667224,False,False
user15,0,HumanImpostor,user15:session_6657360579,T2_RandomForest,0.5904267947982763,0.11233977373528663,False,-0.0045357742187775996,-0.0030497772574860638,False,False
user15,0,HumanImpostor,user15:session_6705777193,T2_RandomForest,0.5904267947982763,0.3348290287794533,False,-0.0045357742187775996,0.0018105619707146081,False,False
user15,0,HumanImpostor,user15:session_6751955279,T2_RandomForest,0.5904267947982763,0.22254024860923663,False,-0.0045357742187775996,-0.030536607433506224,False,False
user15,0,HumanImpostor,user15:session_6871552747,T2_RandomForest,0.5904267947982763,0.09992512029719189,False,-0.0045357742187775996,-0.03820576886971966,False,False
user15,0,HumanImpostor,user15:session_6896514118,T2_RandomForest,0.5904267947982763,0.6092451058943343,True,-0.0045357742187775996,0.004447327548870228,True,False
user15,0,HumanImpostor,user15:session_7035039573,T2_RandomForest,0.5904267947982763,0.24788639292076628,False,-0.0045357742187775996,-0.023097262191450696,False,False
user15,0,HumanImpostor,user15:session_7323696974,T2_RandomForest,0.5904267947982763,0.21517589507409682,False,-0.0045357742187775996,-0.013358906623994637,False,False
user15,0,HumanImpostor,user15:session_7331556356,T2_RandomForest,0.5904267947982763,0.0733710872024779,False,-0.0045357742187775996,-0.0045357742187775996,False,False
user15,0,HumanImpostor,user15:session_7471072415,T2_RandomForest,0.5904267947982763,0.031745257701353495,False,-0.0045357742187775996,-0.01951339641802663,False,False
user15,0,HumanImpostor,user15:session_7800269296,T2_RandomForest,0.5904267947982763,0.19510322321798204,False,-0.0045357742187775996,-0.046089606811141604,False,False
user15,0,HumanImpostor,user15:session_7818234002,T2_RandomForest,0.5904267947982763,0.11234400244938987,False,-0.0045357742187775996,-0.005647355180539493,False,False
user15,0,HumanImpostor,user15:session_7944252331,T2_RandomForest,0.5904267947982763,0.11994313186104016,False,-0.0045357742187775996,0.012057535394334407,False,False
user15,0,HumanImpostor,user15:session_7989414599,T2_RandomForest,0.5904267947982763,0.35694621793367426,False,-0.0045357742187775996,0.00785782311234251,False,False
user15,0,HumanImpostor,user15:session_8091715457,T2_RandomForest,0.5904267947982763,0.19142460190961735,False,-0.0045357742187775996,-0.0034216938019253074,False,False
user15,0,HumanImpostor,user15:session_8351091371,T2_RandomForest,0.5904267947982763,0.13981939923354628,False,-0.0045357742187775996,-0.03299051063830333,False,False
user15,0,HumanImpostor,user15:session_8557723888,T2_RandomForest,0.5904267947982763,0.05908214475765978,False,-0.0045357742187775996,-0.03368926698642705,False,False
user15,0,HumanImpostor,user15:session_8671492463,T2_RandomForest,0.5904267947982763,0.15244761299453338,False,-0.0045357742187775996,0.0059602666408649085,False,False
user15,0,HumanImpostor,user15:session_8740037149,T2_RandomForest,0.5904267947982763,0.1811780627550115,False,-0.0045357742187775996,-0.027716354056524783,False,False
user15,0,HumanImpostor,user15:session_8769983957,T2_RandomForest,0.5904267947982763,0.1888686383791143,False,-0.0045357742187775996,-0.023454175238597608,False,False
user15,0,HumanImpostor,user15:session_8934034457,T2_RandomForest,0.5904267947982763,0.14420443774999586,False,-0.0045357742187775996,-0.03438697783024047,False,False
user15,0,HumanImpostor,user15:session_9501338931,T2_RandomForest,0.5904267947982763,0.2011523910825915,False,-0.0045357742187775996,-0.019153531891076714,False,False
user15,0,HumanImpostor,user15:session_9767538073,T2_RandomForest,0.5904267947982763,0.16509218658297337,False,-0.0045357742187775996,-0.04199323955450762,False,False
user15,0,HumanImpostor,user15:session_9795347408,T2_RandomForest,0.5904267947982763,0.2187065035639312,False,-0.0045357742187775996,-0.004164692074338783,False,False
user15,0,HumanImpostor,user15:session_9983042278,T2_RandomForest,0.5904267947982763,0.12587955297820913,False,-0.0045357742187775996,-0.02842300178689333,False,False
user15,0,WindMouse,windmouse:0,T2_RandomForest,0.5904267947982763,0.337403748822073,False,-0.0045357742187775996,-0.0011860121096258225,False,False
user15,0,WindMouse,windmouse:1,T2_RandomForest,0.5904267947982763,0.3297876454663044,False,-0.0045357742187775996,-0.012264665538655073,False,False
user15,0,WindMouse,windmouse:2,T2_RandomForest,0.5904267947982763,0.331476965666652,False,-0.0045357742187775996,0.0010597350095498115,False,False
user15,0,WindMouse,windmouse:3,T2_RandomForest,0.5904267947982763,0.35313704036022425,False,-0.0045357742187775996,-0.005647355180539493,False,False
user15,0,WindMouse,windmouse:4,T2_RandomForest,0.5904267947982763,0.28024741399435954,False,-0.0045357742187775996,-0.0045357742187775996,False,False
user15,0,WindMouse,windmouse:5,T2_RandomForest,0.5904267947982763,0.4535171063685873,False,-0.0045357742187775996,-0.016988677663374696,False,False
user15,0,WindMouse,windmouse:6,T2_RandomForest,0.5904267947982763,0.3350089446727278,False,-0.0045357742187775996,-0.007125584778574723,False,False
user15,0,WindMouse,windmouse:7,T2_RandomForest,0.5904267947982763,0.29446217113768264,False,-0.0045357742187775996,0.0014350079581993969,False,False
user15,0,WindMouse,windmouse:8,T2_RandomForest,0.5904267947982763,0.3153684136699259,False,-0.0045357742187775996,-0.0030497772574860638,False,False
user15,0,WindMouse,windmouse:9,T2_RandomForest,0.5904267947982763,0.408279552306414,False,-0.0045357742187775996,-0.006387023338570885,False,False
user15,0,WindMouse,windmouse:10,T2_RandomForest,0.5904267947982763,0.2583340896056048,False,-0.0045357742187775996,-0.005277105564112816,False,False
user15,0,WindMouse,windmouse:11,T2_RandomForest,0.5904267947982763,0.34420693769927563,False,-0.0045357742187775996,0.0010597350095498115,False,False
user15,0,WindMouse,windmouse:12,T2_RandomForest,0.5904267947982763,0.37051405397994625,False,-0.0045357742187775996,-0.0034216938019253074,False,False
user15,0,WindMouse,windmouse:13,T2_RandomForest,0.5904267947982763,0.31508496161209587,False,-0.0045357742187775996,0.0029389124972935,False,False
user15,0,WindMouse,windmouse:14,T2_RandomForest,0.5904267947982763,0.308468167435016,False,-0.0045357742187775996,-0.004906578646087956,False,False
user15,0,WindMouse,windmouse:15,T2_RandomForest,0.5904267947982763,0.34927727179212814,False,-0.0045357742187775996,-0.005647355180539493,False,False
user15,0,WindMouse,windmouse:16,T2_RandomForest,0.5904267947982763,0.2572964668822279,False,-0.0045357742187775996,-0.0015593234921428278,False,False
user15,0,WindMouse,windmouse:17,T2_RandomForest,0.5904267947982763,0.32938888887637285,False,-0.0045357742187775996,-0.002677582162988801,False,False
user15,0,WindMouse,windmouse:18,T2_RandomForest,0.5904267947982763,0.28430224823874717,False,-0.0045357742187775996,-0.0008124211323748964,False,False
user15,0,WindMouse,windmouse:19,T2_RandomForest,0.5904267947982763,0.3136296017103934,False,-0.0045357742187775996,-0.006756442294773679,False,False
user15,0,SapiAgent,sapiagent:0,T2_RandomForest,0.5904267947982763,0.18894600047785606,False,-0.0045357742187775996,-0.008967157348034382,False,False
user15,0,SapiAgent,sapiagent:1,T2_RandomForest,0.5904267947982763,0.1875394789993693,False,-0.0045357742187775996,-0.01116796398795572,False,False
user15,0,SapiAgent,sapiagent:2,T2_RandomForest,0.5904267947982763,0.19093569859071804,False,-0.0045357742187775996,-0.005647355180539493,False,False
user15,0,SapiAgent,sapiagent:3,T2_RandomForest,0.5904267947982763,0.20414486892361686,False,-0.0045357742187775996,-0.011533804897818856,False,False
user15,0,SapiAgent,sapiagent:4,T2_RandomForest,0.5904267947982763,0.19922229035210728,False,-0.0045357742187775996,-0.008599394125666682,False,False
user15,0,SapiAgent,sapiagent:5,T2_RandomForest,0.5904267947982763,0.19247550831190008,False,-0.0045357742187775996,-0.013358906623994637,False,False
user15,0,SapiAgent,sapiagent:6,T2_RandomForest,0.5904267947982763,0.18049966693731936,False,-0.0045357742187775996,-0.010068796439395844,False,False
user15,0,SapiAgent,sapiagent:7,T2_RandomForest,0.5904267947982763,0.194577211167177,False,-0.0045357742187775996,-0.011533804897818856,False,False
user15,0,SapiAgent,sapiagent:8,T2_RandomForest,0.5904267947982763,0.16678921682169146,False,-0.0045357742187775996,-0.009334645337148173,False,False
user15,0,SapiAgent,sapiagent:9,T2_RandomForest,0.5904267947982763,0.16257878005127233,False,-0.0045357742187775996,-0.009701858298992061,False,False
user15,0,SapiAgent,sapiagent:10,T2_RandomForest,0.5904267947982763,0.190254178110142,False,-0.0045357742187775996,-0.00786304115646208,False,False
user15,0,SapiAgent,sapiagent:11,T2_RandomForest,0.5904267947982763,0.1834631925780175,False,-0.0045357742187775996,-0.0045357742187775996,False,False
user15,0,SapiAgent,sapiagent:12,T2_RandomForest,0.5904267947982763,0.16859896405215205,False,-0.0045357742187775996,-0.01262968567928946,False,False
user15,0,SapiAgent,sapiagent:13,T2_RandomForest,0.5904267947982763,0.18328922024203556,False,-0.0045357742187775996,-0.008599394125666682,False,False
user15,0,SapiAgent,sapiagent:14,T2_RandomForest,0.5904267947982763,0.1887019579553282,False,-0.0045357742187775996,-0.002305108309810955,False,False
user15,0,SapiAgent,sapiagent:15,T2_RandomForest,0.5904267947982763,0.18133694912785106,False,-0.0045357742187775996,-0.012264665538655073,False,False
user15,0,SapiAgent,sapiagent:16,T2_RandomForest,0.5904267947982763,0.1656568239155997,False,-0.0045357742187775996,-0.0034216938019253074,False,False
user15,0,SapiAgent,sapiagent:17,T2_RandomForest,0.5904267947982763,0.1838540192207322,False,-0.0045357742187775996,-0.012264665538655073,False,False
user15,0,SapiAgent,sapiagent:18,T2_RandomForest,0.5904267947982763,0.1834687537655867,False,-0.0045357742187775996,-0.004164692074338783,False,False
user15,0,SapiAgent,sapiagent:19,T2_RandomForest,0.5904267947982763,0.19873277134269718,False,-0.0045357742187775996,-0.005647355180539493,False,False
user15,0,DMTG_Inspired,unknown_user:session_0,T2_RandomForest,0.5904267947982763,0.2704621401102451,False,-0.0045357742187775996,0.008999771260834177,False,False
user15,0,DMTG_Inspired,unknown_user:session_1,T2_RandomForest,0.5904267947982763,0.2668181214483772,False,-0.0045357742187775996,0.0025625140295199023,False,False
user15,0,DMTG_Inspired,unknown_user:session_2,T2_RandomForest,0.5904267947982763,0.20462669242517192,False,-0.0045357742187775996,0.0014350079581993969,False,False
user15,0,DMTG_Inspired,unknown_user:session_3,T2_RandomForest,0.5904267947982763,0.20266628431782543,False,-0.0045357742187775996,0.004447327548870228,False,False
user15,0,DMTG_Inspired,unknown_user:session_4,T2_RandomForest,0.5904267947982763,0.2562547667240946,False,-0.0045357742187775996,0.003315592871899642,False,False
user15,0,DMTG_Inspired,unknown_user:session_5,T2_RandomForest,0.5904267947982763,0.2180177365618499,False,-0.0045357742187775996,0.008999771260834177,False,False
user15,0,DMTG_Inspired,unknown_user:session_6,T2_RandomForest,0.5904267947982763,0.21130965069701793,False,-0.0045357742187775996,0.0025625140295199023,False,False
user15,0,DMTG_Inspired,unknown_user:session_7,T2_RandomForest,0.5904267947982763,0.23651031473284903,False,-0.0045357742187775996,-0.006756442294773679,False,False
user15,0,DMTG_Inspired,unknown_user:session_8,T2_RandomForest,0.5904267947982763,0.2756008669801155,False,-0.0045357742187775996,0.011291376544006915,False,False
user15,0,DMTG_Inspired,unknown_user:session_9,T2_RandomForest,0.5904267947982763,0.24287124101412969,False,-0.0045357742187775996,0.012441045239087845,False,False
user15,0,DMTG_Inspired,unknown_user:session_10,T2_RandomForest,0.5904267947982763,0.2330597224097216,False,-0.0045357742187775996,0.0067184369405893785,False,False
user15,0,DMTG_Inspired,unknown_user:session_11,T2_RandomForest,0.5904267947982763,0.2114897321754132,False,-0.0045357742187775996,0.012441045239087845,False,False
user15,0,DMTG_Inspired,unknown_user:session_12,T2_RandomForest,0.5904267947982763,0.20829292015156,False,-0.0045357742187775996,0.003315592871899642,False,False
user15,0,DMTG_Inspired,unknown_user:session_13,T2_RandomForest,0.5904267947982763,0.2001945361568294,False,-0.0045357742187775996,0.003315592871899642,False,False
user15,0,DMTG_Inspired,unknown_user:session_14,T2_RandomForest,0.5904267947982763,0.19886123348259044,False,-0.0045357742187775996,0.002186397257600503,False,False
user15,0,DMTG_Inspired,unknown_user:session_15,T2_RandomForest,0.5904267947982763,0.25868108118432676,False,-0.0045357742187775996,0.0014350079581993969,False,False
user15,0,DMTG_Inspired,unknown_user:session_16,T2_RandomForest,0.5904267947982763,0.22396354173360392,False,-0.0045357742187775996,0.019782552577242374,False,False
user15,0,DMTG_Inspired,unknown_user:session_17,T2_RandomForest,0.5904267947982763,0.21756067142538257,False,-0.0045357742187775996,-0.0004385503509852229,False,False
user15,0,DMTG_Inspired,unknown_user:session_18,T2_RandomForest,0.5904267947982763,0.22618951797737985,False,-0.0045357742187775996,-0.003793332004772776,False,False
user15,0,DMTG_Inspired,unknown_user:session_19,T2_RandomForest,0.5904267947982763,0.2231405240999064,False,-0.0045357742187775996,0.008618836858585666,False,False
user16,0,Genuine,user16:session_0005840196,T2_RandomForest,0.5958175815709553,0.5334695537674705,False,-0.05483981920556702,-0.05283563083503057,False,False
user16,0,Genuine,user16:session_0025450757,T2_RandomForest,0.5958175815709553,0.6232082547549754,True,-0.05483981920556702,0.030793759090442685,True,False
user16,0,Genuine,user16:session_0083463746,T2_RandomForest,0.5958175815709553,0.6792387284173712,True,-0.05483981920556702,-0.027008647430118604,True,False
user16,0,Genuine,user16:session_0148970615,T2_RandomForest,0.5958175815709553,0.5844523210337127,False,-0.05483981920556702,0.0003100314626141021,False,False
user16,0,Genuine,user16:session_0155746039,T2_RandomForest,0.5958175815709553,0.6783646140468637,True,-0.05483981920556702,-0.008231355463906798,True,False
user16,0,Genuine,user16:session_0223955219,T2_RandomForest,0.5958175815709553,0.5536594374098863,False,-0.05483981920556702,-0.043362786489242855,False,False
user16,0,Genuine,user16:session_0482518942,T2_RandomForest,0.5958175815709553,0.8130838671523047,True,-0.05483981920556702,-0.01735016236286252,True,False
user16,0,Genuine,user16:session_0770188364,T2_RandomForest,0.5958175815709553,0.6645790388625764,True,-0.05483981920556702,-0.024523312501488037,True,False
user16,0,Genuine,user16:session_0844521549,T2_RandomForest,0.5958175815709553,0.5759875465592157,False,-0.05483981920556702,-0.003793332004772776,False,False
user16,0,Genuine,user16:session_1256331958,T2_RandomForest,0.5958175815709553,0.49508911197493966,False,-0.05483981920556702,-0.010435459964035443,False,False
user16,0,Genuine,user16:session_1427407488,T2_RandomForest,0.5958175815709553,0.5300993721078227,False,-0.05483981920556702,-0.013358906623994637,False,False
user16,0,Genuine,user16:session_1484409764,T2_RandomForest,0.5958175815709553,0.5778810342090809,False,-0.05483981920556702,-0.003793332004772776,False,False
user16,0,Genuine,user16:session_1619535766,T2_RandomForest,0.5958175815709553,0.5946066344617258,False,-0.05483981920556702,-0.016988677663374696,False,False
user16,0,Genuine,user16:session_1653923890,T2_RandomForest,0.5958175815709553,0.7702340732929228,True,-0.05483981920556702,-0.005647355180539493,True,False
user16,0,Genuine,user16:session_1667382627,T2_RandomForest,0.5958175815709553,0.6712841613666161,True,-0.05483981920556702,-0.019153531891076714,True,False
user16,0,Genuine,user16:session_1717253391,T2_RandomForest,0.5958175815709553,0.7154810677330137,True,-0.05483981920556702,-0.01951339641802663,True,False
user16,0,Genuine,user16:session_2083267904,T2_RandomForest,0.5958175815709553,0.7620266584684624,True,-0.05483981920556702,-0.009701858298992061,True,False
user16,0,Genuine,user16:session_2194913037,T2_RandomForest,0.5958175815709553,0.6324178363595275,True,-0.05483981920556702,-0.019153531891076714,True,False
user16,0,Genuine,user16:session_2494483407,T2_RandomForest,0.5958175815709553,0.6013120614688331,True,-0.05483981920556702,-0.02059137487364815,True,False
user16,0,Genuine,user16:session_2636442787,T2_RandomForest,0.5958175815709553,0.48044530497107185,False,-0.05483981920556702,-0.0011860121096258225,False,False
user16,0,Genuine,user16:session_2683617861,T2_RandomForest,0.5958175815709553,0.5116072660391328,False,-0.05483981920556702,-0.0144506927640633,False,False
user16,0,Genuine,user16:session_2926423726,T2_RandomForest,0.5958175815709553,0.7279615264496302,True,-0.05483981920556702,-0.04913782092094404,True,False
user16,0,Genuine,user16:session_3067782503,T2_RandomForest,0.5958175815709553,0.6127511334530321,True,-0.05483981920556702,-0.0019323554891739758,True,False
user16,0,Genuine,user16:session_3071944492,T2_RandomForest,0.5958175815709553,0.569105457777473,False,-0.05483981920556702,0.018616413107152785,False,False
user16,0,Genuine,user16:session_3206758270,T2_RandomForest,0.5958175815709553,0.4363821756559078,False,-0.05483981920556702,-0.015902598331441697,False,False
user16,0,Genuine,user16:session_3348997730,T2_RandomForest,0.5958175815709553,0.7684674237420139,True,-0.05483981920556702,-0.015540029466565075,True,False
user16,0,Genuine,user16:session_3349837388,T2_RandomForest,0.5958175815709553,0.5199920817140887,False,-0.05483981920556702,0.020951314180433278,False,False
user16,0,Genuine,user16:session_3367539943,T2_RandomForest,0.5958175815709553,0.6593217267485845,True,-0.05483981920556702,-0.015902598331441697,True,False
user16,0,Genuine,user16:session_3573257812,T2_RandomForest,0.5958175815709553,0.4507510315300446,False,-0.05483981920556702,0.020171848139294624,False,False
user16,0,Genuine,user16:session_3583196291,T2_RandomForest,0.5958175815709553,0.624763733088936,True,-0.05483981920556702,-0.0034216938019253074,True,False
user16,0,Genuine,user16:session_3726985009,T2_RandomForest,0.5958175815709553,0.8667040332633011,True,-0.05483981920556702,-0.020232317707827796,True,False
user16,0,Genuine,user16:session_3735635217,T2_RandomForest,0.5958175815709553,0.5739053394285523,False,-0.05483981920556702,0.012441045239087845,False,False
user16,0,Genuine,user16:session_3780421656,T2_RandomForest,0.5958175815709553,0.399140657497998,False,-0.05483981920556702,0.00785782311234251,False,False
user16,0,Genuine,user16:session_4224530762,T2_RandomForest,0.5958175815709553,0.4298292586525653,False,-0.05483981920556702,0.026834661018259376,False,False
user16,0,Genuine,user16:session_4238071281,T2_RandomForest,0.5958175815709553,0.5885084392461696,False,-0.05483981920556702,-0.023810821172739804,False,False
user16,0,Genuine,user16:session_4360886220,T2_RandomForest,0.5958175815709553,0.6248255599644641,True,-0.05483981920556702,-0.018432994064523645,True,False
user16,0,Genuine,user16:session_4506008213,T2_RandomForest,0.5958175815709553,0.6296624420365986,True,-0.05483981920556702,-0.02059137487364815,True,False
user16,0,Genuine,user16:session_4600074976,T2_RandomForest,0.5958175815709553,0.553873022896207,False,-0.05483981920556702,-0.0008124211323748964,False,False
user16,0,Genuine,user16:session_5127880135,T2_RandomForest,0.5958175815709553,0.6581672005151636,True,-0.05483981920556702,-0.016626922226847862,True,False
user16,0,Genuine,user16:session_5319036655,T2_RandomForest,0.5958175815709553,0.5828014289863997,False,-0.05483981920556702,-0.023097262191450696,False,False
user16,0,Genuine,user16:session_5576759361,T2_RandomForest,0.5958175815709553,0.7010953094858943,True,-0.05483981920556702,-0.016988677663374696,True,False
user16,0,Genuine,user16:session_5685066201,T2_RandomForest,0.5958175815709553,0.6010053976486122,True,-0.05483981920556702,-0.01408703648216758,True,False
user16,0,Genuine,user16:session_5771275112,T2_RandomForest,0.5958175815709553,0.6776629705539109,True,-0.05483981920556702,-0.00786304115646208,True,False
user16,0,Genuine,user16:session_5823371082,T2_RandomForest,0.5958175815709553,0.6303625315008751,True,-0.05483981920556702,-0.03889672196142285,True,False
user16,0,Genuine,user16:session_5968190840,T2_RandomForest,0.5958175815709553,0.5817508839708746,False,-0.05483981920556702,-0.009701858298992061,False,False
user16,0,Genuine,user16:session_6088382546,T2_RandomForest,0.5958175815709553,0.6721742256864286,True,-0.05483981920556702,-0.012264665538655073,True,False
user16,0,Genuine,user16:session_6100708780,T2_RandomForest,0.5958175815709553,0.7203327143642053,True,-0.05483981920556702,-0.01116796398795572,True,False
user16,0,Genuine,user16:session_6775680298,T2_RandomForest,0.5958175815709553,0.6152678012312444,True,-0.05483981920556702,-0.05948139533454255,False,True
user16,0,Genuine,user16:session_6835145359,T2_RandomForest,0.5958175815709553,0.5537740970415578,False,-0.05483981920556702,-0.01879339784052969,False,False
user16,0,Genuine,user16:session_6915176151,T2_RandomForest,0.5958175815709553,0.6213047088469832,True,-0.05483981920556702,0.003692555364475103,True,False
user16,0,Genuine,user16:session_7618706636,T2_RandomForest,0.5958175815709553,0.6502207871052869,True,-0.05483981920556702,-0.0011860121096258225,True,False
user16,0,Genuine,user16:session_7850373093,T2_RandomForest,0.5958175815709553,0.6359255816058351,True,-0.05483981920556702,-0.0045357742187775996,True,False
user16,0,Genuine,user16:session_8069308945,T2_RandomForest,0.5958175815709553,0.4811870466571967,False,-0.05483981920556702,0.010526364048030978,False,False
user16,0,Genuine,user16:session_8115384066,T2_RandomForest,0.5958175815709553,0.5914525189096149,False,-0.05483981920556702,-0.011533804897818856,False,False
user16,0,Genuine,user16:session_8389698709,T2_RandomForest,0.5958175815709553,0.4858926699135303,False,-0.05483981920556702,0.034382379074402,False,False
user16,0,Genuine,user16:session_8439483653,T2_RandomForest,0.5958175815709553,0.6119772096523494,True,-0.05483981920556702,-0.03855137474093978,True,False
user16,0,Genuine,user16:session_8583637812,T2_RandomForest,0.5958175815709553,0.6459509805332911,True,-0.05483981920556702,-0.010068796439395844,True,False
user16,0,Genuine,user16:session_8636893699,T2_RandomForest,0.5958175815709553,0.6054103192916024,True,-0.05483981920556702,-0.03612669111851469,True,False
user16,0,Genuine,user16:session_8770654755,T2_RandomForest,0.5958175815709553,0.5052257555608853,False,-0.05483981920556702,-0.02059137487364815,False,False
user16,0,Genuine,user16:session_8776482178,T2_RandomForest,0.5958175815709553,0.7940907899012574,True,-0.05483981920556702,-0.015540029466565075,True,False
user16,0,Genuine,user16:session_8811009703,T2_RandomForest,0.5958175815709553,0.5005737355378814,False,-0.05483981920556702,0.008618836858585666,False,False
user16,0,Genuine,user16:session_8884379611,T2_RandomForest,0.5958175815709553,0.6672744092746118,True,-0.05483981920556702,-0.05283563083503057,True,False
user16,0,Genuine,user16:session_9477322863,T2_RandomForest,0.5958175815709553,0.6300174152684763,True,-0.05483981920556702,-0.005277105564112816,True,False
user16,0,Genuine,user16:session_9705613967,T2_RandomForest,0.5958175815709553,0.655337747173079,True,-0.05483981920556702,-0.011899372013082832,True,False
user16,0,Genuine,user16:session_9791921163,T2_RandomForest,0.5958175815709553,0.5476220689852461,False,-0.05483981920556702,-0.02559005113988644,False,False
user16,0,Genuine,user16:session_9794510496,T2_RandomForest,0.5958175815709553,0.5786406492536414,False,-0.05483981920556702,-0.004164692074338783,False,False
user16,0,Genuine,user16:session_9877366244,T2_RandomForest,0.5958175815709553,0.5896628729799618,False,-0.05483981920556702,-0.0034216938019253074,False,False
user16,0,Genuine,user16:session_9919383972,T2_RandomForest,0.5958175815709553,0.6089572948218203,True,-0.05483981920556702,-0.012264665538655073,True,False
user16,0,HumanImpostor,user16:session_0064281061,T2_RandomForest,0.5958175815709553,0.40190476166649775,False,-0.05483981920556702,0.008999771260834177,False,False
user16,0,HumanImpostor,user16:session_0408822104,T2_RandomForest,0.5958175815709553,0.24458993919270444,False,-0.05483981920556702,-0.012994432639586773,False,False
user16,0,HumanImpostor,user16:session_0668352196,T2_RandomForest,0.5958175815709553,0.4602285637184877,False,-0.05483981920556702,-0.008967157348034382,False,False
user16,0,HumanImpostor,user16:session_0859353781,T2_RandomForest,0.5958175815709553,0.3701031404003901,False,-0.05483981920556702,-0.002305108309810955,False,False
user16,0,HumanImpostor,user16:session_0953745782,T2_RandomForest,0.5958175815709553,0.4676487913460741,False,-0.05483981920556702,-0.015902598331441697,False,False
user16,0,HumanImpostor,user16:session_1271171766,T2_RandomForest,0.5958175815709553,0.30016969668383636,False,-0.05483981920556702,0.014362907262167268,False,False
user16,0,HumanImpostor,user16:session_1386411131,T2_RandomForest,0.5958175815709553,0.44745499352614315,False,-0.05483981920556702,0.020171848139294624,False,False
user16,0,HumanImpostor,user16:session_1535403881,T2_RandomForest,0.5958175815709553,0.2704590525871653,False,-0.05483981920556702,-0.0011860121096258225,False,False
user16,0,HumanImpostor,user16:session_1976172513,T2_RandomForest,0.5958175815709553,0.46528837017755187,False,-0.05483981920556702,0.0029389124972935,False,False
user16,0,HumanImpostor,user16:session_2853115772,T2_RandomForest,0.5958175815709553,0.20851851559978674,False,-0.05483981920556702,0.005203230742735876,False,False
user16,0,HumanImpostor,user16:session_2977418379,T2_RandomForest,0.5958175815709553,0.29941220177587596,False,-0.05483981920556702,0.027624111137537266,False,False
user16,0,HumanImpostor,user16:session_3656309644,T2_RandomForest,0.5958175815709553,0.35761611202946303,False,-0.05483981920556702,-0.006756442294773679,False,False
user16,0,HumanImpostor,user16:session_3974162531,T2_RandomForest,0.5958175815709553,0.3402319483359241,False,-0.05483981920556702,0.036788261261908595,False,False
user16,0,HumanImpostor,user16:session_4026966824,T2_RandomForest,0.5958175815709553,0.18029500916832994,False,-0.05483981920556702,-0.011533804897818856,False,False
user16,0,HumanImpostor,user16:session_4098547958,T2_RandomForest,0.5958175815709553,0.22719528980897685,False,-0.05483981920556702,0.036386530009787754,False,False
user16,0,HumanImpostor,user16:session_4265171670,T2_RandomForest,0.5958175815709553,0.3740907885869675,False,-0.05483981920556702,0.015905585173952907,False,False
user16,0,HumanImpostor,user16:session_4432555629,T2_RandomForest,0.5958175815709553,0.19391313609133154,False,-0.05483981920556702,0.0006847429144181127,False,False
user16,0,HumanImpostor,user16:session_4615055511,T2_RandomForest,0.5958175815709553,0.4616531828402064,False,-0.05483981920556702,-0.010801849078432735,False,False
user16,0,HumanImpostor,user16:session_4794437261,T2_RandomForest,0.5958175815709553,0.3820551105281886,False,-0.05483981920556702,0.02999956643021262,False,False
user16,0,HumanImpostor,user16:session_5030324559,T2_RandomForest,0.5958175815709553,0.23131478349827153,False,-0.05483981920556702,0.023296727383457894,False,False
user16,0,HumanImpostor,user16:session_5041518490,T2_RandomForest,0.5958175815709553,0.3512401036142811,False,-0.05483981920556702,-0.015540029466565075,False,False
user16,0,HumanImpostor,user16:session_5197680121,T2_RandomForest,0.5958175815709553,0.5800005429812032,False,-0.05483981920556702,-0.008599394125666682,False,False
user16,0,HumanImpostor,user16:session_5556934089,T2_RandomForest,0.5958175815709553,0.4617493654340682,False,-0.05483981920556702,0.0059602666408649085,False,False
user16,0,HumanImpostor,user16:session_5572048254,T2_RandomForest,0.5958175815709553,0.23462980791989194,False,-0.05483981920556702,-0.01408703648216758,False,False
user16,0,HumanImpostor,user16:session_5889567297,T2_RandomForest,0.5958175815709553,0.23051291018692244,False,-0.05483981920556702,0.034382379074402,False,False
user16,0,HumanImpostor,user16:session_6119506741,T2_RandomForest,0.5958175815709553,0.2143861543011333,False,-0.05483981920556702,0.0018105619707146081,False,False
user16,0,HumanImpostor,user16:session_6179037141,T2_RandomForest,0.5958175815709553,0.1720896036191651,False,-0.05483981920556702,-0.0004385503509852229,False,False
user16,0,HumanImpostor,user16:session_7744249581,T2_RandomForest,0.5958175815709553,0.5600788877433126,False,-0.05483981920556702,-0.017711376527930256,False,False
user16,0,HumanImpostor,user16:session_7986274484,T2_RandomForest,0.5958175815709553,0.44093149774658086,False,-0.05483981920556702,-0.023810821172739804,False,False
user16,0,HumanImpostor,user16:session_7992883230,T2_RandomForest,0.5958175815709553,0.2177183468273553,False,-0.05483981920556702,0.03358281699223953,False,False
user16,0,HumanImpostor,user16:session_8070684894,T2_RandomForest,0.5958175815709553,0.36583818502158705,False,-0.05483981920556702,-0.0011860121096258225,False,False
user16,0,HumanImpostor,user16:session_8364143294,T2_RandomForest,0.5958175815709553,0.32646264554569665,False,-0.05483981920556702,-0.005277105564112816,False,False
user16,0,HumanImpostor,user16:session_8653789319,T2_RandomForest,0.5958175815709553,0.2993043580532204,False,-0.05483981920556702,0.022122703812745836,False,False
user16,0,HumanImpostor,user16:session_8819855375,T2_RandomForest,0.5958175815709553,0.35208628819085414,False,-0.05483981920556702,0.0067184369405893785,False,False
user16,0,HumanImpostor,user16:session_8823455059,T2_RandomForest,0.5958175815709553,0.3142527239490893,False,-0.05483981920556702,0.014362907262167268,False,False
user16,0,HumanImpostor,user16:session_8857212561,T2_RandomForest,0.5958175815709553,0.5592778633352865,False,-0.05483981920556702,-0.025234737775155447,False,False
user16,0,HumanImpostor,user16:session_8862058156,T2_RandomForest,0.5958175815709553,0.30357247424381784,False,-0.05483981920556702,-0.003793332004772776,False,False
user16,0,HumanImpostor,user16:session_9830083627,T2_RandomForest,0.5958175815709553,0.18230906137383318,False,-0.05483981920556702,0.022122703812745836,False,False
user16,0,WindMouse,windmouse:0,T2_RandomForest,0.5958175815709553,0.3980276822307732,False,-0.05483981920556702,0.01629197704830565,False,False
user16,0,WindMouse,windmouse:1,T2_RandomForest,0.5958175815709553,0.4031299272913236,False,-0.05483981920556702,0.012057535394334407,False,False
user16,0,WindMouse,windmouse:2,T2_RandomForest,0.5958175815709553,0.36882476554616533,False,-0.05483981920556702,0.019782552577242374,False,False
user16,0,WindMouse,windmouse:3,T2_RandomForest,0.5958175815709553,0.3931968834582118,False,-0.05483981920556702,0.01359329903176476,False,False
user16,0,WindMouse,windmouse:4,T2_RandomForest,0.5958175815709553,0.3659401105121072,False,-0.05483981920556702,0.022513752050962288,False,False
user16,0,WindMouse,windmouse:5,T2_RandomForest,0.5958175815709553,0.43152495707259925,False,-0.05483981920556702,0.0379952612000477,False,False
user16,0,WindMouse,windmouse:6,T2_RandomForest,0.5958175815709553,0.3496625785834078,False,-0.05483981920556702,0.011291376544006915,False,False
user16,0,WindMouse,windmouse:7,T2_RandomForest,0.5958175815709553,0.3321387544730067,False,-0.05483981920556702,0.012824842316800145,False,False
user16,0,WindMouse,windmouse:8,T2_RandomForest,0.5958175815709553,0.366893030943499,False,-0.05483981920556702,0.03598509941252581,False,False
user16,0,WindMouse,windmouse:9,T2_RandomForest,0.5958175815709553,0.38053878386700923,False,-0.05483981920556702,0.015133668733527839,False,False
user16,0,WindMouse,windmouse:10,T2_RandomForest,0.5958175815709553,0.3219063510524833,False,-0.05483981920556702,0.0003100314626141021,False,False
user16,0,WindMouse,windmouse:11,T2_RandomForest,0.5958175815709553,0.3501795681421563,False,-0.05483981920556702,0.015905585173952907,False,False
user16,0,WindMouse,windmouse:12,T2_RandomForest,0.5958175815709553,0.3801323359825908,False,-0.05483981920556702,0.015905585173952907,False,False
user16,0,WindMouse,windmouse:13,T2_RandomForest,0.5958175815709553,0.342144181911907,False,-0.05483981920556702,0.01167431256757534,False,False
user16,0,WindMouse,windmouse:14,T2_RandomForest,0.5958175815709553,0.34949875133274494,False,-0.05483981920556702,0.0029389124972935,False,False
user16,0,WindMouse,windmouse:15,T2_RandomForest,0.5958175815709553,0.3707697740889588,False,-0.05483981920556702,0.027624111137537266,False,False
user16,0,WindMouse,windmouse:16,T2_RandomForest,0.5958175815709553,0.316104959760882,False,-0.05483981920556702,0.022122703812745836,False,False
user16,0,WindMouse,windmouse:17,T2_RandomForest,0.5958175815709553,0.3709015567257633,False,-0.05483981920556702,0.015133668733527839,False,False
user16,0,WindMouse,windmouse:18,T2_RandomForest,0.5958175815709553,0.39344093346030384,False,-0.05483981920556702,0.008618836858585666,False,False
user16,0,WindMouse,windmouse:19,T2_RandomForest,0.5958175815709553,0.3478772582268492,False,-0.05483981920556702,0.01359329903176476,False,False
user16,0,SapiAgent,sapiagent:0,T2_RandomForest,0.5958175815709553,0.39053688232025335,False,-0.05483981920556702,0.026440379020486238,False,False
user16,0,SapiAgent,sapiagent:1,T2_RandomForest,0.5958175815709553,0.3652984552838064,False,-0.05483981920556702,0.02173194823424207,False,False
user16,0,SapiAgent,sapiagent:2,T2_RandomForest,0.5958175815709553,0.36750369564565505,False,-0.05483981920556702,0.019004835279134102,False,False
user16,0,SapiAgent,sapiagent:3,T2_RandomForest,0.5958175815709553,0.3844115966910367,False,-0.05483981920556702,0.02173194823424207,False,False
user16,0,SapiAgent,sapiagent:4,T2_RandomForest,0.5958175815709553,0.3834951932904283,False,-0.05483981920556702,0.024866199620367624,False,False
user16,0,SapiAgent,sapiagent:5,T2_RandomForest,0.5958175815709553,0.3627774576422022,False,-0.05483981920556702,0.020171848139294624,False,False
user16,0,SapiAgent,sapiagent:6,T2_RandomForest,0.5958175815709553,0.3611743305472386,False,-0.05483981920556702,0.013977959099751858,False,False
user16,0,SapiAgent,sapiagent:7,T2_RandomForest,0.5958175815709553,0.3923591739237647,False,-0.05483981920556702,0.02999956643021262,False,False
user16,0,SapiAgent,sapiagent:8,T2_RandomForest,0.5958175815709553,0.40251212837431344,False,-0.05483981920556702,0.010526364048030978,False,False
user16,0,SapiAgent,sapiagent:9,T2_RandomForest,0.5958175815709553,0.3366754415681715,False,-0.05483981920556702,0.02368865491660943,False,False
user16,0,SapiAgent,sapiagent:10,T2_RandomForest,0.5958175815709553,0.3569349112199535,False,-0.05483981920556702,0.01359329903176476,False,False
user16,0,SapiAgent,sapiagent:11,T2_RandomForest,0.5958175815709553,0.35751278831710936,False,-0.05483981920556702,0.013977959099751858,False,False
user16,0,SapiAgent,sapiagent:12,T2_RandomForest,0.5958175815709553,0.3659398364559758,False,-0.05483981920556702,0.018228281629541487,False,False
user16,0,SapiAgent,sapiagent:13,T2_RandomForest,0.5958175815709553,0.355601256766366,False,-0.05483981920556702,0.023296727383457894,False,False
user16,0,SapiAgent,sapiagent:14,T2_RandomForest,0.5958175815709553,0.36919122807523214,False,-0.05483981920556702,0.005581606997743793,False,False
user16,0,SapiAgent,sapiagent:15,T2_RandomForest,0.5958175815709553,0.37219554686203177,False,-0.05483981920556702,0.026440379020486238,False,False
user16,0,SapiAgent,sapiagent:16,T2_RandomForest,0.5958175815709553,0.3316314554158181,False,-0.05483981920556702,0.023296727383457894,False,False
user16,0,SapiAgent,sapiagent:17,T2_RandomForest,0.5958175815709553,0.3726454474949528,False,-0.05483981920556702,0.02173194823424207,False,False
user16,0,SapiAgent,sapiagent:18,T2_RandomForest,0.5958175815709553,0.3620114903894513,False,-0.05483981920556702,0.011291376544006915,False,False
user16,0,SapiAgent,sapiagent:19,T2_RandomForest,0.5958175815709553,0.3835304230614647,False,-0.05483981920556702,0.018228281629541487,False,False
user16,0,DMTG_Inspired,unknown_user:session_0,T2_RandomForest,0.5958175815709553,0.4119883326796883,False,-0.05483981920556702,-0.007125584778574723,False,False
user16,0,DMTG_Inspired,unknown_user:session_1,T2_RandomForest,0.5958175815709553,0.38714392497369055,False,-0.05483981920556702,0.0014350079581993969,False,False
user16,0,DMTG_Inspired,unknown_user:session_2,T2_RandomForest,0.5958175815709553,0.35575893023899074,False,-0.05483981920556702,-0.00786304115646208,False,False
user16,0,DMTG_Inspired,unknown_user:session_3,T2_RandomForest,0.5958175815709553,0.39511739917873384,False,-0.05483981920556702,0.0014350079581993969,False,False
user16,0,DMTG_Inspired,unknown_user:session_4,T2_RandomForest,0.5958175815709553,0.400725523046951,False,-0.05483981920556702,0.008238187546875553,False,False
user16,0,DMTG_Inspired,unknown_user:session_5,T2_RandomForest,0.5958175815709553,0.38736613363265976,False,-0.05483981920556702,-0.00786304115646208,False,False
user16,0,DMTG_Inspired,unknown_user:session_6,T2_RandomForest,0.5958175815709553,0.3419448467305421,False,-0.05483981920556702,-0.012264665538655073,False,False
user16,0,DMTG_Inspired,unknown_user:session_7,T2_RandomForest,0.5958175815709553,0.4222919794764777,False,-0.05483981920556702,0.0029389124972935,False,False
user16,0,DMTG_Inspired,unknown_user:session_8,T2_RandomForest,0.5958175815709553,0.4350477008629931,False,-0.05483981920556702,-0.025234737775155447,False,False
user16,0,DMTG_Inspired,unknown_user:session_9,T2_RandomForest,0.5958175815709553,0.38704518216609834,False,-0.05483981920556702,-0.01116796398795572,False,False
user16,0,DMTG_Inspired,unknown_user:session_10,T2_RandomForest,0.5958175815709553,0.39466169104243204,False,-0.05483981920556702,-0.005277105564112816,False,False
user16,0,DMTG_Inspired,unknown_user:session_11,T2_RandomForest,0.5958175815709553,0.4173969041152945,False,-0.05483981920556702,-0.023454175238597608,False,False
user16,0,DMTG_Inspired,unknown_user:session_12,T2_RandomForest,0.5958175815709553,0.4161918922212579,False,-0.05483981920556702,-0.0030497772574860638,False,False
user16,0,DMTG_Inspired,unknown_user:session_13,T2_RandomForest,0.5958175815709553,0.399198750143211,False,-0.05483981920556702,-0.004164692074338783,False,False
user16,0,DMTG_Inspired,unknown_user:session_14,T2_RandomForest,0.5958175815709553,0.33200629503203793,False,-0.05483981920556702,-0.007494450996885282,False,False
user16,0,DMTG_Inspired,unknown_user:session_15,T2_RandomForest,0.5958175815709553,0.42119251599681,False,-0.05483981920556702,-0.01262968567928946,False,False
user16,0,DMTG_Inspired,unknown_user:session_16,T2_RandomForest,0.5958175815709553,0.36899539646138235,False,-0.05483981920556702,-0.030536607433506224,False,False
user16,0,DMTG_Inspired,unknown_user:session_17,T2_RandomForest,0.5958175815709553,0.39439289494119184,False,-0.05483981920556702,-0.002677582162988801,False,False
user16,0,DMTG_Inspired,unknown_user:session_18,T2_RandomForest,0.5958175815709553,0.40011958813407045,False,-0.05483981920556702,0.005581606997743793,False,False
user16,0,DMTG_Inspired,unknown_user:session_19,T2_RandomForest,0.5958175815709553,0.3761954880623219,False,-0.05483981920556702,-0.0144506927640633,False,False
user20,0,Genuine,user20:session_0101735014,T2_RandomForest,0.5837952029071972,0.6269850274641315,True,-0.06622301215273085,-0.0651881097736538,True,False
user20,0,Genuine,user20:session_0379715237,T2_RandomForest,0.5837952029071972,0.453229999359922,False,-0.06622301215273085,-0.020276317044816583,False,False
user20,0,Genuine,user20:session_0593223632,T2_RandomForest,0.5837952029071972,0.27495259538289174,False,-0.06622301215273085,-0.016258530454826503,False,False
user20,0,Genuine,user20:session_0799578885,T2_RandomForest,0.5837952029071972,0.3080850846661575,False,-0.06622301215273085,-0.0315727737509226,False,False
user20,0,Genuine,user20:session_1273150073,T2_RandomForest,0.5837952029071972,0.28891045541842664,False,-0.06622301215273085,-0.011043320845420923,False,False
user20,0,Genuine,user20:session_1311858241,T2_RandomForest,0.5837952029071972,0.34881500021561723,False,-0.06622301215273085,-0.029615275623088466,False,False
user20,0,Genuine,user20:session_1468258531,T2_RandomForest,0.5837952029071972,0.6354224669620006,True,-0.06622301215273085,-0.05655540972680839,True,False
user20,0,Genuine,user20:session_1868010893,T2_RandomForest,0.5837952029071972,0.47254407928253633,False,-0.06622301215273085,-0.04069182002340693,False,False
user20,0,Genuine,user20:session_1924699326,T2_RandomForest,0.5837952029071972,0.5237648493910794,False,-0.06622301215273085,-0.043963639455422254,False,False
user20,0,Genuine,user20:session_2532367006,T2_RandomForest,0.5837952029071972,0.6044414612100584,True,-0.06622301215273085,-0.08542476819953632,False,True
user20,0,Genuine,user20:session_2861116304,T2_RandomForest,0.5837952029071972,0.4743316574382091,False,-0.06622301215273085,0.014353940219733574,False,False
user20,0,Genuine,user20:session_3482932637,T2_RandomForest,0.5837952029071972,0.6494666837469014,True,-0.06622301215273085,-0.0589266384991286,True,False
user20,0,Genuine,user20:session_3659572440,T2_RandomForest,0.5837952029071972,0.6169663581711519,True,-0.06622301215273085,-0.050169623996814294,True,False
user20,0,Genuine,user20:session_3684692596,T2_RandomForest,0.5837952029071972,0.48528143115360356,False,-0.06622301215273085,-0.020276317044816583,False,False
user20,0,Genuine,user20:session_4339216244,T2_RandomForest,0.5837952029071972,0.6107978262968191,True,-0.06622301215273085,-0.06931296360552691,False,True
user20,0,Genuine,user20:session_4804227584,T2_RandomForest,0.5837952029071972,0.3167134544341702,False,-0.06622301215273085,-0.020276317044816583,False,False
user20,0,Genuine,user20:session_5291244662,T2_RandomForest,0.5837952029071972,0.5120946609039952,False,-0.06622301215273085,-0.0028187936540604586,False,False
user20,0,Genuine,user20:session_5321706137,T2_RandomForest,0.5837952029071972,0.559571621792062,False,-0.06622301215273085,-0.06596451771104722,False,False
user20,0,Genuine,user20:session_5340758381,T2_RandomForest,0.5837952029071972,0.3882601184891616,False,-0.06622301215273085,-0.05150753572437783,False,False
user20,0,Genuine,user20:session_5938861210,T2_RandomForest,0.5837952029071972,0.8130188936574002,True,-0.06622301215273085,-0.058137641118001904,True,False
user20,0,Genuine,user20:session_5982655120,T2_RandomForest,0.5837952029071972,0.702596979915308,True,-0.06622301215273085,-0.061285187613124015,True,False
user20,0,Genuine,user20:session_6555326593,T2_RandomForest,0.5837952029071972,0.36386250232911155,False,-0.06622301215273085,-0.017409890868245625,False,False
user20,0,Genuine,user20:session_6710819502,T2_RandomForest,0.5837952029071972,0.3555306029351151,False,-0.06622301215273085,-0.028773845720378943,False,False
user20,0,Genuine,user20:session_7259628766,T2_RandomForest,0.5837952029071972,0.2865855064865171,False,-0.06622301215273085,-0.01568182056671602,False,False
user20,0,Genuine,user20:session_7589485664,T2_RandomForest,0.5837952029071972,0.33512946336896443,False,-0.06622301215273085,-0.012497604304719412,False,False
user20,0,Genuine,user20:session_8348355115,T2_RandomForest,0.5837952029071972,0.8253387133984598,True,-0.06622301215273085,-0.06389100898923483,True,False
user20,0,Genuine,user20:session_9064183032,T2_RandomForest,0.5837952029071972,0.3927610193993963,False,-0.06622301215273085,0.030537161803324442,False,False
user20,0,Genuine,user20:session_9086606611,T2_RandomForest,0.5837952029071972,0.2370327231355667,False,-0.06622301215273085,-0.01510442313305499,False,False
user20,0,Genuine,user20:session_9395770534,T2_RandomForest,0.5837952029071972,0.5263247249809034,False,-0.06622301215273085,-0.048827721103437804,False,False
user20,0,Genuine,user20:session_9740386657,T2_RandomForest,0.5837952029071972,0.5552284741223634,False,-0.06622301215273085,-0.0759325580918897,False,False
user20,0,HumanImpostor,user20:session_0512046694,T2_RandomForest,0.5837952029071972,0.1253214685750899,False,-0.06622301215273085,-0.03463239685135272,False,False
user20,0,HumanImpostor,user20:session_2320125003,T2_RandomForest,0.5837952029071972,0.13312307738484777,False,-0.06622301215273085,-0.012497604304719412,False,False
user20,0,HumanImpostor,user20:session_2336058051,T2_RandomForest,0.5837952029071972,0.07879541178946012,False,-0.06622301215273085,-0.015970261402773078,False,False
user20,0,HumanImpostor,user20:session_2368259027,T2_RandomForest,0.5837952029071972,0.08682904290825957,False,-0.06622301215273085,-0.018271612453279518,False,False
user20,0,HumanImpostor,user20:session_3005678154,T2_RandomForest,0.5837952029071972,0.07718537150500639,False,-0.06622301215273085,-0.020276317044816583,False,False
user20,0,HumanImpostor,user20:session_3236365486,T2_RandomForest,0.5837952029071972,0.19886005172197846,False,-0.06622301215273085,-0.030175394018977897,False,False
user20,0,HumanImpostor,user20:session_3379861047,T2_RandomForest,0.5837952029071972,0.12778073490340056,False,-0.06622301215273085,-0.03987020397772584,False,False
user20,0,HumanImpostor,user20:session_4254477956,T2_RandomForest,0.5837952029071972,0.059023846062887964,False,-0.06622301215273085,-0.008121726031289467,False,False
user20,0,HumanImpostor,user20:session_5445638904,T2_RandomForest,0.5837952029071972,0.10636267244513986,False,-0.06622301215273085,-0.02284154080611217,False,False
user20,0,HumanImpostor,user20:session_5453779030,T2_RandomForest,0.5837952029071972,0.1381528649022417,False,-0.06622301215273085,-0.00958469906820103,False,False
user20,0,HumanImpostor,user20:session_6706849000,T2_RandomForest,0.5837952029071972,0.14526954884415236,False,-0.06622301215273085,-0.04096536588863814,False,False
user20,0,HumanImpostor,user20:session_8627857957,T2_RandomForest,0.5837952029071972,0.03348726789330146,False,-0.06622301215273085,-0.004297538981587468,False,False
user20,0,HumanImpostor,user20:session_8658186994,T2_RandomForest,0.5837952029071972,0.06220240566326931,False,-0.06622301215273085,-0.0329659973146072,False,False
user20,0,HumanImpostor,user20:session_8687623726,T2_RandomForest,0.5837952029071972,0.09343033583118412,False,-0.06622301215273085,-0.016546627825184068,False,False
user20,0,HumanImpostor,user20:session_8833850952,T2_RandomForest,0.5837952029071972,0.1226533342327901,False,-0.06622301215273085,-0.009000032730634544,False,False
user20,0,HumanImpostor,user20:session_9160177818,T2_RandomForest,0.5837952029071972,0.0900996499522416,False,-0.06622301215273085,-0.02397723289668363,False,False
user20,0,HumanImpostor,user20:session_9646127676,T2_RandomForest,0.5837952029071972,0.14945436248152238,False,-0.06622301215273085,-0.050437525255218496,False,False
user20,0,HumanImpostor,user20:session_9708106289,T2_RandomForest,0.5837952029071972,0.14258291182685898,False,-0.06622301215273085,-0.011334524189255901,False,False
user20,0,HumanImpostor,user20:session_9753314758,T2_RandomForest,0.5837952029071972,0.06611491162510454,False,-0.06622301215273085,-0.013947562349374498,False,False
user20,0,WindMouse,windmouse:0,T2_RandomForest,0.5837952029071972,0.2639731496446494,False,-0.06622301215273085,-0.02198799396436818,False,False
user20,0,WindMouse,windmouse:1,T2_RandomForest,0.5837952029071972,0.24385170208454196,False,-0.06622301215273085,-0.014237036041333695,False,False
user20,0,WindMouse,windmouse:2,T2_RandomForest,0.5837952029071972,0.27733429297892825,False,-0.06622301215273085,-0.011334524189255901,False,False
user20,0,WindMouse,windmouse:3,T2_RandomForest,0.5837952029071972,0.28183072978529294,False,-0.06622301215273085,-0.018271612453279518,False,False
user20,0,WindMouse,windmouse:4,T2_RandomForest,0.5837952029071972,0.3106877061747019,False,-0.06622301215273085,-0.01913179533274101,False,False
user20,0,WindMouse,windmouse:5,T2_RandomForest,0.5837952029071972,0.2395133364864717,False,-0.06622301215273085,-0.0016326218936973391,False,False
user20,0,WindMouse,windmouse:6,T2_RandomForest,0.5837952029071972,0.27018790425375494,False,-0.06622301215273085,-0.02056202157969461,False,False
user20,0,WindMouse,windmouse:7,T2_RandomForest,0.5837952029071972,0.3018340862526539,False,-0.06622301215273085,-0.021703139188573195,False,False
user20,0,WindMouse,windmouse:8,T2_RandomForest,0.5837952029071972,0.2583115409180316,False,-0.06622301215273085,-0.007535315557506528,False,False
user20,0,WindMouse,windmouse:9,T2_RandomForest,0.5837952029071972,0.2601388620051196,False,-0.06622301215273085,-0.010168669204649317,False,False
user20,0,WindMouse,windmouse:10,T2_RandomForest,0.5837952029071972,0.30252371687392887,False,-0.06622301215273085,-0.031851750561021464,False,False
user20,0,WindMouse,windmouse:11,T2_RandomForest,0.5837952029071972,0.2714240052368814,False,-0.06622301215273085,-0.017122307929738012,False,False
user20,0,WindMouse,windmouse:12,T2_RandomForest,0.5837952029071972,0.2516426642592062,False,-0.06622301215273085,-0.02397723289668363,False,False
user20,0,WindMouse,windmouse:13,T2_RandomForest,0.5837952029071972,0.28249888845640986,False,-0.06622301215273085,-0.024827227717585665,False,False
user20,0,WindMouse,windmouse:14,T2_RandomForest,0.5837952029071972,0.3218872294533871,False,-0.06622301215273085,-0.021703139188573195,False,False
user20,0,WindMouse,windmouse:15,T2_RandomForest,0.5837952029071972,0.2492368653959275,False,-0.06622301215273085,-0.0022260610976559403,False,False
user20,0,WindMouse,windmouse:16,T2_RandomForest,0.5837952029071972,0.3063514716162074,False,-0.06622301215273085,-0.020276317044816583,False,False
user20,0,WindMouse,windmouse:17,T2_RandomForest,0.5837952029071972,0.301880645276449,False,-0.06622301215273085,-0.02933496606285163,False,False
user20,0,WindMouse,windmouse:18,T2_RandomForest,0.5837952029071972,0.28759441964950344,False,-0.06622301215273085,-0.010460393456559247,False,False
user20,0,WindMouse,windmouse:19,T2_RandomForest,0.5837952029071972,0.2882635639397286,False,-0.06622301215273085,-0.01683455361609254,False,False
user20,0,SapiAgent,sapiagent:0,T2_RandomForest,0.5837952029071972,0.1777460998858713,False,-0.06622301215273085,-0.007241848206263057,False,False
user20,0,SapiAgent,sapiagent:1,T2_RandomForest,0.5837952029071972,0.18706284458874797,False,-0.06622301215273085,-0.009000032730634544,False,False
user20,0,SapiAgent,sapiagent:2,T2_RandomForest,0.5837952029071972,0.1954625118983071,False,-0.06622301215273085,-0.010460393456559247,False,False
user20,0,SapiAgent,sapiagent:3,T2_RandomForest,0.5837952029071972,0.20392920803573755,False,-0.06622301215273085,-0.0069482059732688395,False,False
user20,0,SapiAgent,sapiagent:4,T2_RandomForest,0.5837952029071972,0.19833171414812112,False,-0.06622301215273085,-0.016546627825184068,False,False
user20,0,SapiAgent,sapiagent:5,T2_RandomForest,0.5837952029071972,0.18237518467262684,False,-0.06622301215273085,-0.009876771109728566,False,False
user20,0,SapiAgent,sapiagent:6,T2_RandomForest,0.5837952029071972,0.2233685208493037,False,-0.06622301215273085,-0.004002142189014235,False,False
user20,0,SapiAgent,sapiagent:7,T2_RandomForest,0.5837952029071972,0.18003255963079282,False,-0.06622301215273085,-0.00014592676966568296,False,False
user20,0,SapiAgent,sapiagent:8,T2_RandomForest,0.5837952029071972,0.17230686829896358,False,-0.06622301215273085,-0.005477367932344213,False,False
user20,0,SapiAgent,sapiagent:9,T2_RandomForest,0.5837952029071972,0.20089760667998136,False,-0.06622301215273085,-0.004887804891416714,False,False
user20,0,SapiAgent,sapiagent:10,T2_RandomForest,0.5837952029071972,0.17080117209624449,False,-0.06622301215273085,-0.012497604304719412,False,False
user20,0,SapiAgent,sapiagent:11,T2_RandomForest,0.5837952029071972,0.24591992894423284,False,-0.06622301215273085,-0.013947562349374498,False,False
user20,0,SapiAgent,sapiagent:12,T2_RandomForest,0.5837952029071972,0.17757975009061477,False,-0.06622301215273085,-0.00958469906820103,False,False
user20,0,SapiAgent,sapiagent:13,T2_RandomForest,0.5837952029071972,0.18080602787842057,False,-0.06622301215273085,-0.013368097357057684,False,False
user20,0,SapiAgent,sapiagent:14,T2_RandomForest,0.5837952029071972,0.22402614449256206,False,-0.06622301215273085,-0.011043320845420923,False,False
user20,0,SapiAgent,sapiagent:15,T2_RandomForest,0.5837952029071972,0.1792136216996959,False,-0.06622301215273085,-0.010168669204649317,False,False
user20,0,SapiAgent,sapiagent:16,T2_RandomForest,0.5837952029071972,0.21416156131587372,False,-0.06622301215273085,-0.01913179533274101,False,False
user20,0,SapiAgent,sapiagent:17,T2_RandomForest,0.5837952029071972,0.17293501982621795,False,-0.06622301215273085,-0.006066228941322915,False,False
user20,0,SapiAgent,sapiagent:18,T2_RandomForest,0.5837952029071972,0.2005093283498065,False,-0.06622301215273085,-0.013078105851045796,False,False
user20,0,SapiAgent,sapiagent:19,T2_RandomForest,0.5837952029071972,0.17164809750450102,False,-0.06622301215273085,-0.011625554103846358,False,False
user20,0,DMTG_Inspired,unknown_user:session_0,T2_RandomForest,0.5837952029071972,0.23404895221643543,False,-0.06622301215273085,-0.027368116419745903,False,False
user20,0,DMTG_Inspired,unknown_user:session_1,T2_RandomForest,0.5837952029071972,0.21761961516705172,False,-0.06622301215273085,-0.01568182056671602,False,False
user20,0,DMTG_Inspired,unknown_user:session_2,T2_RandomForest,0.5837952029071972,0.2367733366382753,False,-0.06622301215273085,-0.014815466330530436,False,False
user20,0,DMTG_Inspired,unknown_user:session_3,T2_RandomForest,0.5837952029071972,0.2676269066289346,False,-0.06622301215273085,-0.018845238503837403,False,False
user20,0,DMTG_Inspired,unknown_user:session_4,T2_RandomForest,0.5837952029071972,0.22597295222275784,False,-0.06622301215273085,-0.011625554103846358,False,False
user20,0,DMTG_Inspired,unknown_user:session_5,T2_RandomForest,0.5837952029071972,0.2741501029006475,False,-0.06622301215273085,-0.020847555960202213,False,False
user20,0,DMTG_Inspired,unknown_user:session_6,T2_RandomForest,0.5837952029071972,0.24858365127627954,False,-0.06622301215273085,-0.017409890868245625,False,False
user20,0,DMTG_Inspired,unknown_user:session_7,T2_RandomForest,0.5837952029071972,0.2276128435696446,False,-0.06622301215273085,-0.012787941534593172,False,False
user20,0,DMTG_Inspired,unknown_user:session_8,T2_RandomForest,0.5837952029071972,0.20833928494591225,False,-0.06622301215273085,-0.01769730253367946,False,False
user20,0,DMTG_Inspired,unknown_user:session_9,T2_RandomForest,0.5837952029071972,0.23603599486113666,False,-0.06622301215273085,-0.024827227717585665,False,False
user20,0,DMTG_Inspired,unknown_user:session_10,T2_RandomForest,0.5837952029071972,0.22392808900418407,False,-0.06622301215273085,-0.0304552030534187,False,False
user20,0,DMTG_Inspired,unknown_user:session_11,T2_RandomForest,0.5837952029071972,0.3303767771840832,False,-0.06622301215273085,-0.012207094058382661,False,False
user20,0,DMTG_Inspired,unknown_user:session_12,T2_RandomForest,0.5837952029071972,0.22824818276643197,False,-0.06622301215273085,-0.02198799396436818,False,False
user20,0,DMTG_Inspired,unknown_user:session_13,T2_RandomForest,0.5837952029071972,0.25318100831239426,False,-0.06622301215273085,-0.011043320845420923,False,False
user20,0,DMTG_Inspired,unknown_user:session_14,T2_RandomForest,0.5837952029071972,0.24033693376098017,False,-0.06622301215273085,-0.018845238503837403,False,False
user20,0,DMTG_Inspired,unknown_user:session_15,T2_RandomForest,0.5837952029071972,0.3099539449269063,False,-0.06622301215273085,-0.025393047560765547,False,False
user20,0,DMTG_Inspired,unknown_user:session_16,T2_RandomForest,0.5837952029071972,0.31718025848097026,False,-0.06622301215273085,-0.03379994163597516,False,False
user20,0,DMTG_Inspired,unknown_user:session_17,T2_RandomForest,0.5837952029071972,0.2217379186581306,False,-0.06622301215273085,-0.019704397106298344,False,False
user20,0,DMTG_Inspired,unknown_user:session_18,T2_RandomForest,0.5837952029071972,0.18971458393421428,False,-0.06622301215273085,-0.02113292028767666,False,False
user20,0,DMTG_Inspired,unknown_user:session_19,T2_RandomForest,0.5837952029071972,0.270652245567024,False,-0.06622301215273085,-0.031851750561021464,False,False
user21,0,Genuine,user21:session_0200062241,T2_RandomForest,0.3798450519420904,0.4720325028046119,True,0.005544074724577297,0.01099433789709503,True,False
user21,0,Genuine,user21:session_0334337435,T2_RandomForest,0.3798450519420904,0.3824035711859733,True,0.005544074724577297,0.011603538277849657,True,False
user21,0,Genuine,user21:session_0477165267,T2_RandomForest,0.3798450519420904,0.5017879259496519,True,0.005544074724577297,0.014967145871901844,True,False
user21,0,Genuine,user21:session_0489826159,T2_RandomForest,0.3798450519420904,0.5631122186296988,True,0.005544074724577297,0.044952272728473575,True,False
user21,0,Genuine,user21:session_0900979755,T2_RandomForest,0.3798450519420904,0.5252243287433362,True,0.005544074724577297,0.0001519440330807198,False,True
user21,0,Genuine,user21:session_1065465945,T2_RandomForest,0.3798450519420904,0.48674368905801946,True,0.005544074724577297,-0.004887804891416714,False,True
user21,0,Genuine,user21:session_1193964670,T2_RandomForest,0.3798450519420904,0.47489818748173557,True,0.005544074724577297,0.010081897209928359,True,False
user21,0,Genuine,user21:session_1809941518,T2_RandomForest,0.3798450519420904,0.50237303118445,True,0.005544074724577297,-0.022272679091875858,False,True
user21,0,Genuine,user21:session_2472958094,T2_RandomForest,0.3798450519420904,0.5206306334220461,True,0.005544074724577297,0.03307168600038635,True,False
user21,0,Genuine,user21:session_2476629136,T2_RandomForest,0.3798450519420904,0.4409476353296778,True,0.005544074724577297,0.007656679467335947,True,False
user21,0,Genuine,user21:session_2681498481,T2_RandomForest,0.3798450519420904,0.3923582849773218,True,0.005544074724577297,0.03946109617072724,True,False
user21,0,Genuine,user21:session_2776997709,T2_RandomForest,0.3798450519420904,0.5407548850553352,True,0.005544074724577297,0.001345203360526015,False,True
user21,0,Genuine,user21:session_2778964895,T2_RandomForest,0.3798450519420904,0.3087866937287009,False,0.005544074724577297,0.0043408215996721955,False,False
user21,0,Genuine,user21:session_3290502212,T2_RandomForest,0.3798450519420904,0.5873615337400862,True,0.005544074724577297,-0.0019294298792508213,False,True
user21,0,Genuine,user21:session_3318991223,T2_RandomForest,0.3798450519420904,0.541146314264833,True,0.005544074724577297,0.025191238184506415,True,False
user21,0,Genuine,user21:session_3382231612,T2_RandomForest,0.3798450519420904,0.6355345048096204,True,0.005544074724577297,-0.00014592676966568296,False,True
user21,0,Genuine,user21:session_3473124800,T2_RandomForest,0.3798450519420904,0.4184105976325693,True,0.005544074724577297,0.00795919996427863,True,False
user21,0,Genuine,user21:session_3985625607,T2_RandomForest,0.3798450519420904,0.31263601312011313,False,0.005544074724577297,0.0037402694190072916,False,False
user21,0,Genuine,user21:session_4282931799,T2_RandomForest,0.3798450519420904,0.5373291775808772,True,0.005544074724577297,0.03946109617072724,True,False
user21,0,Genuine,user21:session_4741380705,T2_RandomForest,0.3798450519420904,0.4010349240047985,True,0.005544074724577297,-0.0028187936540604586,False,True
user21,0,Genuine,user21:session_4803913319,T2_RandomForest,0.3798450519420904,0.44189823709556747,True,0.005544074724577297,-0.01568182056671602,False,True
user21,0,Genuine,user21:session_4873496968,T2_RandomForest,0.3798450519420904,0.8300734639172167,True,0.005544074724577297,0.04984382778819341,True,False
user21,0,Genuine,user21:session_5158497089,T2_RandomForest,0.3798450519420904,0.6689049317250603,True,0.005544074724577297,-0.024827227717585665,False,True
user21,0,Genuine,user21:session_5764163634,T2_RandomForest,0.3798450519420904,0.5850655306942555,True,0.005544074724577297,0.022382886019952086,True,False
user21,0,Genuine,user21:session_6350129821,T2_RandomForest,0.3798450519420904,0.5902002469376325,True,0.005544074724577297,-0.004592759847463268,False,True
user21,0,Genuine,user21:session_6747468371,T2_RandomForest,0.3798450519420904,0.5391495829572984,True,0.005544074724577297,0.015274022789274144,True,False
user21,0,Genuine,user21:session_6905592155,T2_RandomForest,0.3798450519420904,0.33175244962586337,False,0.005544074724577297,-0.013947562349374498,False,False
user21,0,Genuine,user21:session_7208965815,T2_RandomForest,0.3798450519420904,0.3450797962663687,False,0.005544074724577297,-0.006654388754309015,False,False
user21,0,Genuine,user21:session_7288721890,T2_RandomForest,0.3798450519420904,0.3275499731576529,False,0.005544074724577297,-0.009000032730634544,False,False
user21,0,Genuine,user21:session_7953065762,T2_RandomForest,0.3798450519420904,0.28570529396609357,False,0.005544074724577297,0.03085331713492323,False,False
user21,0,Genuine,user21:session_8067504883,T2_RandomForest,0.3798450519420904,0.6334374310372333,True,0.005544074724577297,0.016811152647435934,True,False
user21,0,Genuine,user21:session_8452199606,T2_RandomForest,0.3798450519420904,0.2937744479407724,False,0.005544074724577297,0.0037402694190072916,False,False
user21,0,Genuine,user21:session_8534613968,T2_RandomForest,0.3798450519420904,0.6004959311935848,True,0.005544074724577297,0.03881872394184116,True,False
user21,0,Genuine,user21:session_9814859818,T2_RandomForest,0.3798450519420904,0.49395591657603866,True,0.005544074724577297,0.01928010386518675,True,False
user21,0,Genuine,user21:session_9913386649,T2_RandomForest,0.3798450519420904,0.5161358520490069,True,0.005544074724577297,0.01099433789709503,True,False
user21,0,Genuine,user21:session_9938110038,T2_RandomForest,0.3798450519420904,0.3106080894818124,False,0.005544074724577297,-0.010751943968992317,False,False
user21,0,HumanImpostor,user21:session_0080153528,T2_RandomForest,0.3798450519420904,0.35223026919731326,False,0.005544074724577297,-0.0013356370356571445,False,False
user21,0,HumanImpostor,user21:session_0486100880,T2_RandomForest,0.3798450519420904,0.4008862211221291,True,0.005544074724577297,0.02425344725665557,True,False
user21,0,HumanImpostor,user21:session_0733542929,T2_RandomForest,0.3798450519420904,0.42307435233356117,True,0.005544074724577297,0.03721613788218503,True,False
user21,0,HumanImpostor,user21:session_1376706431,T2_RandomForest,0.3798450519420904,0.3232290905667369,False,0.005544074724577297,0.0043408215996721955,False,False
user21,0,HumanImpostor,user21:session_2037079652,T2_RandomForest,0.3798450519420904,0.09465651037804804,False,0.005544074724577297,0.023005663670234267,False,False
user21,0,HumanImpostor,user21:session_2305469177,T2_RandomForest,0.3798450519420904,0.21542657581927965,False,0.005544074724577297,-0.009876771109728566,False,False
user21,0,HumanImpostor,user21:session_2383353199,T2_RandomForest,0.3798450519420904,0.28215778186875645,False,0.005544074724577297,0.013129718600255913,False,False
user21,0,HumanImpostor,user21:session_2547686354,T2_RandomForest,0.3798450519420904,0.1297600024144824,False,0.005544074724577297,0.02487845496416763,False,False
user21,0,HumanImpostor,user21:session_3567705649,T2_RandomForest,0.3798450519420904,0.23854012659413812,False,0.005544074724577297,0.034980521949844356,False,False
user21,0,HumanImpostor,user21:session_3735387695,T2_RandomForest,0.3798450519420904,0.73491861609584,True,0.005544074724577297,0.005242992581123929,False,True
user21,0,HumanImpostor,user21:session_5035531254,T2_RandomForest,0.3798450519420904,0.28700634759709964,False,0.005544074724577297,0.01404761126730858,False,False
user21,0,HumanImpostor,user21:session_5226344095,T2_RandomForest,0.3798450519420904,0.20149076020094603,False,0.005544074724577297,0.03913981438489411,False,False
user21,0,HumanImpostor,user21:session_6410652005,T2_RandomForest,0.3798450519420904,0.2786800499333463,False,0.005544074724577297,0.013435500566189917,False,False
user21,0,HumanImpostor,user21:session_6723163956,T2_RandomForest,0.3798450519420904,0.18394732686772342,False,0.005544074724577297,0.017735630708383465,False,False
user21,0,HumanImpostor,user21:session_6803917267,T2_RandomForest,0.3798450519420904,0.310270894171315,False,0.005544074724577297,-0.010460393456559247,False,False
user21,0,HumanImpostor,user21:session_6891188294,T2_RandomForest,0.3798450519420904,0.2537453725337022,False,0.005544074724577297,0.03116966086839268,False,False
user21,0,HumanImpostor,user21:session_7053852427,T2_RandomForest,0.3798450519420904,0.25427382742866017,False,0.005544074724577297,0.028644179974224304,False,False
user21,0,HumanImpostor,user21:session_7756203951,T2_RandomForest,0.3798450519420904,0.1869278085165462,False,0.005544074724577297,0.03593750159907083,False,False
user21,0,HumanImpostor,user21:session_7800887945,T2_RandomForest,0.3798450519420904,0.25039497677346084,False,0.005544074724577297,0.027385945938223633,False,False
user21,0,HumanImpostor,user21:session_8456906043,T2_RandomForest,0.3798450519420904,0.17549877603531067,False,0.005544074724577297,0.01711912843707486,False,False
user21,0,HumanImpostor,user21:session_8675020847,T2_RandomForest,0.3798450519420904,0.1722523640072189,False,0.005544074724577297,0.03211982360307486,False,False
user21,0,HumanImpostor,user21:session_8957360206,T2_RandomForest,0.3798450519420904,0.002181596336473356,False,0.005544074724577297,0.01282411874601963,False,False
user21,0,WindMouse,windmouse:0,T2_RandomForest,0.3798450519420904,0.0858963686435396,False,0.005544074724577297,0.02895920724856149,False,False
user21,0,WindMouse,windmouse:1,T2_RandomForest,0.3798450519420904,0.07801073506000547,False,0.005544074724577297,0.027385945938223633,False,False
user21,0,WindMouse,windmouse:2,T2_RandomForest,0.3798450519420904,0.07780968629021404,False,0.005544074724577297,0.04430336179021699,False,False
user21,0,WindMouse,windmouse:3,T2_RandomForest,0.3798450519420904,0.10163082573264108,False,0.005544074724577297,0.038497824727612207,False,False
user21,0,WindMouse,windmouse:4,T2_RandomForest,0.3798450519420904,0.07363553600172194,False,0.005544074724577297,0.02487845496416763,False,False
user21,0,WindMouse,windmouse:5,T2_RandomForest,0.3798450519420904,0.08423409705910438,False,0.005544074724577297,0.02456585802519795,False,False
user21,0,WindMouse,windmouse:6,T2_RandomForest,0.3798450519420904,0.08801466253788817,False,0.005544074724577297,0.037536273319323965,False,False
user21,0,WindMouse,windmouse:7,T2_RandomForest,0.3798450519420904,0.08159188009115058,False,0.005544074724577297,0.027700223411364022,False,False
user21,0,WindMouse,windmouse:8,T2_RandomForest,0.3798450519420904,0.07454013977148768,False,0.005544074724577297,0.03689619310510606,False,False
user21,0,WindMouse,windmouse:9,T2_RandomForest,0.3798450519420904,0.08928226559987502,False,0.005544074724577297,0.026130706644148294,False,False
user21,0,WindMouse,windmouse:10,T2_RandomForest,0.3798450519420904,0.07905121190231752,False,0.005544074724577297,0.023005663670234267,False,False
user21,0,WindMouse,windmouse:11,T2_RandomForest,0.3798450519420904,0.08402911069652357,False,0.005544074724577297,0.03307168600038635,False,False
user21,0,WindMouse,windmouse:12,T2_RandomForest,0.3798450519420904,0.09049133536406655,False,0.005544074724577297,0.02644423610070512,False,False
user21,0,WindMouse,windmouse:13,T2_RandomForest,0.3798450519420904,0.09133116262076806,False,0.005544074724577297,0.029905415896986476,False,False
user21,0,WindMouse,windmouse:14,T2_RandomForest,0.3798450519420904,0.07185805999269945,False,0.005544074724577297,0.02487845496416763,False,False
user21,0,WindMouse,windmouse:15,T2_RandomForest,0.3798450519420904,0.08257723400325778,False,0.005544074724577297,0.02832934031772638,False,False
user21,0,WindMouse,windmouse:16,T2_RandomForest,0.3798450519420904,0.08672194765168571,False,0.005544074724577297,0.019899182421506567,False,False
user21,0,WindMouse,windmouse:17,T2_RandomForest,0.3798450519420904,0.08784623214273087,False,0.005544074724577297,0.028014688167330104,False,False
user21,0,WindMouse,windmouse:18,T2_RandomForest,0.3798450519420904,0.09483501058822638,False,0.005544074724577297,0.0378565995301402,False,False
user21,0,WindMouse,windmouse:19,T2_RandomForest,0.3798450519420904,0.08302511276041448,False,0.005544074724577297,0.026757952394332762,False,False
user21,0,SapiAgent,sapiagent:0,T2_RandomForest,0.3798450519420904,0.2803199753610316,False,0.005544074724577297,0.023317330865164965,False,False
user21,0,SapiAgent,sapiagent:1,T2_RandomForest,0.3798450519420904,0.27311903601881377,False,0.005544074724577297,0.01866176248690421,False,False
user21,0,SapiAgent,sapiagent:2,T2_RandomForest,0.3798450519420904,0.2488290927619979,False,0.005544074724577297,0.016195751213679555,False,False
user21,0,SapiAgent,sapiagent:3,T2_RandomForest,0.3798450519420904,0.26318119509774984,False,0.005544074724577297,0.02425344725665557,False,False
user21,0,SapiAgent,sapiagent:4,T2_RandomForest,0.3798450519420904,0.2600390921376663,False,0.005544074724577297,0.02051899903471721,False,False
user21,0,SapiAgent,sapiagent:5,T2_RandomForest,0.3798450519420904,0.28253921549263755,False,0.005544074724577297,0.016195751213679555,False,False
user21,0,SapiAgent,sapiagent:6,T2_RandomForest,0.3798450519420904,0.26756316050283474,False,0.005544074724577297,0.023941222547664842,False,False
user21,0,SapiAgent,sapiagent:7,T2_RandomForest,0.3798450519420904,0.2719626094720302,False,0.005544074724577297,0.02425344725665557,False,False
user21,0,SapiAgent,sapiagent:8,T2_RandomForest,0.3798450519420904,0.2871374312017532,False,0.005544074724577297,0.0202089984160313,False,False
user21,0,SapiAgent,sapiagent:9,T2_RandomForest,0.3798450519420904,0.26863840118175797,False,0.005544074724577297,0.01711912843707486,False,False
user21,0,SapiAgent,sapiagent:10,T2_RandomForest,0.3798450519420904,0.2577383454439615,False,0.005544074724577297,0.022694182092012016,False,False
user21,0,SapiAgent,sapiagent:11,T2_RandomForest,0.3798450519420904,0.24193493135620978,False,0.005544074724577297,0.027385945938223633,False,False
user21,0,SapiAgent,sapiagent:12,T2_RandomForest,0.3798450519420904,0.25801727947535863,False,0.005544074724577297,0.018044157408852013,False,False
user21,0,SapiAgent,sapiagent:13,T2_RandomForest,0.3798450519420904,0.26534718606929464,False,0.005544074724577297,0.02425344725665557,False,False
user21,0,SapiAgent,sapiagent:14,T2_RandomForest,0.3798450519420904,0.24373240256517245,False,0.005544074724577297,0.01928010386518675,False,False
user21,0,SapiAgent,sapiagent:15,T2_RandomForest,0.3798450519420904,0.2849443693708052,False,0.005544074724577297,0.019899182421506567,False,False
user21,0,SapiAgent,sapiagent:16,T2_RandomForest,0.3798450519420904,0.2626133237040952,False,0.005544074724577297,0.01866176248690421,False,False
user21,0,SapiAgent,sapiagent:17,T2_RandomForest,0.3798450519420904,0.29037490095770985,False,0.005544074724577297,0.016503360276049706,False,False
user21,0,SapiAgent,sapiagent:18,T2_RandomForest,0.3798450519420904,0.2780912638190361,False,0.005544074724577297,0.023317330865164965,False,False
user21,0,SapiAgent,sapiagent:19,T2_RandomForest,0.3798450519420904,0.26516165120242513,False,0.005544074724577297,0.022071775343574407,False,False
user21,0,DMTG_Inspired,unknown_user:session_0,T2_RandomForest,0.3798450519420904,0.17335499632641696,False,0.005544074724577297,0.01282411874601963,False,False
user21,0,DMTG_Inspired,unknown_user:session_1,T2_RandomForest,0.3798450519420904,0.1817664511897457,False,0.005544074724577297,0.01282411874601963,False,False
user21,0,DMTG_Inspired,unknown_user:session_2,T2_RandomForest,0.3798450519420904,0.156584262442283,False,0.005544074724577297,0.01866176248690421,False,False
user21,0,DMTG_Inspired,unknown_user:session_3,T2_RandomForest,0.3798450519420904,0.23836212993146566,False,0.005544074724577297,0.013741464752344834,False,False
user21,0,DMTG_Inspired,unknown_user:session_4,T2_RandomForest,0.3798450519420904,0.20150404590588997,False,0.005544074724577297,0.021450109736274037,False,False
user21,0,DMTG_Inspired,unknown_user:session_5,T2_RandomForest,0.3798450519420904,0.14537576929807786,False,0.005544074724577297,0.026757952394332762,False,False
user21,0,DMTG_Inspired,unknown_user:session_6,T2_RandomForest,0.3798450519420904,0.15174611445959693,False,0.005544074724577297,0.015274022789274144,False,False
user21,0,DMTG_Inspired,unknown_user:session_7,T2_RandomForest,0.3798450519420904,0.20216948046589586,False,0.005544074724577297,0.006750198563136078,False,False
user21,0,DMTG_Inspired,unknown_user:session_8,T2_RandomForest,0.3798450519420904,0.18423340460639603,False,0.005544074724577297,0.013741464752344834,False,False
user21,0,DMTG_Inspired,unknown_user:session_9,T2_RandomForest,0.3798450519420904,0.14214838529385512,False,0.005544074724577297,0.005544074724577297,False,False
user21,0,DMTG_Inspired,unknown_user:session_10,T2_RandomForest,0.3798450519420904,0.17535551664871943,False,0.005544074724577297,0.01897084108367819,False,False
user21,0,DMTG_Inspired,unknown_user:session_11,T2_RandomForest,0.3798450519420904,0.19263498158253692,False,0.005544074724577297,0.014660451718337408,False,False
user21,0,DMTG_Inspired,unknown_user:session_12,T2_RandomForest,0.3798450519420904,0.15682478526205043,False,0.005544074724577297,0.019589550941188194,False,False
user21,0,DMTG_Inspired,unknown_user:session_13,T2_RandomForest,0.3798450519420904,0.1443422176269399,False,0.005544074724577297,0.018044157408852013,False,False
user21,0,DMTG_Inspired,unknown_user:session_14,T2_RandomForest,0.3798450519420904,0.1666355058497114,False,0.005544074724577297,0.018044157408852013,False,False
user21,0,DMTG_Inspired,unknown_user:session_15,T2_RandomForest,0.3798450519420904,0.21971278319668772,False,0.005544074724577297,0.007354339139688415,False,False
user21,0,DMTG_Inspired,unknown_user:session_16,T2_RandomForest,0.3798450519420904,0.10123097638123078,False,0.005544074724577297,0.006448398099819452,False,False
user21,0,DMTG_Inspired,unknown_user:session_17,T2_RandomForest,0.3798450519420904,0.20877738721198622,False,0.005544074724577297,0.023317330865164965,False,False
user21,0,DMTG_Inspired,unknown_user:session_18,T2_RandomForest,0.3798450519420904,0.19630318735603103,False,0.005544074724577297,0.013741464752344834,False,False
user21,0,DMTG_Inspired,unknown_user:session_19,T2_RandomForest,0.3798450519420904,0.15571477651684337,False,0.005544074724577297,0.019899182421506567,False,False
user23,0,Genuine,user23:session_0071280153,T2_RandomForest,0.4723299490264044,0.5314614266859566,True,-0.018072320361045335,-0.0045357742187775996,True,False
user23,0,Genuine,user23:session_0139259699,T2_RandomForest,0.4723299490264044,0.6423153948215752,True,-0.018072320361045335,-0.043020784165759274,False,True
user23,0,Genuine,user23:session_0697506648,T2_RandomForest,0.4723299490264044,0.6320281397289949,True,-0.018072320361045335,-0.039931213653462805,False,True
user23,0,Genuine,user23:session_1783392506,T2_RandomForest,0.4723299490264044,0.5497352263439608,True,-0.018072320361045335,-0.022024918370667224,False,True
user23,0,Genuine,user23:session_2676613576,T2_RandomForest,0.4723299490264044,0.26599004435596185,False,-0.018072320361045335,0.010526364048030978,False,False
user23,0,Genuine,user23:session_2806235778,T2_RandomForest,0.4723299490264044,0.6663662595606274,True,-0.018072320361045335,-0.01951339641802663,False,True
user23,0,Genuine,user23:session_2887480941,T2_RandomForest,0.4723299490264044,0.4734829345149001,True,-0.018072320361045335,-0.023097262191450696,False,True
user23,0,Genuine,user23:session_3173348385,T2_RandomForest,0.4723299490264044,0.3872263280724686,False,-0.018072320361045335,0.0018105619707146081,False,False
user23,0,Genuine,user23:session_3193098342,T2_RandomForest,0.4723299490264044,0.5746977356953472,True,-0.018072320361045335,-0.03018499883416803,False,True
user23,0,Genuine,user23:session_3777853846,T2_RandomForest,0.4723299490264044,0.5828796274017253,True,-0.018072320361045335,-0.01735016236286252,True,False
user23,0,Genuine,user23:session_4088744338,T2_RandomForest,0.4723299490264044,0.8254158525319307,True,-0.018072320361045335,0.0014350079581993969,True,False
user23,0,Genuine,user23:session_4199921692,T2_RandomForest,0.4723299490264044,0.272644300282353,False,-0.018072320361045335,-0.006017327702899977,False,False
user23,0,Genuine,user23:session_4354218638,T2_RandomForest,0.4723299490264044,0.4396899796838492,False,-0.018072320361045335,-0.0045357742187775996,False,False
user23,0,Genuine,user23:session_4484768740,T2_RandomForest,0.4723299490264044,0.5662409772234656,True,-0.018072320361045335,-0.012264665538655073,True,False
user23,0,Genuine,user23:session_4736309542,T2_RandomForest,0.4723299490264044,0.6171464627488163,True,-0.018072320361045335,-0.04846221389014638,False,True
user23,0,Genuine,user23:session_4998803513,T2_RandomForest,0.4723299490264044,0.45353820480125756,False,-0.018072320361045335,-0.009701858298992061,False,False
user23,0,Genuine,user23:session_5090921415,T2_RandomForest,0.4723299490264044,0.5145097829095594,True,-0.018072320361045335,-0.011533804897818856,True,False
user23,0,Genuine,user23:session_5130764696,T2_RandomForest,0.4723299490264044,0.4352749959829792,False,-0.018072320361045335,0.007097948022161682,False,False
user23,0,Genuine,user23:session_5222969532,T2_RandomForest,0.4723299490264044,0.39863367611539485,False,-0.018072320361045335,-0.005647355180539493,False,False
user23,0,Genuine,user23:session_5567012419,T2_RandomForest,0.4723299490264044,0.4163510817594632,False,-0.018072320361045335,0.0018105619707146081,False,False
user23,0,Genuine,user23:session_5760480696,T2_RandomForest,0.4723299490264044,0.53264552806356,True,-0.018072320361045335,-0.01735016236286252,True,False
user23,0,Genuine,user23:session_5796305508,T2_RandomForest,0.4723299490264044,0.7936512054710128,True,-0.018072320361045335,-0.006756442294773679,True,False
user23,0,Genuine,user23:session_5938044199,T2_RandomForest,0.4723299490264044,0.3195761036297714,False,-0.018072320361045335,-0.005647355180539493,False,False
user23,0,Genuine,user23:session_6120487222,T2_RandomForest,0.4723299490264044,0.7290003025673918,True,-0.018072320361045335,-0.019872991623090308,False,True
user23,0,Genuine,user23:session_6479783256,T2_RandomForest,0.4723299490264044,0.28712265150619365,False,-0.018072320361045335,-0.005277105564112816,False,False
user23,0,Genuine,user23:session_6529033101,T2_RandomForest,0.4723299490264044,0.597396033843304,True,-0.018072320361045335,-0.04027552820528668,False,True
user23,0,Genuine,user23:session_6575637744,T2_RandomForest,0.4723299490264044,0.35212184374313,False,-0.018072320361045335,-0.010068796439395844,False,False
user23,0,Genuine,user23:session_7131856482,T2_RandomForest,0.4723299490264044,0.4245773768605223,False,-0.018072320361045335,-0.0045357742187775996,False,False
user23,0,Genuine,user23:session_7756346661,T2_RandomForest,0.4723299490264044,0.3608287161383767,False,-0.018072320361045335,-0.002305108309810955,False,False
user23,0,Genuine,user23:session_7760528986,T2_RandomForest,0.4723299490264044,0.5285124664288584,True,-0.018072320361045335,-0.02948099141751087,False,True
user23,0,Genuine,user23:session_7778589669,T2_RandomForest,0.4723299490264044,0.7119450923555858,True,-0.018072320361045335,-0.0034216938019253074,True,False
user23,0,Genuine,user23:session_8055688583,T2_RandomForest,0.4723299490264044,0.38502558669401515,False,-0.018072320361045335,-0.007494450996885282,False,False
user23,0,Genuine,user23:session_8297767726,T2_RandomForest,0.4723299490264044,0.48675158516003375,True,-0.018072320361045335,-0.014814076886331018,True,False
user23,0,Genuine,user23:session_8301590977,T2_RandomForest,0.4723299490264044,0.5592404263523165,True,-0.018072320361045335,-0.012264665538655073,True,False
user23,0,Genuine,user23:session_9038755287,T2_RandomForest,0.4723299490264044,0.5115953485142929,True,-0.018072320361045335,-0.008967157348034382,True,False
user23,0,Genuine,user23:session_9648839315,T2_RandomForest,0.4723299490264044,0.5658261058395296,True,-0.018072320361045335,-0.013358906623994637,True,False
user23,0,Genuine,user23:session_9896236015,T2_RandomForest,0.4723299490264044,0.7587487114320016,True,-0.018072320361045335,0.0010597350095498115,True,False
user23,0,Genuine,user23:session_9956793065,T2_RandomForest,0.4723299490264044,0.6499860290242752,True,-0.018072320361045335,-0.030536607433506224,False,True
user23,0,HumanImpostor,user23:session_0542118784,T2_RandomForest,0.4723299490264044,0.4353802457759153,False,-0.018072320361045335,-0.04096338444883629,False,False
user23,0,HumanImpostor,user23:session_0590731055,T2_RandomForest,0.4723299490264044,0.22328258779527527,False,-0.018072320361045335,-0.005277105564112816,False,False
user23,0,HumanImpostor,user23:session_0750796173,T2_RandomForest,0.4723299490264044,0.14168514740481178,False,-0.018072320361045335,-0.011899372013082832,False,False
user23,0,HumanImpostor,user23:session_1414301302,T2_RandomForest,0.4723299490264044,0.2013881649727919,False,-0.018072320361045335,-0.0015593234921428278,False,False
user23,0,HumanImpostor,user23:session_1581692104,T2_RandomForest,0.4723299490264044,0.21226272702654525,False,-0.018072320361045335,-0.03473544167697268,False,False
user23,0,HumanImpostor,user23:session_1799284692,T2_RandomForest,0.4723299490264044,0.25197018540077665,False,-0.018072320361045335,0.004447327548870228,False,False
user23,0,HumanImpostor,user23:session_2020107805,T2_RandomForest,0.4723299490264044,0.10503032741061237,False,-0.018072320361045335,-0.021308683253420335,False,False
user23,0,HumanImpostor,user23:session_2222178768,T2_RandomForest,0.4723299490264044,0.20315541290029163,False,-0.018072320361045335,-0.01408703648216758,False,False
user23,0,HumanImpostor,user23:session_3436410606,T2_RandomForest,0.4723299490264044,0.17582086010013398,False,-0.018072320361045335,-0.02416720019378421,False,False
user23,0,HumanImpostor,user23:session_3496233301,T2_RandomForest,0.4723299490264044,0.18421440534938238,False,-0.018072320361045335,-0.02559005113988644,False,False
user23,0,HumanImpostor,user23:session_3760606976,T2_RandomForest,0.4723299490264044,0.4175340893223633,False,-0.018072320361045335,-0.005277105564112816,False,False
user23,0,HumanImpostor,user23:session_3922157039,T2_RandomForest,0.4723299490264044,0.1576371831131733,False,-0.018072320361045335,-0.004906578646087956,False,False
user23,0,HumanImpostor,user23:session_4144841412,T2_RandomForest,0.4723299490264044,0.19427813712449074,False,-0.018072320361045335,-0.007125584778574723,False,False
user23,0,HumanImpostor,user23:session_4185228735,T2_RandomForest,0.4723299490264044,0.12200001335411073,False,-0.018072320361045335,-0.02842300178689333,False,False
user23,0,HumanImpostor,user23:session_5138848212,T2_RandomForest,0.4723299490264044,0.08903680593465967,False,-0.018072320361045335,-0.021308683253420335,False,False
user23,0,HumanImpostor,user23:session_5536570637,T2_RandomForest,0.4723299490264044,0.15230989774054388,False,-0.018072320361045335,-0.019153531891076714,False,False
user23,0,HumanImpostor,user23:session_5652085012,T2_RandomForest,0.4723299490264044,0.12701100585025402,False,-0.018072320361045335,-0.023810821172739804,False,False
user23,0,HumanImpostor,user23:session_5653345386,T2_RandomForest,0.4723299490264044,0.1033914436091644,False,-0.018072320361045335,-0.01879339784052969,False,False
user23,0,HumanImpostor,user23:session_5967488943,T2_RandomForest,0.4723299490264044,0.24536620255150648,False,-0.018072320361045335,-0.0004385503509852229,False,False
user23,0,HumanImpostor,user23:session_6200753435,T2_RandomForest,0.4723299490264044,0.10054394375548358,False,-0.018072320361045335,-0.02948099141751087,False,False
user23,0,HumanImpostor,user23:session_7144916399,T2_RandomForest,0.4723299490264044,0.20234905946037554,False,-0.018072320361045335,-0.006387023338570885,False,False
user23,0,HumanImpostor,user23:session_7398972341,T2_RandomForest,0.4723299490264044,0.21090095591508312,False,-0.018072320361045335,-0.0045357742187775996,False,False
user23,0,HumanImpostor,user23:session_7434938340,T2_RandomForest,0.4723299490264044,0.22427186483254294,False,-0.018072320361045335,-0.026299880320942493,False,False
user23,0,HumanImpostor,user23:session_8427974282,T2_RandomForest,0.4723299490264044,0.11350224002531487,False,-0.018072320361045335,-0.008599394125666682,False,False
user23,0,HumanImpostor,user23:session_8431086878,T2_RandomForest,0.4723299490264044,0.17777104073523134,False,-0.018072320361045335,-0.021666934869437215,False,False
user23,0,HumanImpostor,user23:session_8831138885,T2_RandomForest,0.4723299490264044,0.16796366675581906,False,-0.018072320361045335,-0.02238263395776685,False,False
user23,0,HumanImpostor,user23:session_8916797638,T2_RandomForest,0.4723299490264044,0.09018386296959782,False,-0.018072320361045335,-0.015902598331441697,False,False
user23,0,HumanImpostor,user23:session_9034407980,T2_RandomForest,0.4723299490264044,0.051589024129756585,False,-0.018072320361045335,-0.024879158295459003,False,False
user23,0,HumanImpostor,user23:session_9127984644,T2_RandomForest,0.4723299490264044,0.29133670489278535,False,-0.018072320361045335,-0.0011860121096258225,False,False
user23,0,HumanImpostor,user23:session_9307936288,T2_RandomForest,0.4723299490264044,0.18788315009214968,False,-0.018072320361045335,-0.02948099141751087,False,False
user23,0,HumanImpostor,user23:session_9579651012,T2_RandomForest,0.4723299490264044,0.21860198739568007,False,-0.018072320361045335,-0.010801849078432735,False,False
user23,0,HumanImpostor,user23:session_9759261305,T2_RandomForest,0.4723299490264044,0.19313742320376712,False,-0.018072320361045335,-0.019872991623090308,False,False
user23,0,HumanImpostor,user23:session_9787004965,T2_RandomForest,0.4723299490264044,0.20817286243693994,False,-0.018072320361045335,-0.027716354056524783,False,False
user23,0,WindMouse,windmouse:0,T2_RandomForest,0.4723299490264044,0.48484703613090224,True,-0.018072320361045335,0.020171848139294624,True,False
user23,0,WindMouse,windmouse:1,T2_RandomForest,0.4723299490264044,0.5507959968405175,True,-0.018072320361045335,0.014362907262167268,True,False
user23,0,WindMouse,windmouse:2,T2_RandomForest,0.4723299490264044,0.5378573915157735,True,-0.018072320361045335,0.019004835279134102,True,False
user23,0,WindMouse,windmouse:3,T2_RandomForest,0.4723299490264044,0.5276071512625459,True,-0.018072320361045335,0.018228281629541487,True,False
user23,0,WindMouse,windmouse:4,T2_RandomForest,0.4723299490264044,0.43819983079233044,False,-0.018072320361045335,0.015905585173952907,False,False
user23,0,WindMouse,windmouse:5,T2_RandomForest,0.4723299490264044,0.5415971220556518,True,-0.018072320361045335,-0.0008124211323748964,True,False
user23,0,WindMouse,windmouse:6,T2_RandomForest,0.4723299490264044,0.45919728681233135,False,-0.018072320361045335,0.010908727108986271,False,False
user23,0,WindMouse,windmouse:7,T2_RandomForest,0.4723299490264044,0.470572443918843,False,-0.018072320361045335,0.007097948022161682,False,False
user23,0,WindMouse,windmouse:8,T2_RandomForest,0.4723299490264044,0.5287742199838507,True,-0.018072320361045335,0.012441045239087845,True,False
user23,0,WindMouse,windmouse:9,T2_RandomForest,0.4723299490264044,0.4289789393375788,False,-0.018072320361045335,0.010526364048030978,False,False
user23,0,WindMouse,windmouse:10,T2_RandomForest,0.4723299490264044,0.4608805150307016,False,-0.018072320361045335,0.01359329903176476,False,False
user23,0,WindMouse,windmouse:11,T2_RandomForest,0.4723299490264044,0.46489888652845773,False,-0.018072320361045335,0.010144287146819475,False,False
user23,0,WindMouse,windmouse:12,T2_RandomForest,0.4723299490264044,0.5276777039460462,True,-0.018072320361045335,0.013977959099751858,True,False
user23,0,WindMouse,windmouse:13,T2_RandomForest,0.4723299490264044,0.4352491936300368,False,-0.018072320361045335,0.013208926842596891,False,False
user23,0,WindMouse,windmouse:14,T2_RandomForest,0.4723299490264044,0.43626179071590715,False,-0.018072320361045335,0.012824842316800145,False,False
user23,0,WindMouse,windmouse:15,T2_RandomForest,0.4723299490264044,0.49925334275384486,True,-0.018072320361045335,0.018228281629541487,True,False
user23,0,WindMouse,windmouse:16,T2_RandomForest,0.4723299490264044,0.4650852898602788,False,-0.018072320361045335,0.012057535394334407,False,False
user23,0,WindMouse,windmouse:17,T2_RandomForest,0.4723299490264044,0.41388844935528,False,-0.018072320361045335,0.018616413107152785,False,False
user23,0,WindMouse,windmouse:18,T2_RandomForest,0.4723299490264044,0.44308553651397775,False,-0.018072320361045335,0.017452889887371925,False,False
user23,0,WindMouse,windmouse:19,T2_RandomForest,0.4723299490264044,0.46341016974225946,False,-0.018072320361045335,0.020171848139294624,False,False
user23,0,SapiAgent,sapiagent:0,T2_RandomForest,0.4723299490264044,0.24785986294132115,False,-0.018072320361045335,0.015519482474499635,False,False
user23,0,SapiAgent,sapiagent:1,T2_RandomForest,0.4723299490264044,0.2637273771562455,False,-0.018072320361045335,0.010144287146819475,False,False
user23,0,SapiAgent,sapiagent:2,T2_RandomForest,0.4723299490264044,0.2877099646839188,False,-0.018072320361045335,0.010908727108986271,False,False
user23,0,SapiAgent,sapiagent:3,T2_RandomForest,0.4723299490264044,0.2744044705140452,False,-0.018072320361045335,0.010526364048030978,False,False
user23,0,SapiAgent,sapiagent:4,T2_RandomForest,0.4723299490264044,0.27276072107023236,False,-0.018072320361045335,0.0006847429144181127,False,False
user23,0,SapiAgent,sapiagent:5,T2_RandomForest,0.4723299490264044,0.24302140391266705,False,-0.018072320361045335,0.012441045239087845,False,False
user23,0,SapiAgent,sapiagent:6,T2_RandomForest,0.4723299490264044,0.2612107471535344,False,-0.018072320361045335,0.008238187546875553,False,False
user23,0,SapiAgent,sapiagent:7,T2_RandomForest,0.4723299490264044,0.2913981918191306,False,-0.018072320361045335,0.010144287146819475,False,False
user23,0,SapiAgent,sapiagent:8,T2_RandomForest,0.4723299490264044,0.24556949179302523,False,-0.018072320361045335,0.010908727108986271,False,False
user23,0,SapiAgent,sapiagent:9,T2_RandomForest,0.4723299490264044,0.2641518117747623,False,-0.018072320361045335,0.009762496191190184,False,False
user23,0,SapiAgent,sapiagent:10,T2_RandomForest,0.4723299490264044,0.25326450483461477,False,-0.018072320361045335,0.010144287146819475,False,False
user23,0,SapiAgent,sapiagent:11,T2_RandomForest,0.4723299490264044,0.2804705624687599,False,-0.018072320361045335,0.0063392098843451095,False,False
user23,0,SapiAgent,sapiagent:12,T2_RandomForest,0.4723299490264044,0.26709717444161823,False,-0.018072320361045335,0.015905585173952907,False,False
user23,0,SapiAgent,sapiagent:13,T2_RandomForest,0.4723299490264044,0.26977004616891687,False,-0.018072320361045335,0.008618836858585666,False,False
user23,0,SapiAgent,sapiagent:14,T2_RandomForest,0.4723299490264044,0.2908938716107597,False,-0.018072320361045335,0.0063392098843451095,False,False
user23,0,SapiAgent,sapiagent:15,T2_RandomForest,0.4723299490264044,0.22772067695994105,False,-0.018072320361045335,0.01167431256757534,False,False
user23,0,SapiAgent,sapiagent:16,T2_RandomForest,0.4723299490264044,0.2104364902939964,False,-0.018072320361045335,0.013208926842596891,False,False
user23,0,SapiAgent,sapiagent:17,T2_RandomForest,0.4723299490264044,0.23406872144836208,False,-0.018072320361045335,0.011291376544006915,False,False
user23,0,SapiAgent,sapiagent:18,T2_RandomForest,0.4723299490264044,0.23689243719058128,False,-0.018072320361045335,0.00406980018631431,False,False
user23,0,SapiAgent,sapiagent:19,T2_RandomForest,0.4723299490264044,0.24431508164280513,False,-0.018072320361045335,0.013208926842596891,False,False
user23,0,DMTG_Inspired,unknown_user:session_0,T2_RandomForest,0.4723299490264044,0.26736266604887343,False,-0.018072320361045335,0.0010597350095498115,False,False
user23,0,DMTG_Inspired,unknown_user:session_1,T2_RandomForest,0.4723299490264044,0.327737196764106,False,-0.018072320361045335,0.007477743341785303,False,False
user23,0,DMTG_Inspired,unknown_user:session_2,T2_RandomForest,0.4723299490264044,0.34525529563454144,False,-0.018072320361045335,0.0014350079581993969,False,False
user23,0,DMTG_Inspired,unknown_user:session_3,T2_RandomForest,0.4723299490264044,0.2726422760429195,False,-0.018072320361045335,0.019004835279134102,False,False
user23,0,DMTG_Inspired,unknown_user:session_4,T2_RandomForest,0.4723299490264044,0.3659504397749704,False,-0.018072320361045335,0.008238187546875553,False,False
user23,0,DMTG_Inspired,unknown_user:session_5,T2_RandomForest,0.4723299490264044,0.3233836445727883,False,-0.018072320361045335,-0.0019323554891739758,False,False
user23,0,DMTG_Inspired,unknown_user:session_6,T2_RandomForest,0.4723299490264044,0.3165229718524835,False,-0.018072320361045335,0.0059602666408649085,False,False
user23,0,DMTG_Inspired,unknown_user:session_7,T2_RandomForest,0.4723299490264044,0.30273185592403756,False,-0.018072320361045335,-0.0008124211323748964,False,False
user23,0,DMTG_Inspired,unknown_user:session_8,T2_RandomForest,0.4723299490264044,0.3003573315546913,False,-0.018072320361045335,0.0063392098843451095,False,False
user23,0,DMTG_Inspired,unknown_user:session_9,T2_RandomForest,0.4723299490264044,0.3151891214394613,False,-0.018072320361045335,0.012057535394334407,False,False
user23,0,DMTG_Inspired,unknown_user:session_10,T2_RandomForest,0.4723299490264044,0.26585967352771844,False,-0.018072320361045335,0.0067184369405893785,False,False
user23,0,DMTG_Inspired,unknown_user:session_11,T2_RandomForest,0.4723299490264044,0.27819675588934895,False,-0.018072320361045335,0.012441045239087845,False,False
user23,0,DMTG_Inspired,unknown_user:session_12,T2_RandomForest,0.4723299490264044,0.26504026497861694,False,-0.018072320361045335,0.0059602666408649085,False,False
user23,0,DMTG_Inspired,unknown_user:session_13,T2_RandomForest,0.4723299490264044,0.3775479511159458,False,-0.018072320361045335,0.014748143734781838,False,False
user23,0,DMTG_Inspired,unknown_user:session_14,T2_RandomForest,0.4723299490264044,0.28342894267018753,False,-0.018072320361045335,0.01167431256757534,False,False
user23,0,DMTG_Inspired,unknown_user:session_15,T2_RandomForest,0.4723299490264044,0.22974089259372366,False,-0.018072320361045335,0.004447327548870228,False,False
user23,0,DMTG_Inspired,unknown_user:session_16,T2_RandomForest,0.4723299490264044,0.23140654495094068,False,-0.018072320361045335,0.008999771260834177,False,False
user23,0,DMTG_Inspired,unknown_user:session_17,T2_RandomForest,0.4723299490264044,0.2919018250087489,False,-0.018072320361045335,0.013977959099751858,False,False
user23,0,DMTG_Inspired,unknown_user:session_18,T2_RandomForest,0.4723299490264044,0.28436553062599274,False,-0.018072320361045335,0.007097948022161682,False,False
user23,0,DMTG_Inspired,unknown_user:session_19,T2_RandomForest,0.4723299490264044,0.2779854111720261,False,-0.018072320361045335,-0.0004385503509852229,False,False
user29,0,Genuine,user29:session_0270940804,T2_RandomForest,0.41707141922466145,0.5343472659733947,True,0.017427287754268495,-0.03822256010705988,False,True
user29,0,Genuine,user29:session_0537801506,T2_RandomForest,0.41707141922466145,0.8196323778799312,True,0.017427287754268495,-0.008414669361948346,False,True
user29,0,Genuine,user29:session_0743065918,T2_RandomForest,0.41707141922466145,0.24504252583005934,False,0.017427287754268495,-0.013947562349374498,False,False
user29,0,Genuine,user29:session_0838891042,T2_RandomForest,0.41707141922466145,0.4656846555691446,True,0.017427287754268495,-0.004887804891416714,False,True
user29,0,Genuine,user29:session_1076519237,T2_RandomForest,0.41707141922466145,0.6991916374650596,True,0.017427287754268495,-0.010460393456559247,False,True
user29,0,Genuine,user29:session_1164286300,T2_RandomForest,0.41707141922466145,0.4832471310922211,True,0.017427287754268495,-0.004887804891416714,False,True
user29,0,Genuine,user29:session_1421795197,T2_RandomForest,0.41707141922466145,0.4192717179480068,True,0.017427287754268495,-0.0004436201722915478,False,True
user29,0,Genuine,user29:session_1778570235,T2_RandomForest,0.41707141922466145,0.5761719437227787,True,0.017427287754268495,-0.03352212578318464,False,True
user29,0,Genuine,user29:session_1819563622,T2_RandomForest,0.41707141922466145,0.23726723106757158,False,0.017427287754268495,0.016811152647435934,False,False
user29,0,Genuine,user29:session_1896830251,T2_RandomForest,0.41707141922466145,0.749599468304214,True,0.017427287754268495,-0.018558510911270476,False,True
user29,0,Genuine,user29:session_1967235442,T2_RandomForest,0.41707141922466145,0.9093696199155389,True,0.017427287754268495,-0.031014321291818803,False,True
user29,0,Genuine,user29:session_2007540735,T2_RandomForest,0.41707141922466145,0.6484709787821934,True,0.017427287754268495,-0.019990442254170515,False,True
user29,0,Genuine,user29:session_2035629884,T2_RandomForest,0.41707141922466145,0.4839766807807288,True,0.017427287754268495,0.017427287754268495,True,False
user29,0,Genuine,user29:session_2189267771,T2_RandomForest,0.41707141922466145,0.5954193486433054,True,0.017427287754268495,-0.02284154080611217,False,True
user29,0,Genuine,user29:session_2290361531,T2_RandomForest,0.41707141922466145,0.6673930491828522,True,0.017427287754268495,-0.02284154080611217,False,True
user29,0,Genuine,user29:session_2540441733,T2_RandomForest,0.41707141922466145,0.735960271015219,True,0.017427287754268495,0.001345203360526015,False,True
user29,0,Genuine,user29:session_2617473265,T2_RandomForest,0.41707141922466145,0.5809550335136963,True,0.017427287754268495,-0.017122307929738012,False,True
user29,0,Genuine,user29:session_3016761703,T2_RandomForest,0.41707141922466145,0.3910241557801484,False,0.017427287754268495,-0.028773845720378943,False,False
user29,0,Genuine,user29:session_3161171774,T2_RandomForest,0.41707141922466145,0.7639188973629464,True,0.017427287754268495,-0.03352212578318464,False,True
user29,0,Genuine,user29:session_3163625589,T2_RandomForest,0.41707141922466145,0.2512048166336513,False,0.017427287754268495,0.017735630708383465,False,False
user29,0,Genuine,user29:session_3839970917,T2_RandomForest,0.41707141922466145,0.44248971149274774,True,0.017427287754268495,-0.004887804891416714,False,True
user29,0,Genuine,user29:session_3932398331,T2_RandomForest,0.41707141922466145,0.699136750599829,True,0.017427287754268495,-0.03629285059528642,False,True
user29,0,Genuine,user29:session_4262101552,T2_RandomForest,0.41707141922466145,0.5046506928928719,True,0.017427287754268495,0.00464136612543109,False,True
user29,0,Genuine,user29:session_4746240778,T2_RandomForest,0.41707141922466145,0.3847087910628691,False,0.017427287754268495,-0.008121726031289467,False,False
user29,0,Genuine,user29:session_4814782358,T2_RandomForest,0.41707141922466145,0.8915687264158406,True,0.017427287754268495,-0.010168669204649317,False,True
user29,0,Genuine,user29:session_5290417223,T2_RandomForest,0.41707141922466145,0.7334377632998054,True,0.017427287754268495,-0.0022260610976559403,False,True
user29,0,Genuine,user29:session_5415060346,T2_RandomForest,0.41707141922466145,0.6409118910461424,True,0.017427287754268495,-0.00636039644510672,False,True
user29,0,Genuine,user29:session_5623988336,T2_RandomForest,0.41707141922466145,0.5739238835460786,True,0.017427287754268495,-0.018845238503837403,False,True
user29,0,Genuine,user29:session_5894660899,T2_RandomForest,0.41707141922466145,0.15405969883332943,False,0.017427287754268495,-0.02198799396436818,False,False
user29,0,Genuine,user29:session_5924200824,T2_RandomForest,0.41707141922466145,0.8252654032839601,True,0.017427287754268495,-0.004002142189014235,False,True
user29,0,Genuine,user29:session_6527951269,T2_RandomForest,0.41707141922466145,0.5713623458526197,True,0.017427287754268495,0.0049420897503390515,False,True
user29,0,Genuine,user29:session_6989962465,T2_RandomForest,0.41707141922466145,0.8103315537398851,True,0.017427287754268495,-0.005771886138556559,False,True
user29,0,Genuine,user29:session_7418988874,T2_RandomForest,0.41707141922466145,0.8004875342371869,True,0.017427287754268495,-0.0179845430280432,False,True
user29,0,Genuine,user29:session_7473209927,T2_RandomForest,0.41707141922466145,0.4180181423848708,True,0.017427287754268495,-0.0037065693649060982,False,True
user29,0,Genuine,user29:session_8082239300,T2_RandomForest,0.41707141922466145,0.6445956612643139,True,0.017427287754268495,-0.01683455361609254,False,True
user29,0,Genuine,user29:session_8119180048,T2_RandomForest,0.41707141922466145,0.12030464234068716,False,0.017427287754268495,0.011603538277849657,False,False
user29,0,Genuine,user29:session_8423566466,T2_RandomForest,0.41707141922466145,0.45033901800495785,True,0.017427287754268495,-0.022272679091875858,False,True
user29,0,Genuine,user29:session_8604010887,T2_RandomForest,0.41707141922466145,0.2278366095689642,False,0.017427287754268495,0.00464136612543109,False,False
user29,0,Genuine,user29:session_8627031256,T2_RandomForest,0.41707141922466145,0.7278507509224831,True,0.017427287754268495,-0.023409725138847037,False,True
user29,0,Genuine,user29:session_9046061162,T2_RandomForest,0.41707141922466145,0.4589724346050203,True,0.017427287754268495,-0.02141811466339477,False,True
user29,0,Genuine,user29:session_9197162417,T2_RandomForest,0.41707141922466145,0.46375076322093245,True,0.017427287754268495,-0.003114895202422918,False,True
user29,0,Genuine,user29:session_9497021147,T2_RandomForest,0.41707141922466145,0.4361520815562378,True,0.017427287754268495,-0.013078105851045796,False,True
user29,0,Genuine,user29:session_9673398856,T2_RandomForest,0.41707141922466145,0.29309172828464997,False,0.017427287754268495,0.010081897209928359,False,False
user29,0,HumanImpostor,user29:session_0228122983,T2_RandomForest,0.41707141922466145,0.09284979852173086,False,0.017427287754268495,0.0007482182618598898,False,False
user29,0,HumanImpostor,user29:session_0305606782,T2_RandomForest,0.41707141922466145,0.6329983137035654,True,0.017427287754268495,-0.0007411362804494726,False,True
user29,0,HumanImpostor,user29:session_0508486473,T2_RandomForest,0.41707141922466145,0.22680770581151627,False,0.017427287754268495,0.012213464938870766,False,False
user29,0,HumanImpostor,user29:session_0843115603,T2_RandomForest,0.41707141922466145,0.12260491088437053,False,0.017427287754268495,-0.014237036041333695,False,False
user29,0,HumanImpostor,user29:session_2046923002,T2_RandomForest,0.41707141922466145,0.10084519859388037,False,0.017427287754268495,0.011298847356515096,False,False
user29,0,HumanImpostor,user29:session_2064160756,T2_RandomForest,0.41707141922466145,0.41745915246224347,True,0.017427287754268495,0.01404761126730858,False,True
user29,0,HumanImpostor,user29:session_3147629890,T2_RandomForest,0.41707141922466145,0.36130912959877515,False,0.017427287754268495,-0.02198799396436818,False,False
user29,0,HumanImpostor,user29:session_3172392634,T2_RandomForest,0.41707141922466145,0.06483084755960004,False,0.017427287754268495,0.019589550941188194,False,False
user29,0,HumanImpostor,user29:session_3660445831,T2_RandomForest,0.41707141922466145,0.012585451783269759,False,0.017427287754268495,-0.016258530454826503,False,False
user29,0,HumanImpostor,user29:session_5487557068,T2_RandomForest,0.41707141922466145,0.23291127494420055,False,0.017427287754268495,-0.004297538981587468,False,False
user29,0,HumanImpostor,user29:session_5746562839,T2_RandomForest,0.41707141922466145,0.0851224392300277,False,0.017427287754268495,-0.012207094058382661,False,False
user29,0,HumanImpostor,user29:session_6007924250,T2_RandomForest,0.41707141922466145,0.36116643856293384,False,0.017427287754268495,0.011298847356515096,False,False
user29,0,HumanImpostor,user29:session_6056134961,T2_RandomForest,0.41707141922466145,0.18421988514111806,False,0.017427287754268495,-0.02113292028767666,False,False
user29,0,HumanImpostor,user29:session_6982446047,T2_RandomForest,0.41707141922466145,0.3398827690093773,False,0.017427287754268495,0.01711912843707486,False,False
user29,0,HumanImpostor,user29:session_7011327614,T2_RandomForest,0.41707141922466145,0.3470025075975231,False,0.017427287754268495,0.009171085793275635,False,False
user29,0,HumanImpostor,user29:session_7648037009,T2_RandomForest,0.41707141922466145,0.4149377272825577,False,0.017427287754268495,-0.004887804891416714,False,False
user29,0,HumanImpostor,user29:session_8407883787,T2_RandomForest,0.41707141922466145,0.34895886836092105,False,0.017427287754268495,-0.00782860813115177,False,False
user29,0,HumanImpostor,user29:session_9518245436,T2_RandomForest,0.41707141922466145,0.09790093539609085,False,0.017427287754268495,-0.010751943968992317,False,False
user29,0,HumanImpostor,user29:session_9551087650,T2_RandomForest,0.41707141922466145,0.246623391765163,False,0.017427287754268495,0.006750198563136078,False,False
user29,0,HumanImpostor,user29:session_9951071945,T2_RandomForest,0.41707141922466145,0.10673550958002989,False,0.017427287754268495,0.01099433789709503,False,False
user29,0,WindMouse,windmouse:0,T2_RandomForest,0.41707141922466145,0.23484566068120794,False,0.017427287754268495,0.013129718600255913,False,False
user29,0,WindMouse,windmouse:1,T2_RandomForest,0.41707141922466145,0.24762301164015524,False,0.017427287754268495,0.001345203360526015,False,False
user29,0,WindMouse,windmouse:2,T2_RandomForest,0.41707141922466145,0.1945486178178986,False,0.017427287754268495,0.01404761126730858,False,False
user29,0,WindMouse,windmouse:3,T2_RandomForest,0.41707141922466145,0.20877739043038268,False,0.017427287754268495,0.013435500566189917,False,False
user29,0,WindMouse,windmouse:4,T2_RandomForest,0.41707141922466145,0.22750513179954804,False,0.017427287754268495,0.004040456066397913,False,False
user29,0,WindMouse,windmouse:5,T2_RandomForest,0.41707141922466145,0.18428530745695704,False,0.017427287754268495,0.0016439627508675336,False,False
user29,0,WindMouse,windmouse:6,T2_RandomForest,0.41707141922466145,0.23562670319827086,False,0.017427287754268495,0.0031404323557914227,False,False
user29,0,WindMouse,windmouse:7,T2_RandomForest,0.41707141922466145,0.2161114419037731,False,0.017427287754268495,0.0010466218995126564,False,False
user29,0,WindMouse,windmouse:8,T2_RandomForest,0.41707141922466145,0.19198920558084864,False,0.017427287754268495,0.011908410769234767,False,False
user29,0,WindMouse,windmouse:9,T2_RandomForest,0.41707141922466145,0.21564509272150062,False,0.017427287754268495,0.0031404323557914227,False,False
user29,0,WindMouse,windmouse:10,T2_RandomForest,0.41707141922466145,0.20952486473593296,False,0.017427287754268495,0.0025413095584863044,False,False
user29,0,WindMouse,windmouse:11,T2_RandomForest,0.41707141922466145,0.22302607549908968,False,0.017427287754268495,0.0043408215996721955,False,False
user29,0,WindMouse,windmouse:12,T2_RandomForest,0.41707141922466145,0.2222378162892482,False,0.017427287754268495,-0.0010384751997291053,False,False
user29,0,WindMouse,windmouse:13,T2_RandomForest,0.41707141922466145,0.23599961706045575,False,0.017427287754268495,0.009171085793275635,False,False
user29,0,WindMouse,windmouse:14,T2_RandomForest,0.41707141922466145,0.21759437624741565,False,0.017427287754268495,0.002840781727081465,False,False
user29,0,WindMouse,windmouse:15,T2_RandomForest,0.41707141922466145,0.20540316301036896,False,0.017427287754268495,0.00464136612543109,False,False
user29,0,WindMouse,windmouse:16,T2_RandomForest,0.41707141922466145,0.2305630222539116,False,0.017427287754268495,-0.0022260610976559403,False,False
user29,0,WindMouse,windmouse:17,T2_RandomForest,0.41707141922466145,0.2410037882145626,False,0.017427287754268495,0.0043408215996721955,False,False
user29,0,WindMouse,windmouse:18,T2_RandomForest,0.41707141922466145,0.2679524093720705,False,0.017427287754268495,0.012518700895022605,False,False
user29,0,WindMouse,windmouse:19,T2_RandomForest,0.41707141922466145,0.26308292056180754,False,0.017427287754268495,-0.0004436201722915478,False,False
user29,0,SapiAgent,sapiagent:0,T2_RandomForest,0.41707141922466145,0.3195813842412157,False,0.017427287754268495,0.004040456066397913,False,False
user29,0,SapiAgent,sapiagent:1,T2_RandomForest,0.41707141922466145,0.32477070596667307,False,0.017427287754268495,0.0037402694190072916,False,False
user29,0,SapiAgent,sapiagent:2,T2_RandomForest,0.41707141922466145,0.3051825885520492,False,0.017427287754268495,0.006146777376974333,False,False
user29,0,SapiAgent,sapiagent:3,T2_RandomForest,0.41707141922466145,0.30406202207903116,False,0.017427287754268495,0.007354339139688415,False,False
user29,0,SapiAgent,sapiagent:4,T2_RandomForest,0.41707141922466145,0.29246854006012657,False,0.017427287754268495,0.010081897209928359,False,False
user29,0,SapiAgent,sapiagent:5,T2_RandomForest,0.41707141922466145,0.3350892348997146,False,0.017427287754268495,-0.0019294298792508213,False,False
user29,0,SapiAgent,sapiagent:6,T2_RandomForest,0.41707141922466145,0.3305725282908229,False,0.017427287754268495,0.010081897209928359,False,False
user29,0,SapiAgent,sapiagent:7,T2_RandomForest,0.41707141922466145,0.3381280699582421,False,0.017427287754268495,0.0037402694190072916,False,False
user29,0,SapiAgent,sapiagent:8,T2_RandomForest,0.41707141922466145,0.31523697058813077,False,0.017427287754268495,0.004040456066397913,False,False
user29,0,SapiAgent,sapiagent:9,T2_RandomForest,0.41707141922466145,0.31417774710255636,False,0.017427287754268495,0.0025413095584863044,False,False
user29,0,SapiAgent,sapiagent:10,T2_RandomForest,0.41707141922466145,0.3306441458404894,False,0.017427287754268495,0.00795919996427863,False,False
user29,0,SapiAgent,sapiagent:11,T2_RandomForest,0.41707141922466145,0.30281778720517666,False,0.017427287754268495,0.0025413095584863044,False,False
user29,0,SapiAgent,sapiagent:12,T2_RandomForest,0.41707141922466145,0.33340728850189394,False,0.017427287754268495,0.00224201574372207,False,False
user29,0,SapiAgent,sapiagent:13,T2_RandomForest,0.41707141922466145,0.2916244228569786,False,0.017427287754268495,0.010081897209928359,False,False
user29,0,SapiAgent,sapiagent:14,T2_RandomForest,0.41707141922466145,0.32398246615664067,False,0.017427287754268495,0.001345203360526015,False,False
user29,0,SapiAgent,sapiagent:15,T2_RandomForest,0.41707141922466145,0.35121043604009206,False,0.017427287754268495,-0.0016326218936973391,False,False
user29,0,SapiAgent,sapiagent:16,T2_RandomForest,0.41707141922466145,0.321373143509102,False,0.017427287754268495,-0.0004436201722915478,False,False
user29,0,SapiAgent,sapiagent:17,T2_RandomForest,0.41707141922466145,0.321095253662013,False,0.017427287754268495,-0.0016326218936973391,False,False
user29,0,SapiAgent,sapiagent:18,T2_RandomForest,0.41707141922466145,0.3205811739236175,False,0.017427287754268495,0.007354339139688415,False,False
user29,0,SapiAgent,sapiagent:19,T2_RandomForest,0.41707141922466145,0.3429966286749493,False,0.017427287754268495,-0.00014592676966568296,False,False
user29,0,DMTG_Inspired,unknown_user:session_0,T2_RandomForest,0.41707141922466145,0.22778187811658854,False,0.017427287754268495,0.010081897209928359,False,False
user29,0,DMTG_Inspired,unknown_user:session_1,T2_RandomForest,0.41707141922466145,0.24624902543205465,False,0.017427287754268495,-0.00014592676966568296,False,False
user29,0,DMTG_Inspired,unknown_user:session_2,T2_RandomForest,0.41707141922466145,0.251198984689162,False,0.017427287754268495,0.004040456066397913,False,False
user29,0,DMTG_Inspired,unknown_user:session_3,T2_RandomForest,0.41707141922466145,0.24841414710756446,False,0.017427287754268495,-0.0010384751997291053,False,False
user29,0,DMTG_Inspired,unknown_user:session_4,T2_RandomForest,0.41707141922466145,0.21996861754122032,False,0.017427287754268495,0.005544074724577297,False,False
user29,0,DMTG_Inspired,unknown_user:session_5,T2_RandomForest,0.41707141922466145,0.25996914756012734,False,0.017427287754268495,0.0004499923416630969,False,False
user29,0,DMTG_Inspired,unknown_user:session_6,T2_RandomForest,0.41707141922466145,0.2318374470324676,False,0.017427287754268495,0.0025413095584863044,False,False
user29,0,DMTG_Inspired,unknown_user:session_7,T2_RandomForest,0.41707141922466145,0.17525764832262195,False,0.017427287754268495,-0.010168669204649317,False,False
user29,0,DMTG_Inspired,unknown_user:session_8,T2_RandomForest,0.41707141922466145,0.2061624887495066,False,0.017427287754268495,0.01099433789709503,False,False
user29,0,DMTG_Inspired,unknown_user:session_9,T2_RandomForest,0.41707141922466145,0.22534316042285807,False,0.017427287754268495,0.0070521788740344205,False,False
user29,0,DMTG_Inspired,unknown_user:session_10,T2_RandomForest,0.41707141922466145,0.23708467016335946,False,0.017427287754268495,0.008867843544855147,False,False
user29,0,DMTG_Inspired,unknown_user:session_11,T2_RandomForest,0.41707141922466145,0.1821978106650096,False,0.017427287754268495,0.00224201574372207,False,False
user29,0,DMTG_Inspired,unknown_user:session_12,T2_RandomForest,0.41707141922466145,0.28661665462300534,False,0.017427287754268495,-0.004592759847463268,False,False
user29,0,DMTG_Inspired,unknown_user:session_13,T2_RandomForest,0.41707141922466145,0.22688275167654137,False,0.017427287754268495,-0.0007411362804494726,False,False
user29,0,DMTG_Inspired,unknown_user:session_14,T2_RandomForest,0.41707141922466145,0.28682229950745425,False,0.017427287754268495,0.007354339139688415,False,False
user29,0,DMTG_Inspired,unknown_user:session_15,T2_RandomForest,0.41707141922466145,0.26323595878372813,False,0.017427287754268495,-0.0004436201722915478,False,False
user29,0,DMTG_Inspired,unknown_user:session_16,T2_RandomForest,0.41707141922466145,0.24789571349086795,False,0.017427287754268495,0.026130706644148294,False,False
user29,0,DMTG_Inspired,unknown_user:session_17,T2_RandomForest,0.41707141922466145,0.2954701429059071,False,0.017427287754268495,0.0070521788740344205,False,False
user29,0,DMTG_Inspired,unknown_user:session_18,T2_RandomForest,0.41707141922466145,0.2490956518374877,False,0.017427287754268495,0.0010466218995126564,False,False
user29,0,DMTG_Inspired,unknown_user:session_19,T2_RandomForest,0.41707141922466145,0.2153166412594915,False,0.017427287754268495,0.007354339139688415,False,False
user35,0,Genuine,user35:session_0029922803,T2_RandomForest,0.4805300528781183,0.5365703813013827,True,-0.04744690465327733,-0.043362786489242855,True,False
user35,0,Genuine,user35:session_0458723853,T2_RandomForest,0.4805300528781183,0.4663905182566938,False,-0.04744690465327733,0.013208926842596891,False,False
user35,0,Genuine,user35:session_1129865931,T2_RandomForest,0.4805300528781183,0.3189323826633511,False,-0.04744690465327733,-0.01262968567928946,False,False
user35,0,Genuine,user35:session_1306722148,T2_RandomForest,0.4805300528781183,0.44856741260665334,False,-0.04744690465327733,0.002186397257600503,False,False
user35,0,Genuine,user35:session_2069574400,T2_RandomForest,0.4805300528781183,0.5068721408835011,True,-0.04744690465327733,-0.05383885038889108,False,True
user35,0,Genuine,user35:session_2110642502,T2_RandomForest,0.4805300528781183,0.3905343050973851,False,-0.04744690465327733,-0.030536607433506224,False,False
user35,0,Genuine,user35:session_2363410078,T2_RandomForest,0.4805300528781183,0.46095223466239765,False,-0.04744690465327733,-0.02948099141751087,False,False
user35,0,Genuine,user35:session_2751916214,T2_RandomForest,0.4805300528781183,0.4148730488074354,False,-0.04744690465327733,-0.016626922226847862,False,False
user35,0,Genuine,user35:session_3101765401,T2_RandomForest,0.4805300528781183,0.5802617456338994,True,-0.04744690465327733,-0.03889672196142285,True,False
user35,0,Genuine,user35:session_3170574491,T2_RandomForest,0.4805300528781183,0.36114736502447,False,-0.04744690465327733,-0.043362786489242855,False,False
user35,0,Genuine,user35:session_3212035675,T2_RandomForest,0.4805300528781183,0.46589792934194807,False,-0.04744690465327733,-0.043362786489242855,False,False
user35,0,Genuine,user35:session_3535166347,T2_RandomForest,0.4805300528781183,0.17736653179946024,False,-0.04744690465327733,-0.011533804897818856,False,False
user35,0,Genuine,user35:session_3635374508,T2_RandomForest,0.4805300528781183,0.46862627464661166,False,-0.04744690465327733,-0.006756442294773679,False,False
user35,0,Genuine,user35:session_3876999904,T2_RandomForest,0.4805300528781183,0.5050417183910524,True,-0.04744690465327733,-0.02559005113988644,True,False
user35,0,Genuine,user35:session_3981019566,T2_RandomForest,0.4805300528781183,0.4457174598673266,False,-0.04744690465327733,-0.037859904154043944,False,False
user35,0,Genuine,user35:session_4518223786,T2_RandomForest,0.4805300528781183,0.5446215614860066,True,-0.04744690465327733,-0.02416720019378421,True,False
user35,0,Genuine,user35:session_5016669083,T2_RandomForest,0.4805300528781183,0.5557751967550375,True,-0.04744690465327733,-0.04744690465327733,True,False
user35,0,Genuine,user35:session_5160736279,T2_RandomForest,0.4805300528781183,0.399192042851496,False,-0.04744690465327733,-0.004164692074338783,False,False
user35,0,Genuine,user35:session_5248409822,T2_RandomForest,0.4805300528781183,0.36007440985943795,False,-0.04744690465327733,0.007097948022161682,False,False
user35,0,Genuine,user35:session_5425983208,T2_RandomForest,0.4805300528781183,0.5335585689899586,True,-0.04744690465327733,-0.046089606811141604,True,False
user35,0,Genuine,user35:session_6278669958,T2_RandomForest,0.4805300528781183,0.5130999535998463,True,-0.04744690465327733,-0.050822419260717455,False,True
user35,0,Genuine,user35:session_6829066411,T2_RandomForest,0.4805300528781183,0.4635009290001348,False,-0.04744690465327733,-0.022024918370667224,False,False
user35,0,Genuine,user35:session_7388997727,T2_RandomForest,0.4805300528781183,0.5531279226857231,True,-0.04744690465327733,-0.041306926526118615,True,False
user35,0,Genuine,user35:session_7667901628,T2_RandomForest,0.4805300528781183,0.3478533504170265,False,-0.04744690465327733,-0.021666934869437215,False,False
user35,0,Genuine,user35:session_7768986100,T2_RandomForest,0.4805300528781183,0.6250271997664194,True,-0.04744690465327733,-0.03158985516011703,True,False
user35,0,Genuine,user35:session_7970857766,T2_RandomForest,0.4805300528781183,0.4945715797702368,True,-0.04744690465327733,-0.03958664122432792,True,False
user35,0,Genuine,user35:session_7997263430,T2_RandomForest,0.4805300528781183,0.838565916956368,True,-0.04744690465327733,-0.025945098588811832,True,False
user35,0,Genuine,user35:session_8015250878,T2_RandomForest,0.4805300528781183,0.3975481406318502,False,-0.04744690465327733,-0.030536607433506224,False,False
user35,0,Genuine,user35:session_8042510915,T2_RandomForest,0.4805300528781183,0.3869676954835443,False,-0.04744690465327733,-0.015902598331441697,False,False
user35,0,Genuine,user35:session_8214714439,T2_RandomForest,0.4805300528781183,0.6005062207544883,True,-0.04744690465327733,-0.03229070721920424,True,False
user35,0,Genuine,user35:session_9020534315,T2_RandomForest,0.4805300528781183,0.512451765373849,True,-0.04744690465327733,-0.0019323554891739758,True,False
user35,0,Genuine,user35:session_9183184177,T2_RandomForest,0.4805300528781183,0.4921121226121878,True,-0.04744690465327733,-0.023097262191450696,True,False
user35,0,Genuine,user35:session_9629836105,T2_RandomForest,0.4805300528781183,0.5510462649857344,True,-0.04744690465327733,-0.024523312501488037,True,False
user35,0,Genuine,user35:session_9653209270,T2_RandomForest,0.4805300528781183,0.42311540494579375,False,-0.04744690465327733,-0.018432994064523645,False,False
user35,0,Genuine,user35:session_9716805694,T2_RandomForest,0.4805300528781183,0.4604493585769061,False,-0.04744690465327733,-0.06602839036844305,False,False
user35,0,HumanImpostor,user35:session_0111356050,T2_RandomForest,0.4805300528781183,0.1850835301772849,False,-0.04744690465327733,0.007097948022161682,False,False
user35,0,HumanImpostor,user35:session_0376544801,T2_RandomForest,0.4805300528781183,0.3044979677141728,False,-0.04744690465327733,-0.03264073991063393,False,False
user35,0,HumanImpostor,user35:session_0402994139,T2_RandomForest,0.4805300528781183,0.11326495477971713,False,-0.04744690465327733,-0.003793332004772776,False,False
user35,0,HumanImpostor,user35:session_0493270999,T2_RandomForest,0.4805300528781183,0.4540090274263778,False,-0.04744690465327733,-0.01735016236286252,False,False
user35,0,HumanImpostor,user35:session_0841557171,T2_RandomForest,0.4805300528781183,0.0435942133287246,False,-0.04744690465327733,0.012824842316800145,False,False
user35,0,HumanImpostor,user35:session_0989732540,T2_RandomForest,0.4805300528781183,0.11353228151581277,False,-0.04744690465327733,-0.0011860121096258225,False,False
user35,0,HumanImpostor,user35:session_1553613542,T2_RandomForest,0.4805300528781183,0.2991682888767033,False,-0.04744690465327733,0.005203230742735876,False,False
user35,0,HumanImpostor,user35:session_1893250984,T2_RandomForest,0.4805300528781183,0.18898783844698225,False,-0.04744690465327733,0.007477743341785303,False,False
user35,0,HumanImpostor,user35:session_2272584671,T2_RandomForest,0.4805300528781183,0.43391471253029396,False,-0.04744690465327733,-0.046089606811141604,False,False
user35,0,HumanImpostor,user35:session_2381827805,T2_RandomForest,0.4805300528781183,0.2850614455345485,False,-0.04744690465327733,0.002186397257600503,False,False
user35,0,HumanImpostor,user35:session_2389761713,T2_RandomForest,0.4805300528781183,0.18870630242978123,False,-0.04744690465327733,-0.04438725850267672,False,False
user35,0,HumanImpostor,user35:session_2412921544,T2_RandomForest,0.4805300528781183,0.13045112939070688,False,-0.04744690465327733,-0.024523312501488037,False,False
user35,0,HumanImpostor,user35:session_2426108754,T2_RandomForest,0.4805300528781183,0.27504885077024716,False,-0.04744690465327733,-0.03820576886971966,False,False
user35,0,HumanImpostor,user35:session_2585594441,T2_RandomForest,0.4805300528781183,0.320066490513268,False,-0.04744690465327733,-0.04574964676292209,False,False
user35,0,HumanImpostor,user35:session_2689331954,T2_RandomForest,0.4805300528781183,0.2881537532945869,False,-0.04744690465327733,-0.023810821172739804,False,False
user35,0,HumanImpostor,user35:session_2751066909,T2_RandomForest,0.4805300528781183,0.18289184304976863,False,-0.04744690465327733,-0.002677582162988801,False,False
user35,0,HumanImpostor,user35:session_2809105327,T2_RandomForest,0.4805300528781183,0.17515844638897318,False,-0.04744690465327733,0.011291376544006915,False,False
user35,0,HumanImpostor,user35:session_2878525110,T2_RandomForest,0.4805300528781183,0.16793433791343979,False,-0.04744690465327733,-0.029833126894579898,False,False
user35,0,HumanImpostor,user35:session_3028558496,T2_RandomForest,0.4805300528781183,0.19322650201830074,False,-0.04744690465327733,-0.010068796439395844,False,False
user35,0,HumanImpostor,user35:session_3097489009,T2_RandomForest,0.4805300528781183,0.25910187964547154,False,-0.04744690465327733,-0.043704532858877265,False,False
user35,0,HumanImpostor,user35:session_3116416990,T2_RandomForest,0.4805300528781183,0.17503263537168107,False,-0.04744690465327733,-0.04913782092094404,False,False
user35,0,HumanImpostor,user35:session_3182721337,T2_RandomForest,0.4805300528781183,0.21536307444336297,False,-0.04744690465327733,-0.029833126894579898,False,False
user35,0,HumanImpostor,user35:session_3203109772,T2_RandomForest,0.4805300528781183,0.17821615992922157,False,-0.04744690465327733,-0.030887952889677828,False,False
user35,0,HumanImpostor,user35:session_3669155019,T2_RandomForest,0.4805300528781183,0.19097638290852173,False,-0.04744690465327733,0.0006847429144181127,False,False
user35,0,HumanImpostor,user35:session_3696132790,T2_RandomForest,0.4805300528781183,0.004927088533697094,False,-0.04744690465327733,0.018228281629541487,False,False
user35,0,HumanImpostor,user35:session_3762712464,T2_RandomForest,0.4805300528781183,0.19438345116230576,False,-0.04744690465327733,0.017065629188191767,False,False
user35,0,HumanImpostor,user35:session_4251225905,T2_RandomForest,0.4805300528781183,0.3096243877336752,False,-0.04744690465327733,0.023296727383457894,False,False
user35,0,HumanImpostor,user35:session_4289581476,T2_RandomForest,0.4805300528781183,0.4908268821643376,True,-0.04744690465327733,-0.03229070721920424,True,False
user35,0,HumanImpostor,user35:session_4331334148,T2_RandomForest,0.4805300528781183,0.24692238501606065,False,-0.04744690465327733,-0.035431587196691205,False,False
user35,0,HumanImpostor,user35:session_4481103124,T2_RandomForest,0.4805300528781183,0.08529354898070385,False,-0.04744690465327733,0.0029389124972935,False,False
user35,0,HumanImpostor,user35:session_4559429580,T2_RandomForest,0.4805300528781183,0.1687790959814296,False,-0.04744690465327733,0.01167431256757534,False,False
user35,0,HumanImpostor,user35:session_4767254104,T2_RandomForest,0.4805300528781183,0.26306795304225156,False,-0.04744690465327733,-0.042336010890305864,False,False
user35,0,HumanImpostor,user35:session_5013714842,T2_RandomForest,0.4805300528781183,0.32447379453778835,False,-0.04744690465327733,-0.03438697783024047,False,False
user35,0,HumanImpostor,user35:session_5445301341,T2_RandomForest,0.4805300528781183,0.091349623473004,False,-0.04744690465327733,0.022122703812745836,False,False
user35,0,HumanImpostor,user35:session_5517823185,T2_RandomForest,0.4805300528781183,0.3010562994186128,False,-0.04744690465327733,-0.039931213653462805,False,False
user35,0,HumanImpostor,user35:session_5527782146,T2_RandomForest,0.4805300528781183,0.3312054894935785,False,-0.04744690465327733,-0.03438697783024047,False,False
user35,0,HumanImpostor,user35:session_5690417333,T2_RandomForest,0.4805300528781183,0.2201907152037635,False,-0.04744690465327733,-0.04199323955450762,False,False
user35,0,HumanImpostor,user35:session_5811752669,T2_RandomForest,0.4805300528781183,0.31455044997688797,False,-0.04744690465327733,0.007477743341785303,False,False
user35,0,HumanImpostor,user35:session_5931589642,T2_RandomForest,0.4805300528781183,0.210363660241725,False,-0.04744690465327733,-0.02416720019378421,False,False
user35,0,HumanImpostor,user35:session_6051914984,T2_RandomForest,0.4805300528781183,0.2233159687468612,False,-0.04744690465327733,-0.019153531891076714,False,False
user35,0,HumanImpostor,user35:session_6295392963,T2_RandomForest,0.4805300528781183,0.13451051952466644,False,-0.04744690465327733,-0.02806981018463578,False,False
user35,0,HumanImpostor,user35:session_6425950736,T2_RandomForest,0.4805300528781183,0.3010592894121771,False,-0.04744690465327733,-0.060798648608547945,False,False
user35,0,HumanImpostor,user35:session_6452949084,T2_RandomForest,0.4805300528781183,0.39125132356157155,False,-0.04744690465327733,-0.04744690465327733,False,False
user35,0,HumanImpostor,user35:session_6479266110,T2_RandomForest,0.4805300528781183,0.40289475419052617,False,-0.04744690465327733,-0.0008124211323748964,False,False
user35,0,HumanImpostor,user35:session_6480157843,T2_RandomForest,0.4805300528781183,0.23353771680781965,False,-0.04744690465327733,0.024080875987219308,False,False
user35,0,HumanImpostor,user35:session_6497918859,T2_RandomForest,0.4805300528781183,0.42431074787319,False,-0.04744690465327733,-0.02877592906126808,False,False
user35,0,HumanImpostor,user35:session_6637610294,T2_RandomForest,0.4805300528781183,0.09049697848648158,False,-0.04744690465327733,0.019004835279134102,False,False
user35,0,HumanImpostor,user35:session_6816047521,T2_RandomForest,0.4805300528781183,0.14392632194474103,False,-0.04744690465327733,0.004447327548870228,False,False
user35,0,HumanImpostor,user35:session_6933816157,T2_RandomForest,0.4805300528781183,0.20642355550583175,False,-0.04744690465327733,-0.04165021149720316,False,False
user35,0,HumanImpostor,user35:session_6970752744,T2_RandomForest,0.4805300528781183,0.08705969147925795,False,-0.04744690465327733,0.004825137663754142,False,False
user35,0,HumanImpostor,user35:session_7093950723,T2_RandomForest,0.4805300528781183,0.16764834506884668,False,-0.04744690465327733,0.014362907262167268,False,False
user35,0,HumanImpostor,user35:session_7100038229,T2_RandomForest,0.4805300528781183,0.2295537931136636,False,-0.04744690465327733,-0.04404602346621794,False,False
user35,0,HumanImpostor,user35:session_7177007633,T2_RandomForest,0.4805300528781183,0.3134294493904251,False,-0.04744690465327733,-0.006756442294773679,False,False
user35,0,HumanImpostor,user35:session_7217479988,T2_RandomForest,0.4805300528781183,0.29500405216720915,False,-0.04744690465327733,0.022122703812745836,False,False
user35,0,HumanImpostor,user35:session_7273363943,T2_RandomForest,0.4805300528781183,0.24257087140708014,False,-0.04744690465327733,-0.027008647430118604,False,False
user35,0,HumanImpostor,user35:session_7326699927,T2_RandomForest,0.4805300528781183,0.36541472631184907,False,-0.04744690465327733,-0.019153531891076714,False,False
user35,0,HumanImpostor,user35:session_7354123043,T2_RandomForest,0.4805300528781183,0.2803802801758227,False,-0.04744690465327733,-0.0488001438585986,False,False
user35,0,HumanImpostor,user35:session_7370016891,T2_RandomForest,0.4805300528781183,0.18631920750879571,False,-0.04744690465327733,-0.016264895850511052,False,False
user35,0,HumanImpostor,user35:session_7437771065,T2_RandomForest,0.4805300528781183,0.3927109674692499,False,-0.04744690465327733,-0.02559005113988644,False,False
user35,0,HumanImpostor,user35:session_7534749559,T2_RandomForest,0.4805300528781183,0.3497304652184672,False,-0.04744690465327733,0.018228281629541487,False,False
user35,0,HumanImpostor,user35:session_7788563873,T2_RandomForest,0.4805300528781183,0.26140950312590816,False,-0.04744690465327733,-0.02736263320444149,False,False
user35,0,HumanImpostor,user35:session_8185572921,T2_RandomForest,0.4805300528781183,0.354029641208108,False,-0.04744690465327733,-0.027716354056524783,False,False
user35,0,HumanImpostor,user35:session_8281638783,T2_RandomForest,0.4805300528781183,0.08216198444315322,False,-0.04744690465327733,-0.015540029466565075,False,False
user35,0,HumanImpostor,user35:session_8340206664,T2_RandomForest,0.4805300528781183,0.41674869835859096,False,-0.04744690465327733,-0.03299051063830333,False,False
user35,0,HumanImpostor,user35:session_8478632285,T2_RandomForest,0.4805300528781183,0.06342058195970848,False,-0.04744690465327733,0.03398244837965814,False,False
user35,0,HumanImpostor,user35:session_8639984402,T2_RandomForest,0.4805300528781183,0.429489346084517,False,-0.04744690465327733,-0.011899372013082832,False,False
user35,0,HumanImpostor,user35:session_8728901791,T2_RandomForest,0.4805300528781183,0.14751243073417356,False,-0.04744690465327733,0.009380990967142067,False,False
user35,0,HumanImpostor,user35:session_9127961354,T2_RandomForest,0.4805300528781183,0.21982127845842528,False,-0.04744690465327733,0.029602915823612186,False,False
user35,0,HumanImpostor,user35:session_9525615730,T2_RandomForest,0.4805300528781183,0.5283065099086462,True,-0.04744690465327733,-0.02842300178689333,True,False
user35,0,HumanImpostor,user35:session_9667273084,T2_RandomForest,0.4805300528781183,0.5891418793747762,True,-0.04744690465327733,-0.016264895850511052,True,False
user35,0,HumanImpostor,user35:session_9674716665,T2_RandomForest,0.4805300528781183,0.20077468849198143,False,-0.04744690465327733,-0.008231355463906798,False,False
user35,0,WindMouse,windmouse:0,T2_RandomForest,0.4805300528781183,0.28837938232135524,False,-0.04744690465327733,0.0010597350095498115,False,False
user35,0,WindMouse,windmouse:1,T2_RandomForest,0.4805300528781183,0.238479260338287,False,-0.04744690465327733,-0.015540029466565075,False,False
user35,0,WindMouse,windmouse:2,T2_RandomForest,0.4805300528781183,0.24168851362558438,False,-0.04744690465327733,0.010526364048030978,False,False
user35,0,WindMouse,windmouse:3,T2_RandomForest,0.4805300528781183,0.2692500022425527,False,-0.04744690465327733,0.005581606997743793,False,False
user35,0,WindMouse,windmouse:4,T2_RandomForest,0.4805300528781183,0.2685570263997387,False,-0.04744690465327733,-0.008967157348034382,False,False
user35,0,WindMouse,windmouse:5,T2_RandomForest,0.4805300528781183,0.26386906075481753,False,-0.04744690465327733,-0.0034216938019253074,False,False
user35,0,WindMouse,windmouse:6,T2_RandomForest,0.4805300528781183,0.24594282691317776,False,-0.04744690465327733,0.003315592871899642,False,False
user35,0,WindMouse,windmouse:7,T2_RandomForest,0.4805300528781183,0.23901651560410728,False,-0.04744690465327733,-0.0034216938019253074,False,False
user35,0,WindMouse,windmouse:8,T2_RandomForest,0.4805300528781183,0.2504799642225738,False,-0.04744690465327733,0.010908727108986271,False,False
user35,0,WindMouse,windmouse:9,T2_RandomForest,0.4805300528781183,0.2374004556553092,False,-0.04744690465327733,-0.00786304115646208,False,False
user35,0,WindMouse,windmouse:10,T2_RandomForest,0.4805300528781183,0.23871552488573555,False,-0.04744690465327733,-0.0045357742187775996,False,False
user35,0,WindMouse,windmouse:11,T2_RandomForest,0.4805300528781183,0.26405129692453877,False,-0.04744690465327733,-0.005647355180539493,False,False
user35,0,WindMouse,windmouse:12,T2_RandomForest,0.4805300528781183,0.2595709807062617,False,-0.04744690465327733,-0.008231355463906798,False,False
user35,0,WindMouse,windmouse:13,T2_RandomForest,0.4805300528781183,0.25183302941477287,False,-0.04744690465327733,-6.439955589510049e-05,False,False
user35,0,WindMouse,windmouse:14,T2_RandomForest,0.4805300528781183,0.23584559758120927,False,-0.04744690465327733,-0.006756442294773679,False,False
user35,0,WindMouse,windmouse:15,T2_RandomForest,0.4805300528781183,0.25436270565690133,False,-0.04744690465327733,-0.0015593234921428278,False,False
user35,0,WindMouse,windmouse:16,T2_RandomForest,0.4805300528781183,0.24300944905620078,False,-0.04744690465327733,-0.006387023338570885,False,False
user35,0,WindMouse,windmouse:17,T2_RandomForest,0.4805300528781183,0.2430927458730346,False,-0.04744690465327733,0.0006847429144181127,False,False
user35,0,WindMouse,windmouse:18,T2_RandomForest,0.4805300528781183,0.24698651847909017,False,-0.04744690465327733,0.0003100314626141021,False,False
user35,0,WindMouse,windmouse:19,T2_RandomForest,0.4805300528781183,0.26351453121116414,False,-0.04744690465327733,-0.009701858298992061,False,False
user35,0,SapiAgent,sapiagent:0,T2_RandomForest,0.4805300528781183,0.3208782003782314,False,-0.04744690465327733,-0.010068796439395844,False,False
user35,0,SapiAgent,sapiagent:1,T2_RandomForest,0.4805300528781183,0.34280484488180757,False,-0.04744690465327733,-0.026299880320942493,False,False
user35,0,SapiAgent,sapiagent:2,T2_RandomForest,0.4805300528781183,0.31064022506040784,False,-0.04744690465327733,-0.01408703648216758,False,False
user35,0,SapiAgent,sapiagent:3,T2_RandomForest,0.4805300528781183,0.33336134972323617,False,-0.04744690465327733,-0.018432994064523645,False,False
user35,0,SapiAgent,sapiagent:4,T2_RandomForest,0.4805300528781183,0.3320024937020233,False,-0.04744690465327733,-0.01735016236286252,False,False
user35,0,SapiAgent,sapiagent:5,T2_RandomForest,0.4805300528781183,0.34054731676951716,False,-0.04744690465327733,-0.015540029466565075,False,False
user35,0,SapiAgent,sapiagent:6,T2_RandomForest,0.4805300528781183,0.332013435811928,False,-0.04744690465327733,-0.004906578646087956,False,False
user35,0,SapiAgent,sapiagent:7,T2_RandomForest,0.4805300528781183,0.3322980537345927,False,-0.04744690465327733,-0.021666934869437215,False,False
user35,0,SapiAgent,sapiagent:8,T2_RandomForest,0.4805300528781183,0.3443416635085896,False,-0.04744690465327733,-0.02059137487364815,False,False
user35,0,SapiAgent,sapiagent:9,T2_RandomForest,0.4805300528781183,0.3239379920706436,False,-0.04744690465327733,-0.011533804897818856,False,False
user35,0,SapiAgent,sapiagent:10,T2_RandomForest,0.4805300528781183,0.3095724329770054,False,-0.04744690465327733,-0.0030497772574860638,False,False
user35,0,SapiAgent,sapiagent:11,T2_RandomForest,0.4805300528781183,0.3125772037491446,False,-0.04744690465327733,-0.005647355180539493,False,False
user35,0,SapiAgent,sapiagent:12,T2_RandomForest,0.4805300528781183,0.33922698638995347,False,-0.04744690465327733,-0.016988677663374696,False,False
user35,0,SapiAgent,sapiagent:13,T2_RandomForest,0.4805300528781183,0.3042299507020049,False,-0.04744690465327733,-0.008599394125666682,False,False
user35,0,SapiAgent,sapiagent:14,T2_RandomForest,0.4805300528781183,0.3228817911120323,False,-0.04744690465327733,-0.010068796439395844,False,False
user35,0,SapiAgent,sapiagent:15,T2_RandomForest,0.4805300528781183,0.3476877693590195,False,-0.04744690465327733,-0.019872991623090308,False,False
user35,0,SapiAgent,sapiagent:16,T2_RandomForest,0.4805300528781183,0.3207385995186789,False,-0.04744690465327733,-0.021666934869437215,False,False
user35,0,SapiAgent,sapiagent:17,T2_RandomForest,0.4805300528781183,0.3427418193951568,False,-0.04744690465327733,-0.015902598331441697,False,False
user35,0,SapiAgent,sapiagent:18,T2_RandomForest,0.4805300528781183,0.3186898043447733,False,-0.04744690465327733,-0.012994432639586773,False,False
user35,0,SapiAgent,sapiagent:19,T2_RandomForest,0.4805300528781183,0.3120440789907897,False,-0.04744690465327733,-0.012264665538655073,False,False
user35,0,DMTG_Inspired,unknown_user:session_0,T2_RandomForest,0.4805300528781183,0.21642469563334812,False,-0.04744690465327733,-0.004164692074338783,False,False
user35,0,DMTG_Inspired,unknown_user:session_1,T2_RandomForest,0.4805300528781183,0.23570091588631262,False,-0.04744690465327733,-0.005277105564112816,False,False
user35,0,DMTG_Inspired,unknown_user:session_2,T2_RandomForest,0.4805300528781183,0.2553867941021442,False,-0.04744690465327733,0.0006847429144181127,False,False
user35,0,DMTG_Inspired,unknown_user:session_3,T2_RandomForest,0.4805300528781183,0.2651375426041493,False,-0.04744690465327733,0.008999771260834177,False,False
user35,0,DMTG_Inspired,unknown_user:session_4,T2_RandomForest,0.4805300528781183,0.2611923366285452,False,-0.04744690465327733,0.010908727108986271,False,False
user35,0,DMTG_Inspired,unknown_user:session_5,T2_RandomForest,0.4805300528781183,0.24059130374143867,False,-0.04744690465327733,0.0059602666408649085,False,False
user35,0,DMTG_Inspired,unknown_user:session_6,T2_RandomForest,0.4805300528781183,0.27437322192394603,False,-0.04744690465327733,-0.0019323554891739758,False,False
user35,0,DMTG_Inspired,unknown_user:session_7,T2_RandomForest,0.4805300528781183,0.2891268380194602,False,-0.04744690465327733,-0.016264895850511052,False,False
user35,0,DMTG_Inspired,unknown_user:session_8,T2_RandomForest,0.4805300528781183,0.24031137738706876,False,-0.04744690465327733,0.015519482474499635,False,False
user35,0,DMTG_Inspired,unknown_user:session_9,T2_RandomForest,0.4805300528781183,0.23143447931804503,False,-0.04744690465327733,0.009380990967142067,False,False
user35,0,DMTG_Inspired,unknown_user:session_10,T2_RandomForest,0.4805300528781183,0.1953303936217662,False,-0.04744690465327733,0.0067184369405893785,False,False
user35,0,DMTG_Inspired,unknown_user:session_11,T2_RandomForest,0.4805300528781183,0.2573749713281126,False,-0.04744690465327733,0.01167431256757534,False,False
user35,0,DMTG_Inspired,unknown_user:session_12,T2_RandomForest,0.4805300528781183,0.2361730630647073,False,-0.04744690465327733,-6.439955589510049e-05,False,False
user35,0,DMTG_Inspired,unknown_user:session_13,T2_RandomForest,0.4805300528781183,0.2574472521790097,False,-0.04744690465327733,0.0006847429144181127,False,False
user35,0,DMTG_Inspired,unknown_user:session_14,T2_RandomForest,0.4805300528781183,0.2276974902214108,False,-0.04744690465327733,0.00785782311234251,False,False
user35,0,DMTG_Inspired,unknown_user:session_15,T2_RandomForest,0.4805300528781183,0.2002731489114209,False,-0.04744690465327733,-0.006017327702899977,False,False
user35,0,DMTG_Inspired,unknown_user:session_16,T2_RandomForest,0.4805300528781183,0.14591384384992145,False,-0.04744690465327733,0.013977959099751858,False,False
user35,0,DMTG_Inspired,unknown_user:session_17,T2_RandomForest,0.4805300528781183,0.25373427005729793,False,-0.04744690465327733,0.010908727108986271,False,False
user35,0,DMTG_Inspired,unknown_user:session_18,T2_RandomForest,0.4805300528781183,0.24979135054259813,False,-0.04744690465327733,0.014362907262167268,False,False
user35,0,DMTG_Inspired,unknown_user:session_19,T2_RandomForest,0.4805300528781183,0.23349458940634227,False,-0.04744690465327733,0.004447327548870228,False,False
user7,0,Genuine,user7:session_0244684556,T2_RandomForest,0.725825343140864,0.8965496340196483,True,-0.006066228941322915,-0.006066228941322915,True,False
user7,0,Genuine,user7:session_0812869833,T2_RandomForest,0.725825343140864,0.7128242899813904,False,-0.006066228941322915,0.026130706644148294,False,False
user7,0,Genuine,user7:session_0966487358,T2_RandomForest,0.725825343140864,0.7822609442021471,True,-0.006066228941322915,-0.04909642154636357,False,True
user7,0,Genuine,user7:session_1244242475,T2_RandomForest,0.725825343140864,0.8284820259152503,True,-0.006066228941322915,-0.018558510911270476,False,True
user7,0,Genuine,user7:session_1474073005,T2_RandomForest,0.725825343140864,0.918092847923179,True,-0.006066228941322915,0.0007482182618598898,True,False
user7,0,Genuine,user7:session_1806185715,T2_RandomForest,0.725825343140864,0.7435725062912258,True,-0.006066228941322915,-0.013368097357057684,False,True
user7,0,Genuine,user7:session_1881356230,T2_RandomForest,0.725825343140864,0.7688950032503944,True,-0.006066228941322915,-0.05363992247977878,False,True
user7,0,Genuine,user7:session_2211907871,T2_RandomForest,0.725825343140864,0.7940271675954683,True,-0.006066228941322915,-0.027368116419745903,False,True
user7,0,Genuine,user7:session_2318637737,T2_RandomForest,0.725825343140864,0.801508669820012,True,-0.006066228941322915,0.0007482182618598898,True,False
user7,0,Genuine,user7:session_2691409086,T2_RandomForest,0.725825343140864,0.7971428440961047,True,-0.006066228941322915,0.004040456066397913,True,False
user7,0,Genuine,user7:session_2773924704,T2_RandomForest,0.725825343140864,0.7578691045650288,True,-0.006066228941322915,-0.0304552030534187,False,True
user7,0,Genuine,user7:session_3376026513,T2_RandomForest,0.725825343140864,0.6600308812601233,False,-0.006066228941322915,-0.008414669361948346,False,False
user7,0,Genuine,user7:session_3582091129,T2_RandomForest,0.725825343140864,0.6334644570752155,False,-0.006066228941322915,-0.01941818149968144,False,False
user7,0,Genuine,user7:session_3973707215,T2_RandomForest,0.725825343140864,0.8813135314070104,True,-0.006066228941322915,0.006146777376974333,True,False
user7,0,Genuine,user7:session_4037858026,T2_RandomForest,0.725825343140864,0.7455850753358839,True,-0.006066228941322915,-0.0022260610976559403,True,False
user7,0,Genuine,user7:session_4423579184,T2_RandomForest,0.725825343140864,0.7366337109130816,True,-0.006066228941322915,-0.013947562349374498,False,True
user7,0,Genuine,user7:session_5026661112,T2_RandomForest,0.725825343140864,0.7795355419154747,True,-0.006066228941322915,-0.013657916155548067,False,True
user7,0,Genuine,user7:session_5123812030,T2_RandomForest,0.725825343140864,0.8539442722786085,True,-0.006066228941322915,0.02487845496416763,True,False
user7,0,Genuine,user7:session_5289449664,T2_RandomForest,0.725825343140864,0.8613234016183984,True,-0.006066228941322915,-0.025110221909273978,False,True
user7,0,Genuine,user7:session_5528609206,T2_RandomForest,0.725825343140864,0.7226919016846747,False,-0.006066228941322915,-0.01941818149968144,False,False
user7,0,Genuine,user7:session_6013544622,T2_RandomForest,0.725825343140864,0.7611960713425772,True,-0.006066228941322915,-0.015970261402773078,False,True
user7,0,Genuine,user7:session_6419217298,T2_RandomForest,0.725825343140864,0.7266220917449847,True,-0.006066228941322915,0.013741464752344834,True,False
user7,0,Genuine,user7:session_6471969473,T2_RandomForest,0.725825343140864,0.7002668596192727,False,-0.006066228941322915,0.001345203360526015,False,False
user7,0,Genuine,user7:session_6581338506,T2_RandomForest,0.725825343140864,0.7565610201315359,True,-0.006066228941322915,-0.01683455361609254,False,True
user7,0,Genuine,user7:session_7451527108,T2_RandomForest,0.725825343140864,0.8193802322380186,True,-0.006066228941322915,-0.018558510911270476,False,True
user7,0,Genuine,user7:session_7780444958,T2_RandomForest,0.725825343140864,0.7861249342113679,True,-0.006066228941322915,-0.031851750561021464,False,True
user7,0,Genuine,user7:session_8140667141,T2_RandomForest,0.725825343140864,0.847696722885917,True,-0.006066228941322915,-0.011043320845420923,False,True
user7,0,Genuine,user7:session_8769574094,T2_RandomForest,0.725825343140864,0.8436940094308426,True,-0.006066228941322915,-0.013078105851045796,False,True
user7,0,Genuine,user7:session_8927734902,T2_RandomForest,0.725825343140864,0.8016166634398064,True,-0.006066228941322915,-0.02198799396436818,False,True
user7,0,Genuine,user7:session_8989374051,T2_RandomForest,0.725825343140864,0.8785773430070222,True,-0.006066228941322915,-0.006066228941322915,True,False
user7,0,Genuine,user7:session_9100599511,T2_RandomForest,0.725825343140864,0.7876709055258405,True,-0.006066228941322915,-0.025110221909273978,False,True
user7,0,Genuine,user7:session_9278196183,T2_RandomForest,0.725825343140864,0.8250304239753968,True,-0.006066228941322915,-0.011916410692479895,False,True
user7,0,Genuine,user7:session_9362179236,T2_RandomForest,0.725825343140864,0.710672997728891,False,-0.006066228941322915,0.006448398099819452,False,False
user7,0,Genuine,user7:session_9495997885,T2_RandomForest,0.725825343140864,0.811649162516,True,-0.006066228941322915,-0.020847555960202213,False,True
user7,0,Genuine,user7:session_9689083079,T2_RandomForest,0.725825343140864,0.795083853742482,True,-0.006066228941322915,-0.004592759847463268,True,False
user7,0,Genuine,user7:session_9880892041,T2_RandomForest,0.725825343140864,0.90612744574384,True,-0.006066228941322915,-0.02141811466339477,False,True
user7,0,HumanImpostor,user7:session_0147719489,T2_RandomForest,0.725825343140864,0.0,False,-0.006066228941322915,0.011908410769234767,False,False
user7,0,HumanImpostor,user7:session_0984393142,T2_RandomForest,0.725825343140864,0.0,False,-0.006066228941322915,0.01588832535115381,False,False
user7,0,HumanImpostor,user7:session_1063325046,T2_RandomForest,0.725825343140864,0.00022222222222222223,False,-0.006066228941322915,0.010081897209928359,False,False
user7,0,HumanImpostor,user7:session_1081274523,T2_RandomForest,0.725825343140864,0.0,False,-0.006066228941322915,0.0034402615509631085,False,False
user7,0,HumanImpostor,user7:session_1503605581,T2_RandomForest,0.725825343140864,0.004209163421273779,False,-0.006066228941322915,0.014660451718337408,False,False
user7,0,HumanImpostor,user7:session_1708671050,T2_RandomForest,0.725825343140864,0.0007719151700291483,False,-0.006066228941322915,0.009171085793275635,False,False
user7,0,HumanImpostor,user7:session_2590894741,T2_RandomForest,0.725825343140864,0.005708211048199932,False,-0.006066228941322915,0.00464136612543109,False,False
user7,0,HumanImpostor,user7:session_2671379191,T2_RandomForest,0.725825343140864,0.00021120084269662923,False,-0.006066228941322915,0.00464136612543109,False,False
user7,0,HumanImpostor,user7:session_2715537964,T2_RandomForest,0.725825343140864,0.027502369487946134,False,-0.006066228941322915,-0.0019294298792508213,False,False
user7,0,HumanImpostor,user7:session_3269754223,T2_RandomForest,0.725825343140864,0.0,False,-0.006066228941322915,-0.004592759847463268,False,False
user7,0,HumanImpostor,user7:session_3319050185,T2_RandomForest,0.725825343140864,0.0,False,-0.006066228941322915,0.014660451718337408,False,False
user7,0,HumanImpostor,user7:session_3748528962,T2_RandomForest,0.725825343140864,0.0,False,-0.006066228941322915,0.01588832535115381,False,False
user7,0,HumanImpostor,user7:session_3876004338,T2_RandomForest,0.725825343140864,0.0018438187027104383,False,-0.006066228941322915,0.016503360276049706,False,False
user7,0,HumanImpostor,user7:session_4163238472,T2_RandomForest,0.725825343140864,0.021211272304546745,False,-0.006066228941322915,0.02927442225254251,False,False
user7,0,HumanImpostor,user7:session_4339907415,T2_RandomForest,0.725825343140864,0.0005493150684931507,False,-0.006066228941322915,0.01282411874601963,False,False
user7,0,HumanImpostor,user7:session_4844871120,T2_RandomForest,0.725825343140864,0.01117549758178366,False,-0.006066228941322915,0.018044157408852013,False,False
user7,0,HumanImpostor,user7:session_5037856261,T2_RandomForest,0.725825343140864,0.0005518829981718465,False,-0.006066228941322915,0.002840781727081465,False,False
user7,0,HumanImpostor,user7:session_5483480261,T2_RandomForest,0.725825343140864,0.001870824285158091,False,-0.006066228941322915,0.008564781895576634,False,False
user7,0,HumanImpostor,user7:session_5497122814,T2_RandomForest,0.725825343140864,0.0016840894318447127,False,-0.006066228941322915,0.013129718600255913,False,False
user7,0,HumanImpostor,user7:session_5884843843,T2_RandomForest,0.725825343140864,0.0,False,-0.006066228941322915,0.0043408215996721955,False,False
user7,0,HumanImpostor,user7:session_6106477620,T2_RandomForest,0.725825343140864,0.00903327695215293,False,-0.006066228941322915,0.014967145871901844,False,False
user7,0,HumanImpostor,user7:session_6129550717,T2_RandomForest,0.725825343140864,0.0014365132430629675,False,-0.006066228941322915,0.006146777376974333,False,False
user7,0,HumanImpostor,user7:session_6490827344,T2_RandomForest,0.725825343140864,0.007814488558605689,False,-0.006066228941322915,0.00977811251809424,False,False
user7,0,HumanImpostor,user7:session_6556036411,T2_RandomForest,0.725825343140864,0.0010469973890339425,False,-0.006066228941322915,0.013129718600255913,False,False
user7,0,HumanImpostor,user7:session_6617825429,T2_RandomForest,0.725825343140864,0.0011998074589894725,False,-0.006066228941322915,-0.0022260610976559403,False,False
user7,0,HumanImpostor,user7:session_6638271928,T2_RandomForest,0.725825343140864,0.0008167345263268433,False,-0.006066228941322915,0.01866176248690421,False,False
user7,0,HumanImpostor,user7:session_6738388054,T2_RandomForest,0.725825343140864,0.006102348746301556,False,-0.006066228941322915,0.022071775343574407,False,False
user7,0,HumanImpostor,user7:session_7157064073,T2_RandomForest,0.725825343140864,0.002746597183972034,False,-0.006066228941322915,0.01038586293177668,False,False
user7,0,HumanImpostor,user7:session_7358104277,T2_RandomForest,0.725825343140864,0.005105502618474752,False,-0.006066228941322915,0.012213464938870766,False,False
user7,0,HumanImpostor,user7:session_7370840078,T2_RandomForest,0.725825343140864,0.008680751985301617,False,-0.006066228941322915,0.008261900737882355,False,False
user7,0,HumanImpostor,user7:session_7873949379,T2_RandomForest,0.725825343140864,0.00039262402088772845,False,-0.006066228941322915,0.028014688167330104,False,False
user7,0,HumanImpostor,user7:session_7933738052,T2_RandomForest,0.725825343140864,0.0,False,-0.006066228941322915,0.0037402694190072916,False,False
user7,0,HumanImpostor,user7:session_8810377918,T2_RandomForest,0.725825343140864,0.0,False,-0.006066228941322915,0.0043408215996721955,False,False
user7,0,HumanImpostor,user7:session_8883281313,T2_RandomForest,0.725825343140864,0.0033184817957389243,False,-0.006066228941322915,-0.00014592676966568296,False,False
user7,0,HumanImpostor,user7:session_8999428064,T2_RandomForest,0.725825343140864,0.0,False,-0.006066228941322915,0.016503360276049706,False,False
user7,0,HumanImpostor,user7:session_9067768063,T2_RandomForest,0.725825343140864,0.003519031916711242,False,-0.006066228941322915,0.011908410769234767,False,False
user7,0,HumanImpostor,user7:session_9877506321,T2_RandomForest,0.725825343140864,0.0007027032620668761,False,-0.006066228941322915,0.005544074724577297,False,False
user7,0,WindMouse,windmouse:0,T2_RandomForest,0.725825343140864,0.0459286699189457,False,-0.006066228941322915,0.0043408215996721955,False,False
user7,0,WindMouse,windmouse:1,T2_RandomForest,0.725825343140864,0.03153241400768095,False,-0.006066228941322915,0.006146777376974333,False,False
user7,0,WindMouse,windmouse:2,T2_RandomForest,0.725825343140864,0.06945046330173955,False,-0.006066228941322915,0.014353940219733574,False,False
user7,0,WindMouse,windmouse:3,T2_RandomForest,0.725825343140864,0.06838240279505527,False,-0.006066228941322915,0.007656679467335947,False,False
user7,0,WindMouse,windmouse:4,T2_RandomForest,0.725825343140864,0.07837521282328999,False,-0.006066228941322915,0.012213464938870766,False,False
user7,0,WindMouse,windmouse:5,T2_RandomForest,0.725825343140864,0.033521496585630584,False,-0.006066228941322915,0.011908410769234767,False,False
user7,0,WindMouse,windmouse:6,T2_RandomForest,0.725825343140864,0.11161210975384812,False,-0.006066228941322915,0.0025413095584863044,False,False
user7,0,WindMouse,windmouse:7,T2_RandomForest,0.725825343140864,0.1260664944356584,False,-0.006066228941322915,0.014967145871901844,False,False
user7,0,WindMouse,windmouse:8,T2_RandomForest,0.725825343140864,0.10120770242535913,False,-0.006066228941322915,0.013435500566189917,False,False
user7,0,WindMouse,windmouse:9,T2_RandomForest,0.725825343140864,0.078540287154314,False,-0.006066228941322915,0.008867843544855147,False,False
user7,0,WindMouse,windmouse:10,T2_RandomForest,0.725825343140864,0.11575123550083408,False,-0.006066228941322915,-0.0013356370356571445,False,False
user7,0,WindMouse,windmouse:11,T2_RandomForest,0.725825343140864,0.08906360447855277,False,-0.006066228941322915,0.006750198563136078,False,False
user7,0,WindMouse,windmouse:12,T2_RandomForest,0.725825343140864,0.09729011778322831,False,-0.006066228941322915,0.0010466218995126564,False,False
user7,0,WindMouse,windmouse:13,T2_RandomForest,0.725825343140864,0.13745117836653215,False,-0.006066228941322915,0.013435500566189917,False,False
user7,0,WindMouse,windmouse:14,T2_RandomForest,0.725825343140864,0.10684552117431002,False,-0.006066228941322915,0.005242992581123929,False,False
user7,0,WindMouse,windmouse:15,T2_RandomForest,0.725825343140864,0.08131657594516617,False,-0.006066228941322915,0.001345203360526015,False,False
user7,0,WindMouse,windmouse:16,T2_RandomForest,0.725825343140864,0.13328820465000377,False,-0.006066228941322915,0.0049420897503390515,False,False
user7,0,WindMouse,windmouse:17,T2_RandomForest,0.725825343140864,0.09604499855680229,False,-0.006066228941322915,0.008261900737882355,False,False
user7,0,WindMouse,windmouse:18,T2_RandomForest,0.725825343140864,0.07898406138920908,False,-0.006066228941322915,0.008867843544855147,False,False
user7,0,WindMouse,windmouse:19,T2_RandomForest,0.725825343140864,0.08775071557291943,False,-0.006066228941322915,0.006146777376974333,False,False
user7,0,SapiAgent,sapiagent:0,T2_RandomForest,0.725825343140864,0.13694676046734336,False,-0.006066228941322915,0.0049420897503390515,False,False
user7,0,SapiAgent,sapiagent:1,T2_RandomForest,0.725825343140864,0.10444094367149566,False,-0.006066228941322915,0.0019429001765682852,False,False
user7,0,SapiAgent,sapiagent:2,T2_RandomForest,0.725825343140864,0.12481979088170697,False,-0.006066228941322915,0.0016439627508675336,False,False
user7,0,SapiAgent,sapiagent:3,T2_RandomForest,0.725825343140864,0.12239081758442905,False,-0.006066228941322915,0.0019429001765682852,False,False
user7,0,SapiAgent,sapiagent:4,T2_RandomForest,0.725825343140864,0.11371945118742789,False,-0.006066228941322915,0.011298847356515096,False,False
user7,0,SapiAgent,sapiagent:5,T2_RandomForest,0.725825343140864,0.10692461962731908,False,-0.006066228941322915,0.0070521788740344205,False,False
user7,0,SapiAgent,sapiagent:6,T2_RandomForest,0.725825343140864,0.11950692230781522,False,-0.006066228941322915,0.0019429001765682852,False,False
user7,0,SapiAgent,sapiagent:7,T2_RandomForest,0.725825343140864,0.08833901709415759,False,-0.006066228941322915,0.004040456066397913,False,False
user7,0,SapiAgent,sapiagent:8,T2_RandomForest,0.725825343140864,0.11919972574962677,False,-0.006066228941322915,0.00584533628755457,False,False
user7,0,SapiAgent,sapiagent:9,T2_RandomForest,0.725825343140864,0.1273160053311624,False,-0.006066228941322915,0.0019429001765682852,False,False
user7,0,SapiAgent,sapiagent:10,T2_RandomForest,0.725825343140864,0.13518227797240343,False,-0.006066228941322915,0.0043408215996721955,False,False
user7,0,SapiAgent,sapiagent:11,T2_RandomForest,0.725825343140864,0.14255766760738647,False,-0.006066228941322915,0.00224201574372207,False,False
user7,0,SapiAgent,sapiagent:12,T2_RandomForest,0.725825343140864,0.11338513464557616,False,-0.006066228941322915,0.0001519440330807198,False,False
user7,0,SapiAgent,sapiagent:13,T2_RandomForest,0.725825343140864,0.12930236798183578,False,-0.006066228941322915,0.005242992581123929,False,False
user7,0,SapiAgent,sapiagent:14,T2_RandomForest,0.725825343140864,0.09873013427022441,False,-0.006066228941322915,0.005544074724577297,False,False
user7,0,SapiAgent,sapiagent:15,T2_RandomForest,0.725825343140864,0.12082391667636243,False,-0.006066228941322915,0.008867843544855147,False,False
user7,0,SapiAgent,sapiagent:16,T2_RandomForest,0.725825343140864,0.17248286335277044,False,-0.006066228941322915,0.0037402694190072916,False,False
user7,0,SapiAgent,sapiagent:17,T2_RandomForest,0.725825343140864,0.11971819411827207,False,-0.006066228941322915,0.006750198563136078,False,False
user7,0,SapiAgent,sapiagent:18,T2_RandomForest,0.725825343140864,0.14382285775645196,False,-0.006066228941322915,0.009171085793275635,False,False
user7,0,SapiAgent,sapiagent:19,T2_RandomForest,0.725825343140864,0.14291878261146942,False,-0.006066228941322915,0.00224201574372207,False,False
user7,0,DMTG_Inspired,unknown_user:session_0,T2_RandomForest,0.725825343140864,0.07810909152032573,False,-0.006066228941322915,-0.0019294298792508213,False,False
user7,0,DMTG_Inspired,unknown_user:session_1,T2_RandomForest,0.725825343140864,0.07278880439523894,False,-0.006066228941322915,-0.008121726031289467,False,False
user7,0,DMTG_Inspired,unknown_user:session_2,T2_RandomForest,0.725825343140864,0.08424912761489993,False,-0.006066228941322915,-0.005771886138556559,False,False
user7,0,DMTG_Inspired,unknown_user:session_3,T2_RandomForest,0.725825343140864,0.053913382326013566,False,-0.006066228941322915,-0.0004436201722915478,False,False
user7,0,DMTG_Inspired,unknown_user:session_4,T2_RandomForest,0.725825343140864,0.05769386405674506,False,-0.006066228941322915,0.0007482182618598898,False,False
user7,0,DMTG_Inspired,unknown_user:session_5,T2_RandomForest,0.725825343140864,0.07668342942786832,False,-0.006066228941322915,-0.003114895202422918,False,False
user7,0,DMTG_Inspired,unknown_user:session_6,T2_RandomForest,0.725825343140864,0.11687284052536547,False,-0.006066228941322915,-0.0016326218936973391,False,False
user7,0,DMTG_Inspired,unknown_user:session_7,T2_RandomForest,0.725825343140864,0.04890883270854827,False,-0.006066228941322915,-0.004592759847463268,False,False
user7,0,DMTG_Inspired,unknown_user:session_8,T2_RandomForest,0.725825343140864,0.06589765791087894,False,-0.006066228941322915,0.008564781895576634,False,False
user7,0,DMTG_Inspired,unknown_user:session_9,T2_RandomForest,0.725825343140864,0.07824767689025508,False,-0.006066228941322915,0.002840781727081465,False,False
user7,0,DMTG_Inspired,unknown_user:session_10,T2_RandomForest,0.725825343140864,0.07955413962402773,False,-0.006066228941322915,0.006750198563136078,False,False
user7,0,DMTG_Inspired,unknown_user:session_11,T2_RandomForest,0.725825343140864,0.0844107150565524,False,-0.006066228941322915,-0.003114895202422918,False,False
user7,0,DMTG_Inspired,unknown_user:session_12,T2_RandomForest,0.725825343140864,0.06447009831719566,False,-0.006066228941322915,0.0007482182618598898,False,False
user7,0,DMTG_Inspired,unknown_user:session_13,T2_RandomForest,0.725825343140864,0.07093106262314541,False,-0.006066228941322915,0.004040456066397913,False,False
user7,0,DMTG_Inspired,unknown_user:session_14,T2_RandomForest,0.725825343140864,0.10412055251740411,False,-0.006066228941322915,0.00464136612543109,False,False
user7,0,DMTG_Inspired,unknown_user:session_15,T2_RandomForest,0.725825343140864,0.06609159636634335,False,-0.006066228941322915,-0.004887804891416714,False,False
user7,0,DMTG_Inspired,unknown_user:session_16,T2_RandomForest,0.725825343140864,0.11669666401785178,False,-0.006066228941322915,0.009171085793275635,False,False
user7,0,DMTG_Inspired,unknown_user:session_17,T2_RandomForest,0.725825343140864,0.053060045955135575,False,-0.006066228941322915,0.0010466218995126564,False,False
user7,0,DMTG_Inspired,unknown_user:session_18,T2_RandomForest,0.725825343140864,0.05706184127188041,False,-0.006066228941322915,-0.005182674218160266,False,False
user7,0,DMTG_Inspired,unknown_user:session_19,T2_RandomForest,0.725825343140864,0.10909096715719192,False,-0.006066228941322915,-0.0019294298792508213,False,False
user9,0,Genuine,user9:session_0510101673,T2_RandomForest,0.5502287450156174,0.6234334006789909,True,-0.00958469906820103,-0.027368116419745903,False,True
user9,0,Genuine,user9:session_0626697371,T2_RandomForest,0.5502287450156174,0.592754109629936,True,-0.00958469906820103,-0.027930910657649466,False,True
user9,0,Genuine,user9:session_0815666379,T2_RandomForest,0.5502287450156174,0.6439612220775439,True,-0.00958469906820103,-0.00929245297640946,True,False
user9,0,Genuine,user9:session_1177848198,T2_RandomForest,0.5502287450156174,0.8257367400553042,True,-0.00958469906820103,-0.0028187936540604586,True,False
user9,0,Genuine,user9:session_1281792837,T2_RandomForest,0.5502287450156174,0.7425478025479206,True,-0.00958469906820103,-0.013657916155548067,False,True
user9,0,Genuine,user9:session_1334666365,T2_RandomForest,0.5502287450156174,0.8101715188274153,True,-0.00958469906820103,-0.004592759847463268,True,False
user9,0,Genuine,user9:session_1498771725,T2_RandomForest,0.5502287450156174,0.5374031685105423,False,-0.00958469906820103,0.01099433789709503,False,False
user9,0,Genuine,user9:session_1814762834,T2_RandomForest,0.5502287450156174,0.7461050928364149,True,-0.00958469906820103,0.0070521788740344205,True,False
user9,0,Genuine,user9:session_1970148824,T2_RandomForest,0.5502287450156174,0.7720580946663052,True,-0.00958469906820103,-0.013657916155548067,False,True
user9,0,Genuine,user9:session_2592273518,T2_RandomForest,0.5502287450156174,0.8971143066927525,True,-0.00958469906820103,-0.004592759847463268,True,False
user9,0,Genuine,user9:session_3926840201,T2_RandomForest,0.5502287450156174,0.7607139030167642,True,-0.00958469906820103,0.00224201574372207,True,False
user9,0,Genuine,user9:session_4243186683,T2_RandomForest,0.5502287450156174,0.7582539379077444,True,-0.00958469906820103,0.013741464752344834,True,False
user9,0,Genuine,user9:session_4948057062,T2_RandomForest,0.5502287450156174,0.7251799527467081,True,-0.00958469906820103,0.007656679467335947,True,False
user9,0,Genuine,user9:session_5496662888,T2_RandomForest,0.5502287450156174,0.5408296619279851,False,-0.00958469906820103,0.0037402694190072916,False,False
user9,0,Genuine,user9:session_5745729038,T2_RandomForest,0.5502287450156174,0.6942234070235075,True,-0.00958469906820103,-0.02397723289668363,False,True
user9,0,Genuine,user9:session_6448386600,T2_RandomForest,0.5502287450156174,0.6129756161005074,True,-0.00958469906820103,0.006146777376974333,True,False
user9,0,Genuine,user9:session_6845822655,T2_RandomForest,0.5502287450156174,0.7788831440851065,True,-0.00958469906820103,-0.018271612453279518,False,True
user9,0,Genuine,user9:session_7103728864,T2_RandomForest,0.5502287450156174,0.5635573829136764,True,-0.00958469906820103,0.0049420897503390515,True,False
user9,0,Genuine,user9:session_7422270211,T2_RandomForest,0.5502287450156174,0.5593436740887949,True,-0.00958469906820103,-0.018271612453279518,False,True
user9,0,Genuine,user9:session_7422282952,T2_RandomForest,0.5502287450156174,0.6152117479235149,True,-0.00958469906820103,0.022071775343574407,True,False
user9,0,Genuine,user9:session_7729762375,T2_RandomForest,0.5502287450156174,0.42522797627721504,False,-0.00958469906820103,0.006750198563136078,False,False
user9,0,Genuine,user9:session_9000198916,T2_RandomForest,0.5502287450156174,0.5094342749647764,False,-0.00958469906820103,-0.0034108204043630796,False,False
user9,0,Genuine,user9:session_9904426178,T2_RandomForest,0.5502287450156174,0.8349502079597011,True,-0.00958469906820103,0.01588832535115381,True,False
user9,0,HumanImpostor,user9:session_0233596484,T2_RandomForest,0.5502287450156174,0.008945354335509333,False,-0.00958469906820103,0.02927442225254251,False,False
user9,0,HumanImpostor,user9:session_0249395771,T2_RandomForest,0.5502287450156174,0.005149150421834743,False,-0.00958469906820103,-0.00782860813115177,False,False
user9,0,HumanImpostor,user9:session_0867569021,T2_RandomForest,0.5502287450156174,0.018605425223349036,False,-0.00958469906820103,-0.005182674218160266,False,False
user9,0,HumanImpostor,user9:session_1067162598,T2_RandomForest,0.5502287450156174,0.0012518570102135562,False,-0.00958469906820103,-0.005477367932344213,False,False
user9,0,HumanImpostor,user9:session_1388817097,T2_RandomForest,0.5502287450156174,0.0008910952528699969,False,-0.00958469906820103,0.006448398099819452,False,False
user9,0,HumanImpostor,user9:session_1428731346,T2_RandomForest,0.5502287450156174,0.03207028631245263,False,-0.00958469906820103,0.005544074724577297,False,False
user9,0,HumanImpostor,user9:session_2092170870,T2_RandomForest,0.5502287450156174,0.0017555710306406684,False,-0.00958469906820103,0.008867843544855147,False,False
user9,0,HumanImpostor,user9:session_2386499713,T2_RandomForest,0.5502287450156174,0.009653786873026472,False,-0.00958469906820103,0.004040456066397913,False,False
user9,0,HumanImpostor,user9:session_2541149709,T2_RandomForest,0.5502287450156174,0.0014063505733471688,False,-0.00958469906820103,-0.00014592676966568296,False,False
user9,0,HumanImpostor,user9:session_2760097341,T2_RandomForest,0.5502287450156174,0.0,False,-0.00958469906820103,0.006448398099819452,False,False
user9,0,HumanImpostor,user9:session_3277767566,T2_RandomForest,0.5502287450156174,0.018228866340415855,False,-0.00958469906820103,0.011298847356515096,False,False
user9,0,HumanImpostor,user9:session_3452570104,T2_RandomForest,0.5502287450156174,0.006849361454131564,False,-0.00958469906820103,-0.014237036041333695,False,False
user9,0,HumanImpostor,user9:session_3524810503,T2_RandomForest,0.5502287450156174,0.0,False,-0.00958469906820103,0.0010466218995126564,False,False
user9,0,HumanImpostor,user9:session_3561215335,T2_RandomForest,0.5502287450156174,0.0025831576473852474,False,-0.00958469906820103,0.0037402694190072916,False,False
user9,0,HumanImpostor,user9:session_3735537656,T2_RandomForest,0.5502287450156174,0.0005641790812738845,False,-0.00958469906820103,0.004040456066397913,False,False
user9,0,HumanImpostor,user9:session_3828692242,T2_RandomForest,0.5502287450156174,0.009659956023889908,False,-0.00958469906820103,0.00464136612543109,False,False
user9,0,HumanImpostor,user9:session_3919629858,T2_RandomForest,0.5502287450156174,0.02219661701282133,False,-0.00958469906820103,-0.005771886138556559,False,False
user9,0,HumanImpostor,user9:session_4088341904,T2_RandomForest,0.5502287450156174,0.0,False,-0.00958469906820103,-0.0007411362804494726,False,False
user9,0,HumanImpostor,user9:session_4269912456,T2_RandomForest,0.5502287450156174,0.020649243747113362,False,-0.00958469906820103,-0.013947562349374498,False,False
user9,0,HumanImpostor,user9:session_4322210317,T2_RandomForest,0.5502287450156174,0.00014629758588672237,False,-0.00958469906820103,0.0001519440330807198,False,False
user9,0,HumanImpostor,user9:session_4619254586,T2_RandomForest,0.5502287450156174,0.003696100469054076,False,-0.00958469906820103,0.008261900737882355,False,False
user9,0,HumanImpostor,user9:session_4949372670,T2_RandomForest,0.5502287450156174,0.0,False,-0.00958469906820103,-0.011916410692479895,False,False
user9,0,HumanImpostor,user9:session_4962669721,T2_RandomForest,0.5502287450156174,0.030026619702243063,False,-0.00958469906820103,-0.008414669361948346,False,False
user9,0,HumanImpostor,user9:session_5499827097,T2_RandomForest,0.5502287450156174,0.009703744704486003,False,-0.00958469906820103,0.0025413095584863044,False,False
user9,0,HumanImpostor,user9:session_6228883788,T2_RandomForest,0.5502287450156174,0.0005365101472343812,False,-0.00958469906820103,-0.00636039644510672,False,False
user9,0,HumanImpostor,user9:session_6399026328,T2_RandomForest,0.5502287450156174,0.0013777855153203342,False,-0.00958469906820103,-0.0028187936540604586,False,False
user9,0,HumanImpostor,user9:session_6951064037,T2_RandomForest,0.5502287450156174,0.0,False,-0.00958469906820103,-0.0022260610976559403,False,False
user9,0,HumanImpostor,user9:session_7395469781,T2_RandomForest,0.5502287450156174,0.0,False,-0.00958469906820103,-0.0004436201722915478,False,False
user9,0,HumanImpostor,user9:session_7555995161,T2_RandomForest,0.5502287450156174,0.0029867240660920494,False,-0.00958469906820103,-0.002522515654188262,False,False
user9,0,HumanImpostor,user9:session_7861130331,T2_RandomForest,0.5502287450156174,0.0020946774194065135,False,-0.00958469906820103,0.0034402615509631085,False,False
user9,0,HumanImpostor,user9:session_7896781089,T2_RandomForest,0.5502287450156174,0.0,False,-0.00958469906820103,0.00795919996427863,False,False
user9,0,HumanImpostor,user9:session_7935100368,T2_RandomForest,0.5502287450156174,0.0,False,-0.00958469906820103,0.00224201574372207,False,False
user9,0,HumanImpostor,user9:session_8399176672,T2_RandomForest,0.5502287450156174,0.0,False,-0.00958469906820103,-0.004297538981587468,False,False
user9,0,HumanImpostor,user9:session_8602611959,T2_RandomForest,0.5502287450156174,0.0,False,-0.00958469906820103,0.0037402694190072916,False,False
user9,0,HumanImpostor,user9:session_8719700167,T2_RandomForest,0.5502287450156174,0.0,False,-0.00958469906820103,-0.00782860813115177,False,False
user9,0,HumanImpostor,user9:session_8742024614,T2_RandomForest,0.5502287450156174,0.00029259517177344474,False,-0.00958469906820103,-0.00014592676966568296,False,False
user9,0,HumanImpostor,user9:session_9057489846,T2_RandomForest,0.5502287450156174,0.0003526860660324567,False,-0.00958469906820103,0.00464136612543109,False,False
user9,0,HumanImpostor,user9:session_9316476581,T2_RandomForest,0.5502287450156174,0.04453934472693213,False,-0.00958469906820103,0.0049420897503390515,False,False
user9,0,HumanImpostor,user9:session_9418948998,T2_RandomForest,0.5502287450156174,0.02911779136559078,False,-0.00958469906820103,0.0007482182618598898,False,False
user9,0,HumanImpostor,user9:session_9495657954,T2_RandomForest,0.5502287450156174,0.009660091670282572,False,-0.00958469906820103,0.007656679467335947,False,False
user9,0,HumanImpostor,user9:session_9821034386,T2_RandomForest,0.5502287450156174,0.015281630046738458,False,-0.00958469906820103,-0.005771886138556559,False,False
user9,0,HumanImpostor,user9:session_9916663391,T2_RandomForest,0.5502287450156174,0.0018331225878099999,False,-0.00958469906820103,-0.0037065693649060982,False,False
user9,0,WindMouse,windmouse:0,T2_RandomForest,0.5502287450156174,0.13768491763520613,False,-0.00958469906820103,0.018352867965171327,False,False
user9,0,WindMouse,windmouse:1,T2_RandomForest,0.5502287450156174,0.08342217573331,False,-0.00958469906820103,0.01711912843707486,False,False
user9,0,WindMouse,windmouse:2,T2_RandomForest,0.5502287450156174,0.13497487050754023,False,-0.00958469906820103,0.00977811251809424,False,False
user9,0,WindMouse,windmouse:3,T2_RandomForest,0.5502287450156174,0.11151026392223007,False,-0.00958469906820103,0.022071775343574407,False,False
user9,0,WindMouse,windmouse:4,T2_RandomForest,0.5502287450156174,0.12793875368518517,False,-0.00958469906820103,0.018352867965171327,False,False
user9,0,WindMouse,windmouse:5,T2_RandomForest,0.5502287450156174,0.053090036949632234,False,-0.00958469906820103,0.017427287754268495,False,False
user9,0,WindMouse,windmouse:6,T2_RandomForest,0.5502287450156174,0.1600084898209105,False,-0.00958469906820103,0.01928010386518675,False,False
user9,0,WindMouse,windmouse:7,T2_RandomForest,0.5502287450156174,0.18769945647621614,False,-0.00958469906820103,0.012213464938870766,False,False
user9,0,WindMouse,windmouse:8,T2_RandomForest,0.5502287450156174,0.13714179219127645,False,-0.00958469906820103,0.016811152647435934,False,False
user9,0,WindMouse,windmouse:9,T2_RandomForest,0.5502287450156174,0.11015465525830652,False,-0.00958469906820103,0.010081897209928359,False,False
user9,0,WindMouse,windmouse:10,T2_RandomForest,0.5502287450156174,0.1520726159202545,False,-0.00958469906820103,0.015274022789274144,False,False
user9,0,WindMouse,windmouse:11,T2_RandomForest,0.5502287450156174,0.13804703090454465,False,-0.00958469906820103,0.014660451718337408,False,False
user9,0,WindMouse,windmouse:12,T2_RandomForest,0.5502287450156174,0.1339386647858172,False,-0.00958469906820103,0.019899182421506567,False,False
user9,0,WindMouse,windmouse:13,T2_RandomForest,0.5502287450156174,0.18023193972798585,False,-0.00958469906820103,0.009474508748460009,False,False
user9,0,WindMouse,windmouse:14,T2_RandomForest,0.5502287450156174,0.15022949740182895,False,-0.00958469906820103,0.014967145871901844,False,False
user9,0,WindMouse,windmouse:15,T2_RandomForest,0.5502287450156174,0.12869742732135045,False,-0.00958469906820103,0.01928010386518675,False,False
user9,0,WindMouse,windmouse:16,T2_RandomForest,0.5502287450156174,0.1805720998514069,False,-0.00958469906820103,0.016811152647435934,False,False
user9,0,WindMouse,windmouse:17,T2_RandomForest,0.5502287450156174,0.12883945048952916,False,-0.00958469906820103,0.023941222547664842,False,False
user9,0,WindMouse,windmouse:18,T2_RandomForest,0.5502287450156174,0.1811796433193073,False,-0.00958469906820103,0.01711912843707486,False,False
user9,0,WindMouse,windmouse:19,T2_RandomForest,0.5502287450156174,0.1289975232970518,False,-0.00958469906820103,0.01897084108367819,False,False
user9,0,SapiAgent,sapiagent:0,T2_RandomForest,0.5502287450156174,0.10771734929474923,False,-0.00958469906820103,0.01928010386518675,False,False
user9,0,SapiAgent,sapiagent:1,T2_RandomForest,0.5502287450156174,0.09982317863911923,False,-0.00958469906820103,0.019589550941188194,False,False
user9,0,SapiAgent,sapiagent:2,T2_RandomForest,0.5502287450156174,0.10706481224655322,False,-0.00958469906820103,0.0202089984160313,False,False
user9,0,SapiAgent,sapiagent:3,T2_RandomForest,0.5502287450156174,0.10947092396682495,False,-0.00958469906820103,0.020829184387584743,False,False
user9,0,SapiAgent,sapiagent:4,T2_RandomForest,0.5502287450156174,0.1027248140287848,False,-0.00958469906820103,0.018044157408852013,False,False
user9,0,SapiAgent,sapiagent:5,T2_RandomForest,0.5502287450156174,0.10911725619209944,False,-0.00958469906820103,0.021450109736274037,False,False
user9,0,SapiAgent,sapiagent:6,T2_RandomForest,0.5502287450156174,0.10286982818306777,False,-0.00958469906820103,0.022071775343574407,False,False
user9,0,SapiAgent,sapiagent:7,T2_RandomForest,0.5502287450156174,0.0835468976392328,False,-0.00958469906820103,0.021139554584719833,False,False
user9,0,SapiAgent,sapiagent:8,T2_RandomForest,0.5502287450156174,0.0929014434106314,False,-0.00958469906820103,0.023629183787415853,False,False
user9,0,SapiAgent,sapiagent:9,T2_RandomForest,0.5502287450156174,0.11564405140209151,False,-0.00958469906820103,0.01866176248690421,False,False
user9,0,SapiAgent,sapiagent:10,T2_RandomForest,0.5502287450156174,0.112584669889729,False,-0.00958469906820103,0.02425344725665557,False,False
user9,0,SapiAgent,sapiagent:11,T2_RandomForest,0.5502287450156174,0.12319311819193679,False,-0.00958469906820103,0.016503360276049706,False,False
user9,0,SapiAgent,sapiagent:12,T2_RandomForest,0.5502287450156174,0.10222030265637962,False,-0.00958469906820103,0.01866176248690421,False,False
user9,0,SapiAgent,sapiagent:13,T2_RandomForest,0.5502287450156174,0.1170728015535804,False,-0.00958469906820103,0.019589550941188194,False,False
user9,0,SapiAgent,sapiagent:14,T2_RandomForest,0.5502287450156174,0.11325855682022946,False,-0.00958469906820103,0.021139554584719833,False,False
user9,0,SapiAgent,sapiagent:15,T2_RandomForest,0.5502287450156174,0.1174381705317018,False,-0.00958469906820103,0.021760849952464634,False,False
user9,0,SapiAgent,sapiagent:16,T2_RandomForest,0.5502287450156174,0.13345755346303026,False,-0.00958469906820103,0.023629183787415853,False,False
user9,0,SapiAgent,sapiagent:17,T2_RandomForest,0.5502287450156174,0.1172562579500776,False,-0.00958469906820103,0.022071775343574407,False,False
user9,0,SapiAgent,sapiagent:18,T2_RandomForest,0.5502287450156174,0.12300113815233336,False,-0.00958469906820103,0.01711912843707486,False,False
user9,0,SapiAgent,sapiagent:19,T2_RandomForest,0.5502287450156174,0.12196836271605292,False,-0.00958469906820103,0.0202089984160313,False,False
user9,0,DMTG_Inspired,unknown_user:session_0,T2_RandomForest,0.5502287450156174,0.0870974680780192,False,-0.00958469906820103,0.005544074724577297,False,False
user9,0,DMTG_Inspired,unknown_user:session_1,T2_RandomForest,0.5502287450156174,0.06233078616875598,False,-0.00958469906820103,0.010690009791518018,False,False
user9,0,DMTG_Inspired,unknown_user:session_2,T2_RandomForest,0.5502287450156174,0.0823302975232817,False,-0.00958469906820103,0.018044157408852013,False,False
user9,0,DMTG_Inspired,unknown_user:session_3,T2_RandomForest,0.5502287450156174,0.054459886168859495,False,-0.00958469906820103,0.009474508748460009,False,False
user9,0,DMTG_Inspired,unknown_user:session_4,T2_RandomForest,0.5502287450156174,0.05787477737462241,False,-0.00958469906820103,0.016811152647435934,False,False
user9,0,DMTG_Inspired,unknown_user:session_5,T2_RandomForest,0.5502287450156174,0.07023836404104764,False,-0.00958469906820103,0.01099433789709503,False,False
user9,0,DMTG_Inspired,unknown_user:session_6,T2_RandomForest,0.5502287450156174,0.07175436532193862,False,-0.00958469906820103,0.00464136612543109,False,False
user9,0,DMTG_Inspired,unknown_user:session_7,T2_RandomForest,0.5502287450156174,0.04434705186116955,False,-0.00958469906820103,0.005544074724577297,False,False
user9,0,DMTG_Inspired,unknown_user:session_8,T2_RandomForest,0.5502287450156174,0.040116638483867484,False,-0.00958469906820103,0.01897084108367819,False,False
user9,0,DMTG_Inspired,unknown_user:session_9,T2_RandomForest,0.5502287450156174,0.06878215265396692,False,-0.00958469906820103,0.016195751213679555,False,False
user9,0,DMTG_Inspired,unknown_user:session_10,T2_RandomForest,0.5502287450156174,0.09461885155929982,False,-0.00958469906820103,0.006146777376974333,False,False
user9,0,DMTG_Inspired,unknown_user:session_11,T2_RandomForest,0.5502287450156174,0.052535438402610816,False,-0.00958469906820103,0.02051899903471721,False,False
user9,0,DMTG_Inspired,unknown_user:session_12,T2_RandomForest,0.5502287450156174,0.07815082712774803,False,-0.00958469906820103,0.014660451718337408,False,False
user9,0,DMTG_Inspired,unknown_user:session_13,T2_RandomForest,0.5502287450156174,0.07225098213884064,False,-0.00958469906820103,0.01711912843707486,False,False
user9,0,DMTG_Inspired,unknown_user:session_14,T2_RandomForest,0.5502287450156174,0.09632587958548249,False,-0.00958469906820103,0.014660451718337408,False,False
user9,0,DMTG_Inspired,unknown_user:session_15,T2_RandomForest,0.5502287450156174,0.0707287208434105,False,-0.00958469906820103,0.009171085793275635,False,False
user9,0,DMTG_Inspired,unknown_user:session_16,T2_RandomForest,0.5502287450156174,0.10848619897733246,False,-0.00958469906820103,0.016503360276049706,False,False
user9,0,DMTG_Inspired,unknown_user:session_17,T2_RandomForest,0.5502287450156174,0.0659165183374876,False,-0.00958469906820103,0.005242992581123929,False,False
user9,0,DMTG_Inspired,unknown_user:session_18,T2_RandomForest,0.5502287450156174,0.06663171095777443,False,-0.00958469906820103,0.006146777376974333,False,False
user9,0,DMTG_Inspired,unknown_user:session_19,T2_RandomForest,0.5502287450156174,0.09249710807928553,False,-0.00958469906820103,0.023005663670234267,False,False
user12,1,Genuine,user12:session_0166199610,T2_RandomForest,0.662577298194273,0.19797238437929046,False,-0.027368116419745903,0.019589550941188194,False,False
user12,1,Genuine,user12:session_0195566274,T2_RandomForest,0.662577298194273,0.6052569083719741,False,-0.027368116419745903,0.0010466218995126564,False,False
user12,1,Genuine,user12:session_0611188910,T2_RandomForest,0.662577298194273,0.5239035348716888,False,-0.027368116419745903,-0.005182674218160266,False,False
user12,1,Genuine,user12:session_0831009063,T2_RandomForest,0.662577298194273,0.6252752982024629,False,-0.027368116419745903,0.021450109736274037,False,False
user12,1,Genuine,user12:session_0893120027,T2_RandomForest,0.662577298194273,0.7000907196849062,True,-0.027368116419745903,-0.013657916155548067,True,False
user12,1,Genuine,user12:session_1178629549,T2_RandomForest,0.662577298194273,0.6084470614064464,False,-0.027368116419745903,-0.0019294298792508213,False,False
user12,1,Genuine,user12:session_1843905203,T2_RandomForest,0.662577298194273,0.7758039803522007,True,-0.027368116419745903,-0.0034108204043630796,True,False
user12,1,Genuine,user12:session_3226676976,T2_RandomForest,0.662577298194273,0.5889174419196556,False,-0.027368116419745903,0.016503360276049706,False,False
user12,1,Genuine,user12:session_3230049516,T2_RandomForest,0.662577298194273,0.5955444702916363,False,-0.027368116419745903,0.04107037923481793,False,False
user12,1,Genuine,user12:session_3267760096,T2_RandomForest,0.662577298194273,0.6059383023075524,False,-0.027368116419745903,0.01711912843707486,False,False
user12,1,Genuine,user12:session_3360873587,T2_RandomForest,0.662577298194273,0.6121840626130378,False,-0.027368116419745903,-0.004592759847463268,False,False
user12,1,Genuine,user12:session_3487526409,T2_RandomForest,0.662577298194273,0.5852659499815321,False,-0.027368116419745903,0.0004499923416630969,False,False
user12,1,Genuine,user12:session_3571551367,T2_RandomForest,0.662577298194273,0.5878843230895033,False,-0.027368116419745903,-0.018271612453279518,False,False
user12,1,Genuine,user12:session_3657391768,T2_RandomForest,0.662577298194273,0.6350852783777591,False,-0.027368116419745903,0.005544074724577297,False,False
user12,1,Genuine,user12:session_3678562948,T2_RandomForest,0.662577298194273,0.5602056142609474,False,-0.027368116419745903,0.038177116628318686,False,False
user12,1,Genuine,user12:session_3807007352,T2_RandomForest,0.662577298194273,0.824829358188779,True,-0.027368116419745903,-0.008707438227095132,True,False
user12,1,Genuine,user12:session_3958419196,T2_RandomForest,0.662577298194273,0.4832201286741287,False,-0.027368116419745903,0.027385945938223633,False,False
user12,1,Genuine,user12:session_4414280148,T2_RandomForest,0.662577298194273,0.6930804258311564,True,-0.027368116419745903,0.007656679467335947,True,False
user12,1,Genuine,user12:session_4905082660,T2_RandomForest,0.662577298194273,0.68036505432907,True,-0.027368116419745903,0.006448398099819452,True,False
user12,1,Genuine,user12:session_5035500864,T2_RandomForest,0.662577298194273,0.6854386564128802,True,-0.027368116419745903,0.023629183787415853,True,False
user12,1,Genuine,user12:session_5052301661,T2_RandomForest,0.662577298194273,0.3691588533102815,False,-0.027368116419745903,0.059425683077061975,False,False
user12,1,Genuine,user12:session_5088690608,T2_RandomForest,0.662577298194273,0.7548283444192011,True,-0.027368116419745903,-0.0037065693649060982,True,False
user12,1,Genuine,user12:session_5256432882,T2_RandomForest,0.662577298194273,0.5776623443269111,False,-0.027368116419745903,0.023629183787415853,False,False
user12,1,Genuine,user12:session_5518980455,T2_RandomForest,0.662577298194273,0.6730813932819003,True,-0.027368116419745903,-0.029615275623088466,False,True
user12,1,Genuine,user12:session_5747551041,T2_RandomForest,0.662577298194273,0.6412465842855856,False,-0.027368116419745903,-0.00929245297640946,False,False
user12,1,Genuine,user12:session_5771189096,T2_RandomForest,0.662577298194273,0.5466589429338591,False,-0.027368116419745903,-0.00782860813115177,False,False
user12,1,Genuine,user12:session_6142373482,T2_RandomForest,0.662577298194273,0.39595357985540786,False,-0.027368116419745903,0.012518700895022605,False,False
user12,1,Genuine,user12:session_6167829880,T2_RandomForest,0.662577298194273,0.7396374867402313,True,-0.027368116419745903,-0.01941818149968144,True,False
user12,1,Genuine,user12:session_6229277499,T2_RandomForest,0.662577298194273,0.6812047690039215,True,-0.027368116419745903,-0.0007411362804494726,True,False
user12,1,Genuine,user12:session_6237876052,T2_RandomForest,0.662577298194273,0.6926077066340027,True,-0.027368116419745903,-0.014237036041333695,True,False
user12,1,Genuine,user12:session_6304072815,T2_RandomForest,0.662577298194273,0.5980814763764106,False,-0.027368116419745903,0.016195751213679555,False,False
user12,1,Genuine,user12:session_6446737316,T2_RandomForest,0.662577298194273,0.5872053939695326,False,-0.027368116419745903,-0.015970261402773078,False,False
user12,1,Genuine,user12:session_6468388206,T2_RandomForest,0.662577298194273,0.6027850404412528,False,-0.027368116419745903,0.005242992581123929,False,False
user12,1,Genuine,user12:session_6721137284,T2_RandomForest,0.662577298194273,0.48499879867562484,False,-0.027368116419745903,0.017427287754268495,False,False
user12,1,Genuine,user12:session_6835186342,T2_RandomForest,0.662577298194273,0.42297183018373374,False,-0.027368116419745903,0.016811152647435934,False,False
user12,1,Genuine,user12:session_7168735362,T2_RandomForest,0.662577298194273,0.638116542722559,False,-0.027368116419745903,0.0378565995301402,False,False
user12,1,Genuine,user12:session_7489987884,T2_RandomForest,0.662577298194273,0.6493209150179969,False,-0.027368116419745903,-0.013368097357057684,False,False
user12,1,Genuine,user12:session_7575485743,T2_RandomForest,0.662577298194273,0.5547082573968584,False,-0.027368116419745903,-0.0028187936540604586,False,False
user12,1,Genuine,user12:session_7580547206,T2_RandomForest,0.662577298194273,0.5126218918608231,False,-0.027368116419745903,0.006448398099819452,False,False
user12,1,Genuine,user12:session_7583047056,T2_RandomForest,0.662577298194273,0.5639069648510102,False,-0.027368116419745903,0.01866176248690421,False,False
user12,1,Genuine,user12:session_7907939720,T2_RandomForest,0.662577298194273,0.4951419054533307,False,-0.027368116419745903,0.008261900737882355,False,False
user12,1,Genuine,user12:session_7976664538,T2_RandomForest,0.662577298194273,0.5197566981854816,False,-0.027368116419745903,0.001345203360526015,False,False
user12,1,Genuine,user12:session_8199358611,T2_RandomForest,0.662577298194273,0.6090314349078451,False,-0.027368116419745903,-0.032409205837362676,False,False
user12,1,Genuine,user12:session_8291380356,T2_RandomForest,0.662577298194273,0.508861492451195,False,-0.027368116419745903,0.02927442225254251,False,False
user12,1,Genuine,user12:session_8361853378,T2_RandomForest,0.662577298194273,0.5981002517197145,False,-0.027368116419745903,-0.028493034738999445,False,False
user12,1,Genuine,user12:session_8439712811,T2_RandomForest,0.662577298194273,0.6249926057314618,False,-0.027368116419745903,-0.0282120564179964,False,False
user12,1,Genuine,user12:session_8674602823,T2_RandomForest,0.662577298194273,0.6060622774373311,False,-0.027368116419745903,0.007354339139688415,False,False
user12,1,Genuine,user12:session_8680283238,T2_RandomForest,0.662577298194273,0.6721011692785648,True,-0.027368116419745903,-0.015970261402773078,True,False
user12,1,Genuine,user12:session_9203064974,T2_RandomForest,0.662577298194273,0.558124079707064,False,-0.027368116419745903,0.023005663670234267,False,False
user12,1,Genuine,user12:session_9387370115,T2_RandomForest,0.662577298194273,0.7124416265325919,True,-0.027368116419745903,-0.013078105851045796,True,False
user12,1,Genuine,user12:session_9506925023,T2_RandomForest,0.662577298194273,0.5129988469621377,False,-0.027368116419745903,0.017427287754268495,False,False
user12,1,Genuine,user12:session_9839818954,T2_RandomForest,0.662577298194273,0.6652441273552109,True,-0.027368116419745903,0.00795919996427863,True,False
user12,1,Genuine,user12:session_9899715696,T2_RandomForest,0.662577298194273,0.6102412172440109,False,-0.027368116419745903,0.0043408215996721955,False,False
user12,1,Genuine,user12:session_9924186646,T2_RandomForest,0.662577298194273,0.6488191963368285,False,-0.027368116419745903,-0.008707438227095132,False,False
user12,1,Genuine,user12:session_9932324920,T2_RandomForest,0.662577298194273,0.5286242187898735,False,-0.027368116419745903,-0.0034108204043630796,False,False
user12,1,Genuine,user12:session_9973193301,T2_RandomForest,0.662577298194273,0.7150972100710118,True,-0.027368116419745903,0.00464136612543109,True,False
user12,1,HumanImpostor,user12:session_0126772600,T2_RandomForest,0.662577298194273,0.213720418218456,False,-0.027368116419745903,0.00977811251809424,False,False
user12,1,HumanImpostor,user12:session_0170625567,T2_RandomForest,0.662577298194273,0.46349252686804576,False,-0.027368116419745903,0.0001519440330807198,False,False
user12,1,HumanImpostor,user12:session_0172860263,T2_RandomForest,0.662577298194273,0.3691538844370694,False,-0.027368116419745903,0.0049420897503390515,False,False
user12,1,HumanImpostor,user12:session_0172989910,T2_RandomForest,0.662577298194273,0.43876708471910614,False,-0.027368116419745903,0.005544074724577297,False,False
user12,1,HumanImpostor,user12:session_0718520474,T2_RandomForest,0.662577298194273,0.25724141448177634,False,-0.027368116419745903,0.023941222547664842,False,False
user12,1,HumanImpostor,user12:session_1196335015,T2_RandomForest,0.662577298194273,0.39910373065218147,False,-0.027368116419745903,0.02487845496416763,False,False
user12,1,HumanImpostor,user12:session_1656689994,T2_RandomForest,0.662577298194273,0.5446578410254943,False,-0.027368116419745903,-0.0034108204043630796,False,False
user12,1,HumanImpostor,user12:session_1928096865,T2_RandomForest,0.662577298194273,0.19473472998957364,False,-0.027368116419745903,0.011908410769234767,False,False
user12,1,HumanImpostor,user12:session_2116060291,T2_RandomForest,0.662577298194273,0.34113235216134546,False,-0.027368116419745903,0.0378565995301402,False,False
user12,1,HumanImpostor,user12:session_2177337196,T2_RandomForest,0.662577298194273,0.023086664425933698,False,-0.027368116419745903,0.03370720669014071,False,False
user12,1,HumanImpostor,user12:session_2726751248,T2_RandomForest,0.662577298194273,0.588112148436319,False,-0.027368116419745903,0.011298847356515096,False,False
user12,1,HumanImpostor,user12:session_2923450227,T2_RandomForest,0.662577298194273,0.31107736357925775,False,-0.027368116419745903,0.013435500566189917,False,False
user12,1,HumanImpostor,user12:session_3315925736,T2_RandomForest,0.662577298194273,0.4328108793245495,False,-0.027368116419745903,0.045927089966492085,False,False
user12,1,HumanImpostor,user12:session_3387344935,T2_RandomForest,0.662577298194273,0.31732287114739977,False,-0.027368116419745903,0.01866176248690421,False,False
user12,1,HumanImpostor,user12:session_3683562482,T2_RandomForest,0.662577298194273,0.2023953926068077,False,-0.027368116419745903,0.03307168600038635,False,False
user12,1,HumanImpostor,user12:session_4066543084,T2_RandomForest,0.662577298194273,0.010242698939404157,False,-0.027368116419745903,0.05411867739401266,False,False
user12,1,HumanImpostor,user12:session_4091639526,T2_RandomForest,0.662577298194273,0.3496998102456974,False,-0.027368116419745903,0.04853513614868321,False,False
user12,1,HumanImpostor,user12:session_4157921188,T2_RandomForest,0.662577298194273,0.14769085551325173,False,-0.027368116419745903,0.03307168600038635,False,False
user12,1,HumanImpostor,user12:session_4383618618,T2_RandomForest,0.662577298194273,0.17228549049049569,False,-0.027368116419745903,0.027700223411364022,False,False
user12,1,HumanImpostor,user12:session_4498932663,T2_RandomForest,0.662577298194273,0.40571999844313533,False,-0.027368116419745903,0.01038586293177668,False,False
user12,1,HumanImpostor,user12:session_4876159319,T2_RandomForest,0.662577298194273,0.41803187094987787,False,-0.027368116419745903,0.0034402615509631085,False,False
user12,1,HumanImpostor,user12:session_4970622399,T2_RandomForest,0.662577298194273,0.11557925588633133,False,-0.027368116419745903,0.05875953768588338,False,False
user12,1,HumanImpostor,user12:session_5046103917,T2_RandomForest,0.662577298194273,0.4179135131888875,False,-0.027368116419745903,-0.0022260610976559403,False,False
user12,1,HumanImpostor,user12:session_5269540222,T2_RandomForest,0.662577298194273,0.4062935345615743,False,-0.027368116419745903,0.011908410769234767,False,False
user12,1,HumanImpostor,user12:session_5346999982,T2_RandomForest,0.662577298194273,0.25629899705996206,False,-0.027368116419745903,0.01928010386518675,False,False
user12,1,HumanImpostor,user12:session_5352520893,T2_RandomForest,0.662577298194273,0.43046185411674254,False,-0.027368116419745903,0.027700223411364022,False,False
user12,1,HumanImpostor,user12:session_5466872812,T2_RandomForest,0.662577298194273,0.4140676202673828,False,-0.027368116419745903,0.017735630708383465,False,False
user12,1,HumanImpostor,user12:session_5476317070,T2_RandomForest,0.662577298194273,0.04056354423599104,False,-0.027368116419745903,0.02425344725665557,False,False
user12,1,HumanImpostor,user12:session_5577188457,T2_RandomForest,0.662577298194273,0.5934587393468459,False,-0.027368116419745903,0.007354339139688415,False,False
user12,1,HumanImpostor,user12:session_6186753676,T2_RandomForest,0.662577298194273,0.41356081436903325,False,-0.027368116419745903,0.01588832535115381,False,False
user12,1,HumanImpostor,user12:session_6695269196,T2_RandomForest,0.662577298194273,0.38873974850119636,False,-0.027368116419745903,0.02425344725665557,False,False
user12,1,HumanImpostor,user12:session_6965771386,T2_RandomForest,0.662577298194273,0.3706337571446589,False,-0.027368116419745903,0.01866176248690421,False,False
user12,1,HumanImpostor,user12:session_6974460768,T2_RandomForest,0.662577298194273,0.2551407897103225,False,-0.027368116419745903,0.010690009791518018,False,False
user12,1,HumanImpostor,user12:session_7251443361,T2_RandomForest,0.662577298194273,0.3247234043072807,False,-0.027368116419745903,0.03657643887453743,False,False
user12,1,HumanImpostor,user12:session_7454853209,T2_RandomForest,0.662577298194273,0.18933170920455575,False,-0.027368116419745903,0.023941222547664842,False,False
user12,1,HumanImpostor,user12:session_7562248450,T2_RandomForest,0.662577298194273,0.339344766484682,False,-0.027368116419745903,0.023629183787415853,False,False
user12,1,HumanImpostor,user12:session_7614908860,T2_RandomForest,0.662577298194273,0.516526870340918,False,-0.027368116419745903,0.008867843544855147,False,False
user12,1,HumanImpostor,user12:session_7684485021,T2_RandomForest,0.662577298194273,0.33965285002288853,False,-0.027368116419745903,0.016195751213679555,False,False
user12,1,HumanImpostor,user12:session_7772954143,T2_RandomForest,0.662577298194273,0.34698701448810254,False,-0.027368116419745903,0.033389351694304015,False,False
user12,1,HumanImpostor,user12:session_7914718036,T2_RandomForest,0.662577298194273,0.1965462170688201,False,-0.027368116419745903,0.03307168600038635,False,False
user12,1,HumanImpostor,user12:session_8014286229,T2_RandomForest,0.662577298194273,0.2689918261909598,False,-0.027368116419745903,0.01588832535115381,False,False
user12,1,HumanImpostor,user12:session_8200552592,T2_RandomForest,0.662577298194273,0.2508165323417335,False,-0.027368116419745903,-0.0013356370356571445,False,False
user12,1,HumanImpostor,user12:session_8271683052,T2_RandomForest,0.662577298194273,0.3280206547830016,False,-0.027368116419745903,0.038177116628318686,False,False
user12,1,HumanImpostor,user12:session_8689827198,T2_RandomForest,0.662577298194273,0.6255435432286214,False,-0.027368116419745903,-0.0069482059732688395,False,False
user12,1,HumanImpostor,user12:session_8701118698,T2_RandomForest,0.662577298194273,0.2666814590462442,False,-0.027368116419745903,0.03721613788218503,False,False
user12,1,HumanImpostor,user12:session_8950902312,T2_RandomForest,0.662577298194273,0.45165791540785943,False,-0.027368116419745903,-0.0022260610976559403,False,False
user12,1,HumanImpostor,user12:session_9072596713,T2_RandomForest,0.662577298194273,0.1007277889989911,False,-0.027368116419745903,0.0070521788740344205,False,False
user12,1,HumanImpostor,user12:session_9693789671,T2_RandomForest,0.662577298194273,0.053360648359662144,False,-0.027368116419745903,0.030537161803324442,False,False
user12,1,HumanImpostor,user12:session_9816302916,T2_RandomForest,0.662577298194273,0.5598996055283484,False,-0.027368116419745903,0.02425344725665557,False,False
user12,1,WindMouse,windmouse:0,T2_RandomForest,0.662577298194273,0.20711997151939834,False,-0.027368116419745903,0.05017148826179918,False,False
user12,1,WindMouse,windmouse:1,T2_RandomForest,0.662577298194273,0.15475186832757476,False,-0.027368116419745903,0.052799811120076146,False,False
user12,1,WindMouse,windmouse:2,T2_RandomForest,0.662577298194273,0.16970430918734478,False,-0.027368116419745903,0.038177116628318686,False,False
user12,1,WindMouse,windmouse:3,T2_RandomForest,0.662577298194273,0.22386672723783022,False,-0.027368116419745903,0.030537161803324442,False,False
user12,1,WindMouse,windmouse:4,T2_RandomForest,0.662577298194273,0.18250896596656724,False,-0.027368116419745903,0.03434348503886986,False,False
user12,1,WindMouse,windmouse:5,T2_RandomForest,0.662577298194273,0.1678261535689327,False,-0.027368116419745903,0.04010423422689813,False,False
user12,1,WindMouse,windmouse:6,T2_RandomForest,0.662577298194273,0.20454649481098008,False,-0.027368116419745903,0.038497824727612207,False,False
user12,1,WindMouse,windmouse:7,T2_RandomForest,0.662577298194273,0.1605875767277268,False,-0.027368116419745903,0.05676585707719517,False,False
user12,1,WindMouse,windmouse:8,T2_RandomForest,0.662577298194273,0.19424381819333705,False,-0.027368116419745903,0.03881872394184116,False,False
user12,1,WindMouse,windmouse:9,T2_RandomForest,0.662577298194273,0.17263248471480822,False,-0.027368116419745903,0.03881872394184116,False,False
user12,1,WindMouse,windmouse:10,T2_RandomForest,0.662577298194273,0.1813559427817579,False,-0.027368116419745903,0.04203825249465143,False,False
user12,1,WindMouse,windmouse:11,T2_RandomForest,0.662577298194273,0.21019313196587244,False,-0.027368116419745903,0.033389351694304015,False,False
user12,1,WindMouse,windmouse:12,T2_RandomForest,0.662577298194273,0.14607631980928745,False,-0.027368116419745903,0.04951636245626301,False,False
user12,1,WindMouse,windmouse:13,T2_RandomForest,0.662577298194273,0.1674709968268525,False,-0.027368116419745903,0.043007857097916324,False,False
user12,1,WindMouse,windmouse:14,T2_RandomForest,0.662577298194273,0.18959098003964034,False,-0.027368116419745903,0.034661908617580006,False,False
user12,1,WindMouse,windmouse:15,T2_RandomForest,0.662577298194273,0.16094583110596306,False,-0.027368116419745903,0.051155641695894705,False,False
user12,1,WindMouse,windmouse:16,T2_RandomForest,0.662577298194273,0.1517606219559521,False,-0.027368116419745903,0.03946109617072724,False,False
user12,1,WindMouse,windmouse:17,T2_RandomForest,0.662577298194273,0.14580770520363925,False,-0.027368116419745903,0.03881872394184116,False,False
user12,1,WindMouse,windmouse:18,T2_RandomForest,0.662577298194273,0.20512225539343998,False,-0.027368116419745903,0.05378866612999322,False,False
user12,1,WindMouse,windmouse:19,T2_RandomForest,0.662577298194273,0.18105566428882738,False,-0.027368116419745903,0.034980521949844356,False,False
user12,1,SapiAgent,sapiagent:0,T2_RandomForest,0.662577298194273,0.26135701752652485,False,-0.027368116419745903,0.0314861931160042,False,False
user12,1,SapiAgent,sapiagent:1,T2_RandomForest,0.662577298194273,0.2402028490670101,False,-0.027368116419745903,0.026130706644148294,False,False
user12,1,SapiAgent,sapiagent:2,T2_RandomForest,0.662577298194273,0.2471866678353968,False,-0.027368116419745903,0.0340252511007042,False,False
user12,1,SapiAgent,sapiagent:3,T2_RandomForest,0.662577298194273,0.2553199324934244,False,-0.027368116419745903,0.03116966086839268,False,False
user12,1,SapiAgent,sapiagent:4,T2_RandomForest,0.662577298194273,0.23756659640497912,False,-0.027368116419745903,0.02832934031772638,False,False
user12,1,SapiAgent,sapiagent:5,T2_RandomForest,0.662577298194273,0.2129484470693649,False,-0.027368116419745903,0.040426090725488195,False,False
user12,1,SapiAgent,sapiagent:6,T2_RandomForest,0.662577298194273,0.23310439428603966,False,-0.027368116419745903,0.03307168600038635,False,False
user12,1,SapiAgent,sapiagent:7,T2_RandomForest,0.662577298194273,0.21277083242646425,False,-0.027368116419745903,0.03625687507699715,False,False
user12,1,SapiAgent,sapiagent:8,T2_RandomForest,0.662577298194273,0.25153699153488934,False,-0.027368116419745903,0.04268446300094042,False,False
user12,1,SapiAgent,sapiagent:9,T2_RandomForest,0.662577298194273,0.22564589749274608,False,-0.027368116419745903,0.02832934031772638,False,False
user12,1,SapiAgent,sapiagent:10,T2_RandomForest,0.662577298194273,0.23244450771182465,False,-0.027368116419745903,0.03881872394184116,False,False
user12,1,SapiAgent,sapiagent:11,T2_RandomForest,0.662577298194273,0.22123517080262087,False,-0.027368116419745903,0.03370720669014071,False,False
user12,1,SapiAgent,sapiagent:12,T2_RandomForest,0.662577298194273,0.25594256331702053,False,-0.027368116419745903,0.0340252511007042,False,False
user12,1,SapiAgent,sapiagent:13,T2_RandomForest,0.662577298194273,0.2573205659396568,False,-0.027368116419745903,0.0340252511007042,False,False
user12,1,SapiAgent,sapiagent:14,T2_RandomForest,0.662577298194273,0.20344564128159817,False,-0.027368116419745903,0.04657793669101851,False,False
user12,1,SapiAgent,sapiagent:15,T2_RandomForest,0.662577298194273,0.24731507098156422,False,-0.027368116419745903,0.028644179974224304,False,False
user12,1,SapiAgent,sapiagent:16,T2_RandomForest,0.662577298194273,0.26293195291776533,False,-0.027368116419745903,0.02707185563637049,False,False
user12,1,SapiAgent,sapiagent:17,T2_RandomForest,0.662577298194273,0.24523823862957925,False,-0.027368116419745903,0.0417154358559958,False,False
user12,1,SapiAgent,sapiagent:18,T2_RandomForest,0.662577298194273,0.2501879433589049,False,-0.027368116419745903,0.02895920724856149,False,False
user12,1,SapiAgent,sapiagent:19,T2_RandomForest,0.662577298194273,0.26308563988210615,False,-0.027368116419745903,0.0314861931160042,False,False
user12,1,DMTG_Inspired,unknown_user:session_0,T2_RandomForest,0.662577298194273,0.1795488727224401,False,-0.027368116419745903,0.039782569413364444,False,False
user12,1,DMTG_Inspired,unknown_user:session_1,T2_RandomForest,0.662577298194273,0.18011147926822324,False,-0.027368116419745903,0.03370720669014071,False,False
user12,1,DMTG_Inspired,unknown_user:session_2,T2_RandomForest,0.662577298194273,0.1769733716522662,False,-0.027368116419745903,0.046252416395220486,False,False
user12,1,DMTG_Inspired,unknown_user:session_3,T2_RandomForest,0.662577298194273,0.17416682740700484,False,-0.027368116419745903,0.04203825249465143,False,False
user12,1,DMTG_Inspired,unknown_user:session_4,T2_RandomForest,0.662577298194273,0.1700838669836582,False,-0.027368116419745903,0.03085331713492323,False,False
user12,1,DMTG_Inspired,unknown_user:session_5,T2_RandomForest,0.662577298194273,0.12389133020222722,False,-0.027368116419745903,0.03275420949564678,False,False
user12,1,DMTG_Inspired,unknown_user:session_6,T2_RandomForest,0.662577298194273,0.14931981168556216,False,-0.027368116419745903,0.04430336179021699,False,False
user12,1,DMTG_Inspired,unknown_user:session_7,T2_RandomForest,0.662577298194273,0.17964261972932807,False,-0.027368116419745903,0.034980521949844356,False,False
user12,1,DMTG_Inspired,unknown_user:session_8,T2_RandomForest,0.662577298194273,0.17828235467118558,False,-0.027368116419745903,0.03561831832741158,False,False
user12,1,DMTG_Inspired,unknown_user:session_9,T2_RandomForest,0.662577298194273,0.18185131016318834,False,-0.027368116419745903,0.043331443910455625,False,False
user12,1,DMTG_Inspired,unknown_user:session_10,T2_RandomForest,0.662577298194273,0.17565482944126418,False,-0.027368116419745903,0.03721613788218503,False,False
user12,1,DMTG_Inspired,unknown_user:session_11,T2_RandomForest,0.662577298194273,0.16428773649320846,False,-0.027368116419745903,0.03275420949564678,False,False
user12,1,DMTG_Inspired,unknown_user:session_12,T2_RandomForest,0.662577298194273,0.20225476133823328,False,-0.027368116419745903,0.044627720614115796,False,False
user12,1,DMTG_Inspired,unknown_user:session_13,T2_RandomForest,0.662577298194273,0.19306641852532466,False,-0.027368116419745903,0.03625687507699715,False,False
user12,1,DMTG_Inspired,unknown_user:session_14,T2_RandomForest,0.662577298194273,0.18203774576322754,False,-0.027368116419745903,0.03116966086839268,False,False
user12,1,DMTG_Inspired,unknown_user:session_15,T2_RandomForest,0.662577298194273,0.17082137606705847,False,-0.027368116419745903,0.03721613788218503,False,False
user12,1,DMTG_Inspired,unknown_user:session_16,T2_RandomForest,0.662577298194273,0.1763542743638464,False,-0.027368116419745903,0.028014688167330104,False,False
user12,1,DMTG_Inspired,unknown_user:session_17,T2_RandomForest,0.662577298194273,0.1685032557368685,False,-0.027368116419745903,0.04527701824847519,False,False
user12,1,DMTG_Inspired,unknown_user:session_18,T2_RandomForest,0.662577298194273,0.19181151314310166,False,-0.027368116419745903,0.04788195885650903,False,False
user12,1,DMTG_Inspired,unknown_user:session_19,T2_RandomForest,0.662577298194273,0.17725433154097422,False,-0.027368116419745903,0.034661908617580006,False,False
user15,1,Genuine,user15:session_0510406466,T2_RandomForest,0.5507012904896662,0.555145974471168,True,-0.06309437096048415,-0.018072320361045335,True,False
user15,1,Genuine,user15:session_0797370695,T2_RandomForest,0.5507012904896662,0.6897914705167099,True,-0.06309437096048415,-0.04574964676292209,True,False
user15,1,Genuine,user15:session_0864574884,T2_RandomForest,0.5507012904896662,0.4146371633819266,False,-0.06309437096048415,-0.022740081831242598,False,False
user15,1,Genuine,user15:session_1016856509,T2_RandomForest,0.5507012904896662,0.6262014762494774,True,-0.06309437096048415,-0.03924181072474259,True,False
user15,1,Genuine,user15:session_1324126678,T2_RandomForest,0.5507012904896662,0.6794066059675803,True,-0.06309437096048415,-0.04981241708427031,True,False
user15,1,Genuine,user15:session_1567411744,T2_RandomForest,0.5507012904896662,0.596813031030343,True,-0.06309437096048415,-0.03889672196142285,True,False
user15,1,Genuine,user15:session_1824070206,T2_RandomForest,0.5507012904896662,0.6028046532541976,True,-0.06309437096048415,-0.02416720019378421,True,False
user15,1,Genuine,user15:session_1876247964,T2_RandomForest,0.5507012904896662,0.28164824293421414,False,-0.06309437096048415,-0.02806981018463578,False,False
user15,1,Genuine,user15:session_2099251918,T2_RandomForest,0.5507012904896662,0.6985944593347366,True,-0.06309437096048415,-0.027008647430118604,True,False
user15,1,Genuine,user15:session_2613999059,T2_RandomForest,0.5507012904896662,0.705193422226991,True,-0.06309437096048415,-0.027008647430118604,True,False
user15,1,Genuine,user15:session_3102058551,T2_RandomForest,0.5507012904896662,0.3396735432476092,False,-0.06309437096048415,-0.022024918370667224,False,False
user15,1,Genuine,user15:session_3343831517,T2_RandomForest,0.5507012904896662,0.5744296999526023,True,-0.06309437096048415,-0.043020784165759274,True,False
user15,1,Genuine,user15:session_3393326634,T2_RandomForest,0.5507012904896662,0.663789497396965,True,-0.06309437096048415,-0.03508364473406478,True,False
user15,1,Genuine,user15:session_3641521673,T2_RandomForest,0.5507012904896662,0.2975033897570356,False,-0.06309437096048415,-0.034038252998547514,False,False
user15,1,Genuine,user15:session_3704248627,T2_RandomForest,0.5507012904896662,0.5142879280511685,False,-0.06309437096048415,-0.03716739741372521,False,False
user15,1,Genuine,user15:session_3814755566,T2_RandomForest,0.5507012904896662,0.846326627524585,True,-0.06309437096048415,-0.042678525696727754,True,False
user15,1,Genuine,user15:session_3879503861,T2_RandomForest,0.5507012904896662,0.6797244066018432,True,-0.06309437096048415,-0.014814076886331018,True,False
user15,1,Genuine,user15:session_4119002624,T2_RandomForest,0.5507012904896662,0.6993630975486286,True,-0.06309437096048415,-0.03473544167697268,True,False
user15,1,Genuine,user15:session_4659905162,T2_RandomForest,0.5507012904896662,0.6360211453233735,True,-0.06309437096048415,-0.04404602346621794,True,False
user15,1,Genuine,user15:session_4687655362,T2_RandomForest,0.5507012904896662,0.6260680866863771,True,-0.06309437096048415,-0.03368926698642705,True,False
user15,1,Genuine,user15:session_5269315187,T2_RandomForest,0.5507012904896662,0.7579757809700289,True,-0.06309437096048415,-0.034038252998547514,True,False
user15,1,Genuine,user15:session_5700842190,T2_RandomForest,0.5507012904896662,0.5135126557877678,False,-0.06309437096048415,-0.03334001959826555,False,False
user15,1,Genuine,user15:session_6112730640,T2_RandomForest,0.5507012904896662,0.5450226391762159,False,-0.06309437096048415,-0.041306926526118615,False,False
user15,1,Genuine,user15:session_6189139492,T2_RandomForest,0.5507012904896662,0.6717636542341993,True,-0.06309437096048415,-0.03889672196142285,True,False
user15,1,Genuine,user15:session_6303895598,T2_RandomForest,0.5507012904896662,0.5374325409692812,False,-0.06309437096048415,-0.029128592205582393,False,False
user15,1,Genuine,user15:session_6349231133,T2_RandomForest,0.5507012904896662,0.6410365547790774,True,-0.06309437096048415,-0.05517297618706368,True,False
user15,1,Genuine,user15:session_6509364535,T2_RandomForest,0.5507012904896662,0.5995477723122866,True,-0.06309437096048415,-0.030887952889677828,True,False
user15,1,Genuine,user15:session_6679825465,T2_RandomForest,0.5507012904896662,0.485607439454965,False,-0.06309437096048415,-0.043704532858877265,False,False
user15,1,Genuine,user15:session_6869635181,T2_RandomForest,0.5507012904896662,0.5885448466317057,True,-0.06309437096048415,-0.03889672196142285,True,False
user15,1,Genuine,user15:session_6873559742,T2_RandomForest,0.5507012904896662,0.5416633443212949,False,-0.06309437096048415,-0.02736263320444149,False,False
user15,1,Genuine,user15:session_7071815036,T2_RandomForest,0.5507012904896662,0.5668908312444886,True,-0.06309437096048415,-0.03855137474093978,True,False
user15,1,Genuine,user15:session_7096197451,T2_RandomForest,0.5507012904896662,0.7730885244297423,True,-0.06309437096048415,-0.03368926698642705,True,False
user15,1,Genuine,user15:session_7394343234,T2_RandomForest,0.5507012904896662,0.6836617668788113,True,-0.06309437096048415,-0.04027552820528668,True,False
user15,1,Genuine,user15:session_7690305433,T2_RandomForest,0.5507012904896662,0.7429560403001558,True,-0.06309437096048415,-0.02095016332180971,True,False
user15,1,Genuine,user15:session_7779665504,T2_RandomForest,0.5507012904896662,0.5153032133541519,False,-0.06309437096048415,-0.043362786489242855,False,False
user15,1,Genuine,user15:session_7800181258,T2_RandomForest,0.5507012904896662,0.88398573124013,True,-0.06309437096048415,-0.02736263320444149,True,False
user15,1,Genuine,user15:session_7967310508,T2_RandomForest,0.5507012904896662,0.4690590885296517,False,-0.06309437096048415,-0.0266543965351404,False,False
user15,1,Genuine,user15:session_7979911880,T2_RandomForest,0.5507012904896662,0.48231680150228273,False,-0.06309437096048415,-0.037859904154043944,False,False
user15,1,Genuine,user15:session_8423329764,T2_RandomForest,0.5507012904896662,0.5186026514538383,False,-0.06309437096048415,-0.04061958507279434,False,False
user15,1,Genuine,user15:session_8691825471,T2_RandomForest,0.5507012904896662,0.5533944595460962,True,-0.06309437096048415,-0.02877592906126808,True,False
user15,1,Genuine,user15:session_9411417025,T2_RandomForest,0.5507012904896662,0.5246684980534243,False,-0.06309437096048415,-0.041306926526118615,False,False
user15,1,Genuine,user15:session_9505884451,T2_RandomForest,0.5507012904896662,0.7368073408631409,True,-0.06309437096048415,-0.023810821172739804,True,False
user15,1,Genuine,user15:session_9729063367,T2_RandomForest,0.5507012904896662,0.4057062108548796,False,-0.06309437096048415,-0.015902598331441697,False,False
user15,1,Genuine,user15:session_9809839685,T2_RandomForest,0.5507012904896662,0.7824644241234103,True,-0.06309437096048415,-0.01951339641802663,True,False
user15,1,Genuine,user15:session_9921687223,T2_RandomForest,0.5507012904896662,0.3470346715532969,False,-0.06309437096048415,-0.03438697783024047,False,False
user15,1,HumanImpostor,user15:session_0003960194,T2_RandomForest,0.5507012904896662,0.0048602161578709235,False,-0.06309437096048415,-0.021666934869437215,False,False
user15,1,HumanImpostor,user15:session_0128859274,T2_RandomForest,0.5507012904896662,0.17189943952579043,False,-0.06309437096048415,-0.031239035399618642,False,False
user15,1,HumanImpostor,user15:session_0280517098,T2_RandomForest,0.5507012904896662,0.11890884644334816,False,-0.06309437096048415,-0.03438697783024047,False,False
user15,1,HumanImpostor,user15:session_0305187451,T2_RandomForest,0.5507012904896662,0.19072916577403956,False,-0.06309437096048415,-0.009701858298992061,False,False
user15,1,HumanImpostor,user15:session_0326724732,T2_RandomForest,0.5507012904896662,0.4581422856540823,False,-0.06309437096048415,-0.037859904154043944,False,False
user15,1,HumanImpostor,user15:session_0612796637,T2_RandomForest,0.5507012904896662,0.33881209633891435,False,-0.06309437096048415,-0.03229070721920424,False,False
user15,1,HumanImpostor,user15:session_0647531474,T2_RandomForest,0.5507012904896662,0.292145537710462,False,-0.06309437096048415,-0.023810821172739804,False,False
user15,1,HumanImpostor,user15:session_0719528275,T2_RandomForest,0.5507012904896662,0.19337080530986017,False,-0.06309437096048415,-0.02095016332180971,False,False
user15,1,HumanImpostor,user15:session_0861337889,T2_RandomForest,0.5507012904896662,0.18961428106252742,False,-0.06309437096048415,-0.03334001959826555,False,False
user15,1,HumanImpostor,user15:session_1149922141,T2_RandomForest,0.5507012904896662,0.5843195649673874,True,-0.06309437096048415,-0.03368926698642705,True,False
user15,1,HumanImpostor,user15:session_1316321566,T2_RandomForest,0.5507012904896662,0.24512487068759453,False,-0.06309437096048415,-0.029128592205582393,False,False
user15,1,HumanImpostor,user15:session_1618522149,T2_RandomForest,0.5507012904896662,0.008292219009905753,False,-0.06309437096048415,-0.026299880320942493,False,False
user15,1,HumanImpostor,user15:session_1649882646,T2_RandomForest,0.5507012904896662,0.21261226632256136,False,-0.06309437096048415,-0.030887952889677828,False,False
user15,1,HumanImpostor,user15:session_1750509621,T2_RandomForest,0.5507012904896662,0.22437165253172744,False,-0.06309437096048415,-0.04642931243394666,False,False
user15,1,HumanImpostor,user15:session_1854610785,T2_RandomForest,0.5507012904896662,0.23189305659719278,False,-0.06309437096048415,-0.03334001959826555,False,False
user15,1,HumanImpostor,user15:session_1968614536,T2_RandomForest,0.5507012904896662,0.16896775011317486,False,-0.06309437096048415,-0.027716354056524783,False,False
user15,1,HumanImpostor,user15:session_2203453961,T2_RandomForest,0.5507012904896662,0.22990766360795362,False,-0.06309437096048415,-0.023454175238597608,False,False
user15,1,HumanImpostor,user15:session_2375808482,T2_RandomForest,0.5507012904896662,0.11395383902651302,False,-0.06309437096048415,-0.02095016332180971,False,False
user15,1,HumanImpostor,user15:session_2694965772,T2_RandomForest,0.5507012904896662,0.12046841482175123,False,-0.06309437096048415,-0.005647355180539493,False,False
user15,1,HumanImpostor,user15:session_2730276507,T2_RandomForest,0.5507012904896662,0.20955911734488417,False,-0.06309437096048415,-0.008967157348034382,False,False
user15,1,HumanImpostor,user15:session_2931074825,T2_RandomForest,0.5507012904896662,0.24119973538022982,False,-0.06309437096048415,-0.02238263395776685,False,False
user15,1,HumanImpostor,user15:session_2953697423,T2_RandomForest,0.5507012904896662,0.05303143728133515,False,-0.06309437096048415,-0.023097262191450696,False,False
user15,1,HumanImpostor,user15:session_3014121416,T2_RandomForest,0.5507012904896662,0.18478130700854156,False,-0.06309437096048415,-0.03473544167697268,False,False
user15,1,HumanImpostor,user15:session_3051589624,T2_RandomForest,0.5507012904896662,0.33295736707738327,False,-0.06309437096048415,-0.03751378040004877,False,False
user15,1,HumanImpostor,user15:session_3077149461,T2_RandomForest,0.5507012904896662,0.19028722412228397,False,-0.06309437096048415,-0.046768763821748716,False,False
user15,1,HumanImpostor,user15:session_3155649031,T2_RandomForest,0.5507012904896662,0.32677773965280477,False,-0.06309437096048415,-0.025234737775155447,False,False
user15,1,HumanImpostor,user15:session_3603344105,T2_RandomForest,0.5507012904896662,0.07064954131749804,False,-0.06309437096048415,-0.023810821172739804,False,False
user15,1,HumanImpostor,user15:session_3791802350,T2_RandomForest,0.5507012904896662,0.12724080157054415,False,-0.06309437096048415,-0.029833126894579898,False,False
user15,1,HumanImpostor,user15:session_4098569257,T2_RandomForest,0.5507012904896662,0.20208392169669603,False,-0.06309437096048415,-0.037859904154043944,False,False
user15,1,HumanImpostor,user15:session_4290136840,T2_RandomForest,0.5507012904896662,0.1348264805044347,False,-0.06309437096048415,-0.03018499883416803,False,False
user15,1,HumanImpostor,user15:session_4386624259,T2_RandomForest,0.5507012904896662,0.24771822875404395,False,-0.06309437096048415,-0.027008647430118604,False,False
user15,1,HumanImpostor,user15:session_4480398495,T2_RandomForest,0.5507012904896662,0.3210406984220247,False,-0.06309437096048415,-0.043362786489242855,False,False
user15,1,HumanImpostor,user15:session_4762909710,T2_RandomForest,0.5507012904896662,0.4374395674186177,False,-0.06309437096048415,-0.03299051063830333,False,False
user15,1,HumanImpostor,user15:session_4896261465,T2_RandomForest,0.5507012904896662,0.10725264211098688,False,-0.06309437096048415,-0.03855137474093978,False,False
user15,1,HumanImpostor,user15:session_5023081923,T2_RandomForest,0.5507012904896662,0.29330276173237024,False,-0.06309437096048415,-0.018072320361045335,False,False
user15,1,HumanImpostor,user15:session_5071023384,T2_RandomForest,0.5507012904896662,0.21859374712537577,False,-0.06309437096048415,-0.02559005113988644,False,False
user15,1,HumanImpostor,user15:session_5312030236,T2_RandomForest,0.5507012904896662,0.19256660876430842,False,-0.06309437096048415,-0.04096338444883629,False,False
user15,1,HumanImpostor,user15:session_5594141097,T2_RandomForest,0.5507012904896662,0.5414917158666637,False,-0.06309437096048415,-0.016264895850511052,False,False
user15,1,HumanImpostor,user15:session_5695398064,T2_RandomForest,0.5507012904896662,0.5030941347737434,False,-0.06309437096048415,-0.018072320361045335,False,False
user15,1,HumanImpostor,user15:session_5806761857,T2_RandomForest,0.5507012904896662,0.24141336116534504,False,-0.06309437096048415,-0.039931213653462805,False,False
user15,1,HumanImpostor,user15:session_5958053029,T2_RandomForest,0.5507012904896662,0.1678243006590548,False,-0.06309437096048415,-0.01951339641802663,False,False
user15,1,HumanImpostor,user15:session_6102555994,T2_RandomForest,0.5507012904896662,0.14674768920655723,False,-0.06309437096048415,-0.023454175238597608,False,False
user15,1,HumanImpostor,user15:session_6237417362,T2_RandomForest,0.5507012904896662,0.22512506690546236,False,-0.06309437096048415,-0.019153531891076714,False,False
user15,1,HumanImpostor,user15:session_6320970139,T2_RandomForest,0.5507012904896662,0.07169852267314428,False,-0.06309437096048415,-0.03647385296733063,False,False
user15,1,HumanImpostor,user15:session_6464183153,T2_RandomForest,0.5507012904896662,0.21922052930941832,False,-0.06309437096048415,-0.02059137487364815,False,False
user15,1,HumanImpostor,user15:session_6568302079,T2_RandomForest,0.5507012904896662,0.4897027479146,False,-0.06309437096048415,-0.008599394125666682,False,False
user15,1,HumanImpostor,user15:session_6657360579,T2_RandomForest,0.5507012904896662,0.18429506015369307,False,-0.06309437096048415,-0.03438697783024047,False,False
user15,1,HumanImpostor,user15:session_6705777193,T2_RandomForest,0.5507012904896662,0.3671744575910182,False,-0.06309437096048415,-0.037859904154043944,False,False
user15,1,HumanImpostor,user15:session_6751955279,T2_RandomForest,0.5507012904896662,0.2117985595819985,False,-0.06309437096048415,-0.02238263395776685,False,False
user15,1,HumanImpostor,user15:session_6871552747,T2_RandomForest,0.5507012904896662,0.1411993996378552,False,-0.06309437096048415,-0.030536607433506224,False,False
user15,1,HumanImpostor,user15:session_6896514118,T2_RandomForest,0.5507012904896662,0.6899033559507001,True,-0.06309437096048415,-0.02842300178689333,True,False
user15,1,HumanImpostor,user15:session_7035039573,T2_RandomForest,0.5507012904896662,0.31816057297875916,False,-0.06309437096048415,-0.03508364473406478,False,False
user15,1,HumanImpostor,user15:session_7323696974,T2_RandomForest,0.5507012904896662,0.28382869857504195,False,-0.06309437096048415,-0.018072320361045335,False,False
user15,1,HumanImpostor,user15:session_7331556356,T2_RandomForest,0.5507012904896662,0.10469342014599735,False,-0.06309437096048415,-0.03508364473406478,False,False
user15,1,HumanImpostor,user15:session_7471072415,T2_RandomForest,0.5507012904896662,0.04768799482301631,False,-0.06309437096048415,-0.01951339641802663,False,False
user15,1,HumanImpostor,user15:session_7800269296,T2_RandomForest,0.5507012904896662,0.20823514649749,False,-0.06309437096048415,-0.02806981018463578,False,False
user15,1,HumanImpostor,user15:session_7818234002,T2_RandomForest,0.5507012904896662,0.13764294569658997,False,-0.06309437096048415,-0.036820755000919025,False,False
user15,1,HumanImpostor,user15:session_7944252331,T2_RandomForest,0.5507012904896662,0.11319838657010078,False,-0.06309437096048415,-0.02877592906126808,False,False
user15,1,HumanImpostor,user15:session_7989414599,T2_RandomForest,0.5507012904896662,0.4168952382646299,False,-0.06309437096048415,-0.03508364473406478,False,False
user15,1,HumanImpostor,user15:session_8091715457,T2_RandomForest,0.5507012904896662,0.22563028535383195,False,-0.06309437096048415,-0.02806981018463578,False,False
user15,1,HumanImpostor,user15:session_8351091371,T2_RandomForest,0.5507012904896662,0.18550563738382692,False,-0.06309437096048415,-0.008599394125666682,False,False
user15,1,HumanImpostor,user15:session_8557723888,T2_RandomForest,0.5507012904896662,0.08022918807209815,False,-0.06309437096048415,-0.03158985516011703,False,False
user15,1,HumanImpostor,user15:session_8671492463,T2_RandomForest,0.5507012904896662,0.16218970398711036,False,-0.06309437096048415,-0.03158985516011703,False,False
user15,1,HumanImpostor,user15:session_8740037149,T2_RandomForest,0.5507012904896662,0.2658602742614315,False,-0.06309437096048415,-0.021308683253420335,False,False
user15,1,HumanImpostor,user15:session_8769983957,T2_RandomForest,0.5507012904896662,0.21755736500451633,False,-0.06309437096048415,-0.02806981018463578,False,False
user15,1,HumanImpostor,user15:session_8934034457,T2_RandomForest,0.5507012904896662,0.19802099348187926,False,-0.06309437096048415,-0.02238263395776685,False,False
user15,1,HumanImpostor,user15:session_9501338931,T2_RandomForest,0.5507012904896662,0.21490039201392713,False,-0.06309437096048415,-0.013358906623994637,False,False
user15,1,HumanImpostor,user15:session_9767538073,T2_RandomForest,0.5507012904896662,0.1894972692375147,False,-0.06309437096048415,-0.02877592906126808,False,False
user15,1,HumanImpostor,user15:session_9795347408,T2_RandomForest,0.5507012904896662,0.24054057816139762,False,-0.06309437096048415,-0.026299880320942493,False,False
user15,1,HumanImpostor,user15:session_9983042278,T2_RandomForest,0.5507012904896662,0.22776730821024946,False,-0.06309437096048415,-0.01408703648216758,False,False
user15,1,WindMouse,windmouse:0,T2_RandomForest,0.5507012904896662,0.3502676065885333,False,-0.06309437096048415,-0.03299051063830333,False,False
user15,1,WindMouse,windmouse:1,T2_RandomForest,0.5507012904896662,0.5053210382324711,False,-0.06309437096048415,-0.03473544167697268,False,False
user15,1,WindMouse,windmouse:2,T2_RandomForest,0.5507012904896662,0.37265796902223103,False,-0.06309437096048415,-0.03158985516011703,False,False
user15,1,WindMouse,windmouse:3,T2_RandomForest,0.5507012904896662,0.46441948812434974,False,-0.06309437096048415,-0.03264073991063393,False,False
user15,1,WindMouse,windmouse:4,T2_RandomForest,0.5507012904896662,0.4313209273555995,False,-0.06309437096048415,-0.03751378040004877,False,False
user15,1,WindMouse,windmouse:5,T2_RandomForest,0.5507012904896662,0.3982047040019076,False,-0.06309437096048415,-0.03647385296733063,False,False
user15,1,WindMouse,windmouse:6,T2_RandomForest,0.5507012904896662,0.39306940891973713,False,-0.06309437096048415,-0.03612669111851469,False,False
user15,1,WindMouse,windmouse:7,T2_RandomForest,0.5507012904896662,0.3900893621733279,False,-0.06309437096048415,-0.03368926698642705,False,False
user15,1,WindMouse,windmouse:8,T2_RandomForest,0.5507012904896662,0.40682577198774944,False,-0.06309437096048415,-0.03473544167697268,False,False
user15,1,WindMouse,windmouse:9,T2_RandomForest,0.5507012904896662,0.39006038041364943,False,-0.06309437096048415,-0.03647385296733063,False,False
user15,1,WindMouse,windmouse:10,T2_RandomForest,0.5507012904896662,0.40878549558166216,False,-0.06309437096048415,-0.030887952889677828,False,False
user15,1,WindMouse,windmouse:11,T2_RandomForest,0.5507012904896662,0.34951774964834487,False,-0.06309437096048415,-0.02806981018463578,False,False
user15,1,WindMouse,windmouse:12,T2_RandomForest,0.5507012904896662,0.3392239639869745,False,-0.06309437096048415,-0.031239035399618642,False,False
user15,1,WindMouse,windmouse:13,T2_RandomForest,0.5507012904896662,0.43415456347541403,False,-0.06309437096048415,-0.03299051063830333,False,False
user15,1,WindMouse,windmouse:14,T2_RandomForest,0.5507012904896662,0.4325093226466848,False,-0.06309437096048415,-0.030887952889677828,False,False
user15,1,WindMouse,windmouse:15,T2_RandomForest,0.5507012904896662,0.42005351017469755,False,-0.06309437096048415,-0.03264073991063393,False,False
user15,1,WindMouse,windmouse:16,T2_RandomForest,0.5507012904896662,0.44655493667277685,False,-0.06309437096048415,-0.031239035399618642,False,False
user15,1,WindMouse,windmouse:17,T2_RandomForest,0.5507012904896662,0.38206936521358964,False,-0.06309437096048415,-0.0357792692598804,False,False
user15,1,WindMouse,windmouse:18,T2_RandomForest,0.5507012904896662,0.390620949506691,False,-0.06309437096048415,-0.02842300178689333,False,False
user15,1,WindMouse,windmouse:19,T2_RandomForest,0.5507012904896662,0.4159956328204952,False,-0.06309437096048415,-0.03438697783024047,False,False
user15,1,SapiAgent,sapiagent:0,T2_RandomForest,0.5507012904896662,0.1754678119512558,False,-0.06309437096048415,-0.025945098588811832,False,False
user15,1,SapiAgent,sapiagent:1,T2_RandomForest,0.5507012904896662,0.16506483310979167,False,-0.06309437096048415,-0.02842300178689333,False,False
user15,1,SapiAgent,sapiagent:2,T2_RandomForest,0.5507012904896662,0.20111306550616215,False,-0.06309437096048415,-0.023454175238597608,False,False
user15,1,SapiAgent,sapiagent:3,T2_RandomForest,0.5507012904896662,0.1646731284805226,False,-0.06309437096048415,-0.026299880320942493,False,False
user15,1,SapiAgent,sapiagent:4,T2_RandomForest,0.5507012904896662,0.17351117379580153,False,-0.06309437096048415,-0.02842300178689333,False,False
user15,1,SapiAgent,sapiagent:5,T2_RandomForest,0.5507012904896662,0.18250483244207918,False,-0.06309437096048415,-0.022024918370667224,False,False
user15,1,SapiAgent,sapiagent:6,T2_RandomForest,0.5507012904896662,0.16991367737563276,False,-0.06309437096048415,-0.02238263395776685,False,False
user15,1,SapiAgent,sapiagent:7,T2_RandomForest,0.5507012904896662,0.1695912991247008,False,-0.06309437096048415,-0.024523312501488037,False,False
user15,1,SapiAgent,sapiagent:8,T2_RandomForest,0.5507012904896662,0.1544744675393041,False,-0.06309437096048415,-0.026299880320942493,False,False
user15,1,SapiAgent,sapiagent:9,T2_RandomForest,0.5507012904896662,0.19078850808488798,False,-0.06309437096048415,-0.024523312501488037,False,False
user15,1,SapiAgent,sapiagent:10,T2_RandomForest,0.5507012904896662,0.18180534959899883,False,-0.06309437096048415,-0.0266543965351404,False,False
user15,1,SapiAgent,sapiagent:11,T2_RandomForest,0.5507012904896662,0.2030284188226372,False,-0.06309437096048415,-0.027008647430118604,False,False
user15,1,SapiAgent,sapiagent:12,T2_RandomForest,0.5507012904896662,0.18150038048407205,False,-0.06309437096048415,-0.02238263395776685,False,False
user15,1,SapiAgent,sapiagent:13,T2_RandomForest,0.5507012904896662,0.16187725451218535,False,-0.06309437096048415,-0.025945098588811832,False,False
user15,1,SapiAgent,sapiagent:14,T2_RandomForest,0.5507012904896662,0.22210704785594418,False,-0.06309437096048415,-0.027716354056524783,False,False
user15,1,SapiAgent,sapiagent:15,T2_RandomForest,0.5507012904896662,0.16998675480249534,False,-0.06309437096048415,-0.022740081831242598,False,False
user15,1,SapiAgent,sapiagent:16,T2_RandomForest,0.5507012904896662,0.1742768706817278,False,-0.06309437096048415,-0.022024918370667224,False,False
user15,1,SapiAgent,sapiagent:17,T2_RandomForest,0.5507012904896662,0.17278051100571676,False,-0.06309437096048415,-0.021308683253420335,False,False
user15,1,SapiAgent,sapiagent:18,T2_RandomForest,0.5507012904896662,0.17578802858437328,False,-0.06309437096048415,-0.023097262191450696,False,False
user15,1,SapiAgent,sapiagent:19,T2_RandomForest,0.5507012904896662,0.16022532409147672,False,-0.06309437096048415,-0.022740081831242598,False,False
user15,1,DMTG_Inspired,unknown_user:session_0,T2_RandomForest,0.5507012904896662,0.3860841852048787,False,-0.06309437096048415,-0.035431587196691205,False,False
user15,1,DMTG_Inspired,unknown_user:session_1,T2_RandomForest,0.5507012904896662,0.3656836621240159,False,-0.06309437096048415,-0.034038252998547514,False,False
user15,1,DMTG_Inspired,unknown_user:session_2,T2_RandomForest,0.5507012904896662,0.35526064085086956,False,-0.06309437096048415,-0.04096338444883629,False,False
user15,1,DMTG_Inspired,unknown_user:session_3,T2_RandomForest,0.5507012904896662,0.28218459341336394,False,-0.06309437096048415,-0.03334001959826555,False,False
user15,1,DMTG_Inspired,unknown_user:session_4,T2_RandomForest,0.5507012904896662,0.3039871822962298,False,-0.06309437096048415,-0.030536607433506224,False,False
user15,1,DMTG_Inspired,unknown_user:session_5,T2_RandomForest,0.5507012904896662,0.29707076957750916,False,-0.06309437096048415,-0.02806981018463578,False,False
user15,1,DMTG_Inspired,unknown_user:session_6,T2_RandomForest,0.5507012904896662,0.32665013634163437,False,-0.06309437096048415,-0.03334001959826555,False,False
user15,1,DMTG_Inspired,unknown_user:session_7,T2_RandomForest,0.5507012904896662,0.27830578315027704,False,-0.06309437096048415,-0.03508364473406478,False,False
user15,1,DMTG_Inspired,unknown_user:session_8,T2_RandomForest,0.5507012904896662,0.24537849710352722,False,-0.06309437096048415,-0.03889672196142285,False,False
user15,1,DMTG_Inspired,unknown_user:session_9,T2_RandomForest,0.5507012904896662,0.3655641665115297,False,-0.06309437096048415,-0.029128592205582393,False,False
user15,1,DMTG_Inspired,unknown_user:session_10,T2_RandomForest,0.5507012904896662,0.33407646178244416,False,-0.06309437096048415,-0.03229070721920424,False,False
user15,1,DMTG_Inspired,unknown_user:session_11,T2_RandomForest,0.5507012904896662,0.2467617403350892,False,-0.06309437096048415,-0.03334001959826555,False,False
user15,1,DMTG_Inspired,unknown_user:session_12,T2_RandomForest,0.5507012904896662,0.28750633000180215,False,-0.06309437096048415,-0.04061958507279434,False,False
user15,1,DMTG_Inspired,unknown_user:session_13,T2_RandomForest,0.5507012904896662,0.1867712625747441,False,-0.06309437096048415,-0.03508364473406478,False,False
user15,1,DMTG_Inspired,unknown_user:session_14,T2_RandomForest,0.5507012904896662,0.33224737941502885,False,-0.06309437096048415,-0.03229070721920424,False,False
user15,1,DMTG_Inspired,unknown_user:session_15,T2_RandomForest,0.5507012904896662,0.34112913543619233,False,-0.06309437096048415,-0.03229070721920424,False,False
user15,1,DMTG_Inspired,unknown_user:session_16,T2_RandomForest,0.5507012904896662,0.3122966249564286,False,-0.06309437096048415,-0.03924181072474259,False,False
user15,1,DMTG_Inspired,unknown_user:session_17,T2_RandomForest,0.5507012904896662,0.3058392999911063,False,-0.06309437096048415,-0.039931213653462805,False,False
user15,1,DMTG_Inspired,unknown_user:session_18,T2_RandomForest,0.5507012904896662,0.3223211789448148,False,-0.06309437096048415,-0.035431587196691205,False,False
user15,1,DMTG_Inspired,unknown_user:session_19,T2_RandomForest,0.5507012904896662,0.3070825300329377,False,-0.06309437096048415,-0.03299051063830333,False,False
user16,1,Genuine,user16:session_0005840196,T2_RandomForest,0.624445853025646,0.5774104520797607,False,-0.06764987890089746,-0.055505883834547354,False,False
user16,1,Genuine,user16:session_0025450757,T2_RandomForest,0.624445853025646,0.6911412602989527,True,-0.06764987890089746,0.04815972105660471,True,False
user16,1,Genuine,user16:session_0083463746,T2_RandomForest,0.624445853025646,0.7238204969901846,True,-0.06764987890089746,-0.005647355180539493,True,False
user16,1,Genuine,user16:session_0148970615,T2_RandomForest,0.624445853025646,0.5705706222564871,False,-0.06764987890089746,0.024866199620367624,False,False
user16,1,Genuine,user16:session_0155746039,T2_RandomForest,0.624445853025646,0.6890326024031432,True,-0.06764987890089746,-0.034038252998547514,True,False
user16,1,Genuine,user16:session_0223955219,T2_RandomForest,0.624445853025646,0.8085737010985534,True,-0.06764987890089746,-0.02095016332180971,True,False
user16,1,Genuine,user16:session_0482518942,T2_RandomForest,0.624445853025646,0.9412171419069368,True,-0.06764987890089746,-0.018072320361045335,True,False
user16,1,Genuine,user16:session_0770188364,T2_RandomForest,0.624445853025646,0.6834981285057743,True,-0.06764987890089746,0.002186397257600503,True,False
user16,1,Genuine,user16:session_0844521549,T2_RandomForest,0.624445853025646,0.623187847431794,False,-0.06764987890089746,0.002186397257600503,False,False
user16,1,Genuine,user16:session_1256331958,T2_RandomForest,0.624445853025646,0.49222836442264706,False,-0.06764987890089746,-0.011899372013082832,False,False
user16,1,Genuine,user16:session_1427407488,T2_RandomForest,0.624445853025646,0.550980819595459,False,-0.06764987890089746,0.004825137663754142,False,False
user16,1,Genuine,user16:session_1484409764,T2_RandomForest,0.624445853025646,0.5620168073637779,False,-0.06764987890089746,-0.03229070721920424,False,False
user16,1,Genuine,user16:session_1619535766,T2_RandomForest,0.624445853025646,0.7129927174509066,True,-0.06764987890089746,-0.02059137487364815,True,False
user16,1,Genuine,user16:session_1653923890,T2_RandomForest,0.624445853025646,0.8109911537054376,True,-0.06764987890089746,-0.031239035399618642,True,False
user16,1,Genuine,user16:session_1667382627,T2_RandomForest,0.624445853025646,0.6647753459710999,True,-0.06764987890089746,-0.039931213653462805,True,False
user16,1,Genuine,user16:session_1717253391,T2_RandomForest,0.624445853025646,0.7342402218901302,True,-0.06764987890089746,-0.0558385423346191,True,False
user16,1,Genuine,user16:session_2083267904,T2_RandomForest,0.624445853025646,0.8301334367536399,True,-0.06764987890089746,-0.02095016332180971,True,False
user16,1,Genuine,user16:session_2194913037,T2_RandomForest,0.624445853025646,0.6328782456013301,True,-0.06764987890089746,-0.046089606811141604,True,False
user16,1,Genuine,user16:session_2494483407,T2_RandomForest,0.624445853025646,0.6266502149777862,True,-0.06764987890089746,-0.013358906623994637,True,False
user16,1,Genuine,user16:session_2636442787,T2_RandomForest,0.624445853025646,0.5027953193679611,False,-0.06764987890089746,0.015133668733527839,False,False
user16,1,Genuine,user16:session_2683617861,T2_RandomForest,0.624445853025646,0.6442536690115124,True,-0.06764987890089746,0.0006847429144181127,True,False
user16,1,Genuine,user16:session_2926423726,T2_RandomForest,0.624445853025646,0.7498281102891335,True,-0.06764987890089746,-0.056503112638232766,True,False
user16,1,Genuine,user16:session_3067782503,T2_RandomForest,0.624445853025646,0.6660824203945768,True,-0.06764987890089746,-0.026299880320942493,True,False
user16,1,Genuine,user16:session_3071944492,T2_RandomForest,0.624445853025646,0.5284405584227061,False,-0.06764987890089746,0.014748143734781838,False,False
user16,1,Genuine,user16:session_3206758270,T2_RandomForest,0.624445853025646,0.6987479620187335,True,-0.06764987890089746,-0.015177189052654583,True,False
user16,1,Genuine,user16:session_3348997730,T2_RandomForest,0.624445853025646,0.8588040072059722,True,-0.06764987890089746,-0.03194041236781425,True,False
user16,1,Genuine,user16:session_3349837388,T2_RandomForest,0.624445853025646,0.6105884634132545,False,-0.06764987890089746,0.021341485096425306,False,False
user16,1,Genuine,user16:session_3367539943,T2_RandomForest,0.624445853025646,0.6809278172397987,True,-0.06764987890089746,-0.02736263320444149,True,False
user16,1,Genuine,user16:session_3573257812,T2_RandomForest,0.624445853025646,0.34759190124690487,False,-0.06764987890089746,0.020561435267567818,False,False
user16,1,Genuine,user16:session_3583196291,T2_RandomForest,0.624445853025646,0.6523501016393648,True,-0.06764987890089746,-0.019872991623090308,True,False
user16,1,Genuine,user16:session_3726985009,T2_RandomForest,0.624445853025646,0.8843139833012295,True,-0.06764987890089746,-0.03368926698642705,True,False
user16,1,Genuine,user16:session_3735635217,T2_RandomForest,0.624445853025646,0.5447629069416662,False,-0.06764987890089746,-0.015902598331441697,False,False
user16,1,Genuine,user16:session_3780421656,T2_RandomForest,0.624445853025646,0.4424118085667816,False,-0.06764987890089746,0.004447327548870228,False,False
user16,1,Genuine,user16:session_4224530762,T2_RandomForest,0.624445853025646,0.42081620423466015,False,-0.06764987890089746,0.017840440628745347,False,False
user16,1,Genuine,user16:session_4238071281,T2_RandomForest,0.624445853025646,0.5939914477484897,False,-0.06764987890089746,-0.025945098588811832,False,False
user16,1,Genuine,user16:session_4360886220,T2_RandomForest,0.624445853025646,0.7334113525946905,True,-0.06764987890089746,-0.061784003019993206,True,False
user16,1,Genuine,user16:session_4506008213,T2_RandomForest,0.624445853025646,0.6465796359308522,True,-0.06764987890089746,-0.013358906623994637,True,False
user16,1,Genuine,user16:session_4600074976,T2_RandomForest,0.624445853025646,0.591323372774724,False,-0.06764987890089746,-0.0030497772574860638,False,False
user16,1,Genuine,user16:session_5127880135,T2_RandomForest,0.624445853025646,0.7217821312731616,True,-0.06764987890089746,-0.03924181072474259,True,False
user16,1,Genuine,user16:session_5319036655,T2_RandomForest,0.624445853025646,0.6691957159006153,True,-0.06764987890089746,-0.03924181072474259,True,False
user16,1,Genuine,user16:session_5576759361,T2_RandomForest,0.624445853025646,0.7311968797234363,True,-0.06764987890089746,-0.03299051063830333,True,False
user16,1,Genuine,user16:session_5685066201,T2_RandomForest,0.624445853025646,0.6427179803723732,True,-0.06764987890089746,-0.03368926698642705,True,False
user16,1,Genuine,user16:session_5771275112,T2_RandomForest,0.624445853025646,0.7481807409709299,True,-0.06764987890089746,-0.043020784165759274,True,False
user16,1,Genuine,user16:session_5823371082,T2_RandomForest,0.624445853025646,0.6442920415630581,True,-0.06764987890089746,-0.0558385423346191,True,False
user16,1,Genuine,user16:session_5968190840,T2_RandomForest,0.624445853025646,0.6101609521083508,False,-0.06764987890089746,-0.019872991623090308,False,False
user16,1,Genuine,user16:session_6088382546,T2_RandomForest,0.624445853025646,0.7135116151260428,True,-0.06764987890089746,-0.03889672196142285,True,False
user16,1,Genuine,user16:session_6100708780,T2_RandomForest,0.624445853025646,0.7491689492667223,True,-0.06764987890089746,-0.021666934869437215,True,False
user16,1,Genuine,user16:session_6775680298,T2_RandomForest,0.624445853025646,0.6582613283798279,True,-0.06764987890089746,-0.04981241708427031,True,False
user16,1,Genuine,user16:session_6835145359,T2_RandomForest,0.624445853025646,0.5576707878692203,False,-0.06764987890089746,-0.006756442294773679,False,False
user16,1,Genuine,user16:session_6915176151,T2_RandomForest,0.624445853025646,0.737612777798265,True,-0.06764987890089746,-0.04404602346621794,True,False
user16,1,Genuine,user16:session_7618706636,T2_RandomForest,0.624445853025646,0.7449969204136424,True,-0.06764987890089746,-0.039931213653462805,True,False
user16,1,Genuine,user16:session_7850373093,T2_RandomForest,0.624445853025646,0.7412882307499782,True,-0.06764987890089746,-0.037859904154043944,True,False
user16,1,Genuine,user16:session_8069308945,T2_RandomForest,0.624445853025646,0.5699362907322194,False,-0.06764987890089746,-0.007494450996885282,False,False
user16,1,Genuine,user16:session_8115384066,T2_RandomForest,0.624445853025646,0.6441889859103345,True,-0.06764987890089746,-0.016988677663374696,True,False
user16,1,Genuine,user16:session_8389698709,T2_RandomForest,0.624445853025646,0.4578884439851165,False,-0.06764987890089746,0.042038229818217476,False,False
user16,1,Genuine,user16:session_8439483653,T2_RandomForest,0.624445853025646,0.6824861226727403,True,-0.06764987890089746,-0.018072320361045335,True,False
user16,1,Genuine,user16:session_8583637812,T2_RandomForest,0.624445853025646,0.6682997287605585,True,-0.06764987890089746,-0.02842300178689333,True,False
user16,1,Genuine,user16:session_8636893699,T2_RandomForest,0.624445853025646,0.6815926020889128,True,-0.06764987890089746,-0.04710796116481669,True,False
user16,1,Genuine,user16:session_8770654755,T2_RandomForest,0.624445853025646,0.4868709668571074,False,-0.06764987890089746,-0.02736263320444149,False,False
user16,1,Genuine,user16:session_8776482178,T2_RandomForest,0.624445853025646,0.8278122326229534,True,-0.06764987890089746,-0.0266543965351404,True,False
user16,1,Genuine,user16:session_8811009703,T2_RandomForest,0.624445853025646,0.5295891183853738,False,-0.06764987890089746,0.030793759090442685,False,False
user16,1,Genuine,user16:session_8884379611,T2_RandomForest,0.624445853025646,0.7484373412805835,True,-0.06764987890089746,-0.04778559447711472,True,False
user16,1,Genuine,user16:session_9477322863,T2_RandomForest,0.624445853025646,0.5667348465310137,False,-0.06764987890089746,-0.012994432639586773,False,False
user16,1,Genuine,user16:session_9705613967,T2_RandomForest,0.624445853025646,0.7085609833032691,True,-0.06764987890089746,-0.04947524526645697,True,False
user16,1,Genuine,user16:session_9791921163,T2_RandomForest,0.624445853025646,0.6136619603655186,False,-0.06764987890089746,-0.04472823815952248,False,False
user16,1,Genuine,user16:session_9794510496,T2_RandomForest,0.624445853025646,0.6177029763965456,False,-0.06764987890089746,0.004825137663754142,False,False
user16,1,Genuine,user16:session_9877366244,T2_RandomForest,0.624445853025646,0.5771489098449196,False,-0.06764987890089746,-0.006756442294773679,False,False
user16,1,Genuine,user16:session_9919383972,T2_RandomForest,0.624445853025646,0.6668552462826651,True,-0.06764987890089746,-0.03855137474093978,True,False
user16,1,HumanImpostor,user16:session_0064281061,T2_RandomForest,0.624445853025646,0.33168292972729546,False,-0.06764987890089746,0.02999956643021262,False,False
user16,1,HumanImpostor,user16:session_0408822104,T2_RandomForest,0.624445853025646,0.2921753992946018,False,-0.06764987890089746,-0.03438697783024047,False,False
user16,1,HumanImpostor,user16:session_0668352196,T2_RandomForest,0.624445853025646,0.5072263322911326,False,-0.06764987890089746,-0.03158985516011703,False,False
user16,1,HumanImpostor,user16:session_0859353781,T2_RandomForest,0.624445853025646,0.41303050947889336,False,-0.06764987890089746,-0.01372310783680769,False,False
user16,1,HumanImpostor,user16:session_0953745782,T2_RandomForest,0.624445853025646,0.4782382021052575,False,-0.06764987890089746,-0.024879158295459003,False,False
user16,1,HumanImpostor,user16:session_1271171766,T2_RandomForest,0.624445853025646,0.31791837292596076,False,-0.06764987890089746,0.030793759090442685,False,False
user16,1,HumanImpostor,user16:session_1386411131,T2_RandomForest,0.624445853025646,0.4348461326890007,False,-0.06764987890089746,0.029206562069525877,False,False
user16,1,HumanImpostor,user16:session_1535403881,T2_RandomForest,0.624445853025646,0.27056837610099915,False,-0.06764987890089746,0.0006847429144181127,False,False
user16,1,HumanImpostor,user16:session_1976172513,T2_RandomForest,0.624445853025646,0.5343024432880984,False,-0.06764987890089746,-0.018432994064523645,False,False
user16,1,HumanImpostor,user16:session_2853115772,T2_RandomForest,0.624445853025646,0.2729831058343855,False,-0.06764987890089746,0.017840440628745347,False,False
user16,1,HumanImpostor,user16:session_2977418379,T2_RandomForest,0.624445853025646,0.2536163190326524,False,-0.06764987890089746,0.039204975148450893,False,False
user16,1,HumanImpostor,user16:session_3656309644,T2_RandomForest,0.624445853025646,0.4556305483976287,False,-0.06764987890089746,-0.0045357742187775996,False,False
user16,1,HumanImpostor,user16:session_3974162531,T2_RandomForest,0.624445853025646,0.3600194627603081,False,-0.06764987890089746,0.0379952612000477,False,False
user16,1,HumanImpostor,user16:session_4026966824,T2_RandomForest,0.624445853025646,0.22468938417219952,False,-0.06764987890089746,-0.0008124211323748964,False,False
user16,1,HumanImpostor,user16:session_4098547958,T2_RandomForest,0.624445853025646,0.33569182913520834,False,-0.06764987890089746,0.045294469116750946,False,False
user16,1,HumanImpostor,user16:session_4265171670,T2_RandomForest,0.624445853025646,0.3809091260788867,False,-0.06764987890089746,0.009380990967142067,False,False
user16,1,HumanImpostor,user16:session_4432555629,T2_RandomForest,0.624445853025646,0.20608569599743312,False,-0.06764987890089746,0.026834661018259376,False,False
user16,1,HumanImpostor,user16:session_4615055511,T2_RandomForest,0.624445853025646,0.5274518510446079,False,-0.06764987890089746,-0.029128592205582393,False,False
user16,1,HumanImpostor,user16:session_4794437261,T2_RandomForest,0.624445853025646,0.39407268225841946,False,-0.06764987890089746,0.029206562069525877,False,False
user16,1,HumanImpostor,user16:session_5030324559,T2_RandomForest,0.624445853025646,0.18917686558375954,False,-0.06764987890089746,0.031191301589232556,False,False
user16,1,HumanImpostor,user16:session_5041518490,T2_RandomForest,0.624445853025646,0.4033159370452193,False,-0.06764987890089746,-0.030536607433506224,False,False
user16,1,HumanImpostor,user16:session_5197680121,T2_RandomForest,0.624445853025646,0.5937194536817436,False,-0.06764987890089746,-0.021308683253420335,False,False
user16,1,HumanImpostor,user16:session_5556934089,T2_RandomForest,0.624445853025646,0.500680999549206,False,-0.06764987890089746,-0.012994432639586773,False,False
user16,1,HumanImpostor,user16:session_5572048254,T2_RandomForest,0.624445853025646,0.2664954110715257,False,-0.06764987890089746,-0.022024918370667224,False,False
user16,1,HumanImpostor,user16:session_5889567297,T2_RandomForest,0.624445853025646,0.25262604369765673,False,-0.06764987890089746,0.044071093302950226,False,False
user16,1,HumanImpostor,user16:session_6119506741,T2_RandomForest,0.624445853025646,0.24933589916874885,False,-0.06764987890089746,0.0025625140295199023,False,False
user16,1,HumanImpostor,user16:session_6179037141,T2_RandomForest,0.624445853025646,0.3752955845783131,False,-0.06764987890089746,-0.004906578646087956,False,False
user16,1,HumanImpostor,user16:session_7744249581,T2_RandomForest,0.624445853025646,0.5187302958458476,False,-0.06764987890089746,-0.006756442294773679,False,False
user16,1,HumanImpostor,user16:session_7986274484,T2_RandomForest,0.624445853025646,0.4493856346101707,False,-0.06764987890089746,-0.02948099141751087,False,False
user16,1,HumanImpostor,user16:session_7992883230,T2_RandomForest,0.624445853025646,0.24759814431499252,False,-0.06764987890089746,0.02722923831688695,False,False
user16,1,HumanImpostor,user16:session_8070684894,T2_RandomForest,0.624445853025646,0.44957348886854925,False,-0.06764987890089746,-0.03018499883416803,False,False
user16,1,HumanImpostor,user16:session_8364143294,T2_RandomForest,0.624445853025646,0.3292417842219509,False,-0.06764987890089746,-0.006756442294773679,False,False
user16,1,HumanImpostor,user16:session_8653789319,T2_RandomForest,0.624445853025646,0.271382617983454,False,-0.06764987890089746,0.029206562069525877,False,False
user16,1,HumanImpostor,user16:session_8819855375,T2_RandomForest,0.624445853025646,0.3948786444324294,False,-0.06764987890089746,0.00406980018631431,False,False
user16,1,HumanImpostor,user16:session_8823455059,T2_RandomForest,0.624445853025646,0.31409270188625105,False,-0.06764987890089746,-6.439955589510049e-05,False,False
user16,1,HumanImpostor,user16:session_8857212561,T2_RandomForest,0.624445853025646,0.5551574083541903,False,-0.06764987890089746,-0.03334001959826555,False,False
user16,1,HumanImpostor,user16:session_8862058156,T2_RandomForest,0.624445853025646,0.22727159436979927,False,-0.06764987890089746,-0.020232317707827796,False,False
user16,1,HumanImpostor,user16:session_9830083627,T2_RandomForest,0.624445853025646,0.2036020172800622,False,-0.06764987890089746,0.02999956643021262,False,False
user16,1,WindMouse,windmouse:0,T2_RandomForest,0.624445853025646,0.3692778442312394,False,-0.06764987890089746,0.014748143734781838,False,False
user16,1,WindMouse,windmouse:1,T2_RandomForest,0.624445853025646,0.42915793400490954,False,-0.06764987890089746,0.020171848139294624,False,False
user16,1,WindMouse,windmouse:2,T2_RandomForest,0.624445853025646,0.3905306949046353,False,-0.06764987890089746,0.022122703812745836,False,False
user16,1,WindMouse,windmouse:3,T2_RandomForest,0.624445853025646,0.44874956182206355,False,-0.06764987890089746,0.018616413107152785,False,False
user16,1,WindMouse,windmouse:4,T2_RandomForest,0.624445853025646,0.416243283952044,False,-0.06764987890089746,0.020951314180433278,False,False
user16,1,WindMouse,windmouse:5,T2_RandomForest,0.624445853025646,0.393632800920618,False,-0.06764987890089746,0.010144287146819475,False,False
user16,1,WindMouse,windmouse:6,T2_RandomForest,0.624445853025646,0.40549324564102907,False,-0.06764987890089746,0.014362907262167268,False,False
user16,1,WindMouse,windmouse:7,T2_RandomForest,0.624445853025646,0.4071494760314291,False,-0.06764987890089746,0.029602915823612186,False,False
user16,1,WindMouse,windmouse:8,T2_RandomForest,0.624445853025646,0.38529323592075787,False,-0.06764987890089746,0.014748143734781838,False,False
user16,1,WindMouse,windmouse:9,T2_RandomForest,0.624445853025646,0.4142263665457084,False,-0.06764987890089746,0.013208926842596891,False,False
user16,1,WindMouse,windmouse:10,T2_RandomForest,0.624445853025646,0.39622156711933704,False,-0.06764987890089746,0.015519482474499635,False,False
user16,1,WindMouse,windmouse:11,T2_RandomForest,0.624445853025646,0.3988538044066693,False,-0.06764987890089746,0.02173194823424207,False,False
user16,1,WindMouse,windmouse:12,T2_RandomForest,0.624445853025646,0.3176144871434102,False,-0.06764987890089746,0.018616413107152785,False,False
user16,1,WindMouse,windmouse:13,T2_RandomForest,0.624445853025646,0.42171239305176383,False,-0.06764987890089746,0.020171848139294624,False,False
user16,1,WindMouse,windmouse:14,T2_RandomForest,0.624445853025646,0.3783368762900781,False,-0.06764987890089746,0.019393548363203617,False,False
user16,1,WindMouse,windmouse:15,T2_RandomForest,0.624445853025646,0.4288057149346573,False,-0.06764987890089746,0.020171848139294624,False,False
user16,1,WindMouse,windmouse:16,T2_RandomForest,0.624445853025646,0.4195984450100158,False,-0.06764987890089746,0.02173194823424207,False,False
user16,1,WindMouse,windmouse:17,T2_RandomForest,0.624445853025646,0.35216392902357013,False,-0.06764987890089746,0.011291376544006915,False,False
user16,1,WindMouse,windmouse:18,T2_RandomForest,0.624445853025646,0.4196802334190017,False,-0.06764987890089746,0.017840440628745347,False,False
user16,1,WindMouse,windmouse:19,T2_RandomForest,0.624445853025646,0.4132291195649408,False,-0.06764987890089746,0.004447327548870228,False,False
user16,1,SapiAgent,sapiagent:0,T2_RandomForest,0.624445853025646,0.40156771059787366,False,-0.06764987890089746,0.019004835279134102,False,False
user16,1,SapiAgent,sapiagent:1,T2_RandomForest,0.624445853025646,0.37301078882294453,False,-0.06764987890089746,0.008238187546875553,False,False
user16,1,SapiAgent,sapiagent:2,T2_RandomForest,0.624445853025646,0.37500180992102194,False,-0.06764987890089746,0.025652700043658605,False,False
user16,1,SapiAgent,sapiagent:3,T2_RandomForest,0.624445853025646,0.4234881291463286,False,-0.06764987890089746,0.014362907262167268,False,False
user16,1,SapiAgent,sapiagent:4,T2_RandomForest,0.624445853025646,0.35635147089275226,False,-0.06764987890089746,0.009380990967142067,False,False
user16,1,SapiAgent,sapiagent:5,T2_RandomForest,0.624445853025646,0.38979319473522606,False,-0.06764987890089746,0.026440379020486238,False,False
user16,1,SapiAgent,sapiagent:6,T2_RandomForest,0.624445853025646,0.38461017183099466,False,-0.06764987890089746,0.023296727383457894,False,False
user16,1,SapiAgent,sapiagent:7,T2_RandomForest,0.624445853025646,0.38897756267465117,False,-0.06764987890089746,0.018228281629541487,False,False
user16,1,SapiAgent,sapiagent:8,T2_RandomForest,0.624445853025646,0.4091226341656154,False,-0.06764987890089746,0.019782552577242374,False,False
user16,1,SapiAgent,sapiagent:9,T2_RandomForest,0.624445853025646,0.3783051956243601,False,-0.06764987890089746,0.012824842316800145,False,False
user16,1,SapiAgent,sapiagent:10,T2_RandomForest,0.624445853025646,0.35539899208069525,False,-0.06764987890089746,0.029602915823612186,False,False
user16,1,SapiAgent,sapiagent:11,T2_RandomForest,0.624445853025646,0.402853709048509,False,-0.06764987890089746,0.008999771260834177,False,False
user16,1,SapiAgent,sapiagent:12,T2_RandomForest,0.624445853025646,0.4178475291973076,False,-0.06764987890089746,0.02173194823424207,False,False
user16,1,SapiAgent,sapiagent:13,T2_RandomForest,0.624445853025646,0.3559617274027426,False,-0.06764987890089746,0.020561435267567818,False,False
user16,1,SapiAgent,sapiagent:14,T2_RandomForest,0.624445853025646,0.39698093623981373,False,-0.06764987890089746,0.024080875987219308,False,False
user16,1,SapiAgent,sapiagent:15,T2_RandomForest,0.624445853025646,0.4047496453904904,False,-0.06764987890089746,0.013977959099751858,False,False
user16,1,SapiAgent,sapiagent:16,T2_RandomForest,0.624445853025646,0.4045916723408061,False,-0.06764987890089746,0.014748143734781838,False,False
user16,1,SapiAgent,sapiagent:17,T2_RandomForest,0.624445853025646,0.3818141802550825,False,-0.06764987890089746,0.030793759090442685,False,False
user16,1,SapiAgent,sapiagent:18,T2_RandomForest,0.624445853025646,0.4039808849706359,False,-0.06764987890089746,0.014362907262167268,False,False
user16,1,SapiAgent,sapiagent:19,T2_RandomForest,0.624445853025646,0.3732996089902562,False,-0.06764987890089746,0.01167431256757534,False,False
user16,1,DMTG_Inspired,unknown_user:session_0,T2_RandomForest,0.624445853025646,0.4891695575576939,False,-0.06764987890089746,-0.0030497772574860638,False,False
user16,1,DMTG_Inspired,unknown_user:session_1,T2_RandomForest,0.624445853025646,0.45187597862008594,False,-0.06764987890089746,-0.012994432639586773,False,False
user16,1,DMTG_Inspired,unknown_user:session_2,T2_RandomForest,0.624445853025646,0.4858709067427705,False,-0.06764987890089746,0.013208926842596891,False,False
user16,1,DMTG_Inspired,unknown_user:session_3,T2_RandomForest,0.624445853025646,0.44894940289348134,False,-0.06764987890089746,0.0029389124972935,False,False
user16,1,DMTG_Inspired,unknown_user:session_4,T2_RandomForest,0.624445853025646,0.403590292425452,False,-0.06764987890089746,-0.005647355180539493,False,False
user16,1,DMTG_Inspired,unknown_user:session_5,T2_RandomForest,0.624445853025646,0.5102719479339101,False,-0.06764987890089746,-0.01408703648216758,False,False
user16,1,DMTG_Inspired,unknown_user:session_6,T2_RandomForest,0.624445853025646,0.47105631585438484,False,-0.06764987890089746,0.008238187546875553,False,False
user16,1,DMTG_Inspired,unknown_user:session_7,T2_RandomForest,0.624445853025646,0.5241913878452465,False,-0.06764987890089746,-0.034038252998547514,False,False
user16,1,DMTG_Inspired,unknown_user:session_8,T2_RandomForest,0.624445853025646,0.5210949847100449,False,-0.06764987890089746,-0.002677582162988801,False,False
user16,1,DMTG_Inspired,unknown_user:session_9,T2_RandomForest,0.624445853025646,0.5221416231176867,False,-0.06764987890089746,-0.03508364473406478,False,False
user16,1,DMTG_Inspired,unknown_user:session_10,T2_RandomForest,0.624445853025646,0.4271536849073538,False,-0.06764987890089746,0.004447327548870228,False,False
user16,1,DMTG_Inspired,unknown_user:session_11,T2_RandomForest,0.624445853025646,0.452712504619558,False,-0.06764987890089746,0.0067184369405893785,False,False
user16,1,DMTG_Inspired,unknown_user:session_12,T2_RandomForest,0.624445853025646,0.43504989475399314,False,-0.06764987890089746,0.0003100314626141021,False,False
user16,1,DMTG_Inspired,unknown_user:session_13,T2_RandomForest,0.624445853025646,0.41909455841337423,False,-0.06764987890089746,0.0029389124972935,False,False
user16,1,DMTG_Inspired,unknown_user:session_14,T2_RandomForest,0.624445853025646,0.515858009285283,False,-0.06764987890089746,-0.006017327702899977,False,False
user16,1,DMTG_Inspired,unknown_user:session_15,T2_RandomForest,0.624445853025646,0.4843685347505598,False,-0.06764987890089746,-0.007125584778574723,False,False
user16,1,DMTG_Inspired,unknown_user:session_16,T2_RandomForest,0.624445853025646,0.4549841770461471,False,-0.06764987890089746,-0.010435459964035443,False,False
user16,1,DMTG_Inspired,unknown_user:session_17,T2_RandomForest,0.624445853025646,0.4536634533762341,False,-0.06764987890089746,0.007097948022161682,False,False
user16,1,DMTG_Inspired,unknown_user:session_18,T2_RandomForest,0.624445853025646,0.4694580734693356,False,-0.06764987890089746,-0.008231355463906798,False,False
user16,1,DMTG_Inspired,unknown_user:session_19,T2_RandomForest,0.624445853025646,0.39984594779607024,False,-0.06764987890089746,0.005581606997743793,False,False
user20,1,Genuine,user20:session_0101735014,T2_RandomForest,0.7304693376746864,0.6811112487035192,False,-0.013078105851045796,-0.05523255646814912,False,False
user20,1,Genuine,user20:session_0379715237,T2_RandomForest,0.7304693376746864,0.5203590044612018,False,-0.013078105851045796,-0.007241848206263057,False,False
user20,1,Genuine,user20:session_0593223632,T2_RandomForest,0.7304693376746864,0.004134214508601249,False,-0.013078105851045796,-0.031014321291818803,False,False
user20,1,Genuine,user20:session_0799578885,T2_RandomForest,0.7304693376746864,0.009061719918774967,False,-0.013078105851045796,-0.04721215252612643,False,False
user20,1,Genuine,user20:session_1273150073,T2_RandomForest,0.7304693376746864,0.003067154972986365,False,-0.013078105851045796,-0.025393047560765547,False,False
user20,1,Genuine,user20:session_1311858241,T2_RandomForest,0.7304693376746864,0.018898777638809868,False,-0.013078105851045796,-0.04721215252612643,False,False
user20,1,Genuine,user20:session_1468258531,T2_RandomForest,0.7304693376746864,0.6903768222201403,False,-0.013078105851045796,-0.027086467742451437,False,False
user20,1,Genuine,user20:session_1868010893,T2_RandomForest,0.7304693376746864,0.6068219970426457,False,-0.013078105851045796,-0.022557194672131964,False,False
user20,1,Genuine,user20:session_1924699326,T2_RandomForest,0.7304693376746864,0.7577771553694217,True,-0.013078105851045796,-0.04069182002340693,False,True
user20,1,Genuine,user20:session_2532367006,T2_RandomForest,0.7304693376746864,0.7584524969893867,True,-0.013078105851045796,-0.07618511596124672,False,True
user20,1,Genuine,user20:session_2861116304,T2_RandomForest,0.7304693376746864,0.6284921462787264,False,-0.013078105851045796,0.04010423422689813,False,False
user20,1,Genuine,user20:session_3482932637,T2_RandomForest,0.7304693376746864,0.6787464523870834,False,-0.013078105851045796,-0.03546336561971436,False,False
user20,1,Genuine,user20:session_3659572440,T2_RandomForest,0.7304693376746864,0.7950899684672973,True,-0.013078105851045796,-0.047481815138078476,False,True
user20,1,Genuine,user20:session_3684692596,T2_RandomForest,0.7304693376746864,0.005235790676902589,False,-0.013078105851045796,-0.0368450175582572,False,False
user20,1,Genuine,user20:session_4339216244,T2_RandomForest,0.7304693376746864,0.664474632430806,False,-0.013078105851045796,-0.045049058518428,False,False
user20,1,Genuine,user20:session_4804227584,T2_RandomForest,0.7304693376746864,0.0017726509792044649,False,-0.013078105851045796,-0.031851750561021464,False,False
user20,1,Genuine,user20:session_5291244662,T2_RandomForest,0.7304693376746864,0.6194375307709281,False,-0.013078105851045796,0.01404761126730858,False,False
user20,1,Genuine,user20:session_5321706137,T2_RandomForest,0.7304693376746864,0.7165568488951589,False,-0.013078105851045796,-0.05390575696506089,False,False
user20,1,Genuine,user20:session_5340758381,T2_RandomForest,0.7304693376746864,0.3861624443590471,False,-0.013078105851045796,-0.03463239685135272,False,False
user20,1,Genuine,user20:session_5938861210,T2_RandomForest,0.7304693376746864,0.9125342539747965,True,-0.013078105851045796,-0.03435507707154939,False,True
user20,1,Genuine,user20:session_5982655120,T2_RandomForest,0.7304693376746864,0.7384184706434174,True,-0.013078105851045796,-0.03324414437561418,False,True
user20,1,Genuine,user20:session_6555326593,T2_RandomForest,0.7304693376746864,0.0025002745221453238,False,-0.013078105851045796,-0.029615275623088466,False,False
user20,1,Genuine,user20:session_6710819502,T2_RandomForest,0.7304693376746864,0.003269991766350809,False,-0.013078105851045796,-0.03463239685135272,False,False
user20,1,Genuine,user20:session_7259628766,T2_RandomForest,0.7304693376746864,0.012256935533071011,False,-0.013078105851045796,-0.041511968976688574,False,False
user20,1,Genuine,user20:session_7589485664,T2_RandomForest,0.7304693376746864,0.004217884292129841,False,-0.013078105851045796,-0.03712085442755625,False,False
user20,1,Genuine,user20:session_8348355115,T2_RandomForest,0.7304693376746864,0.9250122494270361,True,-0.013078105851045796,-0.04532000938399211,False,True
user20,1,Genuine,user20:session_9064183032,T2_RandomForest,0.7304693376746864,0.6046521158975733,False,-0.013078105851045796,0.08012912721178622,False,False
user20,1,Genuine,user20:session_9086606611,T2_RandomForest,0.7304693376746864,0.006845707032292742,False,-0.013078105851045796,-0.038772429236490935,False,False
user20,1,Genuine,user20:session_9395770534,T2_RandomForest,0.7304693376746864,0.5930157029194308,False,-0.013078105851045796,-0.025393047560765547,False,False
user20,1,Genuine,user20:session_9740386657,T2_RandomForest,0.7304693376746864,0.6431550727494316,False,-0.013078105851045796,-0.04936496196188639,False,False
user20,1,HumanImpostor,user20:session_0512046694,T2_RandomForest,0.7304693376746864,0.014307835128672718,False,-0.013078105851045796,-0.014237036041333695,False,False
user20,1,HumanImpostor,user20:session_2320125003,T2_RandomForest,0.7304693376746864,0.00757946443042093,False,-0.013078105851045796,-0.025958193644602334,False,False
user20,1,HumanImpostor,user20:session_2336058051,T2_RandomForest,0.7304693376746864,0.0033239657631954356,False,-0.013078105851045796,-0.038772429236490935,False,False
user20,1,HumanImpostor,user20:session_2368259027,T2_RandomForest,0.7304693376746864,0.014286225250940091,False,-0.013078105851045796,-0.01769730253367946,False,False
user20,1,HumanImpostor,user20:session_3005678154,T2_RandomForest,0.7304693376746864,0.003871736670512519,False,-0.013078105851045796,-0.032687684501448044,False,False
user20,1,HumanImpostor,user20:session_3236365486,T2_RandomForest,0.7304693376746864,0.10985538933018701,False,-0.013078105851045796,-0.027649597358179012,False,False
user20,1,HumanImpostor,user20:session_3379861047,T2_RandomForest,0.7304693376746864,0.08274956829453102,False,-0.013078105851045796,-0.02905448946179584,False,False
user20,1,HumanImpostor,user20:session_4254477956,T2_RandomForest,0.7304693376746864,0.0,False,-0.013078105851045796,-0.025675704772436303,False,False
user20,1,HumanImpostor,user20:session_5445638904,T2_RandomForest,0.7304693376746864,0.0027672644279266873,False,-0.013078105851045796,-0.00958469906820103,False,False
user20,1,HumanImpostor,user20:session_5453779030,T2_RandomForest,0.7304693376746864,0.0015993159530823995,False,-0.013078105851045796,-0.016546627825184068,False,False
user20,1,HumanImpostor,user20:session_6706849000,T2_RandomForest,0.7304693376746864,0.0,False,-0.013078105851045796,-0.03712085442755625,False,False
user20,1,HumanImpostor,user20:session_8627857957,T2_RandomForest,0.7304693376746864,0.03255225888442022,False,-0.013078105851045796,-0.0179845430280432,False,False
user20,1,HumanImpostor,user20:session_8658186994,T2_RandomForest,0.7304693376746864,0.006895863052781741,False,-0.013078105851045796,-0.03518654102710128,False,False
user20,1,HumanImpostor,user20:session_8687623726,T2_RandomForest,0.7304693376746864,0.001362913936002659,False,-0.013078105851045796,-0.02397723289668363,False,False
user20,1,HumanImpostor,user20:session_8833850952,T2_RandomForest,0.7304693376746864,0.002207077737410549,False,-0.013078105851045796,-0.02141811466339477,False,False
user20,1,HumanImpostor,user20:session_9160177818,T2_RandomForest,0.7304693376746864,0.0033832052064186767,False,-0.013078105851045796,-0.009000032730634544,False,False
user20,1,HumanImpostor,user20:session_9646127676,T2_RandomForest,0.7304693376746864,0.1039744191244324,False,-0.013078105851045796,-0.039321643600155165,False,False
user20,1,HumanImpostor,user20:session_9708106289,T2_RandomForest,0.7304693376746864,0.0015396041753385954,False,-0.013078105851045796,-0.031851750561021464,False,False
user20,1,HumanImpostor,user20:session_9753314758,T2_RandomForest,0.7304693376746864,0.003366638153622424,False,-0.013078105851045796,-0.03463239685135272,False,False
user20,1,WindMouse,windmouse:0,T2_RandomForest,0.7304693376746864,0.2520503008533143,False,-0.013078105851045796,-0.0315727737509226,False,False
user20,1,WindMouse,windmouse:1,T2_RandomForest,0.7304693376746864,0.1285857259372045,False,-0.013078105851045796,-0.028773845720378943,False,False
user20,1,WindMouse,windmouse:2,T2_RandomForest,0.7304693376746864,0.19194844059400068,False,-0.013078105851045796,-0.03987020397772584,False,False
user20,1,WindMouse,windmouse:3,T2_RandomForest,0.7304693376746864,0.12117783025618727,False,-0.013078105851045796,-0.0340775920325837,False,False
user20,1,WindMouse,windmouse:4,T2_RandomForest,0.7304693376746864,0.14287644438670738,False,-0.013078105851045796,-0.02933496606285163,False,False
user20,1,WindMouse,windmouse:5,T2_RandomForest,0.7304693376746864,0.23389762862678046,False,-0.013078105851045796,-0.024827227717585665,False,False
user20,1,WindMouse,windmouse:6,T2_RandomForest,0.7304693376746864,0.15429074849895952,False,-0.013078105851045796,-0.04096536588863814,False,False
user20,1,WindMouse,windmouse:7,T2_RandomForest,0.7304693376746864,0.1801000182487652,False,-0.013078105851045796,-0.03712085442755625,False,False
user20,1,WindMouse,windmouse:8,T2_RandomForest,0.7304693376746864,0.19938002594481574,False,-0.013078105851045796,-0.023409725138847037,False,False
user20,1,WindMouse,windmouse:9,T2_RandomForest,0.7304693376746864,0.12700056969468063,False,-0.013078105851045796,-0.0179845430280432,False,False
user20,1,WindMouse,windmouse:10,T2_RandomForest,0.7304693376746864,0.17821862467903568,False,-0.013078105851045796,-0.02369356353925245,False,False
user20,1,WindMouse,windmouse:11,T2_RandomForest,0.7304693376746864,0.19296136783418572,False,-0.013078105851045796,-0.03129363069421137,False,False
user20,1,WindMouse,windmouse:12,T2_RandomForest,0.7304693376746864,0.24955518010581368,False,-0.013078105851045796,-0.03822256010705988,False,False
user20,1,WindMouse,windmouse:13,T2_RandomForest,0.7304693376746864,0.16495337364900053,False,-0.013078105851045796,-0.027368116419745903,False,False
user20,1,WindMouse,windmouse:14,T2_RandomForest,0.7304693376746864,0.2042491742261248,False,-0.013078105851045796,-0.03574002534650089,False,False
user20,1,WindMouse,windmouse:15,T2_RandomForest,0.7304693376746864,0.15315480521087693,False,-0.013078105851045796,-0.02198799396436818,False,False
user20,1,WindMouse,windmouse:16,T2_RandomForest,0.7304693376746864,0.17350080028235595,False,-0.013078105851045796,-0.03656901631348525,False,False
user20,1,WindMouse,windmouse:17,T2_RandomForest,0.7304693376746864,0.24822248265923907,False,-0.013078105851045796,-0.022272679091875858,False,False
user20,1,WindMouse,windmouse:18,T2_RandomForest,0.7304693376746864,0.20092824482526667,False,-0.013078105851045796,-0.022557194672131964,False,False
user20,1,WindMouse,windmouse:19,T2_RandomForest,0.7304693376746864,0.22858124670508845,False,-0.013078105851045796,-0.03629285059528642,False,False
user20,1,SapiAgent,sapiagent:0,T2_RandomForest,0.7304693376746864,0.18252352778256328,False,-0.013078105851045796,-0.027368116419745903,False,False
user20,1,SapiAgent,sapiagent:1,T2_RandomForest,0.7304693376746864,0.21773030318244233,False,-0.013078105851045796,-0.022557194672131964,False,False
user20,1,SapiAgent,sapiagent:2,T2_RandomForest,0.7304693376746864,0.18169157658871127,False,-0.013078105851045796,-0.024827227717585665,False,False
user20,1,SapiAgent,sapiagent:3,T2_RandomForest,0.7304693376746864,0.17663750735594533,False,-0.013078105851045796,-0.025110221909273978,False,False
user20,1,SapiAgent,sapiagent:4,T2_RandomForest,0.7304693376746864,0.23050435356653412,False,-0.013078105851045796,-0.029895418241989324,False,False
user20,1,SapiAgent,sapiagent:5,T2_RandomForest,0.7304693376746864,0.19445897582370553,False,-0.013078105851045796,-0.028493034738999445,False,False
user20,1,SapiAgent,sapiagent:6,T2_RandomForest,0.7304693376746864,0.20032066135710816,False,-0.013078105851045796,-0.024827227717585665,False,False
user20,1,SapiAgent,sapiagent:7,T2_RandomForest,0.7304693376746864,0.20591510987935072,False,-0.013078105851045796,-0.025958193644602334,False,False
user20,1,SapiAgent,sapiagent:8,T2_RandomForest,0.7304693376746864,0.17312018423539385,False,-0.013078105851045796,-0.027086467742451437,False,False
user20,1,SapiAgent,sapiagent:9,T2_RandomForest,0.7304693376746864,0.19636813058284855,False,-0.013078105851045796,-0.0282120564179964,False,False
user20,1,SapiAgent,sapiagent:10,T2_RandomForest,0.7304693376746864,0.21107717502763645,False,-0.013078105851045796,-0.02284154080611217,False,False
user20,1,SapiAgent,sapiagent:11,T2_RandomForest,0.7304693376746864,0.21978311383164803,False,-0.013078105851045796,-0.027086467742451437,False,False
user20,1,SapiAgent,sapiagent:12,T2_RandomForest,0.7304693376746864,0.14918811241816865,False,-0.013078105851045796,-0.027930910657649466,False,False
user20,1,SapiAgent,sapiagent:13,T2_RandomForest,0.7304693376746864,0.24430564053743298,False,-0.013078105851045796,-0.02056202157969461,False,False
user20,1,SapiAgent,sapiagent:14,T2_RandomForest,0.7304693376746864,0.17266437374172383,False,-0.013078105851045796,-0.017409890868245625,False,False
user20,1,SapiAgent,sapiagent:15,T2_RandomForest,0.7304693376746864,0.18240058741176443,False,-0.013078105851045796,-0.027649597358179012,False,False
user20,1,SapiAgent,sapiagent:16,T2_RandomForest,0.7304693376746864,0.19403164193054254,False,-0.013078105851045796,-0.02905448946179584,False,False
user20,1,SapiAgent,sapiagent:17,T2_RandomForest,0.7304693376746864,0.18844400331544783,False,-0.013078105851045796,-0.029895418241989324,False,False
user20,1,SapiAgent,sapiagent:18,T2_RandomForest,0.7304693376746864,0.20502162996928244,False,-0.013078105851045796,-0.030175394018977897,False,False
user20,1,SapiAgent,sapiagent:19,T2_RandomForest,0.7304693376746864,0.2144938111547291,False,-0.013078105851045796,-0.02284154080611217,False,False
user20,1,DMTG_Inspired,unknown_user:session_0,T2_RandomForest,0.7304693376746864,0.16445615302006708,False,-0.013078105851045796,-0.014526337334160921,False,False
user20,1,DMTG_Inspired,unknown_user:session_1,T2_RandomForest,0.7304693376746864,0.18958935801199595,False,-0.013078105851045796,-0.015970261402773078,False,False
user20,1,DMTG_Inspired,unknown_user:session_2,T2_RandomForest,0.7304693376746864,0.13507507600259075,False,-0.013078105851045796,-0.01769730253367946,False,False
user20,1,DMTG_Inspired,unknown_user:session_3,T2_RandomForest,0.7304693376746864,0.16329641044066334,False,-0.013078105851045796,-0.011334524189255901,False,False
user20,1,DMTG_Inspired,unknown_user:session_4,T2_RandomForest,0.7304693376746864,0.22322517614671547,False,-0.013078105851045796,-0.02056202157969461,False,False
user20,1,DMTG_Inspired,unknown_user:session_5,T2_RandomForest,0.7304693376746864,0.18544444026205345,False,-0.013078105851045796,-0.02056202157969461,False,False
user20,1,DMTG_Inspired,unknown_user:session_6,T2_RandomForest,0.7304693376746864,0.1759310061766465,False,-0.013078105851045796,-0.025110221909273978,False,False
user20,1,DMTG_Inspired,unknown_user:session_7,T2_RandomForest,0.7304693376746864,0.21583720056143127,False,-0.013078105851045796,-0.01568182056671602,False,False
user20,1,DMTG_Inspired,unknown_user:session_8,T2_RandomForest,0.7304693376746864,0.17130741688000958,False,-0.013078105851045796,-0.023409725138847037,False,False
user20,1,DMTG_Inspired,unknown_user:session_9,T2_RandomForest,0.7304693376746864,0.13776247408081171,False,-0.013078105851045796,-0.019990442254170515,False,False
user20,1,DMTG_Inspired,unknown_user:session_10,T2_RandomForest,0.7304693376746864,0.19498617264842358,False,-0.013078105851045796,-0.024544064885264838,False,False
user20,1,DMTG_Inspired,unknown_user:session_11,T2_RandomForest,0.7304693376746864,0.2209421929308305,False,-0.013078105851045796,-0.02284154080611217,False,False
user20,1,DMTG_Inspired,unknown_user:session_12,T2_RandomForest,0.7304693376746864,0.14425712120760956,False,-0.013078105851045796,-0.020847555960202213,False,False
user20,1,DMTG_Inspired,unknown_user:session_13,T2_RandomForest,0.7304693376746864,0.2071751213717614,False,-0.013078105851045796,-0.010460393456559247,False,False
user20,1,DMTG_Inspired,unknown_user:session_14,T2_RandomForest,0.7304693376746864,0.16383123827178045,False,-0.013078105851045796,-0.012497604304719412,False,False
user20,1,DMTG_Inspired,unknown_user:session_15,T2_RandomForest,0.7304693376746864,0.11210376296259528,False,-0.013078105851045796,-0.02141811466339477,False,False
user20,1,DMTG_Inspired,unknown_user:session_16,T2_RandomForest,0.7304693376746864,0.16206763018483997,False,-0.013078105851045796,-0.025675704772436303,False,False
user20,1,DMTG_Inspired,unknown_user:session_17,T2_RandomForest,0.7304693376746864,0.15044944597554943,False,-0.013078105851045796,-0.0069482059732688395,False,False
user20,1,DMTG_Inspired,unknown_user:session_18,T2_RandomForest,0.7304693376746864,0.15194506916147163,False,-0.013078105851045796,-0.025110221909273978,False,False
user20,1,DMTG_Inspired,unknown_user:session_19,T2_RandomForest,0.7304693376746864,0.21831190234131512,False,-0.013078105851045796,-0.016546627825184068,False,False
user21,1,Genuine,user21:session_0200062241,T2_RandomForest,0.4160903628692392,0.4124859158471401,False,-0.02113292028767666,0.04139281147421814,False,False
user21,1,Genuine,user21:session_0334337435,T2_RandomForest,0.4160903628692392,0.3473586704445799,False,-0.02113292028767666,0.013129718600255913,False,False
user21,1,Genuine,user21:session_0477165267,T2_RandomForest,0.4160903628692392,0.514649613148162,True,-0.02113292028767666,-0.0028187936540604586,True,False
user21,1,Genuine,user21:session_0489826159,T2_RandomForest,0.4160903628692392,0.5227679717049251,True,-0.02113292028767666,-0.014815466330530436,True,False
user21,1,Genuine,user21:session_0900979755,T2_RandomForest,0.4160903628692392,0.5884002613190351,True,-0.02113292028767666,0.0034402615509631085,True,False
user21,1,Genuine,user21:session_1065465945,T2_RandomForest,0.4160903628692392,0.4620489663248315,True,-0.02113292028767666,-0.010751943968992317,True,False
user21,1,Genuine,user21:session_1193964670,T2_RandomForest,0.4160903628692392,0.49922499953734545,True,-0.02113292028767666,-0.025958193644602334,False,True
user21,1,Genuine,user21:session_1809941518,T2_RandomForest,0.4160903628692392,0.5431479680271375,True,-0.02113292028767666,-0.03129363069421137,False,True
user21,1,Genuine,user21:session_2472958094,T2_RandomForest,0.4160903628692392,0.5453628374548637,True,-0.02113292028767666,-0.01683455361609254,True,False
user21,1,Genuine,user21:session_2476629136,T2_RandomForest,0.4160903628692392,0.4197679000341675,True,-0.02113292028767666,-0.005477367932344213,True,False
user21,1,Genuine,user21:session_2681498481,T2_RandomForest,0.4160903628692392,0.38626694055673233,False,-0.02113292028767666,0.0070521788740344205,False,False
user21,1,Genuine,user21:session_2776997709,T2_RandomForest,0.4160903628692392,0.5561313682055143,True,-0.02113292028767666,-0.013947562349374498,True,False
user21,1,Genuine,user21:session_2778964895,T2_RandomForest,0.4160903628692392,0.26804812025033575,False,-0.02113292028767666,0.0417154358559958,False,False
user21,1,Genuine,user21:session_3290502212,T2_RandomForest,0.4160903628692392,0.5417352898216518,True,-0.02113292028767666,-0.013657916155548067,True,False
user21,1,Genuine,user21:session_3318991223,T2_RandomForest,0.4160903628692392,0.5170024099325546,True,-0.02113292028767666,-0.013657916155548067,True,False
user21,1,Genuine,user21:session_3382231612,T2_RandomForest,0.4160903628692392,0.6105495085909783,True,-0.02113292028767666,0.034661908617580006,True,False
user21,1,Genuine,user21:session_3473124800,T2_RandomForest,0.4160903628692392,0.4184703271287409,True,-0.02113292028767666,0.0314861931160042,True,False
user21,1,Genuine,user21:session_3985625607,T2_RandomForest,0.4160903628692392,0.2328963464118976,False,-0.02113292028767666,0.046903650969414734,False,False
user21,1,Genuine,user21:session_4282931799,T2_RandomForest,0.4160903628692392,0.45410343194758507,True,-0.02113292028767666,0.0070521788740344205,True,False
user21,1,Genuine,user21:session_4741380705,T2_RandomForest,0.4160903628692392,0.3861601174390443,False,-0.02113292028767666,0.015581082579365857,False,False
user21,1,Genuine,user21:session_4803913319,T2_RandomForest,0.4160903628692392,0.41477162085540537,False,-0.02113292028767666,-0.00014592676966568296,False,False
user21,1,Genuine,user21:session_4873496968,T2_RandomForest,0.4160903628692392,0.7454302554564085,True,-0.02113292028767666,-0.0013356370356571445,True,False
user21,1,Genuine,user21:session_5158497089,T2_RandomForest,0.4160903628692392,0.6414067680522234,True,-0.02113292028767666,-0.021703139188573195,False,True
user21,1,Genuine,user21:session_5764163634,T2_RandomForest,0.4160903628692392,0.6247789890756168,True,-0.02113292028767666,-0.010460393456559247,True,False
user21,1,Genuine,user21:session_6350129821,T2_RandomForest,0.4160903628692392,0.5634054070805086,True,-0.02113292028767666,0.015274022789274144,True,False
user21,1,Genuine,user21:session_6747468371,T2_RandomForest,0.4160903628692392,0.47514782181269427,True,-0.02113292028767666,0.030221194761391512,True,False
user21,1,Genuine,user21:session_6905592155,T2_RandomForest,0.4160903628692392,0.34650115338673143,False,-0.02113292028767666,0.011908410769234767,False,False
user21,1,Genuine,user21:session_7208965815,T2_RandomForest,0.4160903628692392,0.30094685585249475,False,-0.02113292028767666,0.04010423422689813,False,False
user21,1,Genuine,user21:session_7288721890,T2_RandomForest,0.4160903628692392,0.2913659660235135,False,-0.02113292028767666,0.0340252511007042,False,False
user21,1,Genuine,user21:session_7953065762,T2_RandomForest,0.4160903628692392,0.22235802675578575,False,-0.02113292028767666,0.03946109617072724,False,False
user21,1,Genuine,user21:session_8067504883,T2_RandomForest,0.4160903628692392,0.5879666820117225,True,-0.02113292028767666,-0.011625554103846358,True,False
user21,1,Genuine,user21:session_8452199606,T2_RandomForest,0.4160903628692392,0.29166780475087184,False,-0.02113292028767666,0.0010466218995126564,False,False
user21,1,Genuine,user21:session_8534613968,T2_RandomForest,0.4160903628692392,0.6550243112814805,True,-0.02113292028767666,0.00584533628755457,True,False
user21,1,Genuine,user21:session_9814859818,T2_RandomForest,0.4160903628692392,0.473290189119819,True,-0.02113292028767666,-0.003114895202422918,True,False
user21,1,Genuine,user21:session_9913386649,T2_RandomForest,0.4160903628692392,0.5222021814905139,True,-0.02113292028767666,0.023317330865164965,True,False
user21,1,Genuine,user21:session_9938110038,T2_RandomForest,0.4160903628692392,0.31784924214127214,False,-0.02113292028767666,0.018044157408852013,False,False
user21,1,HumanImpostor,user21:session_0080153528,T2_RandomForest,0.4160903628692392,0.3263192753934694,False,-0.02113292028767666,-0.008707438227095132,False,False
user21,1,HumanImpostor,user21:session_0486100880,T2_RandomForest,0.4160903628692392,0.33754541523174353,False,-0.02113292028767666,-0.009876771109728566,False,False
user21,1,HumanImpostor,user21:session_0733542929,T2_RandomForest,0.4160903628692392,0.46436115911826653,True,-0.02113292028767666,-0.0019294298792508213,True,False
user21,1,HumanImpostor,user21:session_1376706431,T2_RandomForest,0.4160903628692392,0.2969520390946347,False,-0.02113292028767666,0.0001519440330807198,False,False
user21,1,HumanImpostor,user21:session_2037079652,T2_RandomForest,0.4160903628692392,0.06478253544589056,False,-0.02113292028767666,0.025191238184506415,False,False
user21,1,HumanImpostor,user21:session_2305469177,T2_RandomForest,0.4160903628692392,0.23524331156962036,False,-0.02113292028767666,0.053129233110042695,False,False
user21,1,HumanImpostor,user21:session_2383353199,T2_RandomForest,0.4160903628692392,0.24389449505361088,False,-0.02113292028767666,0.05742962562993181,False,False
user21,1,HumanImpostor,user21:session_2547686354,T2_RandomForest,0.4160903628692392,0.11528593157451195,False,-0.02113292028767666,0.005242992581123929,False,False
user21,1,HumanImpostor,user21:session_3567705649,T2_RandomForest,0.4160903628692392,0.32664220365840063,False,-0.02113292028767666,0.004040456066397913,False,False
user21,1,HumanImpostor,user21:session_3735387695,T2_RandomForest,0.4160903628692392,0.8397354152484021,True,-0.02113292028767666,-0.0004436201722915478,True,False
user21,1,HumanImpostor,user21:session_5035531254,T2_RandomForest,0.4160903628692392,0.30608428268354176,False,-0.02113292028767666,-0.01683455361609254,False,False
user21,1,HumanImpostor,user21:session_5226344095,T2_RandomForest,0.4160903628692392,0.19949442396775072,False,-0.02113292028767666,0.04853513614868321,False,False
user21,1,HumanImpostor,user21:session_6410652005,T2_RandomForest,0.4160903628692392,0.2844212977500242,False,-0.02113292028767666,0.008564781895576634,False,False
user21,1,HumanImpostor,user21:session_6723163956,T2_RandomForest,0.4160903628692392,0.11627193807667933,False,-0.02113292028767666,0.056434269257197744,False,False
user21,1,HumanImpostor,user21:session_6803917267,T2_RandomForest,0.4160903628692392,0.38737155492684905,False,-0.02113292028767666,-0.00929245297640946,False,False
user21,1,HumanImpostor,user21:session_6891188294,T2_RandomForest,0.4160903628692392,0.25528273852009886,False,-0.02113292028767666,0.045927089966492085,False,False
user21,1,HumanImpostor,user21:session_7053852427,T2_RandomForest,0.4160903628692392,0.2719111933337631,False,-0.02113292028767666,0.010690009791518018,False,False
user21,1,HumanImpostor,user21:session_7756203951,T2_RandomForest,0.4160903628692392,0.14455007126645047,False,-0.02113292028767666,-0.005182674218160266,False,False
user21,1,HumanImpostor,user21:session_7800887945,T2_RandomForest,0.4160903628692392,0.1550708349590462,False,-0.02113292028767666,-0.008707438227095132,False,False
user21,1,HumanImpostor,user21:session_8456906043,T2_RandomForest,0.4160903628692392,0.10849930904666172,False,-0.02113292028767666,0.07223442251940526,False,False
user21,1,HumanImpostor,user21:session_8675020847,T2_RandomForest,0.4160903628692392,0.19331964446516434,False,-0.02113292028767666,0.04755566193645944,False,False
user21,1,HumanImpostor,user21:session_8957360206,T2_RandomForest,0.4160903628692392,0.004965947859689637,False,-0.02113292028767666,0.0482084502219593,False,False
user21,1,WindMouse,windmouse:0,T2_RandomForest,0.4160903628692392,0.08839744087624886,False,-0.02113292028767666,0.023629183787415853,False,False
user21,1,WindMouse,windmouse:1,T2_RandomForest,0.4160903628692392,0.0927125893700635,False,-0.02113292028767666,0.016811152647435934,False,False
user21,1,WindMouse,windmouse:2,T2_RandomForest,0.4160903628692392,0.089776554737718,False,-0.02113292028767666,0.022382886019952086,False,False
user21,1,WindMouse,windmouse:3,T2_RandomForest,0.4160903628692392,0.09969264555887851,False,-0.02113292028767666,0.011908410769234767,False,False
user21,1,WindMouse,windmouse:4,T2_RandomForest,0.4160903628692392,0.11213888361346239,False,-0.02113292028767666,0.016195751213679555,False,False
user21,1,WindMouse,windmouse:5,T2_RandomForest,0.4160903628692392,0.10028852250250553,False,-0.02113292028767666,0.019589550941188194,False,False
user21,1,WindMouse,windmouse:6,T2_RandomForest,0.4160903628692392,0.09661289607742995,False,-0.02113292028767666,0.01866176248690421,False,False
user21,1,WindMouse,windmouse:7,T2_RandomForest,0.4160903628692392,0.0967395663741552,False,-0.02113292028767666,0.022694182092012016,False,False
user21,1,WindMouse,windmouse:8,T2_RandomForest,0.4160903628692392,0.10357361670662188,False,-0.02113292028767666,0.0202089984160313,False,False
user21,1,WindMouse,windmouse:9,T2_RandomForest,0.4160903628692392,0.10371341907156714,False,-0.02113292028767666,0.0202089984160313,False,False
user21,1,WindMouse,windmouse:10,T2_RandomForest,0.4160903628692392,0.10416135498942555,False,-0.02113292028767666,0.02425344725665557,False,False
user21,1,WindMouse,windmouse:11,T2_RandomForest,0.4160903628692392,0.09851696760922105,False,-0.02113292028767666,0.02644423610070512,False,False
user21,1,WindMouse,windmouse:12,T2_RandomForest,0.4160903628692392,0.0760378041545655,False,-0.02113292028767666,0.02487845496416763,False,False
user21,1,WindMouse,windmouse:13,T2_RandomForest,0.4160903628692392,0.0942604266073701,False,-0.02113292028767666,0.01588832535115381,False,False
user21,1,WindMouse,windmouse:14,T2_RandomForest,0.4160903628692392,0.10947941056265388,False,-0.02113292028767666,0.01282411874601963,False,False
user21,1,WindMouse,windmouse:15,T2_RandomForest,0.4160903628692392,0.09143313933005669,False,-0.02113292028767666,0.022694182092012016,False,False
user21,1,WindMouse,windmouse:16,T2_RandomForest,0.4160903628692392,0.10998495733548116,False,-0.02113292028767666,0.01404761126730858,False,False
user21,1,WindMouse,windmouse:17,T2_RandomForest,0.4160903628692392,0.09191064891931452,False,-0.02113292028767666,0.01897084108367819,False,False
user21,1,WindMouse,windmouse:18,T2_RandomForest,0.4160903628692392,0.08815274710012949,False,-0.02113292028767666,0.01928010386518675,False,False
user21,1,WindMouse,windmouse:19,T2_RandomForest,0.4160903628692392,0.10860218736131981,False,-0.02113292028767666,0.023317330865164965,False,False
user21,1,SapiAgent,sapiagent:0,T2_RandomForest,0.4160903628692392,0.2797351065244239,False,-0.02113292028767666,-0.012207094058382661,False,False
user21,1,SapiAgent,sapiagent:1,T2_RandomForest,0.4160903628692392,0.2534973877184424,False,-0.02113292028767666,-0.012787941534593172,False,False
user21,1,SapiAgent,sapiagent:2,T2_RandomForest,0.4160903628692392,0.23938858529306709,False,-0.02113292028767666,-0.011916410692479895,False,False
user21,1,SapiAgent,sapiagent:3,T2_RandomForest,0.4160903628692392,0.2517944039590708,False,-0.02113292028767666,-0.01769730253367946,False,False
user21,1,SapiAgent,sapiagent:4,T2_RandomForest,0.4160903628692392,0.25450240370326943,False,-0.02113292028767666,-0.014815466330530436,False,False
user21,1,SapiAgent,sapiagent:5,T2_RandomForest,0.4160903628692392,0.2842777378655116,False,-0.02113292028767666,-0.011334524189255901,False,False
user21,1,SapiAgent,sapiagent:6,T2_RandomForest,0.4160903628692392,0.2740885454603835,False,-0.02113292028767666,-0.01769730253367946,False,False
user21,1,SapiAgent,sapiagent:7,T2_RandomForest,0.4160903628692392,0.31088480377055033,False,-0.02113292028767666,-0.016546627825184068,False,False
user21,1,SapiAgent,sapiagent:8,T2_RandomForest,0.4160903628692392,0.3104932801863756,False,-0.02113292028767666,-0.016258530454826503,False,False
user21,1,SapiAgent,sapiagent:9,T2_RandomForest,0.4160903628692392,0.2894323959544385,False,-0.02113292028767666,-0.01769730253367946,False,False
user21,1,SapiAgent,sapiagent:10,T2_RandomForest,0.4160903628692392,0.28018884570165675,False,-0.02113292028767666,-0.027649597358179012,False,False
user21,1,SapiAgent,sapiagent:11,T2_RandomForest,0.4160903628692392,0.254417935850664,False,-0.02113292028767666,-0.010751943968992317,False,False
user21,1,SapiAgent,sapiagent:12,T2_RandomForest,0.4160903628692392,0.2568379898206789,False,-0.02113292028767666,-0.010751943968992317,False,False
user21,1,SapiAgent,sapiagent:13,T2_RandomForest,0.4160903628692392,0.2823866315228789,False,-0.02113292028767666,-0.011043320845420923,False,False
user21,1,SapiAgent,sapiagent:14,T2_RandomForest,0.4160903628692392,0.2566086483389874,False,-0.02113292028767666,-0.0179845430280432,False,False
user21,1,SapiAgent,sapiagent:15,T2_RandomForest,0.4160903628692392,0.31212209871660107,False,-0.02113292028767666,-0.013947562349374498,False,False
user21,1,SapiAgent,sapiagent:16,T2_RandomForest,0.4160903628692392,0.2792359404193514,False,-0.02113292028767666,-0.004592759847463268,False,False
user21,1,SapiAgent,sapiagent:17,T2_RandomForest,0.4160903628692392,0.2789024729743007,False,-0.02113292028767666,-0.008707438227095132,False,False
user21,1,SapiAgent,sapiagent:18,T2_RandomForest,0.4160903628692392,0.2581781265301738,False,-0.02113292028767666,-0.00929245297640946,False,False
user21,1,SapiAgent,sapiagent:19,T2_RandomForest,0.4160903628692392,0.2871522311240689,False,-0.02113292028767666,-0.008414669361948346,False,False
user21,1,DMTG_Inspired,unknown_user:session_0,T2_RandomForest,0.4160903628692392,0.17810412434025166,False,-0.02113292028767666,0.013435500566189917,False,False
user21,1,DMTG_Inspired,unknown_user:session_1,T2_RandomForest,0.4160903628692392,0.153273887362072,False,-0.02113292028767666,0.021450109736274037,False,False
user21,1,DMTG_Inspired,unknown_user:session_2,T2_RandomForest,0.4160903628692392,0.1787964136198508,False,-0.02113292028767666,-0.008707438227095132,False,False
user21,1,DMTG_Inspired,unknown_user:session_3,T2_RandomForest,0.4160903628692392,0.16696094551817298,False,-0.02113292028767666,0.0025413095584863044,False,False
user21,1,DMTG_Inspired,unknown_user:session_4,T2_RandomForest,0.4160903628692392,0.14526215319795405,False,-0.02113292028767666,0.014660451718337408,False,False
user21,1,DMTG_Inspired,unknown_user:session_5,T2_RandomForest,0.4160903628692392,0.17629219234412066,False,-0.02113292028767666,0.023629183787415853,False,False
user21,1,DMTG_Inspired,unknown_user:session_6,T2_RandomForest,0.4160903628692392,0.17329578095973205,False,-0.02113292028767666,0.0016439627508675336,False,False
user21,1,DMTG_Inspired,unknown_user:session_7,T2_RandomForest,0.4160903628692392,0.21030004162113436,False,-0.02113292028767666,0.027700223411364022,False,False
user21,1,DMTG_Inspired,unknown_user:session_8,T2_RandomForest,0.4160903628692392,0.2002781091736828,False,-0.02113292028767666,-0.002522515654188262,False,False
user21,1,DMTG_Inspired,unknown_user:session_9,T2_RandomForest,0.4160903628692392,0.1992401878950186,False,-0.02113292028767666,0.025191238184506415,False,False
user21,1,DMTG_Inspired,unknown_user:session_10,T2_RandomForest,0.4160903628692392,0.19849426126626243,False,-0.02113292028767666,0.00224201574372207,False,False
user21,1,DMTG_Inspired,unknown_user:session_11,T2_RandomForest,0.4160903628692392,0.18408758684675278,False,-0.02113292028767666,0.001345203360526015,False,False
user21,1,DMTG_Inspired,unknown_user:session_12,T2_RandomForest,0.4160903628692392,0.20725924356844946,False,-0.02113292028767666,-0.0022260610976559403,False,False
user21,1,DMTG_Inspired,unknown_user:session_13,T2_RandomForest,0.4160903628692392,0.2245958877785045,False,-0.02113292028767666,-0.0013356370356571445,False,False
user21,1,DMTG_Inspired,unknown_user:session_14,T2_RandomForest,0.4160903628692392,0.1734793025794001,False,-0.02113292028767666,0.0202089984160313,False,False
user21,1,DMTG_Inspired,unknown_user:session_15,T2_RandomForest,0.4160903628692392,0.20178121480258385,False,-0.02113292028767666,0.0070521788740344205,False,False
user21,1,DMTG_Inspired,unknown_user:session_16,T2_RandomForest,0.4160903628692392,0.23082064748737297,False,-0.02113292028767666,-0.005182674218160266,False,False
user21,1,DMTG_Inspired,unknown_user:session_17,T2_RandomForest,0.4160903628692392,0.204814665944719,False,-0.02113292028767666,-0.0004436201722915478,False,False
user21,1,DMTG_Inspired,unknown_user:session_18,T2_RandomForest,0.4160903628692392,0.17410279539148063,False,-0.02113292028767666,0.019589550941188194,False,False
user21,1,DMTG_Inspired,unknown_user:session_19,T2_RandomForest,0.4160903628692392,0.17833912163790802,False,-0.02113292028767666,0.005242992581123929,False,False
user23,1,Genuine,user23:session_0071280153,T2_RandomForest,0.5377428068501084,0.550044104746533,True,-0.06046970502224197,-0.037859904154043944,True,False
user23,1,Genuine,user23:session_0139259699,T2_RandomForest,0.5377428068501084,0.6918850687144923,True,-0.06046970502224197,-0.034038252998547514,True,False
user23,1,Genuine,user23:session_0697506648,T2_RandomForest,0.5377428068501084,0.631136656411655,True,-0.06046970502224197,-0.04061958507279434,True,False
user23,1,Genuine,user23:session_1783392506,T2_RandomForest,0.5377428068501084,0.5944078350710252,True,-0.06046970502224197,-0.02877592906126808,True,False
user23,1,Genuine,user23:session_2676613576,T2_RandomForest,0.5377428068501084,0.4004410864283612,False,-0.06046970502224197,-0.005277105564112816,False,False
user23,1,Genuine,user23:session_2806235778,T2_RandomForest,0.5377428068501084,0.6849925150627887,True,-0.06046970502224197,-0.03473544167697268,True,False
user23,1,Genuine,user23:session_2887480941,T2_RandomForest,0.5377428068501084,0.5304606488809651,False,-0.06046970502224197,-0.004164692074338783,False,False
user23,1,Genuine,user23:session_3173348385,T2_RandomForest,0.5377428068501084,0.408195819017572,False,-0.06046970502224197,-0.03647385296733063,False,False
user23,1,Genuine,user23:session_3193098342,T2_RandomForest,0.5377428068501084,0.6135459364957241,True,-0.06046970502224197,-0.036820755000919025,True,False
user23,1,Genuine,user23:session_3777853846,T2_RandomForest,0.5377428068501084,0.5814441393386122,True,-0.06046970502224197,-0.04472823815952248,True,False
user23,1,Genuine,user23:session_4088744338,T2_RandomForest,0.5377428068501084,0.9254322982425962,True,-0.06046970502224197,-0.019872991623090308,True,False
user23,1,Genuine,user23:session_4199921692,T2_RandomForest,0.5377428068501084,0.3480784672096176,False,-0.06046970502224197,-0.0008124211323748964,False,False
user23,1,Genuine,user23:session_4354218638,T2_RandomForest,0.5377428068501084,0.3712661014542428,False,-0.06046970502224197,-0.030887952889677828,False,False
user23,1,Genuine,user23:session_4484768740,T2_RandomForest,0.5377428068501084,0.6207823448532218,True,-0.06046970502224197,-0.03438697783024047,True,False
user23,1,Genuine,user23:session_4736309542,T2_RandomForest,0.5377428068501084,0.6504326758442543,True,-0.06046970502224197,-0.043020784165759274,True,False
user23,1,Genuine,user23:session_4998803513,T2_RandomForest,0.5377428068501084,0.4324996113827296,False,-0.06046970502224197,-0.029833126894579898,False,False
user23,1,Genuine,user23:session_5090921415,T2_RandomForest,0.5377428068501084,0.6629992691691662,True,-0.06046970502224197,-0.015177189052654583,True,False
user23,1,Genuine,user23:session_5130764696,T2_RandomForest,0.5377428068501084,0.5242427709965043,False,-0.06046970502224197,-0.006017327702899977,False,False
user23,1,Genuine,user23:session_5222969532,T2_RandomForest,0.5377428068501084,0.6100430202291632,True,-0.06046970502224197,-0.008599394125666682,True,False
user23,1,Genuine,user23:session_5567012419,T2_RandomForest,0.5377428068501084,0.5394979312411821,True,-0.06046970502224197,-0.009334645337148173,True,False
user23,1,Genuine,user23:session_5760480696,T2_RandomForest,0.5377428068501084,0.6607719679591414,True,-0.06046970502224197,-0.01116796398795572,True,False
user23,1,Genuine,user23:session_5796305508,T2_RandomForest,0.5377428068501084,0.8148559206581414,True,-0.06046970502224197,-0.0045357742187775996,True,False
user23,1,Genuine,user23:session_5938044199,T2_RandomForest,0.5377428068501084,0.27887196624912364,False,-0.06046970502224197,-0.04438725850267672,False,False
user23,1,Genuine,user23:session_6120487222,T2_RandomForest,0.5377428068501084,0.7882285913521111,True,-0.06046970502224197,-0.02238263395776685,True,False
user23,1,Genuine,user23:session_6479783256,T2_RandomForest,0.5377428068501084,0.3664255662416421,False,-0.06046970502224197,-0.0019323554891739758,False,False
user23,1,Genuine,user23:session_6529033101,T2_RandomForest,0.5377428068501084,0.5872712721108468,True,-0.06046970502224197,-0.04981241708427031,True,False
user23,1,Genuine,user23:session_6575637744,T2_RandomForest,0.5377428068501084,0.49370712196209937,False,-0.06046970502224197,-0.03508364473406478,False,False
user23,1,Genuine,user23:session_7131856482,T2_RandomForest,0.5377428068501084,0.44554593195793946,False,-0.06046970502224197,-0.03299051063830333,False,False
user23,1,Genuine,user23:session_7756346661,T2_RandomForest,0.5377428068501084,0.3849517150251296,False,-0.06046970502224197,-0.02238263395776685,False,False
user23,1,Genuine,user23:session_7760528986,T2_RandomForest,0.5377428068501084,0.5574684350393061,True,-0.06046970502224197,-0.02095016332180971,True,False
user23,1,Genuine,user23:session_7778589669,T2_RandomForest,0.5377428068501084,0.735944293092516,True,-0.06046970502224197,-0.012264665538655073,True,False
user23,1,Genuine,user23:session_8055688583,T2_RandomForest,0.5377428068501084,0.5526020709494966,True,-0.06046970502224197,-0.0144506927640633,True,False
user23,1,Genuine,user23:session_8297767726,T2_RandomForest,0.5377428068501084,0.5684956729782346,True,-0.06046970502224197,-0.014814076886331018,True,False
user23,1,Genuine,user23:session_8301590977,T2_RandomForest,0.5377428068501084,0.5802607434677041,True,-0.06046970502224197,-0.023810821172739804,True,False
user23,1,Genuine,user23:session_9038755287,T2_RandomForest,0.5377428068501084,0.6292895077467533,True,-0.06046970502224197,-0.007494450996885282,True,False
user23,1,Genuine,user23:session_9648839315,T2_RandomForest,0.5377428068501084,0.6003466056620126,True,-0.06046970502224197,-0.030536607433506224,True,False
user23,1,Genuine,user23:session_9896236015,T2_RandomForest,0.5377428068501084,0.8019264281502456,True,-0.06046970502224197,-0.03751378040004877,True,False
user23,1,Genuine,user23:session_9956793065,T2_RandomForest,0.5377428068501084,0.754609205346294,True,-0.06046970502224197,-0.04096338444883629,True,False
user23,1,HumanImpostor,user23:session_0542118784,T2_RandomForest,0.5377428068501084,0.4908450140040396,False,-0.06046970502224197,-0.046089606811141604,False,False
user23,1,HumanImpostor,user23:session_0590731055,T2_RandomForest,0.5377428068501084,0.22263311605994135,False,-0.06046970502224197,-0.031239035399618642,False,False
user23,1,HumanImpostor,user23:session_0750796173,T2_RandomForest,0.5377428068501084,0.1899232560282045,False,-0.06046970502224197,-0.008231355463906798,False,False
user23,1,HumanImpostor,user23:session_1414301302,T2_RandomForest,0.5377428068501084,0.14709217305389913,False,-0.06046970502224197,-0.030536607433506224,False,False
user23,1,HumanImpostor,user23:session_1581692104,T2_RandomForest,0.5377428068501084,0.3143081326198123,False,-0.06046970502224197,-0.022024918370667224,False,False
user23,1,HumanImpostor,user23:session_1799284692,T2_RandomForest,0.5377428068501084,0.19005849898573843,False,-0.06046970502224197,-0.03158985516011703,False,False
user23,1,HumanImpostor,user23:session_2020107805,T2_RandomForest,0.5377428068501084,0.13753079163064966,False,-0.06046970502224197,-0.021308683253420335,False,False
user23,1,HumanImpostor,user23:session_2222178768,T2_RandomForest,0.5377428068501084,0.22232006062659712,False,-0.06046970502224197,-0.029128592205582393,False,False
user23,1,HumanImpostor,user23:session_3436410606,T2_RandomForest,0.5377428068501084,0.20026216319303444,False,-0.06046970502224197,-0.02948099141751087,False,False
user23,1,HumanImpostor,user23:session_3496233301,T2_RandomForest,0.5377428068501084,0.189571592060515,False,-0.06046970502224197,-0.008967157348034382,False,False
user23,1,HumanImpostor,user23:session_3760606976,T2_RandomForest,0.5377428068501084,0.5029915686048081,False,-0.06046970502224197,-0.016988677663374696,False,False
user23,1,HumanImpostor,user23:session_3922157039,T2_RandomForest,0.5377428068501084,0.15213512343989805,False,-0.06046970502224197,-0.030536607433506224,False,False
user23,1,HumanImpostor,user23:session_4144841412,T2_RandomForest,0.5377428068501084,0.19548561441603887,False,-0.06046970502224197,-0.02238263395776685,False,False
user23,1,HumanImpostor,user23:session_4185228735,T2_RandomForest,0.5377428068501084,0.19947901499140966,False,-0.06046970502224197,-0.031239035399618642,False,False
user23,1,HumanImpostor,user23:session_5138848212,T2_RandomForest,0.5377428068501084,0.13231810754890586,False,-0.06046970502224197,-0.03889672196142285,False,False
user23,1,HumanImpostor,user23:session_5536570637,T2_RandomForest,0.5377428068501084,0.19865046561521474,False,-0.06046970502224197,-0.01116796398795572,False,False
user23,1,HumanImpostor,user23:session_5652085012,T2_RandomForest,0.5377428068501084,0.1595059055059244,False,-0.06046970502224197,-0.021666934869437215,False,False
user23,1,HumanImpostor,user23:session_5653345386,T2_RandomForest,0.5377428068501084,0.13276702514505495,False,-0.06046970502224197,-0.02416720019378421,False,False
user23,1,HumanImpostor,user23:session_5967488943,T2_RandomForest,0.5377428068501084,0.3243920604852836,False,-0.06046970502224197,-0.020232317707827796,False,False
user23,1,HumanImpostor,user23:session_6200753435,T2_RandomForest,0.5377428068501084,0.10155847960347963,False,-0.06046970502224197,-0.026299880320942493,False,False
user23,1,HumanImpostor,user23:session_7144916399,T2_RandomForest,0.5377428068501084,0.2580380131130019,False,-0.06046970502224197,-0.012994432639586773,False,False
user23,1,HumanImpostor,user23:session_7398972341,T2_RandomForest,0.5377428068501084,0.1979648236843876,False,-0.06046970502224197,-0.016626922226847862,False,False
user23,1,HumanImpostor,user23:session_7434938340,T2_RandomForest,0.5377428068501084,0.20170677798083764,False,-0.06046970502224197,-0.04404602346621794,False,False
user23,1,HumanImpostor,user23:session_8427974282,T2_RandomForest,0.5377428068501084,0.10482795932434619,False,-0.06046970502224197,-0.02842300178689333,False,False
user23,1,HumanImpostor,user23:session_8431086878,T2_RandomForest,0.5377428068501084,0.1856886365365587,False,-0.06046970502224197,-0.020232317707827796,False,False
user23,1,HumanImpostor,user23:session_8831138885,T2_RandomForest,0.5377428068501084,0.23595495725538124,False,-0.06046970502224197,-0.02059137487364815,False,False
user23,1,HumanImpostor,user23:session_8916797638,T2_RandomForest,0.5377428068501084,0.09615176468989511,False,-0.06046970502224197,-0.03194041236781425,False,False
user23,1,HumanImpostor,user23:session_9034407980,T2_RandomForest,0.5377428068501084,0.056213624542370284,False,-0.06046970502224197,-0.012994432639586773,False,False
user23,1,HumanImpostor,user23:session_9127984644,T2_RandomForest,0.5377428068501084,0.3549166979387531,False,-0.06046970502224197,-0.005647355180539493,False,False
user23,1,HumanImpostor,user23:session_9307936288,T2_RandomForest,0.5377428068501084,0.2333372549708171,False,-0.06046970502224197,-0.02842300178689333,False,False
user23,1,HumanImpostor,user23:session_9579651012,T2_RandomForest,0.5377428068501084,0.1957067325627426,False,-0.06046970502224197,-0.019872991623090308,False,False
user23,1,HumanImpostor,user23:session_9759261305,T2_RandomForest,0.5377428068501084,0.22569226122731653,False,-0.06046970502224197,-0.023454175238597608,False,False
user23,1,HumanImpostor,user23:session_9787004965,T2_RandomForest,0.5377428068501084,0.24048162416037927,False,-0.06046970502224197,-0.022740081831242598,False,False
user23,1,WindMouse,windmouse:0,T2_RandomForest,0.5377428068501084,0.4490106045525129,False,-0.06046970502224197,-0.01116796398795572,False,False
user23,1,WindMouse,windmouse:1,T2_RandomForest,0.5377428068501084,0.5181146197853052,False,-0.06046970502224197,0.0003100314626141021,False,False
user23,1,WindMouse,windmouse:2,T2_RandomForest,0.5377428068501084,0.43488654063705495,False,-0.06046970502224197,-0.0034216938019253074,False,False
user23,1,WindMouse,windmouse:3,T2_RandomForest,0.5377428068501084,0.43418611346379277,False,-0.06046970502224197,-0.008599394125666682,False,False
user23,1,WindMouse,windmouse:4,T2_RandomForest,0.5377428068501084,0.4708080447281701,False,-0.06046970502224197,-0.01116796398795572,False,False
user23,1,WindMouse,windmouse:5,T2_RandomForest,0.5377428068501084,0.3890278375417777,False,-0.06046970502224197,-0.005277105564112816,False,False
user23,1,WindMouse,windmouse:6,T2_RandomForest,0.5377428068501084,0.3817925835071617,False,-0.06046970502224197,-0.011899372013082832,False,False
user23,1,WindMouse,windmouse:7,T2_RandomForest,0.5377428068501084,0.390469897111343,False,-0.06046970502224197,-0.0015593234921428278,False,False
user23,1,WindMouse,windmouse:8,T2_RandomForest,0.5377428068501084,0.4353287403391025,False,-0.06046970502224197,-0.006387023338570885,False,False
user23,1,WindMouse,windmouse:9,T2_RandomForest,0.5377428068501084,0.39199078839793594,False,-0.06046970502224197,-0.005277105564112816,False,False
user23,1,WindMouse,windmouse:10,T2_RandomForest,0.5377428068501084,0.4013765999493847,False,-0.06046970502224197,-0.0030497772574860638,False,False
user23,1,WindMouse,windmouse:11,T2_RandomForest,0.5377428068501084,0.4420989759099833,False,-0.06046970502224197,-0.007494450996885282,False,False
user23,1,WindMouse,windmouse:12,T2_RandomForest,0.5377428068501084,0.3170198517005019,False,-0.06046970502224197,-0.006017327702899977,False,False
user23,1,WindMouse,windmouse:13,T2_RandomForest,0.5377428068501084,0.5064094706573863,False,-0.06046970502224197,-0.004906578646087956,False,False
user23,1,WindMouse,windmouse:14,T2_RandomForest,0.5377428068501084,0.4213977214416867,False,-0.06046970502224197,-0.01735016236286252,False,False
user23,1,WindMouse,windmouse:15,T2_RandomForest,0.5377428068501084,0.4021304394264477,False,-0.06046970502224197,-0.007494450996885282,False,False
user23,1,WindMouse,windmouse:16,T2_RandomForest,0.5377428068501084,0.4414064949871798,False,-0.06046970502224197,-0.0034216938019253074,False,False
user23,1,WindMouse,windmouse:17,T2_RandomForest,0.5377428068501084,0.3902024982412714,False,-0.06046970502224197,-0.009334645337148173,False,False
user23,1,WindMouse,windmouse:18,T2_RandomForest,0.5377428068501084,0.4622418398603296,False,-0.06046970502224197,-0.0019323554891739758,False,False
user23,1,WindMouse,windmouse:19,T2_RandomForest,0.5377428068501084,0.4461380509329389,False,-0.06046970502224197,-0.008231355463906798,False,False
user23,1,SapiAgent,sapiagent:0,T2_RandomForest,0.5377428068501084,0.24131970344580947,False,-0.06046970502224197,-0.004906578646087956,False,False
user23,1,SapiAgent,sapiagent:1,T2_RandomForest,0.5377428068501084,0.28642087459904825,False,-0.06046970502224197,-0.015902598331441697,False,False
user23,1,SapiAgent,sapiagent:2,T2_RandomForest,0.5377428068501084,0.2691384636613381,False,-0.06046970502224197,-0.006387023338570885,False,False
user23,1,SapiAgent,sapiagent:3,T2_RandomForest,0.5377428068501084,0.2611588508642002,False,-0.06046970502224197,-0.01372310783680769,False,False
user23,1,SapiAgent,sapiagent:4,T2_RandomForest,0.5377428068501084,0.22864920779213735,False,-0.06046970502224197,-0.016264895850511052,False,False
user23,1,SapiAgent,sapiagent:5,T2_RandomForest,0.5377428068501084,0.24337485072296325,False,-0.06046970502224197,-0.002305108309810955,False,False
user23,1,SapiAgent,sapiagent:6,T2_RandomForest,0.5377428068501084,0.2736211365543237,False,-0.06046970502224197,-0.0019323554891739758,False,False
user23,1,SapiAgent,sapiagent:7,T2_RandomForest,0.5377428068501084,0.27197957370622744,False,-0.06046970502224197,-0.0045357742187775996,False,False
user23,1,SapiAgent,sapiagent:8,T2_RandomForest,0.5377428068501084,0.23057827335395076,False,-0.06046970502224197,-0.006017327702899977,False,False
user23,1,SapiAgent,sapiagent:9,T2_RandomForest,0.5377428068501084,0.2897396140909983,False,-0.06046970502224197,-0.0019323554891739758,False,False
user23,1,SapiAgent,sapiagent:10,T2_RandomForest,0.5377428068501084,0.24271297229537872,False,-0.06046970502224197,-0.004164692074338783,False,False
user23,1,SapiAgent,sapiagent:11,T2_RandomForest,0.5377428068501084,0.31917944265347015,False,-0.06046970502224197,-0.01879339784052969,False,False
user23,1,SapiAgent,sapiagent:12,T2_RandomForest,0.5377428068501084,0.2596926472255277,False,-0.06046970502224197,-0.008599394125666682,False,False
user23,1,SapiAgent,sapiagent:13,T2_RandomForest,0.5377428068501084,0.2656308196789717,False,-0.06046970502224197,-0.009334645337148173,False,False
user23,1,SapiAgent,sapiagent:14,T2_RandomForest,0.5377428068501084,0.286780482454919,False,-0.06046970502224197,-0.0011860121096258225,False,False
user23,1,SapiAgent,sapiagent:15,T2_RandomForest,0.5377428068501084,0.23876389098490622,False,-0.06046970502224197,-0.0045357742187775996,False,False
user23,1,SapiAgent,sapiagent:16,T2_RandomForest,0.5377428068501084,0.24832563255310267,False,-0.06046970502224197,-0.011899372013082832,False,False
user23,1,SapiAgent,sapiagent:17,T2_RandomForest,0.5377428068501084,0.22424795178268522,False,-0.06046970502224197,-0.0030497772574860638,False,False
user23,1,SapiAgent,sapiagent:18,T2_RandomForest,0.5377428068501084,0.2098291907808443,False,-0.06046970502224197,-0.008967157348034382,False,False
user23,1,SapiAgent,sapiagent:19,T2_RandomForest,0.5377428068501084,0.25970167967363744,False,-0.06046970502224197,-0.011533804897818856,False,False
user23,1,DMTG_Inspired,unknown_user:session_0,T2_RandomForest,0.5377428068501084,0.2647589526164484,False,-0.06046970502224197,-0.0266543965351404,False,False
user23,1,DMTG_Inspired,unknown_user:session_1,T2_RandomForest,0.5377428068501084,0.31133785717964535,False,-0.06046970502224197,-0.035431587196691205,False,False
user23,1,DMTG_Inspired,unknown_user:session_2,T2_RandomForest,0.5377428068501084,0.2572501967281425,False,-0.06046970502224197,-0.011533804897818856,False,False
user23,1,DMTG_Inspired,unknown_user:session_3,T2_RandomForest,0.5377428068501084,0.2944545291680581,False,-0.06046970502224197,-0.02238263395776685,False,False
user23,1,DMTG_Inspired,unknown_user:session_4,T2_RandomForest,0.5377428068501084,0.26305348493573016,False,-0.06046970502224197,-0.0266543965351404,False,False
user23,1,DMTG_Inspired,unknown_user:session_5,T2_RandomForest,0.5377428068501084,0.23813871914907847,False,-0.06046970502224197,-0.03264073991063393,False,False
user23,1,DMTG_Inspired,unknown_user:session_6,T2_RandomForest,0.5377428068501084,0.3539269673669603,False,-0.06046970502224197,-0.02238263395776685,False,False
user23,1,DMTG_Inspired,unknown_user:session_7,T2_RandomForest,0.5377428068501084,0.2671922725719278,False,-0.06046970502224197,-0.035431587196691205,False,False
user23,1,DMTG_Inspired,unknown_user:session_8,T2_RandomForest,0.5377428068501084,0.3219160343333639,False,-0.06046970502224197,-0.02806981018463578,False,False
user23,1,DMTG_Inspired,unknown_user:session_9,T2_RandomForest,0.5377428068501084,0.3333877464229589,False,-0.06046970502224197,-0.02806981018463578,False,False
user23,1,DMTG_Inspired,unknown_user:session_10,T2_RandomForest,0.5377428068501084,0.29687974850224036,False,-0.06046970502224197,-0.020232317707827796,False,False
user23,1,DMTG_Inspired,unknown_user:session_11,T2_RandomForest,0.5377428068501084,0.2876175701680275,False,-0.06046970502224197,-0.02736263320444149,False,False
user23,1,DMTG_Inspired,unknown_user:session_12,T2_RandomForest,0.5377428068501084,0.31189369982956455,False,-0.06046970502224197,-0.03194041236781425,False,False
user23,1,DMTG_Inspired,unknown_user:session_13,T2_RandomForest,0.5377428068501084,0.25513288794468264,False,-0.06046970502224197,-0.01735016236286252,False,False
user23,1,DMTG_Inspired,unknown_user:session_14,T2_RandomForest,0.5377428068501084,0.2775159619577911,False,-0.06046970502224197,-0.03820576886971966,False,False
user23,1,DMTG_Inspired,unknown_user:session_15,T2_RandomForest,0.5377428068501084,0.33192501712316613,False,-0.06046970502224197,-0.02559005113988644,False,False
user23,1,DMTG_Inspired,unknown_user:session_16,T2_RandomForest,0.5377428068501084,0.3068630652756214,False,-0.06046970502224197,-0.02806981018463578,False,False
user23,1,DMTG_Inspired,unknown_user:session_17,T2_RandomForest,0.5377428068501084,0.25609812236162594,False,-0.06046970502224197,-0.01735016236286252,False,False
user23,1,DMTG_Inspired,unknown_user:session_18,T2_RandomForest,0.5377428068501084,0.2409218411334567,False,-0.06046970502224197,-0.024523312501488037,False,False
user23,1,DMTG_Inspired,unknown_user:session_19,T2_RandomForest,0.5377428068501084,0.3377621479671314,False,-0.06046970502224197,-0.021308683253420335,False,False
user29,1,Genuine,user29:session_0270940804,T2_RandomForest,0.3883791141289296,0.6620046092875863,True,0.06243317886228328,-0.06544706661333133,False,True
user29,1,Genuine,user29:session_0537801506,T2_RandomForest,0.3883791141289296,0.59396222447482,True,0.06243317886228328,-0.01568182056671602,False,True
user29,1,Genuine,user29:session_0743065918,T2_RandomForest,0.3883791141289296,0.20041060057116203,False,0.06243317886228328,-0.022557194672131964,False,False
user29,1,Genuine,user29:session_0838891042,T2_RandomForest,0.3883791141289296,0.4215808100165054,True,0.06243317886228328,-0.017409890868245625,False,True
user29,1,Genuine,user29:session_1076519237,T2_RandomForest,0.3883791141289296,0.6525762292055514,True,0.06243317886228328,-0.012497604304719412,False,True
user29,1,Genuine,user29:session_1164286300,T2_RandomForest,0.3883791141289296,0.3833923992697408,False,0.06243317886228328,0.028644179974224304,False,False
user29,1,Genuine,user29:session_1421795197,T2_RandomForest,0.3883791141289296,0.26786006955215413,False,0.06243317886228328,0.021450109736274037,False,False
user29,1,Genuine,user29:session_1778570235,T2_RandomForest,0.3883791141289296,0.6156786789802949,True,0.06243317886228328,-0.04423523675383839,False,True
user29,1,Genuine,user29:session_1819563622,T2_RandomForest,0.3883791141289296,0.2999545562695939,False,0.06243317886228328,0.04951636245626301,False,False
user29,1,Genuine,user29:session_1896830251,T2_RandomForest,0.3883791141289296,0.5469873129949003,True,0.06243317886228328,-0.008707438227095132,False,True
user29,1,Genuine,user29:session_1967235442,T2_RandomForest,0.3883791141289296,0.907316106338073,True,0.06243317886228328,-0.0368450175582572,False,True
user29,1,Genuine,user29:session_2007540735,T2_RandomForest,0.3883791141289296,0.2858353071194044,False,0.06243317886228328,0.0049420897503390515,False,False
user29,1,Genuine,user29:session_2035629884,T2_RandomForest,0.3883791141289296,0.543940113112,True,0.06243317886228328,0.02895920724856149,False,True
user29,1,Genuine,user29:session_2189267771,T2_RandomForest,0.3883791141289296,0.6743495181442677,True,0.06243317886228328,-0.04287563080651857,False,True
user29,1,Genuine,user29:session_2290361531,T2_RandomForest,0.3883791141289296,0.5976132476570274,True,0.06243317886228328,-0.020276317044816583,False,True
user29,1,Genuine,user29:session_2540441733,T2_RandomForest,0.3883791141289296,0.7411392556311046,True,0.06243317886228328,-0.0016326218936973391,False,True
user29,1,Genuine,user29:session_2617473265,T2_RandomForest,0.3883791141289296,0.6301939677295382,True,0.06243317886228328,-0.029895418241989324,False,True
user29,1,Genuine,user29:session_3016761703,T2_RandomForest,0.3883791141289296,0.24164467629382524,False,0.06243317886228328,-0.03352212578318464,False,False
user29,1,Genuine,user29:session_3161171774,T2_RandomForest,0.3883791141289296,0.8217914746337373,True,0.06243317886228328,-0.04369188030795934,False,True
user29,1,Genuine,user29:session_3163625589,T2_RandomForest,0.3883791141289296,0.308790201952268,False,0.06243317886228328,0.040426090725488195,False,False
user29,1,Genuine,user29:session_3839970917,T2_RandomForest,0.3883791141289296,0.27067395679571854,False,0.06243317886228328,0.03881872394184116,False,False
user29,1,Genuine,user29:session_3932398331,T2_RandomForest,0.3883791141289296,0.73694726968734,True,0.06243317886228328,-0.018558510911270476,False,True
user29,1,Genuine,user29:session_4262101552,T2_RandomForest,0.3883791141289296,0.5618366088620638,True,0.06243317886228328,0.0034402615509631085,False,True
user29,1,Genuine,user29:session_4746240778,T2_RandomForest,0.3883791141289296,0.37293593629249716,False,0.06243317886228328,-0.016546627825184068,False,False
user29,1,Genuine,user29:session_4814782358,T2_RandomForest,0.3883791141289296,0.8765146064215602,True,0.06243317886228328,-0.007241848206263057,False,True
user29,1,Genuine,user29:session_5290417223,T2_RandomForest,0.3883791141289296,0.7615452559753844,True,0.06243317886228328,0.015274022789274144,False,True
user29,1,Genuine,user29:session_5415060346,T2_RandomForest,0.3883791141289296,0.5906930001222547,True,0.06243317886228328,-0.0037065693649060982,False,True
user29,1,Genuine,user29:session_5623988336,T2_RandomForest,0.3883791141289296,0.6437417454116373,True,0.06243317886228328,-0.02113292028767666,False,True
user29,1,Genuine,user29:session_5894660899,T2_RandomForest,0.3883791141289296,0.19890537345828085,False,0.06243317886228328,-0.01683455361609254,False,False
user29,1,Genuine,user29:session_5924200824,T2_RandomForest,0.3883791141289296,0.7958823012561185,True,0.06243317886228328,0.0043408215996721955,False,True
user29,1,Genuine,user29:session_6527951269,T2_RandomForest,0.3883791141289296,0.5729170191781823,True,0.06243317886228328,0.00795919996427863,False,True
user29,1,Genuine,user29:session_6989962465,T2_RandomForest,0.3883791141289296,0.7318500679077216,True,0.06243317886228328,-0.004297538981587468,False,True
user29,1,Genuine,user29:session_7418988874,T2_RandomForest,0.3883791141289296,0.7836882212432332,True,0.06243317886228328,-0.01769730253367946,False,True
user29,1,Genuine,user29:session_7473209927,T2_RandomForest,0.3883791141289296,0.22062137564133855,False,0.06243317886228328,0.021760849952464634,False,False
user29,1,Genuine,user29:session_8082239300,T2_RandomForest,0.3883791141289296,0.671287742537304,True,0.06243317886228328,-0.022272679091875858,False,True
user29,1,Genuine,user29:session_8119180048,T2_RandomForest,0.3883791141289296,0.09947703010137786,False,0.06243317886228328,0.03625687507699715,False,False
user29,1,Genuine,user29:session_8423566466,T2_RandomForest,0.3883791141289296,0.6835817634250524,True,0.06243317886228328,-0.031851750561021464,False,True
user29,1,Genuine,user29:session_8604010887,T2_RandomForest,0.3883791141289296,0.16694534193906835,False,0.06243317886228328,0.04918909214978928,False,False
user29,1,Genuine,user29:session_8627031256,T2_RandomForest,0.3883791141289296,0.767287009014792,True,0.06243317886228328,-0.03712085442755625,False,True
user29,1,Genuine,user29:session_9046061162,T2_RandomForest,0.3883791141289296,0.6631229222557083,True,0.06243317886228328,-0.03518654102710128,False,True
user29,1,Genuine,user29:session_9197162417,T2_RandomForest,0.3883791141289296,0.4070366009747213,True,0.06243317886228328,0.033389351694304015,False,True
user29,1,Genuine,user29:session_9497021147,T2_RandomForest,0.3883791141289296,0.6302494081495847,True,0.06243317886228328,-0.0010384751997291053,False,True
user29,1,Genuine,user29:session_9673398856,T2_RandomForest,0.3883791141289296,0.18133171688907176,False,0.06243317886228328,0.046252416395220486,False,False
user29,1,HumanImpostor,user29:session_0228122983,T2_RandomForest,0.3883791141289296,0.09369998405518182,False,0.06243317886228328,0.007354339139688415,False,False
user29,1,HumanImpostor,user29:session_0305606782,T2_RandomForest,0.3883791141289296,0.5555719045959906,True,0.06243317886228328,0.013741464752344834,False,True
user29,1,HumanImpostor,user29:session_0508486473,T2_RandomForest,0.3883791141289296,0.09030529420894898,False,0.06243317886228328,0.0554406902107184,False,False
user29,1,HumanImpostor,user29:session_0843115603,T2_RandomForest,0.3883791141289296,0.18504291860379324,False,0.06243317886228328,-0.011043320845420923,False,False
user29,1,HumanImpostor,user29:session_2046923002,T2_RandomForest,0.3883791141289296,0.13325255716551085,False,0.06243317886228328,0.03561831832741158,False,False
user29,1,HumanImpostor,user29:session_2064160756,T2_RandomForest,0.3883791141289296,0.38380901255078015,False,0.06243317886228328,0.0070521788740344205,False,False
user29,1,HumanImpostor,user29:session_3147629890,T2_RandomForest,0.3883791141289296,0.4009348840595645,True,0.06243317886228328,-0.0016326218936973391,False,True
user29,1,HumanImpostor,user29:session_3172392634,T2_RandomForest,0.3883791141289296,0.038014780519933636,False,0.06243317886228328,0.04657793669101851,False,False
user29,1,HumanImpostor,user29:session_3660445831,T2_RandomForest,0.3883791141289296,0.01048972470520422,False,0.06243317886228328,-0.00636039644510672,False,False
user29,1,HumanImpostor,user29:session_5487557068,T2_RandomForest,0.3883791141289296,0.3386536517261076,False,0.06243317886228328,0.001345203360526015,False,False
user29,1,HumanImpostor,user29:session_5746562839,T2_RandomForest,0.3883791141289296,0.09043650895633436,False,0.06243317886228328,-0.013078105851045796,False,False
user29,1,HumanImpostor,user29:session_6007924250,T2_RandomForest,0.3883791141289296,0.39412616426894403,True,0.06243317886228328,0.0025413095584863044,False,True
user29,1,HumanImpostor,user29:session_6056134961,T2_RandomForest,0.3883791141289296,0.15634650676182882,False,0.06243317886228328,-0.010168669204649317,False,False
user29,1,HumanImpostor,user29:session_6982446047,T2_RandomForest,0.3883791141289296,0.3401268497607598,False,0.06243317886228328,0.0378565995301402,False,False
user29,1,HumanImpostor,user29:session_7011327614,T2_RandomForest,0.3883791141289296,0.3514498644229583,False,0.06243317886228328,-0.004002142189014235,False,False
user29,1,HumanImpostor,user29:session_7648037009,T2_RandomForest,0.3883791141289296,0.2709377503506095,False,0.06243317886228328,0.033389351694304015,False,False
user29,1,HumanImpostor,user29:session_8407883787,T2_RandomForest,0.3883791141289296,0.33886400744769923,False,0.06243317886228328,-0.002522515654188262,False,False
user29,1,HumanImpostor,user29:session_9518245436,T2_RandomForest,0.3883791141289296,0.1337473001725649,False,0.06243317886228328,0.0010466218995126564,False,False
user29,1,HumanImpostor,user29:session_9551087650,T2_RandomForest,0.3883791141289296,0.3104336317354495,False,0.06243317886228328,0.013435500566189917,False,False
user29,1,HumanImpostor,user29:session_9951071945,T2_RandomForest,0.3883791141289296,0.14133265569575063,False,0.06243317886228328,0.023629183787415853,False,False
user29,1,WindMouse,windmouse:0,T2_RandomForest,0.3883791141289296,0.20444210676635577,False,0.06243317886228328,0.011908410769234767,False,False
user29,1,WindMouse,windmouse:1,T2_RandomForest,0.3883791141289296,0.19124517208622815,False,0.06243317886228328,0.021450109736274037,False,False
user29,1,WindMouse,windmouse:2,T2_RandomForest,0.3883791141289296,0.23717082904938647,False,0.06243317886228328,-0.010460393456559247,False,False
user29,1,WindMouse,windmouse:3,T2_RandomForest,0.3883791141289296,0.19908420304657745,False,0.06243317886228328,0.006146777376974333,False,False
user29,1,WindMouse,windmouse:4,T2_RandomForest,0.3883791141289296,0.2202055171267947,False,0.06243317886228328,-0.008121726031289467,False,False
user29,1,WindMouse,windmouse:5,T2_RandomForest,0.3883791141289296,0.20573791924428014,False,0.06243317886228328,-0.008121726031289467,False,False
user29,1,WindMouse,windmouse:6,T2_RandomForest,0.3883791141289296,0.22951180288550452,False,0.06243317886228328,-0.011334524189255901,False,False
user29,1,WindMouse,windmouse:7,T2_RandomForest,0.3883791141289296,0.21464341132188303,False,0.06243317886228328,0.002840781727081465,False,False
user29,1,WindMouse,windmouse:8,T2_RandomForest,0.3883791141289296,0.19734534607450474,False,0.06243317886228328,0.0010466218995126564,False,False
user29,1,WindMouse,windmouse:9,T2_RandomForest,0.3883791141289296,0.2374193515538531,False,0.06243317886228328,-0.0069482059732688395,False,False
user29,1,WindMouse,windmouse:10,T2_RandomForest,0.3883791141289296,0.22221894428264816,False,0.06243317886228328,-0.0013356370356571445,False,False
user29,1,WindMouse,windmouse:11,T2_RandomForest,0.3883791141289296,0.24648782906034886,False,0.06243317886228328,-0.013078105851045796,False,False
user29,1,WindMouse,windmouse:12,T2_RandomForest,0.3883791141289296,0.23283051677156477,False,0.06243317886228328,0.011908410769234767,False,False
user29,1,WindMouse,windmouse:13,T2_RandomForest,0.3883791141289296,0.21354827418262948,False,0.06243317886228328,-0.0010384751997291053,False,False
user29,1,WindMouse,windmouse:14,T2_RandomForest,0.3883791141289296,0.1991555494158064,False,0.06243317886228328,-0.0010384751997291053,False,False
user29,1,WindMouse,windmouse:15,T2_RandomForest,0.3883791141289296,0.22051180654386596,False,0.06243317886228328,0.008867843544855147,False,False
user29,1,WindMouse,windmouse:16,T2_RandomForest,0.3883791141289296,0.22845110401310378,False,0.06243317886228328,0.013129718600255913,False,False
user29,1,WindMouse,windmouse:17,T2_RandomForest,0.3883791141289296,0.21319649956138154,False,0.06243317886228328,-0.003114895202422918,False,False
user29,1,WindMouse,windmouse:18,T2_RandomForest,0.3883791141289296,0.2344320739177148,False,0.06243317886228328,0.0010466218995126564,False,False
user29,1,WindMouse,windmouse:19,T2_RandomForest,0.3883791141289296,0.22552135377254853,False,0.06243317886228328,-0.011043320845420923,False,False
user29,1,SapiAgent,sapiagent:0,T2_RandomForest,0.3883791141289296,0.32037242477205113,False,0.06243317886228328,-0.013078105851045796,False,False
user29,1,SapiAgent,sapiagent:1,T2_RandomForest,0.3883791141289296,0.34413866076816896,False,0.06243317886228328,-0.010460393456559247,False,False
user29,1,SapiAgent,sapiagent:2,T2_RandomForest,0.3883791141289296,0.3008897431803778,False,0.06243317886228328,-0.011043320845420923,False,False
user29,1,SapiAgent,sapiagent:3,T2_RandomForest,0.3883791141289296,0.3209187720223577,False,0.06243317886228328,-0.012497604304719412,False,False
user29,1,SapiAgent,sapiagent:4,T2_RandomForest,0.3883791141289296,0.3220197853067884,False,0.06243317886228328,-0.017122307929738012,False,False
user29,1,SapiAgent,sapiagent:5,T2_RandomForest,0.3883791141289296,0.3130382401152025,False,0.06243317886228328,-0.0034108204043630796,False,False
user29,1,SapiAgent,sapiagent:6,T2_RandomForest,0.3883791141289296,0.31996471332826726,False,0.06243317886228328,-0.008414669361948346,False,False
user29,1,SapiAgent,sapiagent:7,T2_RandomForest,0.3883791141289296,0.34834909709934436,False,0.06243317886228328,-0.010751943968992317,False,False
user29,1,SapiAgent,sapiagent:8,T2_RandomForest,0.3883791141289296,0.3255609322654866,False,0.06243317886228328,-0.00014592676966568296,False,False
user29,1,SapiAgent,sapiagent:9,T2_RandomForest,0.3883791141289296,0.2976696889031852,False,0.06243317886228328,-0.012787941534593172,False,False
user29,1,SapiAgent,sapiagent:10,T2_RandomForest,0.3883791141289296,0.29734695834622354,False,0.06243317886228328,0.0037402694190072916,False,False
user29,1,SapiAgent,sapiagent:11,T2_RandomForest,0.3883791141289296,0.32131544699129616,False,0.06243317886228328,-0.009000032730634544,False,False
user29,1,SapiAgent,sapiagent:12,T2_RandomForest,0.3883791141289296,0.2671384284211667,False,0.06243317886228328,-0.012207094058382661,False,False
user29,1,SapiAgent,sapiagent:13,T2_RandomForest,0.3883791141289296,0.33212898251054573,False,0.06243317886228328,-0.012207094058382661,False,False
user29,1,SapiAgent,sapiagent:14,T2_RandomForest,0.3883791141289296,0.30112669937163455,False,0.06243317886228328,0.00224201574372207,False,False
user29,1,SapiAgent,sapiagent:15,T2_RandomForest,0.3883791141289296,0.27775749264807864,False,0.06243317886228328,-0.012207094058382661,False,False
user29,1,SapiAgent,sapiagent:16,T2_RandomForest,0.3883791141289296,0.29379966492211623,False,0.06243317886228328,-0.008121726031289467,False,False
user29,1,SapiAgent,sapiagent:17,T2_RandomForest,0.3883791141289296,0.29222995806358704,False,0.06243317886228328,-0.0019294298792508213,False,False
user29,1,SapiAgent,sapiagent:18,T2_RandomForest,0.3883791141289296,0.28030766093561843,False,0.06243317886228328,-0.014526337334160921,False,False
user29,1,SapiAgent,sapiagent:19,T2_RandomForest,0.3883791141289296,0.28276879130828175,False,0.06243317886228328,-0.012787941534593172,False,False
user29,1,DMTG_Inspired,unknown_user:session_0,T2_RandomForest,0.3883791141289296,0.2102401041800046,False,0.06243317886228328,0.00224201574372207,False,False
user29,1,DMTG_Inspired,unknown_user:session_1,T2_RandomForest,0.3883791141289296,0.21249759505144897,False,0.06243317886228328,-0.007241848206263057,False,False
user29,1,DMTG_Inspired,unknown_user:session_2,T2_RandomForest,0.3883791141289296,0.20726279157930372,False,0.06243317886228328,-0.0069482059732688395,False,False
user29,1,DMTG_Inspired,unknown_user:session_3,T2_RandomForest,0.3883791141289296,0.2903716755232018,False,0.06243317886228328,-0.02397723289668363,False,False
user29,1,DMTG_Inspired,unknown_user:session_4,T2_RandomForest,0.3883791141289296,0.2576289995059636,False,0.06243317886228328,-0.016546627825184068,False,False
user29,1,DMTG_Inspired,unknown_user:session_5,T2_RandomForest,0.3883791141289296,0.26721802290672186,False,0.06243317886228328,-0.015970261402773078,False,False
user29,1,DMTG_Inspired,unknown_user:session_6,T2_RandomForest,0.3883791141289296,0.2184899269302276,False,0.06243317886228328,-0.004887804891416714,False,False
user29,1,DMTG_Inspired,unknown_user:session_7,T2_RandomForest,0.3883791141289296,0.25604176901066306,False,0.06243317886228328,-0.004297538981587468,False,False
user29,1,DMTG_Inspired,unknown_user:session_8,T2_RandomForest,0.3883791141289296,0.28752880625721283,False,0.06243317886228328,-0.02284154080611217,False,False
user29,1,DMTG_Inspired,unknown_user:session_9,T2_RandomForest,0.3883791141289296,0.19002639174645655,False,0.06243317886228328,0.00464136612543109,False,False
user29,1,DMTG_Inspired,unknown_user:session_10,T2_RandomForest,0.3883791141289296,0.25248549071160337,False,0.06243317886228328,-0.004592759847463268,False,False
user29,1,DMTG_Inspired,unknown_user:session_11,T2_RandomForest,0.3883791141289296,0.2520316048014161,False,0.06243317886228328,-0.02056202157969461,False,False
user29,1,DMTG_Inspired,unknown_user:session_12,T2_RandomForest,0.3883791141289296,0.2284588965207984,False,0.06243317886228328,-0.01683455361609254,False,False
user29,1,DMTG_Inspired,unknown_user:session_13,T2_RandomForest,0.3883791141289296,0.2960091480207183,False,0.06243317886228328,-0.025110221909273978,False,False
user29,1,DMTG_Inspired,unknown_user:session_14,T2_RandomForest,0.3883791141289296,0.2389662841649883,False,0.06243317886228328,-0.013078105851045796,False,False
user29,1,DMTG_Inspired,unknown_user:session_15,T2_RandomForest,0.3883791141289296,0.2057619215639143,False,0.06243317886228328,-0.01941818149968144,False,False
user29,1,DMTG_Inspired,unknown_user:session_16,T2_RandomForest,0.3883791141289296,0.22831784683493506,False,0.06243317886228328,-0.031851750561021464,False,False
user29,1,DMTG_Inspired,unknown_user:session_17,T2_RandomForest,0.3883791141289296,0.26286790257844883,False,0.06243317886228328,-0.009000032730634544,False,False
user29,1,DMTG_Inspired,unknown_user:session_18,T2_RandomForest,0.3883791141289296,0.2143554273167081,False,0.06243317886228328,-0.018845238503837403,False,False
user29,1,DMTG_Inspired,unknown_user:session_19,T2_RandomForest,0.3883791141289296,0.18897044466670943,False,0.06243317886228328,-0.006654388754309015,False,False
user35,1,Genuine,user35:session_0029922803,T2_RandomForest,0.5658402696217407,0.606162103718934,True,-0.03194041236781425,-0.002305108309810955,True,False
user35,1,Genuine,user35:session_0458723853,T2_RandomForest,0.5658402696217407,0.5096650936270694,False,-0.03194041236781425,-0.0045357742187775996,False,False
user35,1,Genuine,user35:session_1129865931,T2_RandomForest,0.5658402696217407,0.5350529479027043,False,-0.03194041236781425,-0.02095016332180971,False,False
user35,1,Genuine,user35:session_1306722148,T2_RandomForest,0.5658402696217407,0.48933189886530454,False,-0.03194041236781425,-0.01735016236286252,False,False
user35,1,Genuine,user35:session_2069574400,T2_RandomForest,0.5658402696217407,0.6267102780433476,True,-0.03194041236781425,-0.04096338444883629,False,True
user35,1,Genuine,user35:session_2110642502,T2_RandomForest,0.5658402696217407,0.5299506940164438,False,-0.03194041236781425,-0.03438697783024047,False,False
user35,1,Genuine,user35:session_2363410078,T2_RandomForest,0.5658402696217407,0.5052027411588811,False,-0.03194041236781425,-0.015177189052654583,False,False
user35,1,Genuine,user35:session_2751916214,T2_RandomForest,0.5658402696217407,0.44354083758917506,False,-0.03194041236781425,-0.022740081831242598,False,False
user35,1,Genuine,user35:session_3101765401,T2_RandomForest,0.5658402696217407,0.6494728055943872,True,-0.03194041236781425,-0.005277105564112816,True,False
user35,1,Genuine,user35:session_3170574491,T2_RandomForest,0.5658402696217407,0.5016684966895057,False,-0.03194041236781425,-0.043704532858877265,False,False
user35,1,Genuine,user35:session_3212035675,T2_RandomForest,0.5658402696217407,0.6014335033389994,True,-0.03194041236781425,0.0029389124972935,True,False
user35,1,Genuine,user35:session_3535166347,T2_RandomForest,0.5658402696217407,0.5026061424179359,False,-0.03194041236781425,-0.018432994064523645,False,False
user35,1,Genuine,user35:session_3635374508,T2_RandomForest,0.5658402696217407,0.6075493374929977,True,-0.03194041236781425,-0.0011860121096258225,True,False
user35,1,Genuine,user35:session_3876999904,T2_RandomForest,0.5658402696217407,0.6009247141369535,True,-0.03194041236781425,-0.030887952889677828,True,False
user35,1,Genuine,user35:session_3981019566,T2_RandomForest,0.5658402696217407,0.5102389323274745,False,-0.03194041236781425,-0.019153531891076714,False,False
user35,1,Genuine,user35:session_4518223786,T2_RandomForest,0.5658402696217407,0.4568212084907988,False,-0.03194041236781425,0.00785782311234251,False,False
user35,1,Genuine,user35:session_5016669083,T2_RandomForest,0.5658402696217407,0.6861282953783711,True,-0.03194041236781425,-0.036820755000919025,False,True
user35,1,Genuine,user35:session_5160736279,T2_RandomForest,0.5658402696217407,0.3852401420340847,False,-0.03194041236781425,-0.024879158295459003,False,False
user35,1,Genuine,user35:session_5248409822,T2_RandomForest,0.5658402696217407,0.34744007565756146,False,-0.03194041236781425,-0.020232317707827796,False,False
user35,1,Genuine,user35:session_5425983208,T2_RandomForest,0.5658402696217407,0.6815200840469223,True,-0.03194041236781425,-0.010068796439395844,True,False
user35,1,Genuine,user35:session_6278669958,T2_RandomForest,0.5658402696217407,0.5973063539765608,True,-0.03194041236781425,-0.015540029466565075,True,False
user35,1,Genuine,user35:session_6829066411,T2_RandomForest,0.5658402696217407,0.4938227446336716,False,-0.03194041236781425,-0.01262968567928946,False,False
user35,1,Genuine,user35:session_7388997727,T2_RandomForest,0.5658402696217407,0.6525457262401625,True,-0.03194041236781425,-0.010068796439395844,True,False
user35,1,Genuine,user35:session_7667901628,T2_RandomForest,0.5658402696217407,0.6140843169518119,True,-0.03194041236781425,-0.025945098588811832,True,False
user35,1,Genuine,user35:session_7768986100,T2_RandomForest,0.5658402696217407,0.724381948149283,True,-0.03194041236781425,-0.01372310783680769,True,False
user35,1,Genuine,user35:session_7970857766,T2_RandomForest,0.5658402696217407,0.5576671848906313,False,-0.03194041236781425,-0.019872991623090308,False,False
user35,1,Genuine,user35:session_7997263430,T2_RandomForest,0.5658402696217407,0.7727468076536687,True,-0.03194041236781425,-0.011533804897818856,True,False
user35,1,Genuine,user35:session_8015250878,T2_RandomForest,0.5658402696217407,0.5069045743063844,False,-0.03194041236781425,-0.046768763821748716,False,False
user35,1,Genuine,user35:session_8042510915,T2_RandomForest,0.5658402696217407,0.4751813913515686,False,-0.03194041236781425,-0.010801849078432735,False,False
user35,1,Genuine,user35:session_8214714439,T2_RandomForest,0.5658402696217407,0.6270609031836538,True,-0.03194041236781425,-0.004164692074338783,True,False
user35,1,Genuine,user35:session_9020534315,T2_RandomForest,0.5658402696217407,0.5989366839686029,True,-0.03194041236781425,-0.015902598331441697,True,False
user35,1,Genuine,user35:session_9183184177,T2_RandomForest,0.5658402696217407,0.5868339870428481,True,-0.03194041236781425,-0.004906578646087956,True,False
user35,1,Genuine,user35:session_9629836105,T2_RandomForest,0.5658402696217407,0.5591216266921482,False,-0.03194041236781425,0.003315592871899642,False,False
user35,1,Genuine,user35:session_9653209270,T2_RandomForest,0.5658402696217407,0.4373703043141,False,-0.03194041236781425,-0.018072320361045335,False,False
user35,1,Genuine,user35:session_9716805694,T2_RandomForest,0.5658402696217407,0.5767613896592371,True,-0.03194041236781425,-0.015902598331441697,True,False
user35,1,HumanImpostor,user35:session_0111356050,T2_RandomForest,0.5658402696217407,0.23531950388895337,False,-0.03194041236781425,-0.0008124211323748964,False,False
user35,1,HumanImpostor,user35:session_0376544801,T2_RandomForest,0.5658402696217407,0.5940212480454787,True,-0.03194041236781425,-0.023454175238597608,True,False
user35,1,HumanImpostor,user35:session_0402994139,T2_RandomForest,0.5658402696217407,0.14276532823681515,False,-0.03194041236781425,-0.0004385503509852229,False,False
user35,1,HumanImpostor,user35:session_0493270999,T2_RandomForest,0.5658402696217407,0.6287742979486198,True,-0.03194041236781425,0.003692555364475103,True,False
user35,1,HumanImpostor,user35:session_0841557171,T2_RandomForest,0.5658402696217407,0.03307950593545818,False,-0.03194041236781425,-0.009334645337148173,False,False
user35,1,HumanImpostor,user35:session_0989732540,T2_RandomForest,0.5658402696217407,0.15792548647973123,False,-0.03194041236781425,-0.010435459964035443,False,False
user35,1,HumanImpostor,user35:session_1553613542,T2_RandomForest,0.5658402696217407,0.348568883267621,False,-0.03194041236781425,-0.0144506927640633,False,False
user35,1,HumanImpostor,user35:session_1893250984,T2_RandomForest,0.5658402696217407,0.3332359200686092,False,-0.03194041236781425,-0.012264665538655073,False,False
user35,1,HumanImpostor,user35:session_2272584671,T2_RandomForest,0.5658402696217407,0.4037690002067747,False,-0.03194041236781425,-0.009334645337148173,False,False
user35,1,HumanImpostor,user35:session_2381827805,T2_RandomForest,0.5658402696217407,0.4228833083297565,False,-0.03194041236781425,-0.012264665538655073,False,False
user35,1,HumanImpostor,user35:session_2389761713,T2_RandomForest,0.5658402696217407,0.23159095366250204,False,-0.03194041236781425,-0.006756442294773679,False,False
user35,1,HumanImpostor,user35:session_2412921544,T2_RandomForest,0.5658402696217407,0.2166085419657253,False,-0.03194041236781425,-0.017711376527930256,False,False
user35,1,HumanImpostor,user35:session_2426108754,T2_RandomForest,0.5658402696217407,0.25686512134389067,False,-0.03194041236781425,0.014362907262167268,False,False
user35,1,HumanImpostor,user35:session_2585594441,T2_RandomForest,0.5658402696217407,0.4238138489901967,False,-0.03194041236781425,-0.022740081831242598,False,False
user35,1,HumanImpostor,user35:session_2689331954,T2_RandomForest,0.5658402696217407,0.47738778058666026,False,-0.03194041236781425,-0.027008647430118604,False,False
user35,1,HumanImpostor,user35:session_2751066909,T2_RandomForest,0.5658402696217407,0.21692693858020212,False,-0.03194041236781425,-0.006756442294773679,False,False
user35,1,HumanImpostor,user35:session_2809105327,T2_RandomForest,0.5658402696217407,0.24381599020174358,False,-0.03194041236781425,-0.01262968567928946,False,False
user35,1,HumanImpostor,user35:session_2878525110,T2_RandomForest,0.5658402696217407,0.24126952962442189,False,-0.03194041236781425,-0.01372310783680769,False,False
user35,1,HumanImpostor,user35:session_3028558496,T2_RandomForest,0.5658402696217407,0.31534976714088153,False,-0.03194041236781425,-0.01262968567928946,False,False
user35,1,HumanImpostor,user35:session_3097489009,T2_RandomForest,0.5658402696217407,0.3065304965961801,False,-0.03194041236781425,0.002186397257600503,False,False
user35,1,HumanImpostor,user35:session_3116416990,T2_RandomForest,0.5658402696217407,0.17262295128331073,False,-0.03194041236781425,-0.010801849078432735,False,False
user35,1,HumanImpostor,user35:session_3182721337,T2_RandomForest,0.5658402696217407,0.28875290711164703,False,-0.03194041236781425,0.0029389124972935,False,False
user35,1,HumanImpostor,user35:session_3203109772,T2_RandomForest,0.5658402696217407,0.22960683882882837,False,-0.03194041236781425,-0.010068796439395844,False,False
user35,1,HumanImpostor,user35:session_3669155019,T2_RandomForest,0.5658402696217407,0.3800301180904031,False,-0.03194041236781425,-0.016264895850511052,False,False
user35,1,HumanImpostor,user35:session_3696132790,T2_RandomForest,0.5658402696217407,0.00019512664469727945,False,-0.03194041236781425,-0.0034216938019253074,False,False
user35,1,HumanImpostor,user35:session_3762712464,T2_RandomForest,0.5658402696217407,0.19056587507929285,False,-0.03194041236781425,0.0006847429144181127,False,False
user35,1,HumanImpostor,user35:session_4251225905,T2_RandomForest,0.5658402696217407,0.40134470647175446,False,-0.03194041236781425,0.013208926842596891,False,False
user35,1,HumanImpostor,user35:session_4289581476,T2_RandomForest,0.5658402696217407,0.3826916296182561,False,-0.03194041236781425,0.010908727108986271,False,False
user35,1,HumanImpostor,user35:session_4331334148,T2_RandomForest,0.5658402696217407,0.3675944793038388,False,-0.03194041236781425,0.0003100314626141021,False,False
user35,1,HumanImpostor,user35:session_4481103124,T2_RandomForest,0.5658402696217407,0.048636520982183115,False,-0.03194041236781425,-0.010068796439395844,False,False
user35,1,HumanImpostor,user35:session_4559429580,T2_RandomForest,0.5658402696217407,0.11462590899721244,False,-0.03194041236781425,0.008238187546875553,False,False
user35,1,HumanImpostor,user35:session_4767254104,T2_RandomForest,0.5658402696217407,0.3936271312092204,False,-0.03194041236781425,-0.016626922226847862,False,False
user35,1,HumanImpostor,user35:session_5013714842,T2_RandomForest,0.5658402696217407,0.46563823706682317,False,-0.03194041236781425,-0.006756442294773679,False,False
user35,1,HumanImpostor,user35:session_5445301341,T2_RandomForest,0.5658402696217407,0.0831126397023464,False,-0.03194041236781425,0.0014350079581993969,False,False
user35,1,HumanImpostor,user35:session_5517823185,T2_RandomForest,0.5658402696217407,0.29165146779900714,False,-0.03194041236781425,-0.023810821172739804,False,False
user35,1,HumanImpostor,user35:session_5527782146,T2_RandomForest,0.5658402696217407,0.6995890233132034,True,-0.03194041236781425,-0.024879158295459003,True,False
user35,1,HumanImpostor,user35:session_5690417333,T2_RandomForest,0.5658402696217407,0.35131748919799066,False,-0.03194041236781425,-0.006017327702899977,False,False
user35,1,HumanImpostor,user35:session_5811752669,T2_RandomForest,0.5658402696217407,0.5105173434578024,False,-0.03194041236781425,-0.006017327702899977,False,False
user35,1,HumanImpostor,user35:session_5931589642,T2_RandomForest,0.5658402696217407,0.3521869299818718,False,-0.03194041236781425,-0.02095016332180971,False,False
user35,1,HumanImpostor,user35:session_6051914984,T2_RandomForest,0.5658402696217407,0.2842635466047463,False,-0.03194041236781425,-0.004906578646087956,False,False
user35,1,HumanImpostor,user35:session_6295392963,T2_RandomForest,0.5658402696217407,0.2303895387588181,False,-0.03194041236781425,-0.016264895850511052,False,False
user35,1,HumanImpostor,user35:session_6425950736,T2_RandomForest,0.5658402696217407,0.5592029715477762,False,-0.03194041236781425,-0.043362786489242855,False,False
user35,1,HumanImpostor,user35:session_6452949084,T2_RandomForest,0.5658402696217407,0.5701494838438674,True,-0.03194041236781425,-0.02238263395776685,True,False
user35,1,HumanImpostor,user35:session_6479266110,T2_RandomForest,0.5658402696217407,0.45049194152530997,False,-0.03194041236781425,0.004825137663754142,False,False
user35,1,HumanImpostor,user35:session_6480157843,T2_RandomForest,0.5658402696217407,0.3437885819727951,False,-0.03194041236781425,-0.008967157348034382,False,False
user35,1,HumanImpostor,user35:session_6497918859,T2_RandomForest,0.5658402696217407,0.5369386633248828,False,-0.03194041236781425,-0.0045357742187775996,False,False
user35,1,HumanImpostor,user35:session_6637610294,T2_RandomForest,0.5658402696217407,0.03410916290706745,False,-0.03194041236781425,-0.006387023338570885,False,False
user35,1,HumanImpostor,user35:session_6816047521,T2_RandomForest,0.5658402696217407,0.1394580454307873,False,-0.03194041236781425,-0.0004385503509852229,False,False
user35,1,HumanImpostor,user35:session_6933816157,T2_RandomForest,0.5658402696217407,0.21935054773758822,False,-0.03194041236781425,0.003692555364475103,False,False
user35,1,HumanImpostor,user35:session_6970752744,T2_RandomForest,0.5658402696217407,0.2310332781015959,False,-0.03194041236781425,-0.004164692074338783,False,False
user35,1,HumanImpostor,user35:session_7093950723,T2_RandomForest,0.5658402696217407,0.21663039343525226,False,-0.03194041236781425,-0.004906578646087956,False,False
user35,1,HumanImpostor,user35:session_7100038229,T2_RandomForest,0.5658402696217407,0.3922398248740569,False,-0.03194041236781425,0.013208926842596891,False,False
user35,1,HumanImpostor,user35:session_7177007633,T2_RandomForest,0.5658402696217407,0.4248048405890778,False,-0.03194041236781425,0.0025625140295199023,False,False
user35,1,HumanImpostor,user35:session_7217479988,T2_RandomForest,0.5658402696217407,0.4190905405731377,False,-0.03194041236781425,-0.0144506927640633,False,False
user35,1,HumanImpostor,user35:session_7273363943,T2_RandomForest,0.5658402696217407,0.3603770432806961,False,-0.03194041236781425,-0.035431587196691205,False,False
user35,1,HumanImpostor,user35:session_7326699927,T2_RandomForest,0.5658402696217407,0.3702070071721462,False,-0.03194041236781425,-0.011899372013082832,False,False
user35,1,HumanImpostor,user35:session_7354123043,T2_RandomForest,0.5658402696217407,0.3431733985613046,False,-0.03194041236781425,0.005203230742735876,False,False
user35,1,HumanImpostor,user35:session_7370016891,T2_RandomForest,0.5658402696217407,0.3998369200223492,False,-0.03194041236781425,-0.025945098588811832,False,False
user35,1,HumanImpostor,user35:session_7437771065,T2_RandomForest,0.5658402696217407,0.38825230781976805,False,-0.03194041236781425,-0.015177189052654583,False,False
user35,1,HumanImpostor,user35:session_7534749559,T2_RandomForest,0.5658402696217407,0.34090537111073305,False,-0.03194041236781425,0.0025625140295199023,False,False
user35,1,HumanImpostor,user35:session_7788563873,T2_RandomForest,0.5658402696217407,0.26359783200882353,False,-0.03194041236781425,-0.013358906623994637,False,False
user35,1,HumanImpostor,user35:session_8185572921,T2_RandomForest,0.5658402696217407,0.6486572045582926,True,-0.03194041236781425,0.0014350079581993969,True,False
user35,1,HumanImpostor,user35:session_8281638783,T2_RandomForest,0.5658402696217407,0.04107206509098582,False,-0.03194041236781425,-0.011899372013082832,False,False
user35,1,HumanImpostor,user35:session_8340206664,T2_RandomForest,0.5658402696217407,0.38135181220622894,False,-0.03194041236781425,-0.01372310783680769,False,False
user35,1,HumanImpostor,user35:session_8478632285,T2_RandomForest,0.5658402696217407,0.06959300144056352,False,-0.03194041236781425,0.00406980018631431,False,False
user35,1,HumanImpostor,user35:session_8639984402,T2_RandomForest,0.5658402696217407,0.6387031479811395,True,-0.03194041236781425,-0.02238263395776685,True,False
user35,1,HumanImpostor,user35:session_8728901791,T2_RandomForest,0.5658402696217407,0.20238453984508661,False,-0.03194041236781425,-0.01879339784052969,False,False
user35,1,HumanImpostor,user35:session_9127961354,T2_RandomForest,0.5658402696217407,0.23799960564164607,False,-0.03194041236781425,0.012441045239087845,False,False
user35,1,HumanImpostor,user35:session_9525615730,T2_RandomForest,0.5658402696217407,0.49387291219696644,False,-0.03194041236781425,-0.013358906623994637,False,False
user35,1,HumanImpostor,user35:session_9667273084,T2_RandomForest,0.5658402696217407,0.624409093563673,True,-0.03194041236781425,-0.012264665538655073,True,False
user35,1,HumanImpostor,user35:session_9674716665,T2_RandomForest,0.5658402696217407,0.4561961674570979,False,-0.03194041236781425,-0.018072320361045335,False,False
user35,1,WindMouse,windmouse:0,T2_RandomForest,0.5658402696217407,0.11157254827077324,False,-0.03194041236781425,-0.0015593234921428278,False,False
user35,1,WindMouse,windmouse:1,T2_RandomForest,0.5658402696217407,0.16078577194742785,False,-0.03194041236781425,0.010526364048030978,False,False
user35,1,WindMouse,windmouse:2,T2_RandomForest,0.5658402696217407,0.11397676217045603,False,-0.03194041236781425,0.0010597350095498115,False,False
user35,1,WindMouse,windmouse:3,T2_RandomForest,0.5658402696217407,0.14713234275023854,False,-0.03194041236781425,0.004825137663754142,False,False
user35,1,WindMouse,windmouse:4,T2_RandomForest,0.5658402696217407,0.14827177612606432,False,-0.03194041236781425,0.0006847429144181127,False,False
user35,1,WindMouse,windmouse:5,T2_RandomForest,0.5658402696217407,0.14364474018547152,False,-0.03194041236781425,-0.002677582162988801,False,False
user35,1,WindMouse,windmouse:6,T2_RandomForest,0.5658402696217407,0.14034349567252052,False,-0.03194041236781425,-0.0019323554891739758,False,False
user35,1,WindMouse,windmouse:7,T2_RandomForest,0.5658402696217407,0.1368248201551796,False,-0.03194041236781425,0.004825137663754142,False,False
user35,1,WindMouse,windmouse:8,T2_RandomForest,0.5658402696217407,0.13706476669101728,False,-0.03194041236781425,-0.0011860121096258225,False,False
user35,1,WindMouse,windmouse:9,T2_RandomForest,0.5658402696217407,0.14967826645353302,False,-0.03194041236781425,0.003692555364475103,False,False
user35,1,WindMouse,windmouse:10,T2_RandomForest,0.5658402696217407,0.1379756941127343,False,-0.03194041236781425,0.008999771260834177,False,False
user35,1,WindMouse,windmouse:11,T2_RandomForest,0.5658402696217407,0.1383309144096084,False,-0.03194041236781425,0.004447327548870228,False,False
user35,1,WindMouse,windmouse:12,T2_RandomForest,0.5658402696217407,0.0938685993177838,False,-0.03194041236781425,-0.0008124211323748964,False,False
user35,1,WindMouse,windmouse:13,T2_RandomForest,0.5658402696217407,0.13952625059516158,False,-0.03194041236781425,-0.0019323554891739758,False,False
user35,1,WindMouse,windmouse:14,T2_RandomForest,0.5658402696217407,0.14965151051715828,False,-0.03194041236781425,0.003315592871899642,False,False
user35,1,WindMouse,windmouse:15,T2_RandomForest,0.5658402696217407,0.11056194068922354,False,-0.03194041236781425,0.0003100314626141021,False,False
user35,1,WindMouse,windmouse:16,T2_RandomForest,0.5658402696217407,0.11870787368891304,False,-0.03194041236781425,0.0059602666408649085,False,False
user35,1,WindMouse,windmouse:17,T2_RandomForest,0.5658402696217407,0.10855334701486946,False,-0.03194041236781425,0.00406980018631431,False,False
user35,1,WindMouse,windmouse:18,T2_RandomForest,0.5658402696217407,0.13349190335031394,False,-0.03194041236781425,0.010526364048030978,False,False
user35,1,WindMouse,windmouse:19,T2_RandomForest,0.5658402696217407,0.12629952274760536,False,-0.03194041236781425,0.0025625140295199023,False,False
user35,1,SapiAgent,sapiagent:0,T2_RandomForest,0.5658402696217407,0.2256099338501252,False,-0.03194041236781425,0.0059602666408649085,False,False
user35,1,SapiAgent,sapiagent:1,T2_RandomForest,0.5658402696217407,0.22097357363525919,False,-0.03194041236781425,0.004447327548870228,False,False
user35,1,SapiAgent,sapiagent:2,T2_RandomForest,0.5658402696217407,0.24633380236205427,False,-0.03194041236781425,0.004825137663754142,False,False
user35,1,SapiAgent,sapiagent:3,T2_RandomForest,0.5658402696217407,0.23034630212489673,False,-0.03194041236781425,0.0025625140295199023,False,False
user35,1,SapiAgent,sapiagent:4,T2_RandomForest,0.5658402696217407,0.22354864626621426,False,-0.03194041236781425,-6.439955589510049e-05,False,False
user35,1,SapiAgent,sapiagent:5,T2_RandomForest,0.5658402696217407,0.22785711580956294,False,-0.03194041236781425,0.0067184369405893785,False,False
user35,1,SapiAgent,sapiagent:6,T2_RandomForest,0.5658402696217407,0.21137530349161185,False,-0.03194041236781425,0.007097948022161682,False,False
user35,1,SapiAgent,sapiagent:7,T2_RandomForest,0.5658402696217407,0.219243207616438,False,-0.03194041236781425,0.0018105619707146081,False,False
user35,1,SapiAgent,sapiagent:8,T2_RandomForest,0.5658402696217407,0.220739127817807,False,-0.03194041236781425,0.010908727108986271,False,False
user35,1,SapiAgent,sapiagent:9,T2_RandomForest,0.5658402696217407,0.21772556551144548,False,-0.03194041236781425,0.005203230742735876,False,False
user35,1,SapiAgent,sapiagent:10,T2_RandomForest,0.5658402696217407,0.23002232403179876,False,-0.03194041236781425,0.0006847429144181127,False,False
user35,1,SapiAgent,sapiagent:11,T2_RandomForest,0.5658402696217407,0.19403376699614514,False,-0.03194041236781425,-0.0004385503509852229,False,False
user35,1,SapiAgent,sapiagent:12,T2_RandomForest,0.5658402696217407,0.26553390906072344,False,-0.03194041236781425,0.0029389124972935,False,False
user35,1,SapiAgent,sapiagent:13,T2_RandomForest,0.5658402696217407,0.2355761777470674,False,-0.03194041236781425,0.0003100314626141021,False,False
user35,1,SapiAgent,sapiagent:14,T2_RandomForest,0.5658402696217407,0.18490424666312721,False,-0.03194041236781425,0.008238187546875553,False,False
user35,1,SapiAgent,sapiagent:15,T2_RandomForest,0.5658402696217407,0.2425071055333666,False,-0.03194041236781425,0.009380990967142067,False,False
user35,1,SapiAgent,sapiagent:16,T2_RandomForest,0.5658402696217407,0.24268864326651085,False,-0.03194041236781425,0.0059602666408649085,False,False
user35,1,SapiAgent,sapiagent:17,T2_RandomForest,0.5658402696217407,0.2347709427481944,False,-0.03194041236781425,0.012057535394334407,False,False
user35,1,SapiAgent,sapiagent:18,T2_RandomForest,0.5658402696217407,0.2134672415821385,False,-0.03194041236781425,0.002186397257600503,False,False
user35,1,SapiAgent,sapiagent:19,T2_RandomForest,0.5658402696217407,0.24106523182262765,False,-0.03194041236781425,0.003315592871899642,False,False
user35,1,DMTG_Inspired,unknown_user:session_0,T2_RandomForest,0.5658402696217407,0.15525667331536905,False,-0.03194041236781425,-0.006387023338570885,False,False
user35,1,DMTG_Inspired,unknown_user:session_1,T2_RandomForest,0.5658402696217407,0.1441941393485663,False,-0.03194041236781425,-0.008599394125666682,False,False
user35,1,DMTG_Inspired,unknown_user:session_2,T2_RandomForest,0.5658402696217407,0.1606174611137837,False,-0.03194041236781425,-0.002305108309810955,False,False
user35,1,DMTG_Inspired,unknown_user:session_3,T2_RandomForest,0.5658402696217407,0.1507615260776097,False,-0.03194041236781425,0.009380990967142067,False,False
user35,1,DMTG_Inspired,unknown_user:session_4,T2_RandomForest,0.5658402696217407,0.13531939999413503,False,-0.03194041236781425,-0.009334645337148173,False,False
user35,1,DMTG_Inspired,unknown_user:session_5,T2_RandomForest,0.5658402696217407,0.12928262222623718,False,-0.03194041236781425,-0.008231355463906798,False,False
user35,1,DMTG_Inspired,unknown_user:session_6,T2_RandomForest,0.5658402696217407,0.1687465905888167,False,-0.03194041236781425,-0.008599394125666682,False,False
user35,1,DMTG_Inspired,unknown_user:session_7,T2_RandomForest,0.5658402696217407,0.14966012552061858,False,-0.03194041236781425,-0.012264665538655073,False,False
user35,1,DMTG_Inspired,unknown_user:session_8,T2_RandomForest,0.5658402696217407,0.1538730094311813,False,-0.03194041236781425,-0.008599394125666682,False,False
user35,1,DMTG_Inspired,unknown_user:session_9,T2_RandomForest,0.5658402696217407,0.1822713842862024,False,-0.03194041236781425,-0.002305108309810955,False,False
user35,1,DMTG_Inspired,unknown_user:session_10,T2_RandomForest,0.5658402696217407,0.137154206574418,False,-0.03194041236781425,-0.012264665538655073,False,False
user35,1,DMTG_Inspired,unknown_user:session_11,T2_RandomForest,0.5658402696217407,0.14057978887328174,False,-0.03194041236781425,-0.01951339641802663,False,False
user35,1,DMTG_Inspired,unknown_user:session_12,T2_RandomForest,0.5658402696217407,0.18702307786949457,False,-0.03194041236781425,-0.006017327702899977,False,False
user35,1,DMTG_Inspired,unknown_user:session_13,T2_RandomForest,0.5658402696217407,0.1783105793762105,False,-0.03194041236781425,-0.0011860121096258225,False,False
user35,1,DMTG_Inspired,unknown_user:session_14,T2_RandomForest,0.5658402696217407,0.13142300462694692,False,-0.03194041236781425,-0.010801849078432735,False,False
user35,1,DMTG_Inspired,unknown_user:session_15,T2_RandomForest,0.5658402696217407,0.1842104376381869,False,-0.03194041236781425,-0.025234737775155447,False,False
user35,1,DMTG_Inspired,unknown_user:session_16,T2_RandomForest,0.5658402696217407,0.18404794051379447,False,-0.03194041236781425,-0.021666934869437215,False,False
user35,1,DMTG_Inspired,unknown_user:session_17,T2_RandomForest,0.5658402696217407,0.16089153104777257,False,-0.03194041236781425,-0.00786304115646208,False,False
user35,1,DMTG_Inspired,unknown_user:session_18,T2_RandomForest,0.5658402696217407,0.1169707631035921,False,-0.03194041236781425,-0.011899372013082832,False,False
user35,1,DMTG_Inspired,unknown_user:session_19,T2_RandomForest,0.5658402696217407,0.17890667847829256,False,-0.03194041236781425,-0.013358906623994637,False,False
user7,1,Genuine,user7:session_0244684556,T2_RandomForest,0.7274472392116794,0.8744484190603271,True,-0.014815466330530436,-0.04694232921803726,False,True
user7,1,Genuine,user7:session_0812869833,T2_RandomForest,0.7274472392116794,0.7253590963026797,False,-0.014815466330530436,0.04010423422689813,False,False
user7,1,Genuine,user7:session_0966487358,T2_RandomForest,0.7274472392116794,0.7576957064542797,True,-0.014815466330530436,-0.018845238503837403,False,True
user7,1,Genuine,user7:session_1244242475,T2_RandomForest,0.7274472392116794,0.7849438410087408,True,-0.014815466330530436,-0.017122307929738012,False,True
user7,1,Genuine,user7:session_1474073005,T2_RandomForest,0.7274472392116794,0.9178469176593529,True,-0.014815466330530436,-0.025675704772436303,False,True
user7,1,Genuine,user7:session_1806185715,T2_RandomForest,0.7274472392116794,0.7032196142167517,False,-0.014815466330530436,-0.04613189415904845,False,False
user7,1,Genuine,user7:session_1881356230,T2_RandomForest,0.7274472392116794,0.7729943580157247,True,-0.014815466330530436,-0.050169623996814294,False,True
user7,1,Genuine,user7:session_2211907871,T2_RandomForest,0.7274472392116794,0.8168008312244003,True,-0.014815466330530436,-0.009000032730634544,True,False
user7,1,Genuine,user7:session_2318637737,T2_RandomForest,0.7274472392116794,0.682956895822176,False,-0.014815466330530436,0.016811152647435934,False,False
user7,1,Genuine,user7:session_2691409086,T2_RandomForest,0.7274472392116794,0.7077361549028067,False,-0.014815466330530436,0.023941222547664842,False,False
user7,1,Genuine,user7:session_2773924704,T2_RandomForest,0.7274472392116794,0.7016337913543298,False,-0.014815466330530436,-0.01568182056671602,False,False
user7,1,Genuine,user7:session_3376026513,T2_RandomForest,0.7274472392116794,0.6255001949601908,False,-0.014815466330530436,-0.05310777817012158,False,False
user7,1,Genuine,user7:session_3582091129,T2_RandomForest,0.7274472392116794,0.5212191897981286,False,-0.014815466330530436,-0.0179845430280432,False,False
user7,1,Genuine,user7:session_3973707215,T2_RandomForest,0.7274472392116794,0.8959016723232882,True,-0.014815466330530436,0.006146777376974333,True,False
user7,1,Genuine,user7:session_4037858026,T2_RandomForest,0.7274472392116794,0.7524660779459759,True,-0.014815466330530436,-0.05230837194103105,False,True
user7,1,Genuine,user7:session_4423579184,T2_RandomForest,0.7274472392116794,0.7800643201838314,True,-0.014815466330530436,-0.04314787608004206,False,True
user7,1,Genuine,user7:session_5026661112,T2_RandomForest,0.7274472392116794,0.6966464920481349,False,-0.014815466330530436,-0.04096536588863814,False,False
user7,1,Genuine,user7:session_5123812030,T2_RandomForest,0.7274472392116794,0.791472145949682,True,-0.014815466330530436,0.0551098916079239,True,False
user7,1,Genuine,user7:session_5289449664,T2_RandomForest,0.7274472392116794,0.8557911254505008,True,-0.014815466330530436,-0.014815466330530436,True,False
user7,1,Genuine,user7:session_5528609206,T2_RandomForest,0.7274472392116794,0.7272385198985334,False,-0.014815466330530436,-0.05681950786269302,False,False
user7,1,Genuine,user7:session_6013544622,T2_RandomForest,0.7274472392116794,0.7544933852019898,True,-0.014815466330530436,-0.02312571759473203,False,True
user7,1,Genuine,user7:session_6419217298,T2_RandomForest,0.7274472392116794,0.7729665666065708,True,-0.014815466330530436,0.008261900737882355,True,False
user7,1,Genuine,user7:session_6471969473,T2_RandomForest,0.7274472392116794,0.7202914453145628,False,-0.014815466330530436,-0.04721215252612643,False,False
user7,1,Genuine,user7:session_6581338506,T2_RandomForest,0.7274472392116794,0.8145691622163717,True,-0.014815466330530436,-0.03463239685135272,False,True
user7,1,Genuine,user7:session_7451527108,T2_RandomForest,0.7274472392116794,0.809687567520743,True,-0.014815466330530436,-0.0368450175582572,False,True
user7,1,Genuine,user7:session_7780444958,T2_RandomForest,0.7274472392116794,0.7715491046853944,True,-0.014815466330530436,-0.0013356370356571445,True,False
user7,1,Genuine,user7:session_8140667141,T2_RandomForest,0.7274472392116794,0.8544376142842974,True,-0.014815466330530436,-0.03822256010705988,False,True
user7,1,Genuine,user7:session_8769574094,T2_RandomForest,0.7274472392116794,0.8295722778484752,True,-0.014815466330530436,0.0037402694190072916,True,False
user7,1,Genuine,user7:session_8927734902,T2_RandomForest,0.7274472392116794,0.7531470666972414,True,-0.014815466330530436,0.0043408215996721955,True,False
user7,1,Genuine,user7:session_8989374051,T2_RandomForest,0.7274472392116794,0.8616975844164673,True,-0.014815466330530436,0.023005663670234267,True,False
user7,1,Genuine,user7:session_9100599511,T2_RandomForest,0.7274472392116794,0.8027055265186192,True,-0.014815466330530436,-0.04205792118806506,False,True
user7,1,Genuine,user7:session_9278196183,T2_RandomForest,0.7274472392116794,0.755667225935563,True,-0.014815466330530436,0.019899182421506567,True,False
user7,1,Genuine,user7:session_9362179236,T2_RandomForest,0.7274472392116794,0.7023984562571715,False,-0.014815466330530436,-0.04559079888189027,False,False
user7,1,Genuine,user7:session_9495997885,T2_RandomForest,0.7274472392116794,0.8038057510287766,True,-0.014815466330530436,0.011603538277849657,True,False
user7,1,Genuine,user7:session_9689083079,T2_RandomForest,0.7274472392116794,0.7577922267776807,True,-0.014815466330530436,0.028644179974224304,True,False
user7,1,Genuine,user7:session_9880892041,T2_RandomForest,0.7274472392116794,0.8619854387809249,True,-0.014815466330530436,0.008564781895576634,True,False
user7,1,HumanImpostor,user7:session_0147719489,T2_RandomForest,0.7274472392116794,0.0012045494449978073,False,-0.014815466330530436,-0.02284154080611217,False,False
user7,1,HumanImpostor,user7:session_0984393142,T2_RandomForest,0.7274472392116794,0.0008858990040188713,False,-0.014815466330530436,-0.010460393456559247,False,False
user7,1,HumanImpostor,user7:session_1063325046,T2_RandomForest,0.7274472392116794,0.0008623488465207671,False,-0.014815466330530436,-0.02426073331181594,False,False
user7,1,HumanImpostor,user7:session_1081274523,T2_RandomForest,0.7274472392116794,0.0,False,-0.014815466330530436,-0.017122307929738012,False,False
user7,1,HumanImpostor,user7:session_1503605581,T2_RandomForest,0.7274472392116794,0.0044191338206375766,False,-0.014815466330530436,-0.004887804891416714,False,False
user7,1,HumanImpostor,user7:session_1708671050,T2_RandomForest,0.7274472392116794,0.000681573758738125,False,-0.014815466330530436,-0.019990442254170515,False,False
user7,1,HumanImpostor,user7:session_2590894741,T2_RandomForest,0.7274472392116794,0.010257739422940568,False,-0.014815466330530436,-0.010168669204649317,False,False
user7,1,HumanImpostor,user7:session_2671379191,T2_RandomForest,0.7274472392116794,0.0021313208272053423,False,-0.014815466330530436,-0.020847555960202213,False,False
user7,1,HumanImpostor,user7:session_2715537964,T2_RandomForest,0.7274472392116794,0.02204026689804631,False,-0.014815466330530436,-0.043963639455422254,False,False
user7,1,HumanImpostor,user7:session_3269754223,T2_RandomForest,0.7274472392116794,0.0,False,-0.014815466330530436,-0.018845238503837403,False,False
user7,1,HumanImpostor,user7:session_3319050185,T2_RandomForest,0.7274472392116794,0.0,False,-0.014815466330530436,-0.007535315557506528,False,False
user7,1,HumanImpostor,user7:session_3748528962,T2_RandomForest,0.7274472392116794,0.0,False,-0.014815466330530436,-0.02056202157969461,False,False
user7,1,HumanImpostor,user7:session_3876004338,T2_RandomForest,0.7274472392116794,0.0028475649715463077,False,-0.014815466330530436,-0.019990442254170515,False,False
user7,1,HumanImpostor,user7:session_4163238472,T2_RandomForest,0.7274472392116794,0.021993622385791594,False,-0.014815466330530436,-0.005477367932344213,False,False
user7,1,HumanImpostor,user7:session_4339907415,T2_RandomForest,0.7274472392116794,0.0007951693851944793,False,-0.014815466330530436,-0.0034108204043630796,False,False
user7,1,HumanImpostor,user7:session_4844871120,T2_RandomForest,0.7274472392116794,0.012419185404986871,False,-0.014815466330530436,-0.010168669204649317,False,False
user7,1,HumanImpostor,user7:session_5037856261,T2_RandomForest,0.7274472392116794,0.0,False,-0.014815466330530436,-0.024827227717585665,False,False
user7,1,HumanImpostor,user7:session_5483480261,T2_RandomForest,0.7274472392116794,0.0008361355081555834,False,-0.014815466330530436,-0.027086467742451437,False,False
user7,1,HumanImpostor,user7:session_5497122814,T2_RandomForest,0.7274472392116794,0.008834058070003831,False,-0.014815466330530436,-0.007535315557506528,False,False
user7,1,HumanImpostor,user7:session_5884843843,T2_RandomForest,0.7274472392116794,0.0,False,-0.014815466330530436,-0.04341995921500125,False,False
user7,1,HumanImpostor,user7:session_6106477620,T2_RandomForest,0.7274472392116794,0.003206855800273254,False,-0.014815466330530436,-0.02312571759473203,False,False
user7,1,HumanImpostor,user7:session_6129550717,T2_RandomForest,0.7274472392116794,0.005365619354420654,False,-0.014815466330530436,-0.025675704772436303,False,False
user7,1,HumanImpostor,user7:session_6490827344,T2_RandomForest,0.7274472392116794,0.007273840037176269,False,-0.014815466330530436,-0.016258530454826503,False,False
user7,1,HumanImpostor,user7:session_6556036411,T2_RandomForest,0.7274472392116794,0.0,False,-0.014815466330530436,-0.010751943968992317,False,False
user7,1,HumanImpostor,user7:session_6617825429,T2_RandomForest,0.7274472392116794,0.0005820615057049721,False,-0.014815466330530436,-0.0315727737509226,False,False
user7,1,HumanImpostor,user7:session_6638271928,T2_RandomForest,0.7274472392116794,0.002473468987434719,False,-0.014815466330530436,-0.015393207844286605,False,False
user7,1,HumanImpostor,user7:session_6738388054,T2_RandomForest,0.7274472392116794,0.028972446966824817,False,-0.014815466330530436,-0.00929245297640946,False,False
user7,1,HumanImpostor,user7:session_7157064073,T2_RandomForest,0.7274472392116794,0.012423661255246198,False,-0.014815466330530436,-0.0304552030534187,False,False
user7,1,HumanImpostor,user7:session_7358104277,T2_RandomForest,0.7274472392116794,0.0030776405955671208,False,-0.014815466330530436,-0.016258530454826503,False,False
user7,1,HumanImpostor,user7:session_7370840078,T2_RandomForest,0.7274472392116794,0.04364029168875257,False,-0.014815466330530436,-0.002522515654188262,False,False
user7,1,HumanImpostor,user7:session_7873949379,T2_RandomForest,0.7274472392116794,0.00025,False,-0.014815466330530436,-0.0010384751997291053,False,False
user7,1,HumanImpostor,user7:session_7933738052,T2_RandomForest,0.7274472392116794,0.0,False,-0.014815466330530436,-0.027649597358179012,False,False
user7,1,HumanImpostor,user7:session_8810377918,T2_RandomForest,0.7274472392116794,0.0,False,-0.014815466330530436,-0.02284154080611217,False,False
user7,1,HumanImpostor,user7:session_8883281313,T2_RandomForest,0.7274472392116794,0.003334589338131787,False,-0.014815466330530436,-0.039321643600155165,False,False
user7,1,HumanImpostor,user7:session_8999428064,T2_RandomForest,0.7274472392116794,0.0,False,-0.014815466330530436,-0.01769730253367946,False,False
user7,1,HumanImpostor,user7:session_9067768063,T2_RandomForest,0.7274472392116794,0.016423799460721332,False,-0.014815466330530436,-0.02284154080611217,False,False
user7,1,HumanImpostor,user7:session_9877506321,T2_RandomForest,0.7274472392116794,0.002842798547424365,False,-0.014815466330530436,-0.013368097357057684,False,False
user7,1,WindMouse,windmouse:0,T2_RandomForest,0.7274472392116794,0.0782656775428179,False,-0.014815466330530436,-0.014237036041333695,False,False
user7,1,WindMouse,windmouse:1,T2_RandomForest,0.7274472392116794,0.051846732936366914,False,-0.014815466330530436,-0.011043320845420923,False,False
user7,1,WindMouse,windmouse:2,T2_RandomForest,0.7274472392116794,0.09011551263534757,False,-0.014815466330530436,-0.02397723289668363,False,False
user7,1,WindMouse,windmouse:3,T2_RandomForest,0.7274472392116794,0.05736538361607523,False,-0.014815466330530436,-0.030734845444616965,False,False
user7,1,WindMouse,windmouse:4,T2_RandomForest,0.7274472392116794,0.06281831448982103,False,-0.014815466330530436,-0.02426073331181594,False,False
user7,1,WindMouse,windmouse:5,T2_RandomForest,0.7274472392116794,0.09169463259718659,False,-0.014815466330530436,-0.029615275623088466,False,False
user7,1,WindMouse,windmouse:6,T2_RandomForest,0.7274472392116794,0.07662550825176692,False,-0.014815466330530436,-0.02369356353925245,False,False
user7,1,WindMouse,windmouse:7,T2_RandomForest,0.7274472392116794,0.060395017123540694,False,-0.014815466330530436,-0.011625554103846358,False,False
user7,1,WindMouse,windmouse:8,T2_RandomForest,0.7274472392116794,0.07430877725164867,False,-0.014815466330530436,-0.02198799396436818,False,False
user7,1,WindMouse,windmouse:9,T2_RandomForest,0.7274472392116794,0.06853360153236422,False,-0.014815466330530436,-0.02284154080611217,False,False
user7,1,WindMouse,windmouse:10,T2_RandomForest,0.7274472392116794,0.10562422153159982,False,-0.014815466330530436,-0.028493034738999445,False,False
user7,1,WindMouse,windmouse:11,T2_RandomForest,0.7274472392116794,0.06816880639713029,False,-0.014815466330530436,-0.020276317044816583,False,False
user7,1,WindMouse,windmouse:12,T2_RandomForest,0.7274472392116794,0.14716139880812018,False,-0.014815466330530436,-0.008414669361948346,False,False
user7,1,WindMouse,windmouse:13,T2_RandomForest,0.7274472392116794,0.05262665591874696,False,-0.014815466330530436,-0.020847555960202213,False,False
user7,1,WindMouse,windmouse:14,T2_RandomForest,0.7274472392116794,0.10235264680682626,False,-0.014815466330530436,-0.010460393456559247,False,False
user7,1,WindMouse,windmouse:15,T2_RandomForest,0.7274472392116794,0.08943398174834226,False,-0.014815466330530436,-0.011625554103846358,False,False
user7,1,WindMouse,windmouse:16,T2_RandomForest,0.7274472392116794,0.0856092912243072,False,-0.014815466330530436,-0.00929245297640946,False,False
user7,1,WindMouse,windmouse:17,T2_RandomForest,0.7274472392116794,0.11610718545391331,False,-0.014815466330530436,-0.026522666771385983,False,False
user7,1,WindMouse,windmouse:18,T2_RandomForest,0.7274472392116794,0.06311511511904747,False,-0.014815466330530436,-0.016546627825184068,False,False
user7,1,WindMouse,windmouse:19,T2_RandomForest,0.7274472392116794,0.08799117473844756,False,-0.014815466330530436,-0.027649597358179012,False,False
user7,1,SapiAgent,sapiagent:0,T2_RandomForest,0.7274472392116794,0.08001473010836736,False,-0.014815466330530436,-0.03574002534650089,False,False
user7,1,SapiAgent,sapiagent:1,T2_RandomForest,0.7274472392116794,0.07646785177351917,False,-0.014815466330530436,-0.024827227717585665,False,False
user7,1,SapiAgent,sapiagent:2,T2_RandomForest,0.7274472392116794,0.07404537865947201,False,-0.014815466330530436,-0.03601652030564856,False,False
user7,1,SapiAgent,sapiagent:3,T2_RandomForest,0.7274472392116794,0.06568711957876427,False,-0.014815466330530436,-0.02933496606285163,False,False
user7,1,SapiAgent,sapiagent:4,T2_RandomForest,0.7274472392116794,0.09364016442499849,False,-0.014815466330530436,-0.029895418241989324,False,False
user7,1,SapiAgent,sapiagent:5,T2_RandomForest,0.7274472392116794,0.08587808228485429,False,-0.014815466330530436,-0.02933496606285163,False,False
user7,1,SapiAgent,sapiagent:6,T2_RandomForest,0.7274472392116794,0.09090178549745441,False,-0.014815466330530436,-0.0368450175582572,False,False
user7,1,SapiAgent,sapiagent:7,T2_RandomForest,0.7274472392116794,0.06395150697331718,False,-0.014815466330530436,-0.03490955147041558,False,False
user7,1,SapiAgent,sapiagent:8,T2_RandomForest,0.7274472392116794,0.07459104145789004,False,-0.014815466330530436,-0.029895418241989324,False,False
user7,1,SapiAgent,sapiagent:9,T2_RandomForest,0.7274472392116794,0.10187568157156295,False,-0.014815466330530436,-0.037672035431259465,False,False
user7,1,SapiAgent,sapiagent:10,T2_RandomForest,0.7274472392116794,0.10019770809100693,False,-0.014815466330530436,-0.027649597358179012,False,False
user7,1,SapiAgent,sapiagent:11,T2_RandomForest,0.7274472392116794,0.06986398794779508,False,-0.014815466330530436,-0.022557194672131964,False,False
user7,1,SapiAgent,sapiagent:12,T2_RandomForest,0.7274472392116794,0.07139470801490282,False,-0.014815466330530436,-0.0340775920325837,False,False
user7,1,SapiAgent,sapiagent:13,T2_RandomForest,0.7274472392116794,0.08516080967173335,False,-0.014815466330530436,-0.03518654102710128,False,False
user7,1,SapiAgent,sapiagent:14,T2_RandomForest,0.7274472392116794,0.07153034672213164,False,-0.014815466330530436,-0.031014321291818803,False,False
user7,1,SapiAgent,sapiagent:15,T2_RandomForest,0.7274472392116794,0.08458454621249077,False,-0.014815466330530436,-0.031014321291818803,False,False
user7,1,SapiAgent,sapiagent:16,T2_RandomForest,0.7274472392116794,0.07381153577862883,False,-0.014815466330530436,-0.03379994163597516,False,False
user7,1,SapiAgent,sapiagent:17,T2_RandomForest,0.7274472392116794,0.0889599294034194,False,-0.014815466330530436,-0.03324414437561418,False,False
user7,1,SapiAgent,sapiagent:18,T2_RandomForest,0.7274472392116794,0.08752058557067392,False,-0.014815466330530436,-0.03656901631348525,False,False
user7,1,SapiAgent,sapiagent:19,T2_RandomForest,0.7274472392116794,0.0811763678915605,False,-0.014815466330530436,-0.03601652030564856,False,False
user7,1,DMTG_Inspired,unknown_user:session_0,T2_RandomForest,0.7274472392116794,0.039531488166544095,False,-0.014815466330530436,-0.03379994163597516,False,False
user7,1,DMTG_Inspired,unknown_user:session_1,T2_RandomForest,0.7274472392116794,0.04653584765161082,False,-0.014815466330530436,-0.02933496606285163,False,False
user7,1,DMTG_Inspired,unknown_user:session_2,T2_RandomForest,0.7274472392116794,0.07166451381435669,False,-0.014815466330530436,-0.03213056122351782,False,False
user7,1,DMTG_Inspired,unknown_user:session_3,T2_RandomForest,0.7274472392116794,0.050348399201974224,False,-0.014815466330530436,-0.03518654102710128,False,False
user7,1,DMTG_Inspired,unknown_user:session_4,T2_RandomForest,0.7274472392116794,0.0746036191573559,False,-0.014815466330530436,-0.024544064885264838,False,False
user7,1,DMTG_Inspired,unknown_user:session_5,T2_RandomForest,0.7274472392116794,0.05199138967594505,False,-0.014815466330530436,-0.04205792118806506,False,False
user7,1,DMTG_Inspired,unknown_user:session_6,T2_RandomForest,0.7274472392116794,0.05991806906933484,False,-0.014815466330530436,-0.026522666771385983,False,False
user7,1,DMTG_Inspired,unknown_user:session_7,T2_RandomForest,0.7274472392116794,0.030974296105044142,False,-0.014815466330530436,-0.03574002534650089,False,False
user7,1,DMTG_Inspired,unknown_user:session_8,T2_RandomForest,0.7274472392116794,0.034355427067766335,False,-0.014815466330530436,-0.028493034738999445,False,False
user7,1,DMTG_Inspired,unknown_user:session_9,T2_RandomForest,0.7274472392116794,0.05177058156014023,False,-0.014815466330530436,-0.0315727737509226,False,False
user7,1,DMTG_Inspired,unknown_user:session_10,T2_RandomForest,0.7274472392116794,0.054386164485029816,False,-0.014815466330530436,-0.027930910657649466,False,False
user7,1,DMTG_Inspired,unknown_user:session_11,T2_RandomForest,0.7274472392116794,0.052646448989282474,False,-0.014815466330530436,-0.03129363069421137,False,False
user7,1,DMTG_Inspired,unknown_user:session_12,T2_RandomForest,0.7274472392116794,0.04203506445287974,False,-0.014815466330530436,-0.029615275623088466,False,False
user7,1,DMTG_Inspired,unknown_user:session_13,T2_RandomForest,0.7274472392116794,0.053026080392140386,False,-0.014815466330530436,-0.0304552030534187,False,False
user7,1,DMTG_Inspired,unknown_user:session_14,T2_RandomForest,0.7274472392116794,0.05215892061075771,False,-0.014815466330530436,-0.02680465122633735,False,False
user7,1,DMTG_Inspired,unknown_user:session_15,T2_RandomForest,0.7274472392116794,0.04639889236884528,False,-0.014815466330530436,-0.051240272101824635,False,False
user7,1,DMTG_Inspired,unknown_user:session_16,T2_RandomForest,0.7274472392116794,0.04488194968707724,False,-0.014815466330530436,-0.040144239165120055,False,False
user7,1,DMTG_Inspired,unknown_user:session_17,T2_RandomForest,0.7274472392116794,0.058618593317432,False,-0.014815466330530436,-0.0368450175582572,False,False
user7,1,DMTG_Inspired,unknown_user:session_18,T2_RandomForest,0.7274472392116794,0.09624422318324737,False,-0.014815466330530436,-0.03712085442755625,False,False
user7,1,DMTG_Inspired,unknown_user:session_19,T2_RandomForest,0.7274472392116794,0.07390944146014305,False,-0.014815466330530436,-0.02426073331181594,False,False
user9,1,Genuine,user9:session_0510101673,T2_RandomForest,0.6179602792663746,0.6215563664243062,True,0.0001519440330807198,-0.021703139188573195,False,True
user9,1,Genuine,user9:session_0626697371,T2_RandomForest,0.6179602792663746,0.587631908920896,False,0.0001519440330807198,-0.02397723289668363,False,False
user9,1,Genuine,user9:session_0815666379,T2_RandomForest,0.6179602792663746,0.6209283299857469,True,0.0001519440330807198,-0.018558510911270476,False,True
user9,1,Genuine,user9:session_1177848198,T2_RandomForest,0.6179602792663746,0.828003151509813,True,0.0001519440330807198,0.011908410769234767,True,False
user9,1,Genuine,user9:session_1281792837,T2_RandomForest,0.6179602792663746,0.7238571964836887,True,0.0001519440330807198,-0.006654388754309015,False,True
user9,1,Genuine,user9:session_1334666365,T2_RandomForest,0.6179602792663746,0.864273711900011,True,0.0001519440330807198,0.02644423610070512,True,False
user9,1,Genuine,user9:session_1498771725,T2_RandomForest,0.6179602792663746,0.4987622612009875,False,0.0001519440330807198,0.009474508748460009,False,False
user9,1,Genuine,user9:session_1814762834,T2_RandomForest,0.6179602792663746,0.7860569902085133,True,0.0001519440330807198,-0.00782860813115177,False,True
user9,1,Genuine,user9:session_1970148824,T2_RandomForest,0.6179602792663746,0.8097451272040966,True,0.0001519440330807198,-0.015970261402773078,False,True
user9,1,Genuine,user9:session_2592273518,T2_RandomForest,0.6179602792663746,0.9236959665872089,True,0.0001519440330807198,0.008564781895576634,True,False
user9,1,Genuine,user9:session_3926840201,T2_RandomForest,0.6179602792663746,0.7353916254186357,True,0.0001519440330807198,0.005544074724577297,True,False
user9,1,Genuine,user9:session_4243186683,T2_RandomForest,0.6179602792663746,0.749492988314768,True,0.0001519440330807198,0.01866176248690421,True,False
user9,1,Genuine,user9:session_4948057062,T2_RandomForest,0.6179602792663746,0.7518304599713255,True,0.0001519440330807198,0.005544074724577297,True,False
user9,1,Genuine,user9:session_5496662888,T2_RandomForest,0.6179602792663746,0.5224050174899613,False,0.0001519440330807198,0.0070521788740344205,False,False
user9,1,Genuine,user9:session_5745729038,T2_RandomForest,0.6179602792663746,0.7086017691478637,True,0.0001519440330807198,-0.011334524189255901,False,True
user9,1,Genuine,user9:session_6448386600,T2_RandomForest,0.6179602792663746,0.5383925140215038,False,0.0001519440330807198,0.0025413095584863044,False,False
user9,1,Genuine,user9:session_6845822655,T2_RandomForest,0.6179602792663746,0.8229863018856265,True,0.0001519440330807198,-0.0016326218936973391,False,True
user9,1,Genuine,user9:session_7103728864,T2_RandomForest,0.6179602792663746,0.5292690788508894,False,0.0001519440330807198,0.0070521788740344205,False,False
user9,1,Genuine,user9:session_7422270211,T2_RandomForest,0.6179602792663746,0.5541146232199494,False,0.0001519440330807198,-0.011334524189255901,False,False
user9,1,Genuine,user9:session_7422282952,T2_RandomForest,0.6179602792663746,0.6446944165594908,True,0.0001519440330807198,0.007656679467335947,True,False
user9,1,Genuine,user9:session_7729762375,T2_RandomForest,0.6179602792663746,0.5464739711355286,False,0.0001519440330807198,0.013435500566189917,False,False
user9,1,Genuine,user9:session_9000198916,T2_RandomForest,0.6179602792663746,0.5659447857173545,False,0.0001519440330807198,-0.010168669204649317,False,False
user9,1,Genuine,user9:session_9904426178,T2_RandomForest,0.6179602792663746,0.862154299656901,True,0.0001519440330807198,0.008564781895576634,True,False
user9,1,HumanImpostor,user9:session_0233596484,T2_RandomForest,0.6179602792663746,0.0017608418367346937,False,0.0001519440330807198,0.03243692206741189,False,False
user9,1,HumanImpostor,user9:session_0249395771,T2_RandomForest,0.6179602792663746,0.011978161465823381,False,0.0001519440330807198,0.006750198563136078,False,False
user9,1,HumanImpostor,user9:session_0867569021,T2_RandomForest,0.6179602792663746,0.01831761732884362,False,0.0001519440330807198,0.021760849952464634,False,False
user9,1,HumanImpostor,user9:session_1067162598,T2_RandomForest,0.6179602792663746,0.002555742084643598,False,0.0001519440330807198,0.014353940219733574,False,False
user9,1,HumanImpostor,user9:session_1388817097,T2_RandomForest,0.6179602792663746,0.0,False,0.0001519440330807198,0.030537161803324442,False,False
user9,1,HumanImpostor,user9:session_1428731346,T2_RandomForest,0.6179602792663746,0.033516266889632766,False,0.0001519440330807198,0.02927442225254251,False,False
user9,1,HumanImpostor,user9:session_2092170870,T2_RandomForest,0.6179602792663746,0.0,False,0.0001519440330807198,0.016195751213679555,False,False
user9,1,HumanImpostor,user9:session_2386499713,T2_RandomForest,0.6179602792663746,0.004427636323337561,False,0.0001519440330807198,0.02707185563637049,False,False
user9,1,HumanImpostor,user9:session_2541149709,T2_RandomForest,0.6179602792663746,0.0038851826449349666,False,0.0001519440330807198,0.020829184387584743,False,False
user9,1,HumanImpostor,user9:session_2760097341,T2_RandomForest,0.6179602792663746,0.0,False,0.0001519440330807198,0.038177116628318686,False,False
user9,1,HumanImpostor,user9:session_3277767566,T2_RandomForest,0.6179602792663746,0.017312430835625094,False,0.0001519440330807198,0.026757952394332762,False,False
user9,1,HumanImpostor,user9:session_3452570104,T2_RandomForest,0.6179602792663746,0.00629669706245044,False,0.0001519440330807198,0.0007482182618598898,False,False
user9,1,HumanImpostor,user9:session_3524810503,T2_RandomForest,0.6179602792663746,0.0,False,0.0001519440330807198,0.016195751213679555,False,False
user9,1,HumanImpostor,user9:session_3561215335,T2_RandomForest,0.6179602792663746,0.0017608418367346937,False,0.0001519440330807198,0.02051899903471721,False,False
user9,1,HumanImpostor,user9:session_3735537656,T2_RandomForest,0.6179602792663746,0.0005717269533846008,False,0.0001519440330807198,0.021450109736274037,False,False
user9,1,HumanImpostor,user9:session_3828692242,T2_RandomForest,0.6179602792663746,0.01051567053347422,False,0.0001519440330807198,0.02456585802519795,False,False
user9,1,HumanImpostor,user9:session_3919629858,T2_RandomForest,0.6179602792663746,0.024209821809270875,False,0.0001519440330807198,0.019899182421506567,False,False
user9,1,HumanImpostor,user9:session_4088341904,T2_RandomForest,0.6179602792663746,0.0,False,0.0001519440330807198,0.01866176248690421,False,False
user9,1,HumanImpostor,user9:session_4269912456,T2_RandomForest,0.6179602792663746,0.0018151959922271471,False,0.0001519440330807198,0.0007482182618598898,False,False
user9,1,HumanImpostor,user9:session_4322210317,T2_RandomForest,0.6179602792663746,0.0009736841688627696,False,0.0001519440330807198,0.026757952394332762,False,False
user9,1,HumanImpostor,user9:session_4619254586,T2_RandomForest,0.6179602792663746,0.008235220568152523,False,0.0001519440330807198,0.022382886019952086,False,False
user9,1,HumanImpostor,user9:session_4949372670,T2_RandomForest,0.6179602792663746,0.0,False,0.0001519440330807198,0.015274022789274144,False,False
user9,1,HumanImpostor,user9:session_4962669721,T2_RandomForest,0.6179602792663746,0.0340022385076945,False,0.0001519440330807198,0.01404761126730858,False,False
user9,1,HumanImpostor,user9:session_5499827097,T2_RandomForest,0.6179602792663746,0.003121544901869008,False,0.0001519440330807198,0.01404761126730858,False,False
user9,1,HumanImpostor,user9:session_6228883788,T2_RandomForest,0.6179602792663746,0.00047623044670934244,False,0.0001519440330807198,0.022071775343574407,False,False
user9,1,HumanImpostor,user9:session_6399026328,T2_RandomForest,0.6179602792663746,0.00034548553983794055,False,0.0001519440330807198,0.015274022789274144,False,False
user9,1,HumanImpostor,user9:session_6951064037,T2_RandomForest,0.6179602792663746,0.0,False,0.0001519440330807198,0.02487845496416763,False,False
user9,1,HumanImpostor,user9:session_7395469781,T2_RandomForest,0.6179602792663746,0.0,False,0.0001519440330807198,0.011908410769234767,False,False
user9,1,HumanImpostor,user9:session_7555995161,T2_RandomForest,0.6179602792663746,0.0007407134802117665,False,0.0001519440330807198,0.006750198563136078,False,False
user9,1,HumanImpostor,user9:session_7861130331,T2_RandomForest,0.6179602792663746,0.0,False,0.0001519440330807198,0.01038586293177668,False,False
user9,1,HumanImpostor,user9:session_7896781089,T2_RandomForest,0.6179602792663746,0.004811661396699253,False,0.0001519440330807198,0.02895920724856149,False,False
user9,1,HumanImpostor,user9:session_7935100368,T2_RandomForest,0.6179602792663746,0.0,False,0.0001519440330807198,0.019899182421506567,False,False
user9,1,HumanImpostor,user9:session_8399176672,T2_RandomForest,0.6179602792663746,0.0005242570967435677,False,0.0001519440330807198,0.023317330865164965,False,False
user9,1,HumanImpostor,user9:session_8602611959,T2_RandomForest,0.6179602792663746,0.0007863856451153518,False,0.0001519440330807198,0.010081897209928359,False,False
user9,1,HumanImpostor,user9:session_8719700167,T2_RandomForest,0.6179602792663746,0.0036972501799600625,False,0.0001519440330807198,0.028644179974224304,False,False
user9,1,HumanImpostor,user9:session_8742024614,T2_RandomForest,0.6179602792663746,0.0017566738233969219,False,0.0001519440330807198,0.009171085793275635,False,False
user9,1,HumanImpostor,user9:session_9057489846,T2_RandomForest,0.6179602792663746,0.003173144004255438,False,0.0001519440330807198,0.016195751213679555,False,False
user9,1,HumanImpostor,user9:session_9316476581,T2_RandomForest,0.6179602792663746,0.017194118981903556,False,0.0001519440330807198,0.013129718600255913,False,False
user9,1,HumanImpostor,user9:session_9418948998,T2_RandomForest,0.6179602792663746,0.036059329041107355,False,0.0001519440330807198,0.03116966086839268,False,False
user9,1,HumanImpostor,user9:session_9495657954,T2_RandomForest,0.6179602792663746,0.011697957177272577,False,0.0001519440330807198,0.026757952394332762,False,False
user9,1,HumanImpostor,user9:session_9821034386,T2_RandomForest,0.6179602792663746,0.01457687149210529,False,0.0001519440330807198,0.01404761126730858,False,False
user9,1,HumanImpostor,user9:session_9916663391,T2_RandomForest,0.6179602792663746,0.015467197195144458,False,0.0001519440330807198,0.022071775343574407,False,False
user9,1,WindMouse,windmouse:0,T2_RandomForest,0.6179602792663746,0.11351986049916514,False,0.0001519440330807198,0.02425344725665557,False,False
user9,1,WindMouse,windmouse:1,T2_RandomForest,0.6179602792663746,0.06904441661354256,False,0.0001519440330807198,0.021450109736274037,False,False
user9,1,WindMouse,windmouse:2,T2_RandomForest,0.6179602792663746,0.145179835341668,False,0.0001519440330807198,0.030537161803324442,False,False
user9,1,WindMouse,windmouse:3,T2_RandomForest,0.6179602792663746,0.06265715994528462,False,0.0001519440330807198,0.03180291399009649,False,False
user9,1,WindMouse,windmouse:4,T2_RandomForest,0.6179602792663746,0.06846245144616586,False,0.0001519440330807198,0.03085331713492323,False,False
user9,1,WindMouse,windmouse:5,T2_RandomForest,0.6179602792663746,0.10294153536018066,False,0.0001519440330807198,0.03085331713492323,False,False
user9,1,WindMouse,windmouse:6,T2_RandomForest,0.6179602792663746,0.10868203371362083,False,0.0001519440330807198,0.03116966086839268,False,False
user9,1,WindMouse,windmouse:7,T2_RandomForest,0.6179602792663746,0.09879448699965537,False,0.0001519440330807198,0.02487845496416763,False,False
user9,1,WindMouse,windmouse:8,T2_RandomForest,0.6179602792663746,0.10446094699916153,False,0.0001519440330807198,0.03085331713492323,False,False
user9,1,WindMouse,windmouse:9,T2_RandomForest,0.6179602792663746,0.08735877889745362,False,0.0001519440330807198,0.02707185563637049,False,False
user9,1,WindMouse,windmouse:10,T2_RandomForest,0.6179602792663746,0.1254621580323531,False,0.0001519440330807198,0.028644179974224304,False,False
user9,1,WindMouse,windmouse:11,T2_RandomForest,0.6179602792663746,0.07619878446457326,False,0.0001519440330807198,0.03180291399009649,False,False
user9,1,WindMouse,windmouse:12,T2_RandomForest,0.6179602792663746,0.16535630926197922,False,0.0001519440330807198,0.022694182092012016,False,False
user9,1,WindMouse,windmouse:13,T2_RandomForest,0.6179602792663746,0.07609614452974874,False,0.0001519440330807198,0.027700223411364022,False,False
user9,1,WindMouse,windmouse:14,T2_RandomForest,0.6179602792663746,0.12016625268714946,False,0.0001519440330807198,0.028644179974224304,False,False
user9,1,WindMouse,windmouse:15,T2_RandomForest,0.6179602792663746,0.13866906362452167,False,0.0001519440330807198,0.019589550941188194,False,False
user9,1,WindMouse,windmouse:16,T2_RandomForest,0.6179602792663746,0.08440469467566176,False,0.0001519440330807198,0.02487845496416763,False,False
user9,1,WindMouse,windmouse:17,T2_RandomForest,0.6179602792663746,0.1388739081714727,False,0.0001519440330807198,0.030537161803324442,False,False
user9,1,WindMouse,windmouse:18,T2_RandomForest,0.6179602792663746,0.06954843909720128,False,0.0001519440330807198,0.0255042077972224,False,False
user9,1,WindMouse,windmouse:19,T2_RandomForest,0.6179602792663746,0.10950278270118013,False,0.0001519440330807198,0.026130706644148294,False,False
user9,1,SapiAgent,sapiagent:0,T2_RandomForest,0.6179602792663746,0.054556010041776404,False,0.0001519440330807198,0.021450109736274037,False,False
user9,1,SapiAgent,sapiagent:1,T2_RandomForest,0.6179602792663746,0.07190302907553962,False,0.0001519440330807198,0.023317330865164965,False,False
user9,1,SapiAgent,sapiagent:2,T2_RandomForest,0.6179602792663746,0.07973586225920486,False,0.0001519440330807198,0.026130706644148294,False,False
user9,1,SapiAgent,sapiagent:3,T2_RandomForest,0.6179602792663746,0.06766488992931971,False,0.0001519440330807198,0.026757952394332762,False,False
user9,1,SapiAgent,sapiagent:4,T2_RandomForest,0.6179602792663746,0.0902395854915702,False,0.0001519440330807198,0.021450109736274037,False,False
user9,1,SapiAgent,sapiagent:5,T2_RandomForest,0.6179602792663746,0.08156680621057834,False,0.0001519440330807198,0.021450109736274037,False,False
user9,1,SapiAgent,sapiagent:6,T2_RandomForest,0.6179602792663746,0.07821107901219841,False,0.0001519440330807198,0.027385945938223633,False,False
user9,1,SapiAgent,sapiagent:7,T2_RandomForest,0.6179602792663746,0.06805725250187127,False,0.0001519440330807198,0.02644423610070512,False,False
user9,1,SapiAgent,sapiagent:8,T2_RandomForest,0.6179602792663746,0.058721305682856585,False,0.0001519440330807198,0.0202089984160313,False,False
user9,1,SapiAgent,sapiagent:9,T2_RandomForest,0.6179602792663746,0.08516338662854879,False,0.0001519440330807198,0.01897084108367819,False,False
user9,1,SapiAgent,sapiagent:10,T2_RandomForest,0.6179602792663746,0.08976755969444533,False,0.0001519440330807198,0.013435500566189917,False,False
user9,1,SapiAgent,sapiagent:11,T2_RandomForest,0.6179602792663746,0.08184840031927816,False,0.0001519440330807198,0.021760849952464634,False,False
user9,1,SapiAgent,sapiagent:12,T2_RandomForest,0.6179602792663746,0.06054061260030455,False,0.0001519440330807198,0.023629183787415853,False,False
user9,1,SapiAgent,sapiagent:13,T2_RandomForest,0.6179602792663746,0.08134652939293584,False,0.0001519440330807198,0.0255042077972224,False,False
user9,1,SapiAgent,sapiagent:14,T2_RandomForest,0.6179602792663746,0.061146387706297274,False,0.0001519440330807198,0.020829184387584743,False,False
user9,1,SapiAgent,sapiagent:15,T2_RandomForest,0.6179602792663746,0.06231277806730059,False,0.0001519440330807198,0.01866176248690421,False,False
user9,1,SapiAgent,sapiagent:16,T2_RandomForest,0.6179602792663746,0.06291718547353274,False,0.0001519440330807198,0.019589550941188194,False,False
user9,1,SapiAgent,sapiagent:17,T2_RandomForest,0.6179602792663746,0.08029183162399967,False,0.0001519440330807198,0.022071775343574407,False,False
user9,1,SapiAgent,sapiagent:18,T2_RandomForest,0.6179602792663746,0.07176904082253575,False,0.0001519440330807198,0.015581082579365857,False,False
user9,1,SapiAgent,sapiagent:19,T2_RandomForest,0.6179602792663746,0.06930354453786568,False,0.0001519440330807198,0.020829184387584743,False,False
user9,1,DMTG_Inspired,unknown_user:session_0,T2_RandomForest,0.6179602792663746,0.0475553281335347,False,0.0001519440330807198,0.027700223411364022,False,False
user9,1,DMTG_Inspired,unknown_user:session_1,T2_RandomForest,0.6179602792663746,0.07207221732966385,False,0.0001519440330807198,0.023005663670234267,False,False
user9,1,DMTG_Inspired,unknown_user:session_2,T2_RandomForest,0.6179602792663746,0.062458759853686034,False,0.0001519440330807198,0.020829184387584743,False,False
user9,1,DMTG_Inspired,unknown_user:session_3,T2_RandomForest,0.6179602792663746,0.06472646728819755,False,0.0001519440330807198,0.03275420949564678,False,False
user9,1,DMTG_Inspired,unknown_user:session_4,T2_RandomForest,0.6179602792663746,0.08091200179041279,False,0.0001519440330807198,0.0202089984160313,False,False
user9,1,DMTG_Inspired,unknown_user:session_5,T2_RandomForest,0.6179602792663746,0.04974248382240725,False,0.0001519440330807198,0.02927442225254251,False,False
user9,1,DMTG_Inspired,unknown_user:session_6,T2_RandomForest,0.6179602792663746,0.057289822853993526,False,0.0001519440330807198,0.011298847356515096,False,False
user9,1,DMTG_Inspired,unknown_user:session_7,T2_RandomForest,0.6179602792663746,0.03785264163272883,False,0.0001519440330807198,0.03085331713492323,False,False
user9,1,DMTG_Inspired,unknown_user:session_8,T2_RandomForest,0.6179602792663746,0.04008333702306668,False,0.0001519440330807198,0.020829184387584743,False,False
user9,1,DMTG_Inspired,unknown_user:session_9,T2_RandomForest,0.6179602792663746,0.0552169750964251,False,0.0001519440330807198,0.03275420949564678,False,False
user9,1,DMTG_Inspired,unknown_user:session_10,T2_RandomForest,0.6179602792663746,0.051325087523262376,False,0.0001519440330807198,0.019899182421506567,False,False
user9,1,DMTG_Inspired,unknown_user:session_11,T2_RandomForest,0.6179602792663746,0.07079408857371174,False,0.0001519440330807198,0.023629183787415853,False,False
user9,1,DMTG_Inspired,unknown_user:session_12,T2_RandomForest,0.6179602792663746,0.04730856561806063,False,0.0001519440330807198,0.018044157408852013,False,False
user9,1,DMTG_Inspired,unknown_user:session_13,T2_RandomForest,0.6179602792663746,0.051987463518209404,False,0.0001519440330807198,0.022071775343574407,False,False
user9,1,DMTG_Inspired,unknown_user:session_14,T2_RandomForest,0.6179602792663746,0.05528856162042234,False,0.0001519440330807198,0.022382886019952086,False,False
user9,1,DMTG_Inspired,unknown_user:session_15,T2_RandomForest,0.6179602792663746,0.03625330693534679,False,0.0001519440330807198,0.01711912843707486,False,False
user9,1,DMTG_Inspired,unknown_user:session_16,T2_RandomForest,0.6179602792663746,0.060621068773464716,False,0.0001519440330807198,0.01404761126730858,False,False
user9,1,DMTG_Inspired,unknown_user:session_17,T2_RandomForest,0.6179602792663746,0.06229215905478123,False,0.0001519440330807198,0.016195751213679555,False,False
user9,1,DMTG_Inspired,unknown_user:session_18,T2_RandomForest,0.6179602792663746,0.08420386571212098,False,0.0001519440330807198,0.028014688167330104,False,False
user9,1,DMTG_Inspired,unknown_user:session_19,T2_RandomForest,0.6179602792663746,0.06909352167209247,False,0.0001519440330807198,0.020829184387584743,False,False
user12,2,Genuine,user12:session_0166199610,T2_RandomForest,0.651365037509226,0.32245446086519214,False,-0.011334524189255901,0.017735630708383465,False,False
user12,2,Genuine,user12:session_0195566274,T2_RandomForest,0.651365037509226,0.6414895540634222,False,-0.011334524189255901,-0.015970261402773078,False,False
user12,2,Genuine,user12:session_0611188910,T2_RandomForest,0.651365037509226,0.487848025190949,False,-0.011334524189255901,-0.0016326218936973391,False,False
user12,2,Genuine,user12:session_0831009063,T2_RandomForest,0.651365037509226,0.6441638837370937,False,-0.011334524189255901,0.008564781895576634,False,False
user12,2,Genuine,user12:session_0893120027,T2_RandomForest,0.651365037509226,0.6762770223105611,True,-0.011334524189255901,0.002840781727081465,True,False
user12,2,Genuine,user12:session_1178629549,T2_RandomForest,0.651365037509226,0.5618141876924593,False,-0.011334524189255901,-0.0004436201722915478,False,False
user12,2,Genuine,user12:session_1843905203,T2_RandomForest,0.651365037509226,0.7200859445400376,True,-0.011334524189255901,0.014353940219733574,True,False
user12,2,Genuine,user12:session_3226676976,T2_RandomForest,0.651365037509226,0.6395998859792884,False,-0.011334524189255901,0.0043408215996721955,False,False
user12,2,Genuine,user12:session_3230049516,T2_RandomForest,0.651365037509226,0.5800532636112185,False,-0.011334524189255901,0.008564781895576634,False,False
user12,2,Genuine,user12:session_3267760096,T2_RandomForest,0.651365037509226,0.5391185972450206,False,-0.011334524189255901,-0.0069482059732688395,False,False
user12,2,Genuine,user12:session_3360873587,T2_RandomForest,0.651365037509226,0.5869081908564031,False,-0.011334524189255901,-0.020847555960202213,False,False
user12,2,Genuine,user12:session_3487526409,T2_RandomForest,0.651365037509226,0.5781044427294137,False,-0.011334524189255901,-0.018558510911270476,False,False
user12,2,Genuine,user12:session_3571551367,T2_RandomForest,0.651365037509226,0.6093716003207211,False,-0.011334524189255901,-0.016258530454826503,False,False
user12,2,Genuine,user12:session_3657391768,T2_RandomForest,0.651365037509226,0.6056437449800008,False,-0.011334524189255901,-0.005771886138556559,False,False
user12,2,Genuine,user12:session_3678562948,T2_RandomForest,0.651365037509226,0.5356870705036317,False,-0.011334524189255901,0.02456585802519795,False,False
user12,2,Genuine,user12:session_3807007352,T2_RandomForest,0.651365037509226,0.7686338079190083,True,-0.011334524189255901,-0.02056202157969461,False,True
user12,2,Genuine,user12:session_3958419196,T2_RandomForest,0.651365037509226,0.5137077996833855,False,-0.011334524189255901,0.018352867965171327,False,False
user12,2,Genuine,user12:session_4414280148,T2_RandomForest,0.651365037509226,0.7109358236568577,True,-0.011334524189255901,-0.005182674218160266,True,False
user12,2,Genuine,user12:session_4905082660,T2_RandomForest,0.651365037509226,0.6788062554707296,True,-0.011334524189255901,0.016811152647435934,True,False
user12,2,Genuine,user12:session_5035500864,T2_RandomForest,0.651365037509226,0.7242421852401387,True,-0.011334524189255901,0.0031404323557914227,True,False
user12,2,Genuine,user12:session_5052301661,T2_RandomForest,0.651365037509226,0.4193616687512165,False,-0.011334524189255901,0.03370720669014071,False,False
user12,2,Genuine,user12:session_5088690608,T2_RandomForest,0.651365037509226,0.7131600709377496,True,-0.011334524189255901,-0.015970261402773078,False,True
user12,2,Genuine,user12:session_5256432882,T2_RandomForest,0.651365037509226,0.5332806334819813,False,-0.011334524189255901,0.00224201574372207,False,False
user12,2,Genuine,user12:session_5518980455,T2_RandomForest,0.651365037509226,0.630759953007702,False,-0.011334524189255901,-0.04450667229959865,False,False
user12,2,Genuine,user12:session_5747551041,T2_RandomForest,0.651365037509226,0.6159744817198411,False,-0.011334524189255901,-0.023409725138847037,False,False
user12,2,Genuine,user12:session_5771189096,T2_RandomForest,0.651365037509226,0.5882988910143805,False,-0.011334524189255901,-0.024827227717585665,False,False
user12,2,Genuine,user12:session_6142373482,T2_RandomForest,0.651365037509226,0.39743829777607054,False,-0.011334524189255901,0.02832934031772638,False,False
user12,2,Genuine,user12:session_6167829880,T2_RandomForest,0.651365037509226,0.6928975939248223,True,-0.011334524189255901,-0.04205792118806506,False,True
user12,2,Genuine,user12:session_6229277499,T2_RandomForest,0.651365037509226,0.656586144797229,True,-0.011334524189255901,0.012518700895022605,True,False
user12,2,Genuine,user12:session_6237876052,T2_RandomForest,0.651365037509226,0.6549539849769873,True,-0.011334524189255901,-0.013078105851045796,False,True
user12,2,Genuine,user12:session_6304072815,T2_RandomForest,0.651365037509226,0.6240396746650172,False,-0.011334524189255901,0.028644179974224304,False,False
user12,2,Genuine,user12:session_6446737316,T2_RandomForest,0.651365037509226,0.5446485067110801,False,-0.011334524189255901,-0.008707438227095132,False,False
user12,2,Genuine,user12:session_6468388206,T2_RandomForest,0.651365037509226,0.5561896969992994,False,-0.011334524189255901,0.0007482182618598898,False,False
user12,2,Genuine,user12:session_6721137284,T2_RandomForest,0.651365037509226,0.4255723326010145,False,-0.011334524189255901,0.014967145871901844,False,False
user12,2,Genuine,user12:session_6835186342,T2_RandomForest,0.651365037509226,0.534323274286708,False,-0.011334524189255901,0.014353940219733574,False,False
user12,2,Genuine,user12:session_7168735362,T2_RandomForest,0.651365037509226,0.6461121664093624,False,-0.011334524189255901,0.00584533628755457,False,False
user12,2,Genuine,user12:session_7489987884,T2_RandomForest,0.651365037509226,0.6189605560183941,False,-0.011334524189255901,-0.008414669361948346,False,False
user12,2,Genuine,user12:session_7575485743,T2_RandomForest,0.651365037509226,0.506105860684497,False,-0.011334524189255901,-0.012207094058382661,False,False
user12,2,Genuine,user12:session_7580547206,T2_RandomForest,0.651365037509226,0.48189013943217984,False,-0.011334524189255901,0.009474508748460009,False,False
user12,2,Genuine,user12:session_7583047056,T2_RandomForest,0.651365037509226,0.5792832424241453,False,-0.011334524189255901,-0.007535315557506528,False,False
user12,2,Genuine,user12:session_7907939720,T2_RandomForest,0.651365037509226,0.4946166880276744,False,-0.011334524189255901,0.019899182421506567,False,False
user12,2,Genuine,user12:session_7976664538,T2_RandomForest,0.651365037509226,0.5222688377019093,False,-0.011334524189255901,0.013129718600255913,False,False
user12,2,Genuine,user12:session_8199358611,T2_RandomForest,0.651365037509226,0.5767371429684185,False,-0.011334524189255901,-0.039321643600155165,False,False
user12,2,Genuine,user12:session_8291380356,T2_RandomForest,0.651365037509226,0.5188838007722659,False,-0.011334524189255901,-0.0022260610976559403,False,False
user12,2,Genuine,user12:session_8361853378,T2_RandomForest,0.651365037509226,0.6028530677338814,False,-0.011334524189255901,-0.011916410692479895,False,False
user12,2,Genuine,user12:session_8439712811,T2_RandomForest,0.651365037509226,0.5843460586455858,False,-0.011334524189255901,-0.0426032232978098,False,False
user12,2,Genuine,user12:session_8674602823,T2_RandomForest,0.651365037509226,0.6411129687762923,False,-0.011334524189255901,-0.0022260610976559403,False,False
user12,2,Genuine,user12:session_8680283238,T2_RandomForest,0.651365037509226,0.7040286228437456,True,-0.011334524189255901,-0.01683455361609254,False,True
user12,2,Genuine,user12:session_9203064974,T2_RandomForest,0.651365037509226,0.593778463477124,False,-0.011334524189255901,0.014967145871901844,False,False
user12,2,Genuine,user12:session_9387370115,T2_RandomForest,0.651365037509226,0.6645104756630147,True,-0.011334524189255901,-0.0019294298792508213,True,False
user12,2,Genuine,user12:session_9506925023,T2_RandomForest,0.651365037509226,0.5338926972823557,False,-0.011334524189255901,0.0314861931160042,False,False
user12,2,Genuine,user12:session_9839818954,T2_RandomForest,0.651365037509226,0.570388142476416,False,-0.011334524189255901,0.0010466218995126564,False,False
user12,2,Genuine,user12:session_9899715696,T2_RandomForest,0.651365037509226,0.5701873236239429,False,-0.011334524189255901,0.0070521788740344205,False,False
user12,2,Genuine,user12:session_9924186646,T2_RandomForest,0.651365037509226,0.6387430402939593,False,-0.011334524189255901,-0.019990442254170515,False,False
user12,2,Genuine,user12:session_9932324920,T2_RandomForest,0.651365037509226,0.5018440728838077,False,-0.011334524189255901,0.006146777376974333,False,False
user12,2,Genuine,user12:session_9973193301,T2_RandomForest,0.651365037509226,0.7097619085225259,True,-0.011334524189255901,0.0007482182618598898,True,False
user12,2,HumanImpostor,user12:session_0126772600,T2_RandomForest,0.651365037509226,0.2614710554438346,False,-0.011334524189255901,0.023317330865164965,False,False
user12,2,HumanImpostor,user12:session_0170625567,T2_RandomForest,0.651365037509226,0.49471360617875165,False,-0.011334524189255901,-0.005477367932344213,False,False
user12,2,HumanImpostor,user12:session_0172860263,T2_RandomForest,0.651365037509226,0.37661118649627856,False,-0.011334524189255901,-0.00014592676966568296,False,False
user12,2,HumanImpostor,user12:session_0172989910,T2_RandomForest,0.651365037509226,0.5592744781478017,False,-0.011334524189255901,0.0202089984160313,False,False
user12,2,HumanImpostor,user12:session_0718520474,T2_RandomForest,0.651365037509226,0.30479942959847467,False,-0.011334524189255901,0.028014688167330104,False,False
user12,2,HumanImpostor,user12:session_1196335015,T2_RandomForest,0.651365037509226,0.33218706245390595,False,-0.011334524189255901,0.02051899903471721,False,False
user12,2,HumanImpostor,user12:session_1656689994,T2_RandomForest,0.651365037509226,0.5359107052544198,False,-0.011334524189255901,-0.0069482059732688395,False,False
user12,2,HumanImpostor,user12:session_1928096865,T2_RandomForest,0.651365037509226,0.30476909955013126,False,-0.011334524189255901,0.015581082579365857,False,False
user12,2,HumanImpostor,user12:session_2116060291,T2_RandomForest,0.651365037509226,0.3251013940286502,False,-0.011334524189255901,0.010081897209928359,False,False
user12,2,HumanImpostor,user12:session_2177337196,T2_RandomForest,0.651365037509226,0.01798045569671645,False,-0.011334524189255901,0.034661908617580006,False,False
user12,2,HumanImpostor,user12:session_2726751248,T2_RandomForest,0.651365037509226,0.591040619706346,False,-0.011334524189255901,0.023317330865164965,False,False
user12,2,HumanImpostor,user12:session_2923450227,T2_RandomForest,0.651365037509226,0.29381882380939917,False,-0.011334524189255901,0.010081897209928359,False,False
user12,2,HumanImpostor,user12:session_3315925736,T2_RandomForest,0.651365037509226,0.4787020270578374,False,-0.011334524189255901,0.02644423610070512,False,False
user12,2,HumanImpostor,user12:session_3387344935,T2_RandomForest,0.651365037509226,0.2851885947007484,False,-0.011334524189255901,0.008867843544855147,False,False
user12,2,HumanImpostor,user12:session_3683562482,T2_RandomForest,0.651365037509226,0.2521441138592453,False,-0.011334524189255901,0.04074813902336272,False,False
user12,2,HumanImpostor,user12:session_4066543084,T2_RandomForest,0.651365037509226,0.00894517974871223,False,-0.011334524189255901,0.03689619310510606,False,False
user12,2,HumanImpostor,user12:session_4091639526,T2_RandomForest,0.651365037509226,0.38921882491061477,False,-0.011334524189255901,0.026757952394332762,False,False
user12,2,HumanImpostor,user12:session_4157921188,T2_RandomForest,0.651365037509226,0.06602659254521953,False,-0.011334524189255901,0.027385945938223633,False,False
user12,2,HumanImpostor,user12:session_4383618618,T2_RandomForest,0.651365037509226,0.28273303083679474,False,-0.011334524189255901,0.0202089984160313,False,False
user12,2,HumanImpostor,user12:session_4498932663,T2_RandomForest,0.651365037509226,0.5117639619367804,False,-0.011334524189255901,0.01038586293177668,False,False
user12,2,HumanImpostor,user12:session_4876159319,T2_RandomForest,0.651365037509226,0.5016796265806449,False,-0.011334524189255901,0.0019429001765682852,False,False
user12,2,HumanImpostor,user12:session_4970622399,T2_RandomForest,0.651365037509226,0.2295114315603817,False,-0.011334524189255901,0.03211982360307486,False,False
user12,2,HumanImpostor,user12:session_5046103917,T2_RandomForest,0.651365037509226,0.4401518635415679,False,-0.011334524189255901,-0.0037065693649060982,False,False
user12,2,HumanImpostor,user12:session_5269540222,T2_RandomForest,0.651365037509226,0.36893321870169216,False,-0.011334524189255901,0.009474508748460009,False,False
user12,2,HumanImpostor,user12:session_5346999982,T2_RandomForest,0.651365037509226,0.2627446278515389,False,-0.011334524189255901,0.008261900737882355,False,False
user12,2,HumanImpostor,user12:session_5352520893,T2_RandomForest,0.651365037509226,0.4552395097005218,False,-0.011334524189255901,0.0025413095584863044,False,False
user12,2,HumanImpostor,user12:session_5466872812,T2_RandomForest,0.651365037509226,0.46980499154698924,False,-0.011334524189255901,0.01588832535115381,False,False
user12,2,HumanImpostor,user12:session_5476317070,T2_RandomForest,0.651365037509226,0.05063410021443753,False,-0.011334524189255901,0.02456585802519795,False,False
user12,2,HumanImpostor,user12:session_5577188457,T2_RandomForest,0.651365037509226,0.6172725587689203,False,-0.011334524189255901,0.023629183787415853,False,False
user12,2,HumanImpostor,user12:session_6186753676,T2_RandomForest,0.651365037509226,0.4013157508207092,False,-0.011334524189255901,0.00224201574372207,False,False
user12,2,HumanImpostor,user12:session_6695269196,T2_RandomForest,0.651365037509226,0.4558449433888022,False,-0.011334524189255901,0.03561831832741158,False,False
user12,2,HumanImpostor,user12:session_6965771386,T2_RandomForest,0.651365037509226,0.33923840587284987,False,-0.011334524189255901,0.009474508748460009,False,False
user12,2,HumanImpostor,user12:session_6974460768,T2_RandomForest,0.651365037509226,0.2380702693668327,False,-0.011334524189255901,0.0037402694190072916,False,False
user12,2,HumanImpostor,user12:session_7251443361,T2_RandomForest,0.651365037509226,0.3866013041827302,False,-0.011334524189255901,0.03657643887453743,False,False
user12,2,HumanImpostor,user12:session_7454853209,T2_RandomForest,0.651365037509226,0.2885134466917223,False,-0.011334524189255901,0.01711912843707486,False,False
user12,2,HumanImpostor,user12:session_7562248450,T2_RandomForest,0.651365037509226,0.2995452442403897,False,-0.011334524189255901,0.03689619310510606,False,False
user12,2,HumanImpostor,user12:session_7614908860,T2_RandomForest,0.651365037509226,0.5122623592544896,False,-0.011334524189255901,0.023941222547664842,False,False
user12,2,HumanImpostor,user12:session_7684485021,T2_RandomForest,0.651365037509226,0.37783872612614766,False,-0.011334524189255901,0.021450109736274037,False,False
user12,2,HumanImpostor,user12:session_7772954143,T2_RandomForest,0.651365037509226,0.31325910402955937,False,-0.011334524189255901,0.018352867965171327,False,False
user12,2,HumanImpostor,user12:session_7914718036,T2_RandomForest,0.651365037509226,0.21407947977832584,False,-0.011334524189255901,0.03625687507699715,False,False
user12,2,HumanImpostor,user12:session_8014286229,T2_RandomForest,0.651365037509226,0.3507949406438305,False,-0.011334524189255901,0.02425344725665557,False,False
user12,2,HumanImpostor,user12:session_8200552592,T2_RandomForest,0.651365037509226,0.2721783909489349,False,-0.011334524189255901,0.012213464938870766,False,False
user12,2,HumanImpostor,user12:session_8271683052,T2_RandomForest,0.651365037509226,0.38853962772609296,False,-0.011334524189255901,0.02644423610070512,False,False
user12,2,HumanImpostor,user12:session_8689827198,T2_RandomForest,0.651365037509226,0.5393617824276108,False,-0.011334524189255901,-0.016258530454826503,False,False
user12,2,HumanImpostor,user12:session_8701118698,T2_RandomForest,0.651365037509226,0.3089964252309437,False,-0.011334524189255901,0.034661908617580006,False,False
user12,2,HumanImpostor,user12:session_8950902312,T2_RandomForest,0.651365037509226,0.45062260544737276,False,-0.011334524189255901,0.008564781895576634,False,False
user12,2,HumanImpostor,user12:session_9072596713,T2_RandomForest,0.651365037509226,0.19165373068255287,False,-0.011334524189255901,0.014353940219733574,False,False
user12,2,HumanImpostor,user12:session_9693789671,T2_RandomForest,0.651365037509226,0.09770880596673875,False,-0.011334524189255901,0.03370720669014071,False,False
user12,2,HumanImpostor,user12:session_9816302916,T2_RandomForest,0.651365037509226,0.6308414225007228,False,-0.011334524189255901,0.014967145871901844,False,False
user12,2,WindMouse,windmouse:0,T2_RandomForest,0.651365037509226,0.16905364084586852,False,-0.011334524189255901,0.045927089966492085,False,False
user12,2,WindMouse,windmouse:1,T2_RandomForest,0.651365037509226,0.15043264212214733,False,-0.011334524189255901,0.0378565995301402,False,False
user12,2,WindMouse,windmouse:2,T2_RandomForest,0.651365037509226,0.16630496518996418,False,-0.011334524189255901,0.045927089966492085,False,False
user12,2,WindMouse,windmouse:3,T2_RandomForest,0.651365037509226,0.16068082439933062,False,-0.011334524189255901,0.043979196141661014,False,False
user12,2,WindMouse,windmouse:4,T2_RandomForest,0.651365037509226,0.1622444539794988,False,-0.011334524189255901,0.05411867739401266,False,False
user12,2,WindMouse,windmouse:5,T2_RandomForest,0.651365037509226,0.1458175084723941,False,-0.011334524189255901,0.04951636245626301,False,False
user12,2,WindMouse,windmouse:6,T2_RandomForest,0.651365037509226,0.1314654690884617,False,-0.011334524189255901,0.04236126150475383,False,False
user12,2,WindMouse,windmouse:7,T2_RandomForest,0.651365037509226,0.17084212087737236,False,-0.011334524189255901,0.04268446300094042,False,False
user12,2,WindMouse,windmouse:8,T2_RandomForest,0.651365037509226,0.14748328042275266,False,-0.011334524189255901,0.051155641695894705,False,False
user12,2,WindMouse,windmouse:9,T2_RandomForest,0.651365037509226,0.14077961495479202,False,-0.011334524189255901,0.051812721827463215,False,False
user12,2,WindMouse,windmouse:10,T2_RandomForest,0.651365037509226,0.1644145773980218,False,-0.011334524189255901,0.04918909214978928,False,False
user12,2,WindMouse,windmouse:11,T2_RandomForest,0.651365037509226,0.17731296061012383,False,-0.011334524189255901,0.04074813902336272,False,False
user12,2,WindMouse,windmouse:12,T2_RandomForest,0.651365037509226,0.16629378381833165,False,-0.011334524189255901,0.045927089966492085,False,False
user12,2,WindMouse,windmouse:13,T2_RandomForest,0.651365037509226,0.1627397589509911,False,-0.011334524189255901,0.0340252511007042,False,False
user12,2,WindMouse,windmouse:14,T2_RandomForest,0.651365037509226,0.18240489226026702,False,-0.011334524189255901,0.043979196141661014,False,False
user12,2,WindMouse,windmouse:15,T2_RandomForest,0.651365037509226,0.15171456131316838,False,-0.011334524189255901,0.040426090725488195,False,False
user12,2,WindMouse,windmouse:16,T2_RandomForest,0.651365037509226,0.16676073954475495,False,-0.011334524189255901,0.03593750159907083,False,False
user12,2,WindMouse,windmouse:17,T2_RandomForest,0.651365037509226,0.16655732532082573,False,-0.011334524189255901,0.046252416395220486,False,False
user12,2,WindMouse,windmouse:18,T2_RandomForest,0.651365037509226,0.14268950060566032,False,-0.011334524189255901,0.045927089966492085,False,False
user12,2,WindMouse,windmouse:19,T2_RandomForest,0.651365037509226,0.12981873768696284,False,-0.011334524189255901,0.0482084502219593,False,False
user12,2,SapiAgent,sapiagent:0,T2_RandomForest,0.651365037509226,0.2850156796516103,False,-0.011334524189255901,0.04430336179021699,False,False
user12,2,SapiAgent,sapiagent:1,T2_RandomForest,0.651365037509226,0.22401010856604622,False,-0.011334524189255901,0.050499343993368195,False,False
user12,2,SapiAgent,sapiagent:2,T2_RandomForest,0.651365037509226,0.24235314992676535,False,-0.011334524189255901,0.03946109617072724,False,False
user12,2,SapiAgent,sapiagent:3,T2_RandomForest,0.651365037509226,0.24337370594521748,False,-0.011334524189255901,0.04657793669101851,False,False
user12,2,SapiAgent,sapiagent:4,T2_RandomForest,0.651365037509226,0.2196625538023265,False,-0.011334524189255901,0.04918909214978928,False,False
user12,2,SapiAgent,sapiagent:5,T2_RandomForest,0.651365037509226,0.24074265000324735,False,-0.011334524189255901,0.053129233110042695,False,False
user12,2,SapiAgent,sapiagent:6,T2_RandomForest,0.651365037509226,0.22910525635075937,False,-0.011334524189255901,0.05477929001575099,False,False
user12,2,SapiAgent,sapiagent:7,T2_RandomForest,0.651365037509226,0.20788190582447383,False,-0.011334524189255901,0.04268446300094042,False,False
user12,2,SapiAgent,sapiagent:8,T2_RandomForest,0.651365037509226,0.24676927320439965,False,-0.011334524189255901,0.040426090725488195,False,False
user12,2,SapiAgent,sapiagent:9,T2_RandomForest,0.651365037509226,0.24232962045181286,False,-0.011334524189255901,0.04755566193645944,False,False
user12,2,SapiAgent,sapiagent:10,T2_RandomForest,0.651365037509226,0.22210513750489702,False,-0.011334524189255901,0.04268446300094042,False,False
user12,2,SapiAgent,sapiagent:11,T2_RandomForest,0.651365037509226,0.23854909633769297,False,-0.011334524189255901,0.044952272728473575,False,False
user12,2,SapiAgent,sapiagent:12,T2_RandomForest,0.651365037509226,0.24456864533617415,False,-0.011334524189255901,0.052799811120076146,False,False
user12,2,SapiAgent,sapiagent:13,T2_RandomForest,0.651365037509226,0.24593356371084119,False,-0.011334524189255901,0.04236126150475383,False,False
user12,2,SapiAgent,sapiagent:14,T2_RandomForest,0.651365037509226,0.1965024744893343,False,-0.011334524189255901,0.04107037923481793,False,False
user12,2,SapiAgent,sapiagent:15,T2_RandomForest,0.651365037509226,0.24383510449217338,False,-0.011334524189255901,0.046252416395220486,False,False
user12,2,SapiAgent,sapiagent:16,T2_RandomForest,0.651365037509226,0.26782225390003706,False,-0.011334524189255901,0.043007857097916324,False,False
user12,2,SapiAgent,sapiagent:17,T2_RandomForest,0.651365037509226,0.24512509560318876,False,-0.011334524189255901,0.0554406902107184,False,False
user12,2,SapiAgent,sapiagent:18,T2_RandomForest,0.651365037509226,0.2350696573291662,False,-0.011334524189255901,0.05082739509925793,False,False
user12,2,SapiAgent,sapiagent:19,T2_RandomForest,0.651365037509226,0.2636582494408453,False,-0.011334524189255901,0.038497824727612207,False,False
user12,2,DMTG_Inspired,unknown_user:session_0,T2_RandomForest,0.651365037509226,0.1074468637425301,False,-0.011334524189255901,0.040426090725488195,False,False
user12,2,DMTG_Inspired,unknown_user:session_1,T2_RandomForest,0.651365037509226,0.16356683455413557,False,-0.011334524189255901,0.048862016752622806,False,False
user12,2,DMTG_Inspired,unknown_user:session_2,T2_RandomForest,0.651365037509226,0.1724582444135946,False,-0.011334524189255901,0.03689619310510606,False,False
user12,2,DMTG_Inspired,unknown_user:session_3,T2_RandomForest,0.651365037509226,0.14223269076102407,False,-0.011334524189255901,0.04657793669101851,False,False
user12,2,DMTG_Inspired,unknown_user:session_4,T2_RandomForest,0.651365037509226,0.15960164388479084,False,-0.011334524189255901,0.043655223553400235,False,False
user12,2,DMTG_Inspired,unknown_user:session_5,T2_RandomForest,0.651365037509226,0.13826363250925136,False,-0.011334524189255901,0.040426090725488195,False,False
user12,2,DMTG_Inspired,unknown_user:session_6,T2_RandomForest,0.651365037509226,0.16355640872291005,False,-0.011334524189255901,0.046252416395220486,False,False
user12,2,DMTG_Inspired,unknown_user:session_7,T2_RandomForest,0.651365037509226,0.13483448157379083,False,-0.011334524189255901,0.043979196141661014,False,False
user12,2,DMTG_Inspired,unknown_user:session_8,T2_RandomForest,0.651365037509226,0.19419678039422228,False,-0.011334524189255901,0.03625687507699715,False,False
user12,2,DMTG_Inspired,unknown_user:session_9,T2_RandomForest,0.651365037509226,0.13831386291761585,False,-0.011334524189255901,0.03180291399009649,False,False
user12,2,DMTG_Inspired,unknown_user:session_10,T2_RandomForest,0.651365037509226,0.19682751501800352,False,-0.011334524189255901,0.0340252511007042,False,False
user12,2,DMTG_Inspired,unknown_user:session_11,T2_RandomForest,0.651365037509226,0.185653314355788,False,-0.011334524189255901,0.03085331713492323,False,False
user12,2,DMTG_Inspired,unknown_user:session_12,T2_RandomForest,0.651365037509226,0.17131358726111956,False,-0.011334524189255901,0.03593750159907083,False,False
user12,2,DMTG_Inspired,unknown_user:session_13,T2_RandomForest,0.651365037509226,0.14993471166386552,False,-0.011334524189255901,0.027700223411364022,False,False
user12,2,DMTG_Inspired,unknown_user:session_14,T2_RandomForest,0.651365037509226,0.15121831208558295,False,-0.011334524189255901,0.03721613788218503,False,False
user12,2,DMTG_Inspired,unknown_user:session_15,T2_RandomForest,0.651365037509226,0.11501391217908859,False,-0.011334524189255901,0.044627720614115796,False,False
user12,2,DMTG_Inspired,unknown_user:session_16,T2_RandomForest,0.651365037509226,0.16411000926950034,False,-0.011334524189255901,0.027700223411364022,False,False
user12,2,DMTG_Inspired,unknown_user:session_17,T2_RandomForest,0.651365037509226,0.17057116586371843,False,-0.011334524189255901,0.04139281147421814,False,False
user12,2,DMTG_Inspired,unknown_user:session_18,T2_RandomForest,0.651365037509226,0.17161908512530122,False,-0.011334524189255901,0.04984382778819341,False,False
user12,2,DMTG_Inspired,unknown_user:session_19,T2_RandomForest,0.651365037509226,0.14673325051626782,False,-0.011334524189255901,0.04268446300094042,False,False
user15,2,Genuine,user15:session_0510406466,T2_RandomForest,0.6079024176701244,0.6031578007401373,False,-0.005277105564112816,-0.013358906623994637,False,False
user15,2,Genuine,user15:session_0797370695,T2_RandomForest,0.6079024176701244,0.6348461916782386,True,-0.005277105564112816,-0.039931213653462805,False,True
user15,2,Genuine,user15:session_0864574884,T2_RandomForest,0.6079024176701244,0.5068457889552294,False,-0.005277105564112816,0.0025625140295199023,False,False
user15,2,Genuine,user15:session_1016856509,T2_RandomForest,0.6079024176701244,0.6323332535924938,True,-0.005277105564112816,-0.018072320361045335,False,True
user15,2,Genuine,user15:session_1324126678,T2_RandomForest,0.6079024176701244,0.5573527598381,False,-0.005277105564112816,-0.015177189052654583,False,False
user15,2,Genuine,user15:session_1567411744,T2_RandomForest,0.6079024176701244,0.5506833576839212,False,-0.005277105564112816,-0.023097262191450696,False,False
user15,2,Genuine,user15:session_1824070206,T2_RandomForest,0.6079024176701244,0.6416598922398277,True,-0.005277105564112816,-0.0019323554891739758,True,False
user15,2,Genuine,user15:session_1876247964,T2_RandomForest,0.6079024176701244,0.4029711967624575,False,-0.005277105564112816,0.010526364048030978,False,False
user15,2,Genuine,user15:session_2099251918,T2_RandomForest,0.6079024176701244,0.4258977284459208,False,-0.005277105564112816,0.0010597350095498115,False,False
user15,2,Genuine,user15:session_2613999059,T2_RandomForest,0.6079024176701244,0.7706898747335498,True,-0.005277105564112816,-0.013358906623994637,False,True
user15,2,Genuine,user15:session_3102058551,T2_RandomForest,0.6079024176701244,0.2836466135496281,False,-0.005277105564112816,-0.005647355180539493,False,False
user15,2,Genuine,user15:session_3343831517,T2_RandomForest,0.6079024176701244,0.5514846166288901,False,-0.005277105564112816,-0.010068796439395844,False,False
user15,2,Genuine,user15:session_3393326634,T2_RandomForest,0.6079024176701244,0.5072503726941056,False,-0.005277105564112816,0.0003100314626141021,False,False
user15,2,Genuine,user15:session_3641521673,T2_RandomForest,0.6079024176701244,0.4222655781080664,False,-0.005277105564112816,-0.03299051063830333,False,False
user15,2,Genuine,user15:session_3704248627,T2_RandomForest,0.6079024176701244,0.40933154196244026,False,-0.005277105564112816,-0.03194041236781425,False,False
user15,2,Genuine,user15:session_3814755566,T2_RandomForest,0.6079024176701244,0.6894450237371472,True,-0.005277105564112816,-0.043362786489242855,False,True
user15,2,Genuine,user15:session_3879503861,T2_RandomForest,0.6079024176701244,0.687223312814668,True,-0.005277105564112816,-0.020232317707827796,False,True
user15,2,Genuine,user15:session_4119002624,T2_RandomForest,0.6079024176701244,0.6765487477322643,True,-0.005277105564112816,-0.036820755000919025,False,True
user15,2,Genuine,user15:session_4659905162,T2_RandomForest,0.6079024176701244,0.6564085268313461,True,-0.005277105564112816,-0.0019323554891739758,True,False
user15,2,Genuine,user15:session_4687655362,T2_RandomForest,0.6079024176701244,0.62193344648112,True,-0.005277105564112816,-0.019153531891076714,False,True
user15,2,Genuine,user15:session_5269315187,T2_RandomForest,0.6079024176701244,0.7078628180851428,True,-0.005277105564112816,-0.006387023338570885,False,True
user15,2,Genuine,user15:session_5700842190,T2_RandomForest,0.6079024176701244,0.6909378030173151,True,-0.005277105564112816,-0.01262968567928946,False,True
user15,2,Genuine,user15:session_6112730640,T2_RandomForest,0.6079024176701244,0.48107258221687377,False,-0.005277105564112816,-0.043020784165759274,False,False
user15,2,Genuine,user15:session_6189139492,T2_RandomForest,0.6079024176701244,0.6699948474322729,True,-0.005277105564112816,-0.03299051063830333,False,True
user15,2,Genuine,user15:session_6303895598,T2_RandomForest,0.6079024176701244,0.3594929108140965,False,-0.005277105564112816,-0.019872991623090308,False,False
user15,2,Genuine,user15:session_6349231133,T2_RandomForest,0.6079024176701244,0.6189859080489228,True,-0.005277105564112816,-0.04404602346621794,False,True
user15,2,Genuine,user15:session_6509364535,T2_RandomForest,0.6079024176701244,0.5308645272522143,False,-0.005277105564112816,-0.020232317707827796,False,False
user15,2,Genuine,user15:session_6679825465,T2_RandomForest,0.6079024176701244,0.4875952168003141,False,-0.005277105564112816,-0.024879158295459003,False,False
user15,2,Genuine,user15:session_6869635181,T2_RandomForest,0.6079024176701244,0.5965911837206992,False,-0.005277105564112816,-0.03158985516011703,False,False
user15,2,Genuine,user15:session_6873559742,T2_RandomForest,0.6079024176701244,0.6062357281583867,False,-0.005277105564112816,-0.004906578646087956,False,False
user15,2,Genuine,user15:session_7071815036,T2_RandomForest,0.6079024176701244,0.5090765061805499,False,-0.005277105564112816,-0.052500723278859907,False,False
user15,2,Genuine,user15:session_7096197451,T2_RandomForest,0.6079024176701244,0.6483579903740088,True,-0.005277105564112816,-0.008231355463906798,False,True
user15,2,Genuine,user15:session_7394343234,T2_RandomForest,0.6079024176701244,0.5938201228458767,False,-0.005277105564112816,-0.0357792692598804,False,False
user15,2,Genuine,user15:session_7690305433,T2_RandomForest,0.6079024176701244,0.7711352364105766,True,-0.005277105564112816,-0.03334001959826555,False,True
user15,2,Genuine,user15:session_7779665504,T2_RandomForest,0.6079024176701244,0.3835193579738006,False,-0.005277105564112816,-0.020232317707827796,False,False
user15,2,Genuine,user15:session_7800181258,T2_RandomForest,0.6079024176701244,0.8427986851300204,True,-0.005277105564112816,-0.007494450996885282,False,True
user15,2,Genuine,user15:session_7967310508,T2_RandomForest,0.6079024176701244,0.35270197593929165,False,-0.005277105564112816,-0.015177189052654583,False,False
user15,2,Genuine,user15:session_7979911880,T2_RandomForest,0.6079024176701244,0.5731564979504682,False,-0.005277105564112816,0.00406980018631431,False,False
user15,2,Genuine,user15:session_8423329764,T2_RandomForest,0.6079024176701244,0.5265604058042967,False,-0.005277105564112816,-0.01408703648216758,False,False
user15,2,Genuine,user15:session_8691825471,T2_RandomForest,0.6079024176701244,0.5556152358084675,False,-0.005277105564112816,-0.013358906623994637,False,False
user15,2,Genuine,user15:session_9411417025,T2_RandomForest,0.6079024176701244,0.47076480576761265,False,-0.005277105564112816,-0.02416720019378421,False,False
user15,2,Genuine,user15:session_9505884451,T2_RandomForest,0.6079024176701244,0.7384800806287566,True,-0.005277105564112816,-0.031239035399618642,False,True
user15,2,Genuine,user15:session_9729063367,T2_RandomForest,0.6079024176701244,0.3383795557587424,False,-0.005277105564112816,-0.02095016332180971,False,False
user15,2,Genuine,user15:session_9809839685,T2_RandomForest,0.6079024176701244,0.7890544084724362,True,-0.005277105564112816,-0.0045357742187775996,True,False
user15,2,Genuine,user15:session_9921687223,T2_RandomForest,0.6079024176701244,0.3856242137969542,False,-0.005277105564112816,-0.009334645337148173,False,False
user15,2,HumanImpostor,user15:session_0003960194,T2_RandomForest,0.6079024176701244,0.005135351306335976,False,-0.005277105564112816,-0.008967157348034382,False,False
user15,2,HumanImpostor,user15:session_0128859274,T2_RandomForest,0.6079024176701244,0.22258079979275988,False,-0.005277105564112816,-0.006756442294773679,False,False
user15,2,HumanImpostor,user15:session_0280517098,T2_RandomForest,0.6079024176701244,0.15514682290473472,False,-0.005277105564112816,-0.0034216938019253074,False,False
user15,2,HumanImpostor,user15:session_0305187451,T2_RandomForest,0.6079024176701244,0.22488262116092478,False,-0.005277105564112816,0.0010597350095498115,False,False
user15,2,HumanImpostor,user15:session_0326724732,T2_RandomForest,0.6079024176701244,0.47804306036900535,False,-0.005277105564112816,-0.025234737775155447,False,False
user15,2,HumanImpostor,user15:session_0612796637,T2_RandomForest,0.6079024176701244,0.3270193697896631,False,-0.005277105564112816,-0.024523312501488037,False,False
user15,2,HumanImpostor,user15:session_0647531474,T2_RandomForest,0.6079024176701244,0.2550537152097168,False,-0.005277105564112816,-0.016988677663374696,False,False
user15,2,HumanImpostor,user15:session_0719528275,T2_RandomForest,0.6079024176701244,0.2581468138631913,False,-0.005277105564112816,-0.011899372013082832,False,False
user15,2,HumanImpostor,user15:session_0861337889,T2_RandomForest,0.6079024176701244,0.2156165014282563,False,-0.005277105564112816,-0.03194041236781425,False,False
user15,2,HumanImpostor,user15:session_1149922141,T2_RandomForest,0.6079024176701244,0.5884636908408802,False,-0.005277105564112816,-0.01735016236286252,False,False
user15,2,HumanImpostor,user15:session_1316321566,T2_RandomForest,0.6079024176701244,0.23844659705394028,False,-0.005277105564112816,-0.021666934869437215,False,False
user15,2,HumanImpostor,user15:session_1618522149,T2_RandomForest,0.6079024176701244,0.009518721451384835,False,-0.005277105564112816,-0.0045357742187775996,False,False
user15,2,HumanImpostor,user15:session_1649882646,T2_RandomForest,0.6079024176701244,0.14670906420556265,False,-0.005277105564112816,-0.015902598331441697,False,False
user15,2,HumanImpostor,user15:session_1750509621,T2_RandomForest,0.6079024176701244,0.29166538922823404,False,-0.005277105564112816,-0.023097262191450696,False,False
user15,2,HumanImpostor,user15:session_1854610785,T2_RandomForest,0.6079024176701244,0.33140701351525176,False,-0.005277105564112816,-0.010801849078432735,False,False
user15,2,HumanImpostor,user15:session_1968614536,T2_RandomForest,0.6079024176701244,0.25686535336824706,False,-0.005277105564112816,-0.006017327702899977,False,False
user15,2,HumanImpostor,user15:session_2203453961,T2_RandomForest,0.6079024176701244,0.33981204560853095,False,-0.005277105564112816,-0.02095016332180971,False,False
user15,2,HumanImpostor,user15:session_2375808482,T2_RandomForest,0.6079024176701244,0.15751375674607948,False,-0.005277105564112816,0.010144287146819475,False,False
user15,2,HumanImpostor,user15:session_2694965772,T2_RandomForest,0.6079024176701244,0.15355378815951135,False,-0.005277105564112816,0.009762496191190184,False,False
user15,2,HumanImpostor,user15:session_2730276507,T2_RandomForest,0.6079024176701244,0.2769533983051064,False,-0.005277105564112816,-0.0011860121096258225,False,False
user15,2,HumanImpostor,user15:session_2931074825,T2_RandomForest,0.6079024176701244,0.37075598921777075,False,-0.005277105564112816,-0.02059137487364815,False,False
user15,2,HumanImpostor,user15:session_2953697423,T2_RandomForest,0.6079024176701244,0.14271099299301043,False,-0.005277105564112816,-0.0034216938019253074,False,False
user15,2,HumanImpostor,user15:session_3014121416,T2_RandomForest,0.6079024176701244,0.21898982469343195,False,-0.005277105564112816,-0.024523312501488037,False,False
user15,2,HumanImpostor,user15:session_3051589624,T2_RandomForest,0.6079024176701244,0.325336975053386,False,-0.005277105564112816,-0.011533804897818856,False,False
user15,2,HumanImpostor,user15:session_3077149461,T2_RandomForest,0.6079024176701244,0.22350891213598958,False,-0.005277105564112816,-0.023097262191450696,False,False
user15,2,HumanImpostor,user15:session_3155649031,T2_RandomForest,0.6079024176701244,0.3627186344013011,False,-0.005277105564112816,0.002186397257600503,False,False
user15,2,HumanImpostor,user15:session_3603344105,T2_RandomForest,0.6079024176701244,0.06766058471201533,False,-0.005277105564112816,-0.0034216938019253074,False,False
user15,2,HumanImpostor,user15:session_3791802350,T2_RandomForest,0.6079024176701244,0.13366959586567326,False,-0.005277105564112816,-0.029833126894579898,False,False
user15,2,HumanImpostor,user15:session_4098569257,T2_RandomForest,0.6079024176701244,0.21392106556341114,False,-0.005277105564112816,-0.008967157348034382,False,False
user15,2,HumanImpostor,user15:session_4290136840,T2_RandomForest,0.6079024176701244,0.15872591554812204,False,-0.005277105564112816,-0.002305108309810955,False,False
user15,2,HumanImpostor,user15:session_4386624259,T2_RandomForest,0.6079024176701244,0.3836028130722154,False,-0.005277105564112816,-0.01879339784052969,False,False
user15,2,HumanImpostor,user15:session_4480398495,T2_RandomForest,0.6079024176701244,0.305874370020682,False,-0.005277105564112816,-0.034038252998547514,False,False
user15,2,HumanImpostor,user15:session_4762909710,T2_RandomForest,0.6079024176701244,0.34446451382593446,False,-0.005277105564112816,-0.019153531891076714,False,False
user15,2,HumanImpostor,user15:session_4896261465,T2_RandomForest,0.6079024176701244,0.12991280625543042,False,-0.005277105564112816,-0.004906578646087956,False,False
user15,2,HumanImpostor,user15:session_5023081923,T2_RandomForest,0.6079024176701244,0.4055520181945204,False,-0.005277105564112816,-0.00786304115646208,False,False
user15,2,HumanImpostor,user15:session_5071023384,T2_RandomForest,0.6079024176701244,0.2531547336685901,False,-0.005277105564112816,-0.030887952889677828,False,False
user15,2,HumanImpostor,user15:session_5312030236,T2_RandomForest,0.6079024176701244,0.19698956778857907,False,-0.005277105564112816,-0.006387023338570885,False,False
user15,2,HumanImpostor,user15:session_5594141097,T2_RandomForest,0.6079024176701244,0.7174397703343973,True,-0.005277105564112816,0.007097948022161682,True,False
user15,2,HumanImpostor,user15:session_5695398064,T2_RandomForest,0.6079024176701244,0.6345158092480974,True,-0.005277105564112816,-0.006387023338570885,False,True
user15,2,HumanImpostor,user15:session_5806761857,T2_RandomForest,0.6079024176701244,0.24919238332339663,False,-0.005277105564112816,-0.02948099141751087,False,False
user15,2,HumanImpostor,user15:session_5958053029,T2_RandomForest,0.6079024176701244,0.2768326737887355,False,-0.005277105564112816,0.01359329903176476,False,False
user15,2,HumanImpostor,user15:session_6102555994,T2_RandomForest,0.6079024176701244,0.22729818615062844,False,-0.005277105564112816,-0.006017327702899977,False,False
user15,2,HumanImpostor,user15:session_6237417362,T2_RandomForest,0.6079024176701244,0.20542409529655475,False,-0.005277105564112816,0.0059602666408649085,False,False
user15,2,HumanImpostor,user15:session_6320970139,T2_RandomForest,0.6079024176701244,0.16516770850687956,False,-0.005277105564112816,-0.021666934869437215,False,False
user15,2,HumanImpostor,user15:session_6464183153,T2_RandomForest,0.6079024176701244,0.21032047472915144,False,-0.005277105564112816,0.0025625140295199023,False,False
user15,2,HumanImpostor,user15:session_6568302079,T2_RandomForest,0.6079024176701244,0.5366322547073828,False,-0.005277105564112816,-0.0144506927640633,False,False
user15,2,HumanImpostor,user15:session_6657360579,T2_RandomForest,0.6079024176701244,0.12346673068504863,False,-0.005277105564112816,-0.006387023338570885,False,False
user15,2,HumanImpostor,user15:session_6705777193,T2_RandomForest,0.6079024176701244,0.47335812364490104,False,-0.005277105564112816,-0.02238263395776685,False,False
user15,2,HumanImpostor,user15:session_6751955279,T2_RandomForest,0.6079024176701244,0.3872146327011686,False,-0.005277105564112816,0.005581606997743793,False,False
user15,2,HumanImpostor,user15:session_6871552747,T2_RandomForest,0.6079024176701244,0.1875017802044905,False,-0.005277105564112816,-0.006387023338570885,False,False
user15,2,HumanImpostor,user15:session_6896514118,T2_RandomForest,0.6079024176701244,0.6760985942425787,True,-0.005277105564112816,-0.018432994064523645,False,True
user15,2,HumanImpostor,user15:session_7035039573,T2_RandomForest,0.6079024176701244,0.2681899371005618,False,-0.005277105564112816,-0.021308683253420335,False,False
user15,2,HumanImpostor,user15:session_7323696974,T2_RandomForest,0.6079024176701244,0.36563496081124724,False,-0.005277105564112816,-0.005647355180539493,False,False
user15,2,HumanImpostor,user15:session_7331556356,T2_RandomForest,0.6079024176701244,0.028212684343861795,False,-0.005277105564112816,-0.007494450996885282,False,False
user15,2,HumanImpostor,user15:session_7471072415,T2_RandomForest,0.6079024176701244,0.034373464674590654,False,-0.005277105564112816,-0.02059137487364815,False,False
user15,2,HumanImpostor,user15:session_7800269296,T2_RandomForest,0.6079024176701244,0.3006576292490975,False,-0.005277105564112816,-0.01408703648216758,False,False
user15,2,HumanImpostor,user15:session_7818234002,T2_RandomForest,0.6079024176701244,0.14920293370195767,False,-0.005277105564112816,-0.0015593234921428278,False,False
user15,2,HumanImpostor,user15:session_7944252331,T2_RandomForest,0.6079024176701244,0.20440251155659145,False,-0.005277105564112816,-0.02059137487364815,False,False
user15,2,HumanImpostor,user15:session_7989414599,T2_RandomForest,0.6079024176701244,0.38533685462650147,False,-0.005277105564112816,-0.011899372013082832,False,False
user15,2,HumanImpostor,user15:session_8091715457,T2_RandomForest,0.6079024176701244,0.2663982779711573,False,-0.005277105564112816,-0.022024918370667224,False,False
user15,2,HumanImpostor,user15:session_8351091371,T2_RandomForest,0.6079024176701244,0.2591502649937226,False,-0.005277105564112816,0.0018105619707146081,False,False
user15,2,HumanImpostor,user15:session_8557723888,T2_RandomForest,0.6079024176701244,0.13292040684467066,False,-0.005277105564112816,-0.005277105564112816,False,False
user15,2,HumanImpostor,user15:session_8671492463,T2_RandomForest,0.6079024176701244,0.2498964684411448,False,-0.005277105564112816,-0.020232317707827796,False,False
user15,2,HumanImpostor,user15:session_8740037149,T2_RandomForest,0.6079024176701244,0.21739187043851058,False,-0.005277105564112816,-0.006387023338570885,False,False
user15,2,HumanImpostor,user15:session_8769983957,T2_RandomForest,0.6079024176701244,0.2271934431435268,False,-0.005277105564112816,0.002186397257600503,False,False
user15,2,HumanImpostor,user15:session_8934034457,T2_RandomForest,0.6079024176701244,0.20304058515851822,False,-0.005277105564112816,-0.020232317707827796,False,False
user15,2,HumanImpostor,user15:session_9501338931,T2_RandomForest,0.6079024176701244,0.36435407197001646,False,-0.005277105564112816,-0.012264665538655073,False,False
user15,2,HumanImpostor,user15:session_9767538073,T2_RandomForest,0.6079024176701244,0.1879365283716933,False,-0.005277105564112816,-0.01408703648216758,False,False
user15,2,HumanImpostor,user15:session_9795347408,T2_RandomForest,0.6079024176701244,0.25569795651739224,False,-0.005277105564112816,0.0025625140295199023,False,False
user15,2,HumanImpostor,user15:session_9983042278,T2_RandomForest,0.6079024176701244,0.1969618066115443,False,-0.005277105564112816,-0.0019323554891739758,False,False
user15,2,WindMouse,windmouse:0,T2_RandomForest,0.6079024176701244,0.23213115876506965,False,-0.005277105564112816,-0.019153531891076714,False,False
user15,2,WindMouse,windmouse:1,T2_RandomForest,0.6079024176701244,0.38320549228924206,False,-0.005277105564112816,-0.010435459964035443,False,False
user15,2,WindMouse,windmouse:2,T2_RandomForest,0.6079024176701244,0.31656015393509285,False,-0.005277105564112816,-0.01372310783680769,False,False
user15,2,WindMouse,windmouse:3,T2_RandomForest,0.6079024176701244,0.3460617137785253,False,-0.005277105564112816,-0.02416720019378421,False,False
user15,2,WindMouse,windmouse:4,T2_RandomForest,0.6079024176701244,0.33414098119139635,False,-0.005277105564112816,-0.016264895850511052,False,False
user15,2,WindMouse,windmouse:5,T2_RandomForest,0.6079024176701244,0.3266338686340809,False,-0.005277105564112816,-0.012994432639586773,False,False
user15,2,WindMouse,windmouse:6,T2_RandomForest,0.6079024176701244,0.3269061746202528,False,-0.005277105564112816,-0.015540029466565075,False,False
user15,2,WindMouse,windmouse:7,T2_RandomForest,0.6079024176701244,0.32674271224881063,False,-0.005277105564112816,-0.016626922226847862,False,False
user15,2,WindMouse,windmouse:8,T2_RandomForest,0.6079024176701244,0.3555908234061528,False,-0.005277105564112816,-0.016626922226847862,False,False
user15,2,WindMouse,windmouse:9,T2_RandomForest,0.6079024176701244,0.29374343432912897,False,-0.005277105564112816,-0.01879339784052969,False,False
user15,2,WindMouse,windmouse:10,T2_RandomForest,0.6079024176701244,0.35678913346401714,False,-0.005277105564112816,-0.015540029466565075,False,False
user15,2,WindMouse,windmouse:11,T2_RandomForest,0.6079024176701244,0.3233209241682409,False,-0.005277105564112816,-0.020232317707827796,False,False
user15,2,WindMouse,windmouse:12,T2_RandomForest,0.6079024176701244,0.30279756466214336,False,-0.005277105564112816,-0.014814076886331018,False,False
user15,2,WindMouse,windmouse:13,T2_RandomForest,0.6079024176701244,0.3132852230956179,False,-0.005277105564112816,-0.015540029466565075,False,False
user15,2,WindMouse,windmouse:14,T2_RandomForest,0.6079024176701244,0.3784630262679669,False,-0.005277105564112816,-0.011533804897818856,False,False
user15,2,WindMouse,windmouse:15,T2_RandomForest,0.6079024176701244,0.4383533090172969,False,-0.005277105564112816,-0.012264665538655073,False,False
user15,2,WindMouse,windmouse:16,T2_RandomForest,0.6079024176701244,0.41007753803430236,False,-0.005277105564112816,-0.016988677663374696,False,False
user15,2,WindMouse,windmouse:17,T2_RandomForest,0.6079024176701244,0.27101181010020664,False,-0.005277105564112816,-0.015540029466565075,False,False
user15,2,WindMouse,windmouse:18,T2_RandomForest,0.6079024176701244,0.3699057716954396,False,-0.005277105564112816,-0.016988677663374696,False,False
user15,2,WindMouse,windmouse:19,T2_RandomForest,0.6079024176701244,0.36056446579898394,False,-0.005277105564112816,-0.008967157348034382,False,False
user15,2,SapiAgent,sapiagent:0,T2_RandomForest,0.6079024176701244,0.18115426962269862,False,-0.005277105564112816,-0.002677582162988801,False,False
user15,2,SapiAgent,sapiagent:1,T2_RandomForest,0.6079024176701244,0.19812261230901632,False,-0.005277105564112816,0.002186397257600503,False,False
user15,2,SapiAgent,sapiagent:2,T2_RandomForest,0.6079024176701244,0.19320805072534455,False,-0.005277105564112816,-0.0030497772574860638,False,False
user15,2,SapiAgent,sapiagent:3,T2_RandomForest,0.6079024176701244,0.17872435047239169,False,-0.005277105564112816,-0.010068796439395844,False,False
user15,2,SapiAgent,sapiagent:4,T2_RandomForest,0.6079024176701244,0.17728004412127904,False,-0.005277105564112816,-0.006387023338570885,False,False
user15,2,SapiAgent,sapiagent:5,T2_RandomForest,0.6079024176701244,0.2115189727416552,False,-0.005277105564112816,0.005581606997743793,False,False
user15,2,SapiAgent,sapiagent:6,T2_RandomForest,0.6079024176701244,0.2078509167486988,False,-0.005277105564112816,-0.010435459964035443,False,False
user15,2,SapiAgent,sapiagent:7,T2_RandomForest,0.6079024176701244,0.17563713298518188,False,-0.005277105564112816,-0.010068796439395844,False,False
user15,2,SapiAgent,sapiagent:8,T2_RandomForest,0.6079024176701244,0.20461386282500016,False,-0.005277105564112816,-0.002305108309810955,False,False
user15,2,SapiAgent,sapiagent:9,T2_RandomForest,0.6079024176701244,0.18726227575026003,False,-0.005277105564112816,-0.005647355180539493,False,False
user15,2,SapiAgent,sapiagent:10,T2_RandomForest,0.6079024176701244,0.17837495569297443,False,-0.005277105564112816,-0.012994432639586773,False,False
user15,2,SapiAgent,sapiagent:11,T2_RandomForest,0.6079024176701244,0.18184389607545895,False,-0.005277105564112816,-0.0011860121096258225,False,False
user15,2,SapiAgent,sapiagent:12,T2_RandomForest,0.6079024176701244,0.16252018702438414,False,-0.005277105564112816,-0.002305108309810955,False,False
user15,2,SapiAgent,sapiagent:13,T2_RandomForest,0.6079024176701244,0.19188660137796099,False,-0.005277105564112816,-0.0034216938019253074,False,False
user15,2,SapiAgent,sapiagent:14,T2_RandomForest,0.6079024176701244,0.20406179673866998,False,-0.005277105564112816,-0.011899372013082832,False,False
user15,2,SapiAgent,sapiagent:15,T2_RandomForest,0.6079024176701244,0.17657595628419062,False,-0.005277105564112816,-0.0015593234921428278,False,False
user15,2,SapiAgent,sapiagent:16,T2_RandomForest,0.6079024176701244,0.17025174184696815,False,-0.005277105564112816,0.003315592871899642,False,False
user15,2,SapiAgent,sapiagent:17,T2_RandomForest,0.6079024176701244,0.19090706967841595,False,-0.005277105564112816,-0.005647355180539493,False,False
user15,2,SapiAgent,sapiagent:18,T2_RandomForest,0.6079024176701244,0.1824480542001462,False,-0.005277105564112816,0.0018105619707146081,False,False
user15,2,SapiAgent,sapiagent:19,T2_RandomForest,0.6079024176701244,0.19072803882661268,False,-0.005277105564112816,-0.0015593234921428278,False,False
user15,2,DMTG_Inspired,unknown_user:session_0,T2_RandomForest,0.6079024176701244,0.24272677310376864,False,-0.005277105564112816,0.003315592871899642,False,False
user15,2,DMTG_Inspired,unknown_user:session_1,T2_RandomForest,0.6079024176701244,0.25049546616411567,False,-0.005277105564112816,-0.0030497772574860638,False,False
user15,2,DMTG_Inspired,unknown_user:session_2,T2_RandomForest,0.6079024176701244,0.28110614335113754,False,-0.005277105564112816,-0.010068796439395844,False,False
user15,2,DMTG_Inspired,unknown_user:session_3,T2_RandomForest,0.6079024176701244,0.21943542608766994,False,-0.005277105564112816,0.014362907262167268,False,False
user15,2,DMTG_Inspired,unknown_user:session_4,T2_RandomForest,0.6079024176701244,0.18110392109732323,False,-0.005277105564112816,-6.439955589510049e-05,False,False
user15,2,DMTG_Inspired,unknown_user:session_5,T2_RandomForest,0.6079024176701244,0.37343628070115514,False,-0.005277105564112816,-0.0004385503509852229,False,False
user15,2,DMTG_Inspired,unknown_user:session_6,T2_RandomForest,0.6079024176701244,0.19258621930389255,False,-0.005277105564112816,0.005581606997743793,False,False
user15,2,DMTG_Inspired,unknown_user:session_7,T2_RandomForest,0.6079024176701244,0.24017826138650664,False,-0.005277105564112816,-0.006017327702899977,False,False
user15,2,DMTG_Inspired,unknown_user:session_8,T2_RandomForest,0.6079024176701244,0.3314840478604875,False,-0.005277105564112816,0.009762496191190184,False,False
user15,2,DMTG_Inspired,unknown_user:session_9,T2_RandomForest,0.6079024176701244,0.2662365623480031,False,-0.005277105564112816,-0.0015593234921428278,False,False
user15,2,DMTG_Inspired,unknown_user:session_10,T2_RandomForest,0.6079024176701244,0.180736034633206,False,-0.005277105564112816,0.0014350079581993969,False,False
user15,2,DMTG_Inspired,unknown_user:session_11,T2_RandomForest,0.6079024176701244,0.30544738412775224,False,-0.005277105564112816,0.0018105619707146081,False,False
user15,2,DMTG_Inspired,unknown_user:session_12,T2_RandomForest,0.6079024176701244,0.21115169343307835,False,-0.005277105564112816,-0.004164692074338783,False,False
user15,2,DMTG_Inspired,unknown_user:session_13,T2_RandomForest,0.6079024176701244,0.2801584781937764,False,-0.005277105564112816,0.0006847429144181127,False,False
user15,2,DMTG_Inspired,unknown_user:session_14,T2_RandomForest,0.6079024176701244,0.3132647748565853,False,-0.005277105564112816,-0.0004385503509852229,False,False
user15,2,DMTG_Inspired,unknown_user:session_15,T2_RandomForest,0.6079024176701244,0.23205808518785584,False,-0.005277105564112816,0.005203230742735876,False,False
user15,2,DMTG_Inspired,unknown_user:session_16,T2_RandomForest,0.6079024176701244,0.25647809429644636,False,-0.005277105564112816,-0.006387023338570885,False,False
user15,2,DMTG_Inspired,unknown_user:session_17,T2_RandomForest,0.6079024176701244,0.2777208887907761,False,-0.005277105564112816,0.008618836858585666,False,False
user15,2,DMTG_Inspired,unknown_user:session_18,T2_RandomForest,0.6079024176701244,0.2982469938874845,False,-0.005277105564112816,-0.004164692074338783,False,False
user15,2,DMTG_Inspired,unknown_user:session_19,T2_RandomForest,0.6079024176701244,0.26640880903174885,False,-0.005277105564112816,0.0029389124972935,False,False
user16,2,Genuine,user16:session_0005840196,T2_RandomForest,0.6471452288155806,0.6162320652997268,False,-0.06829677665910572,-0.07183745168860994,False,False
user16,2,Genuine,user16:session_0025450757,T2_RandomForest,0.6471452288155806,0.6696469424175563,True,-0.06829677665910572,0.02999956643021262,True,False
user16,2,Genuine,user16:session_0083463746,T2_RandomForest,0.6471452288155806,0.7011672621406937,True,-0.06829677665910572,-0.058160191352775614,True,False
user16,2,Genuine,user16:session_0148970615,T2_RandomForest,0.6471452288155806,0.6222075235032263,False,-0.06829677665910572,-0.0030497772574860638,False,False
user16,2,Genuine,user16:session_0155746039,T2_RandomForest,0.6471452288155806,0.7112768362664063,True,-0.06829677665910572,-0.045409432098734104,True,False
user16,2,Genuine,user16:session_0223955219,T2_RandomForest,0.6471452288155806,0.512082830141421,False,-0.06829677665910572,-0.043704532858877265,False,False
user16,2,Genuine,user16:session_0482518942,T2_RandomForest,0.6471452288155806,0.8448528944940229,True,-0.06829677665910572,-0.04096338444883629,True,False
user16,2,Genuine,user16:session_0770188364,T2_RandomForest,0.6471452288155806,0.7234170257523749,True,-0.06829677665910572,-0.042678525696727754,True,False
user16,2,Genuine,user16:session_0844521549,T2_RandomForest,0.6471452288155806,0.6554032370546328,True,-0.06829677665910572,-0.022024918370667224,True,False
user16,2,Genuine,user16:session_1256331958,T2_RandomForest,0.6471452288155806,0.5773853553706049,False,-0.06829677665910572,-0.010801849078432735,False,False
user16,2,Genuine,user16:session_1427407488,T2_RandomForest,0.6471452288155806,0.594591267868941,False,-0.06829677665910572,-0.006387023338570885,False,False
user16,2,Genuine,user16:session_1484409764,T2_RandomForest,0.6471452288155806,0.6169359126777889,False,-0.06829677665910572,-0.03958664122432792,False,False
user16,2,Genuine,user16:session_1619535766,T2_RandomForest,0.6471452288155806,0.6630803872731913,True,-0.06829677665910572,-0.022740081831242598,True,False
user16,2,Genuine,user16:session_1653923890,T2_RandomForest,0.6471452288155806,0.8665147020331202,True,-0.06829677665910572,-0.03229070721920424,True,False
user16,2,Genuine,user16:session_1667382627,T2_RandomForest,0.6471452288155806,0.6860526656727571,True,-0.06829677665910572,-0.05849086337445397,True,False
user16,2,Genuine,user16:session_1717253391,T2_RandomForest,0.6471452288155806,0.7231051494558509,True,-0.06829677665910572,-0.04472823815952248,True,False
user16,2,Genuine,user16:session_2083267904,T2_RandomForest,0.6471452288155806,0.7776842316110391,True,-0.06829677665910572,-0.05014933656337517,True,False
user16,2,Genuine,user16:session_2194913037,T2_RandomForest,0.6471452288155806,0.6750355223526753,True,-0.06829677665910572,-0.05014933656337517,True,False
user16,2,Genuine,user16:session_2494483407,T2_RandomForest,0.6471452288155806,0.6276967068633734,False,-0.06829677665910572,-0.022740081831242598,False,False
user16,2,Genuine,user16:session_2636442787,T2_RandomForest,0.6471452288155806,0.5430858251942516,False,-0.06829677665910572,0.0025625140295199023,False,False
user16,2,Genuine,user16:session_2683617861,T2_RandomForest,0.6471452288155806,0.5554557861217878,False,-0.06829677665910572,-0.006756442294773679,False,False
user16,2,Genuine,user16:session_2926423726,T2_RandomForest,0.6471452288155806,0.7403930197210835,True,-0.06829677665910572,-0.07087470304706844,False,True
user16,2,Genuine,user16:session_3067782503,T2_RandomForest,0.6471452288155806,0.6542753548369533,True,-0.06829677665910572,-0.034038252998547514,True,False
user16,2,Genuine,user16:session_3071944492,T2_RandomForest,0.6471452288155806,0.5800843220172812,False,-0.06829677665910572,0.012824842316800145,False,False
user16,2,Genuine,user16:session_3206758270,T2_RandomForest,0.6471452288155806,0.6345388881313166,False,-0.06829677665910572,-0.02416720019378421,False,False
user16,2,Genuine,user16:session_3348997730,T2_RandomForest,0.6471452288155806,0.6888026644206736,True,-0.06829677665910572,-0.042678525696727754,True,False
user16,2,Genuine,user16:session_3349837388,T2_RandomForest,0.6471452288155806,0.6001025663111796,False,-0.06829677665910572,0.02368865491660943,False,False
user16,2,Genuine,user16:session_3367539943,T2_RandomForest,0.6471452288155806,0.7028262163640264,True,-0.06829677665910572,-0.05483981920556702,True,False
user16,2,Genuine,user16:session_3573257812,T2_RandomForest,0.6471452288155806,0.6202949467156975,False,-0.06829677665910572,0.012441045239087845,False,False
user16,2,Genuine,user16:session_3583196291,T2_RandomForest,0.6471452288155806,0.6247873861054557,False,-0.06829677665910572,-0.015902598331441697,False,False
user16,2,Genuine,user16:session_3726985009,T2_RandomForest,0.6471452288155806,0.8142520496799489,True,-0.06829677665910572,-0.061127346014137385,True,False
user16,2,Genuine,user16:session_3735635217,T2_RandomForest,0.6471452288155806,0.5427563606547674,False,-0.06829677665910572,-0.019153531891076714,False,False
user16,2,Genuine,user16:session_3780421656,T2_RandomForest,0.6471452288155806,0.4613350810646703,False,-0.06829677665910572,0.014748143734781838,False,False
user16,2,Genuine,user16:session_4224530762,T2_RandomForest,0.6471452288155806,0.5506038019940336,False,-0.06829677665910572,0.03278445124354212,False,False
user16,2,Genuine,user16:session_4238071281,T2_RandomForest,0.6471452288155806,0.6698978391625278,True,-0.06829677665910572,-0.03018499883416803,True,False
user16,2,Genuine,user16:session_4360886220,T2_RandomForest,0.6471452288155806,0.709963545848197,True,-0.06829677665910572,-0.06342135025209544,True,False
user16,2,Genuine,user16:session_4506008213,T2_RandomForest,0.6471452288155806,0.6646172926580842,True,-0.06829677665910572,-0.03958664122432792,True,False
user16,2,Genuine,user16:session_4600074976,T2_RandomForest,0.6471452288155806,0.6260852509683653,False,-0.06829677665910572,-0.02877592906126808,False,False
user16,2,Genuine,user16:session_5127880135,T2_RandomForest,0.6471452288155806,0.6780283482192498,True,-0.06829677665910572,-0.04981241708427031,True,False
user16,2,Genuine,user16:session_5319036655,T2_RandomForest,0.6471452288155806,0.6299918178936884,False,-0.06829677665910572,-0.04472823815952248,False,False
user16,2,Genuine,user16:session_5576759361,T2_RandomForest,0.6471452288155806,0.723268489322525,True,-0.06829677665910572,-0.056835024814279045,True,False
user16,2,Genuine,user16:session_5685066201,T2_RandomForest,0.6471452288155806,0.589649189438565,False,-0.06829677665910572,-0.029833126894579898,False,False
user16,2,Genuine,user16:session_5771275112,T2_RandomForest,0.6471452288155806,0.6976306887511874,True,-0.06829677665910572,-0.043704532858877265,True,False
user16,2,Genuine,user16:session_5823371082,T2_RandomForest,0.6471452288155806,0.6771074743132393,True,-0.06829677665910572,-0.06014051507084023,True,False
user16,2,Genuine,user16:session_5968190840,T2_RandomForest,0.6471452288155806,0.5718051923442111,False,-0.06829677665910572,-0.03820576886971966,False,False
user16,2,Genuine,user16:session_6088382546,T2_RandomForest,0.6471452288155806,0.6803927549600297,True,-0.06829677665910572,-0.03612669111851469,True,False
user16,2,Genuine,user16:session_6100708780,T2_RandomForest,0.6471452288155806,0.7449918696763133,True,-0.06829677665910572,-0.04404602346621794,True,False
user16,2,Genuine,user16:session_6775680298,T2_RandomForest,0.6471452288155806,0.6424943535548008,False,-0.06829677665910572,-0.06046970502224197,False,False
user16,2,Genuine,user16:session_6835145359,T2_RandomForest,0.6471452288155806,0.6048042909520736,False,-0.06829677665910572,-0.023810821172739804,False,False
user16,2,Genuine,user16:session_6915176151,T2_RandomForest,0.6471452288155806,0.6672004231954237,True,-0.06829677665910572,-0.04061958507279434,True,False
user16,2,Genuine,user16:session_7618706636,T2_RandomForest,0.6471452288155806,0.6665568068621923,True,-0.06829677665910572,-0.03647385296733063,True,False
user16,2,Genuine,user16:session_7850373093,T2_RandomForest,0.6471452288155806,0.6880223838899149,True,-0.06829677665910572,-0.048124030826171116,True,False
user16,2,Genuine,user16:session_8069308945,T2_RandomForest,0.6471452288155806,0.5099323779976885,False,-0.06829677665910572,-0.014814076886331018,False,False
user16,2,Genuine,user16:session_8115384066,T2_RandomForest,0.6471452288155806,0.6385505915542932,False,-0.06829677665910572,-0.04027552820528668,False,False
user16,2,Genuine,user16:session_8389698709,T2_RandomForest,0.6471452288155806,0.49034361434638274,False,-0.06829677665910572,0.024473390815134666,False,False
user16,2,Genuine,user16:session_8439483653,T2_RandomForest,0.6471452288155806,0.6419697253126454,False,-0.06829677665910572,-0.06046970502224197,False,False
user16,2,Genuine,user16:session_8583637812,T2_RandomForest,0.6471452288155806,0.7053479133848098,True,-0.06829677665910572,-0.022024918370667224,True,False
user16,2,Genuine,user16:session_8636893699,T2_RandomForest,0.6471452288155806,0.6233384091991437,False,-0.06829677665910572,-0.06211196298832833,False,False
user16,2,Genuine,user16:session_8770654755,T2_RandomForest,0.6471452288155806,0.4977029833946249,False,-0.06829677665910572,-0.027008647430118604,False,False
user16,2,Genuine,user16:session_8776482178,T2_RandomForest,0.6471452288155806,0.8242457602863308,True,-0.06829677665910572,-0.05617095187374027,True,False
user16,2,Genuine,user16:session_8811009703,T2_RandomForest,0.6471452288155806,0.49607194230934815,False,-0.06829677665910572,0.014748143734781838,False,False
user16,2,Genuine,user16:session_8884379611,T2_RandomForest,0.6471452288155806,0.6837691048506803,True,-0.06829677665910572,-0.06635317384584682,True,False
user16,2,Genuine,user16:session_9477322863,T2_RandomForest,0.6471452288155806,0.6365259883867042,False,-0.06829677665910572,-0.027008647430118604,False,False
user16,2,Genuine,user16:session_9705613967,T2_RandomForest,0.6471452288155806,0.6785562929121391,True,-0.06829677665910572,-0.05048600389262142,True,False
user16,2,Genuine,user16:session_9791921163,T2_RandomForest,0.6471452288155806,0.6127425885358772,False,-0.06829677665910572,-0.06797344885955386,False,False
user16,2,Genuine,user16:session_9794510496,T2_RandomForest,0.6471452288155806,0.6235927186546293,False,-0.06829677665910572,0.01359329903176476,False,False
user16,2,Genuine,user16:session_9877366244,T2_RandomForest,0.6471452288155806,0.6221555197359511,False,-0.06829677665910572,-0.017711376527930256,False,False
user16,2,Genuine,user16:session_9919383972,T2_RandomForest,0.6471452288155806,0.6094739871877104,False,-0.06829677665910572,-0.04096338444883629,False,False
user16,2,HumanImpostor,user16:session_0064281061,T2_RandomForest,0.6471452288155806,0.43588417604056423,False,-0.06829677665910572,0.018228281629541487,False,False
user16,2,HumanImpostor,user16:session_0408822104,T2_RandomForest,0.6471452288155806,0.2816317969742004,False,-0.06829677665910572,-0.04744690465327733,False,False
user16,2,HumanImpostor,user16:session_0668352196,T2_RandomForest,0.6471452288155806,0.5609644701060695,False,-0.06829677665910572,-0.03229070721920424,False,False
user16,2,HumanImpostor,user16:session_0859353781,T2_RandomForest,0.6471452288155806,0.46737659881439836,False,-0.06829677665910572,-0.03855137474093978,False,False
user16,2,HumanImpostor,user16:session_0953745782,T2_RandomForest,0.6471452288155806,0.5241302290137265,False,-0.06829677665910572,-0.05115858285623048,False,False
user16,2,HumanImpostor,user16:session_1271171766,T2_RandomForest,0.6471452288155806,0.4486180980775871,False,-0.06829677665910572,0.019004835279134102,False,False
user16,2,HumanImpostor,user16:session_1386411131,T2_RandomForest,0.6471452288155806,0.4496868978337441,False,-0.06829677665910572,0.045294469116750946,False,False
user16,2,HumanImpostor,user16:session_1535403881,T2_RandomForest,0.6471452288155806,0.30134543853490725,False,-0.06829677665910572,-0.0004385503509852229,False,False
user16,2,HumanImpostor,user16:session_1976172513,T2_RandomForest,0.6471452288155806,0.49177411492018064,False,-0.06829677665910572,-0.02238263395776685,False,False
user16,2,HumanImpostor,user16:session_2853115772,T2_RandomForest,0.6471452288155806,0.2583392465418546,False,-0.06829677665910572,0.00785782311234251,False,False
user16,2,HumanImpostor,user16:session_2977418379,T2_RandomForest,0.6471452288155806,0.2226811877713784,False,-0.06829677665910572,0.029206562069525877,False,False
user16,2,HumanImpostor,user16:session_3656309644,T2_RandomForest,0.6471452288155806,0.482649629429637,False,-0.06829677665910572,-0.010068796439395844,False,False
user16,2,HumanImpostor,user16:session_3974162531,T2_RandomForest,0.6471452288155806,0.4360446547112019,False,-0.06829677665910572,0.03719029339406621,False,False
user16,2,HumanImpostor,user16:session_4026966824,T2_RandomForest,0.6471452288155806,0.2566608243705134,False,-0.06829677665910572,-0.03264073991063393,False,False
user16,2,HumanImpostor,user16:session_4098547958,T2_RandomForest,0.6471452288155806,0.2993172206764905,False,-0.06829677665910572,0.031191301589232556,False,False
user16,2,HumanImpostor,user16:session_4265171670,T2_RandomForest,0.6471452288155806,0.3857177316574964,False,-0.06829677665910572,0.0379952612000477,False,False
user16,2,HumanImpostor,user16:session_4432555629,T2_RandomForest,0.6471452288155806,0.2486571832779136,False,-0.06829677665910572,0.007477743341785303,False,False
user16,2,HumanImpostor,user16:session_4615055511,T2_RandomForest,0.6471452288155806,0.5824828441493882,False,-0.06829677665910572,-0.04506896262788074,False,False
user16,2,HumanImpostor,user16:session_4794437261,T2_RandomForest,0.6471452288155806,0.36717340387182046,False,-0.06829677665910572,0.036386530009787754,False,False
user16,2,HumanImpostor,user16:session_5030324559,T2_RandomForest,0.6471452288155806,0.30958155031047585,False,-0.06829677665910572,0.022122703812745836,False,False
user16,2,HumanImpostor,user16:session_5041518490,T2_RandomForest,0.6471452288155806,0.34007710413276276,False,-0.06829677665910572,-0.02948099141751087,False,False
user16,2,HumanImpostor,user16:session_5197680121,T2_RandomForest,0.6471452288155806,0.5949156722951409,False,-0.06829677665910572,-0.010801849078432735,False,False
user16,2,HumanImpostor,user16:session_5556934089,T2_RandomForest,0.6471452288155806,0.506612668600787,False,-0.06829677665910572,-0.01735016236286252,False,False
user16,2,HumanImpostor,user16:session_5572048254,T2_RandomForest,0.6471452288155806,0.2771978859369698,False,-0.06829677665910572,-0.03018499883416803,False,False
user16,2,HumanImpostor,user16:session_5889567297,T2_RandomForest,0.6471452288155806,0.2733148374891551,False,-0.06829677665910572,0.056429384075779465,False,False
user16,2,HumanImpostor,user16:session_6119506741,T2_RandomForest,0.6471452288155806,0.29760274929329733,False,-0.06829677665910572,-0.02806981018463578,False,False
user16,2,HumanImpostor,user16:session_6179037141,T2_RandomForest,0.6471452288155806,0.4080223111348752,False,-0.06829677665910572,-0.03438697783024047,False,False
user16,2,HumanImpostor,user16:session_7744249581,T2_RandomForest,0.6471452288155806,0.651354298031969,True,-0.06829677665910572,-0.018072320361045335,True,False
user16,2,HumanImpostor,user16:session_7986274484,T2_RandomForest,0.6471452288155806,0.5223982668684989,False,-0.06829677665910572,-0.04710796116481669,False,False
user16,2,HumanImpostor,user16:session_7992883230,T2_RandomForest,0.6471452288155806,0.24360474943048022,False,-0.06829677665910572,0.039608817299021326,False,False
user16,2,HumanImpostor,user16:session_8070684894,T2_RandomForest,0.6471452288155806,0.45551128510835015,False,-0.06829677665910572,-0.036820755000919025,False,False
user16,2,HumanImpostor,user16:session_8364143294,T2_RandomForest,0.6471452288155806,0.32493323187537626,False,-0.06829677665910572,-0.011899372013082832,False,False
user16,2,HumanImpostor,user16:session_8653789319,T2_RandomForest,0.6471452288155806,0.3162263589694997,False,-0.06829677665910572,0.035183139282708886,False,False
user16,2,HumanImpostor,user16:session_8819855375,T2_RandomForest,0.6471452288155806,0.3200612599385155,False,-0.06829677665910572,-0.004164692074338783,False,False
user16,2,HumanImpostor,user16:session_8823455059,T2_RandomForest,0.6471452288155806,0.32772384820373557,False,-0.06829677665910572,0.014748143734781838,False,False
user16,2,HumanImpostor,user16:session_8857212561,T2_RandomForest,0.6471452288155806,0.5892542029223451,False,-0.06829677665910572,-0.03889672196142285,False,False
user16,2,HumanImpostor,user16:session_8862058156,T2_RandomForest,0.6471452288155806,0.4079470563102474,False,-0.06829677665910572,-0.03368926698642705,False,False
user16,2,HumanImpostor,user16:session_9830083627,T2_RandomForest,0.6471452288155806,0.191995434299223,False,-0.06829677665910572,0.027624111137537266,False,False
user16,2,WindMouse,windmouse:0,T2_RandomForest,0.6471452288155806,0.34414520611977456,False,-0.06829677665910572,0.035183139282708886,False,False
user16,2,WindMouse,windmouse:1,T2_RandomForest,0.6471452288155806,0.4791930170644817,False,-0.06829677665910572,0.03598509941252581,False,False
user16,2,WindMouse,windmouse:2,T2_RandomForest,0.6471452288155806,0.4808949353602264,False,-0.06829677665910572,0.04163256950021732,False,False
user16,2,WindMouse,windmouse:3,T2_RandomForest,0.6471452288155806,0.4566819044835524,False,-0.06829677665910572,0.039204975148450893,False,False
user16,2,WindMouse,windmouse:4,T2_RandomForest,0.6471452288155806,0.4065282524243838,False,-0.06829677665910572,0.036386530009787754,False,False
user16,2,WindMouse,windmouse:5,T2_RandomForest,0.6471452288155806,0.43280689645356546,False,-0.06829677665910572,0.04163256950021732,False,False
user16,2,WindMouse,windmouse:6,T2_RandomForest,0.6471452288155806,0.4332995318807919,False,-0.06829677665910572,0.042038229818217476,False,False
user16,2,WindMouse,windmouse:7,T2_RandomForest,0.6471452288155806,0.40058297203235455,False,-0.06829677665910572,0.050627631228124415,False,False
user16,2,WindMouse,windmouse:8,T2_RandomForest,0.6471452288155806,0.3811419091859337,False,-0.06829677665910572,0.036788261261908595,False,False
user16,2,WindMouse,windmouse:9,T2_RandomForest,0.6471452288155806,0.39666725512129425,False,-0.06829677665910572,0.035183139282708886,False,False
user16,2,WindMouse,windmouse:10,T2_RandomForest,0.6471452288155806,0.46852568627305474,False,-0.06829677665910572,0.04570287204560308,False,False
user16,2,WindMouse,windmouse:11,T2_RandomForest,0.6471452288155806,0.4407361845432196,False,-0.06829677665910572,0.025652700043658605,False,False
user16,2,WindMouse,windmouse:12,T2_RandomForest,0.6471452288155806,0.40437780168487375,False,-0.06829677665910572,0.039204975148450893,False,False
user16,2,WindMouse,windmouse:13,T2_RandomForest,0.6471452288155806,0.3940267837154616,False,-0.06829677665910572,0.026834661018259376,False,False
user16,2,WindMouse,windmouse:14,T2_RandomForest,0.6471452288155806,0.39007945732747923,False,-0.06829677665910572,0.04488637183582711,False,False
user16,2,WindMouse,windmouse:15,T2_RandomForest,0.6471452288155806,0.47515258234079677,False,-0.06829677665910572,0.02722923831688695,False,False
user16,2,WindMouse,windmouse:16,T2_RandomForest,0.6471452288155806,0.43694874118965316,False,-0.06829677665910572,0.04611158085130107,False,False
user16,2,WindMouse,windmouse:17,T2_RandomForest,0.6471452288155806,0.3447089942770635,False,-0.06829677665910572,0.04285046215000077,False,False
user16,2,WindMouse,windmouse:18,T2_RandomForest,0.6471452288155806,0.4216503865539658,False,-0.06829677665910572,0.04244419395896171,False,False
user16,2,WindMouse,windmouse:19,T2_RandomForest,0.6471452288155806,0.4740407321881576,False,-0.06829677665910572,0.031589141830856926,False,False
user16,2,SapiAgent,sapiagent:0,T2_RandomForest,0.6471452288155806,0.39002074333590225,False,-0.06829677665910572,0.040012961910603884,False,False
user16,2,SapiAgent,sapiagent:1,T2_RandomForest,0.6471452288155806,0.4157077975804025,False,-0.06829677665910572,0.05352090628933859,False,False
user16,2,SapiAgent,sapiagent:2,T2_RandomForest,0.6471452288155806,0.4241644601731791,False,-0.06829677665910572,0.04366391159401806,False,False
user16,2,SapiAgent,sapiagent:3,T2_RandomForest,0.6471452288155806,0.38351186067729226,False,-0.06829677665910572,0.04815972105660471,False,False
user16,2,SapiAgent,sapiagent:4,T2_RandomForest,0.6471452288155806,0.3854060590675194,False,-0.06829677665910572,0.03278445124354212,False,False
user16,2,SapiAgent,sapiagent:5,T2_RandomForest,0.6471452288155806,0.44298525544159323,False,-0.06829677665910572,0.038398197325071215,False,False
user16,2,SapiAgent,sapiagent:6,T2_RandomForest,0.6471452288155806,0.4163341543366243,False,-0.06829677665910572,0.042038229818217476,False,False
user16,2,SapiAgent,sapiagent:7,T2_RandomForest,0.6471452288155806,0.36950755469587127,False,-0.06829677665910572,0.031191301589232556,False,False
user16,2,SapiAgent,sapiagent:8,T2_RandomForest,0.6471452288155806,0.41959026058006454,False,-0.06829677665910572,0.045294469116750946,False,False
user16,2,SapiAgent,sapiagent:9,T2_RandomForest,0.6471452288155806,0.4004553779424571,False,-0.06829677665910572,0.04285046215000077,False,False
user16,2,SapiAgent,sapiagent:10,T2_RandomForest,0.6471452288155806,0.39071787216124537,False,-0.06829677665910572,0.034782609300640144,False,False
user16,2,SapiAgent,sapiagent:11,T2_RandomForest,0.6471452288155806,0.3970140744134056,False,-0.06829677665910572,0.05104002847408351,False,False
user16,2,SapiAgent,sapiagent:12,T2_RandomForest,0.6471452288155806,0.3598867039888293,False,-0.06829677665910572,0.045294469116750946,False,False
user16,2,SapiAgent,sapiagent:13,T2_RandomForest,0.6471452288155806,0.4076781567136092,False,-0.06829677665910572,0.036386530009787754,False,False
user16,2,SapiAgent,sapiagent:14,T2_RandomForest,0.6471452288155806,0.4397815161932677,False,-0.06829677665910572,0.028810504945789628,False,False
user16,2,SapiAgent,sapiagent:15,T2_RandomForest,0.6471452288155806,0.3698723638936998,False,-0.06829677665910572,0.04366391159401806,False,False
user16,2,SapiAgent,sapiagent:16,T2_RandomForest,0.6471452288155806,0.4171781722899514,False,-0.06829677665910572,0.04611158085130107,False,False
user16,2,SapiAgent,sapiagent:17,T2_RandomForest,0.6471452288155806,0.40133719586798916,False,-0.06829677665910572,0.031191301589232556,False,False
user16,2,SapiAgent,sapiagent:18,T2_RandomForest,0.6471452288155806,0.41325635464447696,False,-0.06829677665910572,0.05435034515854342,False,False
user16,2,SapiAgent,sapiagent:19,T2_RandomForest,0.6471452288155806,0.4505173809523026,False,-0.06829677665910572,0.04980376241702422,False,False
user16,2,DMTG_Inspired,unknown_user:session_0,T2_RandomForest,0.6471452288155806,0.5979456199837918,False,-0.06829677665910572,-0.01735016236286252,False,False
user16,2,DMTG_Inspired,unknown_user:session_1,T2_RandomForest,0.6471452288155806,0.49091704353732446,False,-0.06829677665910572,0.034782609300640144,False,False
user16,2,DMTG_Inspired,unknown_user:session_2,T2_RandomForest,0.6471452288155806,0.5017646017489396,False,-0.06829677665910572,0.03398244837965814,False,False
user16,2,DMTG_Inspired,unknown_user:session_3,T2_RandomForest,0.6471452288155806,0.4649278669254067,False,-0.06829677665910572,0.022513752050962288,False,False
user16,2,DMTG_Inspired,unknown_user:session_4,T2_RandomForest,0.6471452288155806,0.5445304028739155,False,-0.06829677665910572,0.020171848139294624,False,False
user16,2,DMTG_Inspired,unknown_user:session_5,T2_RandomForest,0.6471452288155806,0.5512217441954981,False,-0.06829677665910572,0.007477743341785303,False,False
user16,2,DMTG_Inspired,unknown_user:session_6,T2_RandomForest,0.6471452288155806,0.5028186020219066,False,-0.06829677665910572,0.023296727383457894,False,False
user16,2,DMTG_Inspired,unknown_user:session_7,T2_RandomForest,0.6471452288155806,0.4914671286446585,False,-0.06829677665910572,0.0010597350095498115,False,False
user16,2,DMTG_Inspired,unknown_user:session_8,T2_RandomForest,0.6471452288155806,0.5482739675842836,False,-0.06829677665910572,0.005581606997743793,False,False
user16,2,DMTG_Inspired,unknown_user:session_9,T2_RandomForest,0.6471452288155806,0.4809949233379231,False,-0.06829677665910572,0.02368865491660943,False,False
user16,2,DMTG_Inspired,unknown_user:session_10,T2_RandomForest,0.6471452288155806,0.5328962766223434,False,-0.06829677665910572,-0.007125584778574723,False,False
user16,2,DMTG_Inspired,unknown_user:session_11,T2_RandomForest,0.6471452288155806,0.5544044187701194,False,-0.06829677665910572,-0.02416720019378421,False,False
user16,2,DMTG_Inspired,unknown_user:session_12,T2_RandomForest,0.6471452288155806,0.4857039801354605,False,-0.06829677665910572,-0.005277105564112816,False,False
user16,2,DMTG_Inspired,unknown_user:session_13,T2_RandomForest,0.6471452288155806,0.5271302814739377,False,-0.06829677665910572,-0.013358906623994637,False,False
user16,2,DMTG_Inspired,unknown_user:session_14,T2_RandomForest,0.6471452288155806,0.5607733514462537,False,-0.06829677665910572,-0.0011860121096258225,False,False
user16,2,DMTG_Inspired,unknown_user:session_15,T2_RandomForest,0.6471452288155806,0.4430540940106491,False,-0.06829677665910572,-0.004906578646087956,False,False
user16,2,DMTG_Inspired,unknown_user:session_16,T2_RandomForest,0.6471452288155806,0.5016570427779992,False,-0.06829677665910572,0.00785782311234251,False,False
user16,2,DMTG_Inspired,unknown_user:session_17,T2_RandomForest,0.6471452288155806,0.4733648870696395,False,-0.06829677665910572,0.0010597350095498115,False,False
user16,2,DMTG_Inspired,unknown_user:session_18,T2_RandomForest,0.6471452288155806,0.5297383305498149,False,-0.06829677665910572,0.002186397257600503,False,False
user16,2,DMTG_Inspired,unknown_user:session_19,T2_RandomForest,0.6471452288155806,0.5106477091226548,False,-0.06829677665910572,0.03598509941252581,False,False
user20,2,Genuine,user20:session_0101735014,T2_RandomForest,0.7844467566393681,0.6601575799910134,False,-0.017122307929738012,-0.06050040923327149,False,False
user20,2,Genuine,user20:session_0379715237,T2_RandomForest,0.7844467566393681,0.3099846024749857,False,-0.017122307929738012,-0.02284154080611217,False,False
user20,2,Genuine,user20:session_0593223632,T2_RandomForest,0.7844467566393681,0.0031945647332717927,False,-0.017122307929738012,-0.040144239165120055,False,False
user20,2,Genuine,user20:session_0799578885,T2_RandomForest,0.7844467566393681,0.01751654413695206,False,-0.017122307929738012,-0.04532000938399211,False,False
user20,2,Genuine,user20:session_1273150073,T2_RandomForest,0.7844467566393681,0.0034126173278555038,False,-0.017122307929738012,-0.02680465122633735,False,False
user20,2,Genuine,user20:session_1311858241,T2_RandomForest,0.7844467566393681,0.02562936562939072,False,-0.017122307929738012,-0.046402200130345184,False,False
user20,2,Genuine,user20:session_1468258531,T2_RandomForest,0.7844467566393681,0.710931437638291,False,-0.017122307929738012,-0.045049058518428,False,False
user20,2,Genuine,user20:session_1868010893,T2_RandomForest,0.7844467566393681,0.4716826778384332,False,-0.017122307929738012,-0.03656901631348525,False,False
user20,2,Genuine,user20:session_1924699326,T2_RandomForest,0.7844467566393681,0.7971725632959559,True,-0.017122307929738012,-0.03463239685135272,False,True
user20,2,Genuine,user20:session_2532367006,T2_RandomForest,0.7844467566393681,0.7872620154992714,True,-0.017122307929738012,-0.07390666948297697,False,True
user20,2,Genuine,user20:session_2861116304,T2_RandomForest,0.7844467566393681,0.32466934116494833,False,-0.017122307929738012,0.022694182092012016,False,False
user20,2,Genuine,user20:session_3482932637,T2_RandomForest,0.7844467566393681,0.7041017236446834,False,-0.017122307929738012,-0.0591893244245314,False,False
user20,2,Genuine,user20:session_3659572440,T2_RandomForest,0.7844467566393681,0.7806448750192894,False,-0.017122307929738012,-0.03324414437561418,False,False
user20,2,Genuine,user20:session_3684692596,T2_RandomForest,0.7844467566393681,0.0055008223948450966,False,-0.017122307929738012,-0.03739652701927787,False,False
user20,2,Genuine,user20:session_4339216244,T2_RandomForest,0.7844467566393681,0.6777414149788042,False,-0.017122307929738012,-0.06931296360552691,False,False
user20,2,Genuine,user20:session_4804227584,T2_RandomForest,0.7844467566393681,0.0004304964539007092,False,-0.017122307929738012,-0.0340775920325837,False,False
user20,2,Genuine,user20:session_5291244662,T2_RandomForest,0.7844467566393681,0.24104375208567919,False,-0.017122307929738012,-0.009000032730634544,False,False
user20,2,Genuine,user20:session_5321706137,T2_RandomForest,0.7844467566393681,0.6914297725618934,False,-0.017122307929738012,-0.0578743284781888,False,False
user20,2,Genuine,user20:session_5340758381,T2_RandomForest,0.7844467566393681,0.4507269434234022,False,-0.017122307929738012,-0.04423523675383839,False,False
user20,2,Genuine,user20:session_5938861210,T2_RandomForest,0.7844467566393681,0.8445952340267862,True,-0.017122307929738012,-0.058663796035104576,False,True
user20,2,Genuine,user20:session_5982655120,T2_RandomForest,0.7844467566393681,0.7656634086275649,False,-0.017122307929738012,-0.0651881097736538,False,False
user20,2,Genuine,user20:session_6555326593,T2_RandomForest,0.7844467566393681,0.002289126551504079,False,-0.017122307929738012,-0.03712085442755625,False,False
user20,2,Genuine,user20:session_6710819502,T2_RandomForest,0.7844467566393681,0.008909464316684124,False,-0.017122307929738012,-0.04559079888189027,False,False
user20,2,Genuine,user20:session_7259628766,T2_RandomForest,0.7844467566393681,0.022900996779305238,False,-0.017122307929738012,-0.03712085442755625,False,False
user20,2,Genuine,user20:session_7589485664,T2_RandomForest,0.7844467566393681,0.010140787116221399,False,-0.017122307929738012,-0.0340775920325837,False,False
user20,2,Genuine,user20:session_8348355115,T2_RandomForest,0.7844467566393681,0.9592549831132808,True,-0.017122307929738012,-0.046402200130345184,False,True
user20,2,Genuine,user20:session_9064183032,T2_RandomForest,0.7844467566393681,0.35096830388130085,False,-0.017122307929738012,0.046903650969414734,False,False
user20,2,Genuine,user20:session_9086606611,T2_RandomForest,0.7844467566393681,0.010911957847635486,False,-0.017122307929738012,-0.03574002534650089,False,False
user20,2,Genuine,user20:session_9395770534,T2_RandomForest,0.7844467566393681,0.6782204158229783,False,-0.017122307929738012,-0.048827721103437804,False,False
user20,2,Genuine,user20:session_9740386657,T2_RandomForest,0.7844467566393681,0.682094309940792,False,-0.017122307929738012,-0.07895334491304035,False,False
user20,2,HumanImpostor,user20:session_0512046694,T2_RandomForest,0.7844467566393681,0.03314057047445062,False,-0.017122307929738012,-0.010460393456559247,False,False
user20,2,HumanImpostor,user20:session_2320125003,T2_RandomForest,0.7844467566393681,0.006914744773449223,False,-0.017122307929738012,-0.027930910657649466,False,False
user20,2,HumanImpostor,user20:session_2336058051,T2_RandomForest,0.7844467566393681,0.011476042086707449,False,-0.017122307929738012,-0.022557194672131964,False,False
user20,2,HumanImpostor,user20:session_2368259027,T2_RandomForest,0.7844467566393681,0.03341433475945461,False,-0.017122307929738012,-0.021703139188573195,False,False
user20,2,HumanImpostor,user20:session_3005678154,T2_RandomForest,0.7844467566393681,0.008875969618830184,False,-0.017122307929738012,-0.03712085442755625,False,False
user20,2,HumanImpostor,user20:session_3236365486,T2_RandomForest,0.7844467566393681,0.1302523969266526,False,-0.017122307929738012,-0.02369356353925245,False,False
user20,2,HumanImpostor,user20:session_3379861047,T2_RandomForest,0.7844467566393681,0.09953255156718384,False,-0.017122307929738012,-0.029615275623088466,False,False
user20,2,HumanImpostor,user20:session_4254477956,T2_RandomForest,0.7844467566393681,0.0,False,-0.017122307929738012,-0.026522666771385983,False,False
user20,2,HumanImpostor,user20:session_5445638904,T2_RandomForest,0.7844467566393681,0.0019358315187908116,False,-0.017122307929738012,-0.014815466330530436,False,False
user20,2,HumanImpostor,user20:session_5453779030,T2_RandomForest,0.7844467566393681,0.0022794168811643483,False,-0.017122307929738012,-0.024827227717585665,False,False
user20,2,HumanImpostor,user20:session_6706849000,T2_RandomForest,0.7844467566393681,0.0018506097560975609,False,-0.017122307929738012,-0.03822256010705988,False,False
user20,2,HumanImpostor,user20:session_8627857957,T2_RandomForest,0.7844467566393681,0.12140862689979302,False,-0.017122307929738012,-0.0034108204043630796,False,False
user20,2,HumanImpostor,user20:session_8658186994,T2_RandomForest,0.7844467566393681,0.0034439716312056738,False,-0.017122307929738012,-0.032409205837362676,False,False
user20,2,HumanImpostor,user20:session_8687623726,T2_RandomForest,0.7844467566393681,0.0,False,-0.017122307929738012,-0.018558510911270476,False,False
user20,2,HumanImpostor,user20:session_8833850952,T2_RandomForest,0.7844467566393681,0.0020837312998896393,False,-0.017122307929738012,-0.028493034738999445,False,False
user20,2,HumanImpostor,user20:session_9160177818,T2_RandomForest,0.7844467566393681,0.004906624070230065,False,-0.017122307929738012,-0.013078105851045796,False,False
user20,2,HumanImpostor,user20:session_9646127676,T2_RandomForest,0.7844467566393681,0.1467325238510032,False,-0.017122307929738012,-0.02933496606285163,False,False
user20,2,HumanImpostor,user20:session_9708106289,T2_RandomForest,0.7844467566393681,0.0022063716693572813,False,-0.017122307929738012,-0.025675704772436303,False,False
user20,2,HumanImpostor,user20:session_9753314758,T2_RandomForest,0.7844467566393681,0.012806412022421542,False,-0.017122307929738012,-0.023409725138847037,False,False
user20,2,WindMouse,windmouse:0,T2_RandomForest,0.7844467566393681,0.3645694646378835,False,-0.017122307929738012,-0.02056202157969461,False,False
user20,2,WindMouse,windmouse:1,T2_RandomForest,0.7844467566393681,0.2094307959972818,False,-0.017122307929738012,-0.02369356353925245,False,False
user20,2,WindMouse,windmouse:2,T2_RandomForest,0.7844467566393681,0.22383903446336065,False,-0.017122307929738012,-0.024544064885264838,False,False
user20,2,WindMouse,windmouse:3,T2_RandomForest,0.7844467566393681,0.18969070888891454,False,-0.017122307929738012,-0.03656901631348525,False,False
user20,2,WindMouse,windmouse:4,T2_RandomForest,0.7844467566393681,0.2226886605251755,False,-0.017122307929738012,-0.027086467742451437,False,False
user20,2,WindMouse,windmouse:5,T2_RandomForest,0.7844467566393681,0.2548444715039797,False,-0.017122307929738012,-0.027086467742451437,False,False
user20,2,WindMouse,windmouse:6,T2_RandomForest,0.7844467566393681,0.28130895574043524,False,-0.017122307929738012,-0.0315727737509226,False,False
user20,2,WindMouse,windmouse:7,T2_RandomForest,0.7844467566393681,0.19014057053267266,False,-0.017122307929738012,-0.028493034738999445,False,False
user20,2,WindMouse,windmouse:8,T2_RandomForest,0.7844467566393681,0.23407470783047948,False,-0.017122307929738012,-0.022272679091875858,False,False
user20,2,WindMouse,windmouse:9,T2_RandomForest,0.7844467566393681,0.258969269939754,False,-0.017122307929738012,-0.027930910657649466,False,False
user20,2,WindMouse,windmouse:10,T2_RandomForest,0.7844467566393681,0.22518139350277544,False,-0.017122307929738012,-0.030734845444616965,False,False
user20,2,WindMouse,windmouse:11,T2_RandomForest,0.7844467566393681,0.23339431567212393,False,-0.017122307929738012,-0.027930910657649466,False,False
user20,2,WindMouse,windmouse:12,T2_RandomForest,0.7844467566393681,0.27749127077357627,False,-0.017122307929738012,-0.024827227717585665,False,False
user20,2,WindMouse,windmouse:13,T2_RandomForest,0.7844467566393681,0.30999901998984986,False,-0.017122307929738012,-0.029615275623088466,False,False
user20,2,WindMouse,windmouse:14,T2_RandomForest,0.7844467566393681,0.18135822333546722,False,-0.017122307929738012,-0.025675704772436303,False,False
user20,2,WindMouse,windmouse:15,T2_RandomForest,0.7844467566393681,0.1345336005810116,False,-0.017122307929738012,-0.02141811466339477,False,False
user20,2,WindMouse,windmouse:16,T2_RandomForest,0.7844467566393681,0.15609634103509953,False,-0.017122307929738012,-0.02113292028767666,False,False
user20,2,WindMouse,windmouse:17,T2_RandomForest,0.7844467566393681,0.27395268066640743,False,-0.017122307929738012,-0.030734845444616965,False,False
user20,2,WindMouse,windmouse:18,T2_RandomForest,0.7844467566393681,0.20257126314282697,False,-0.017122307929738012,-0.028773845720378943,False,False
user20,2,WindMouse,windmouse:19,T2_RandomForest,0.7844467566393681,0.24933433861981305,False,-0.017122307929738012,-0.01913179533274101,False,False
user20,2,SapiAgent,sapiagent:0,T2_RandomForest,0.7844467566393681,0.3018380751366516,False,-0.017122307929738012,-0.00929245297640946,False,False
user20,2,SapiAgent,sapiagent:1,T2_RandomForest,0.7844467566393681,0.23574396346894677,False,-0.017122307929738012,-0.012207094058382661,False,False
user20,2,SapiAgent,sapiagent:2,T2_RandomForest,0.7844467566393681,0.20306041779121264,False,-0.017122307929738012,-0.017122307929738012,False,False
user20,2,SapiAgent,sapiagent:3,T2_RandomForest,0.7844467566393681,0.2904547325194435,False,-0.017122307929738012,-0.014815466330530436,False,False
user20,2,SapiAgent,sapiagent:4,T2_RandomForest,0.7844467566393681,0.27827561317759486,False,-0.017122307929738012,-0.020847555960202213,False,False
user20,2,SapiAgent,sapiagent:5,T2_RandomForest,0.7844467566393681,0.23959111144555825,False,-0.017122307929738012,-0.009000032730634544,False,False
user20,2,SapiAgent,sapiagent:6,T2_RandomForest,0.7844467566393681,0.2635496468849931,False,-0.017122307929738012,-0.01568182056671602,False,False
user20,2,SapiAgent,sapiagent:7,T2_RandomForest,0.7844467566393681,0.34194858536727746,False,-0.017122307929738012,-0.012787941534593172,False,False
user20,2,SapiAgent,sapiagent:8,T2_RandomForest,0.7844467566393681,0.21197627045756484,False,-0.017122307929738012,-0.014237036041333695,False,False
user20,2,SapiAgent,sapiagent:9,T2_RandomForest,0.7844467566393681,0.2920019328533381,False,-0.017122307929738012,-0.013657916155548067,False,False
user20,2,SapiAgent,sapiagent:10,T2_RandomForest,0.7844467566393681,0.35324436395091413,False,-0.017122307929738012,-0.015970261402773078,False,False
user20,2,SapiAgent,sapiagent:11,T2_RandomForest,0.7844467566393681,0.26817316026563337,False,-0.017122307929738012,-0.011334524189255901,False,False
user20,2,SapiAgent,sapiagent:12,T2_RandomForest,0.7844467566393681,0.3041647901273217,False,-0.017122307929738012,-0.00782860813115177,False,False
user20,2,SapiAgent,sapiagent:13,T2_RandomForest,0.7844467566393681,0.24088303242881615,False,-0.017122307929738012,-0.014815466330530436,False,False
user20,2,SapiAgent,sapiagent:14,T2_RandomForest,0.7844467566393681,0.2771229175450978,False,-0.017122307929738012,-0.018271612453279518,False,False
user20,2,SapiAgent,sapiagent:15,T2_RandomForest,0.7844467566393681,0.28742329081697654,False,-0.017122307929738012,-0.01769730253367946,False,False
user20,2,SapiAgent,sapiagent:16,T2_RandomForest,0.7844467566393681,0.30810379487456063,False,-0.017122307929738012,-0.00929245297640946,False,False
user20,2,SapiAgent,sapiagent:17,T2_RandomForest,0.7844467566393681,0.24758088852744628,False,-0.017122307929738012,-0.014815466330530436,False,False
user20,2,SapiAgent,sapiagent:18,T2_RandomForest,0.7844467566393681,0.2548323404097768,False,-0.017122307929738012,-0.00636039644510672,False,False
user20,2,SapiAgent,sapiagent:19,T2_RandomForest,0.7844467566393681,0.25083216988861484,False,-0.017122307929738012,-0.010460393456559247,False,False
user20,2,DMTG_Inspired,unknown_user:session_0,T2_RandomForest,0.7844467566393681,0.18364528420826806,False,-0.017122307929738012,-0.014237036041333695,False,False
user20,2,DMTG_Inspired,unknown_user:session_1,T2_RandomForest,0.7844467566393681,0.1533178209877519,False,-0.017122307929738012,-0.0179845430280432,False,False
user20,2,DMTG_Inspired,unknown_user:session_2,T2_RandomForest,0.7844467566393681,0.13975450126805547,False,-0.017122307929738012,-0.020847555960202213,False,False
user20,2,DMTG_Inspired,unknown_user:session_3,T2_RandomForest,0.7844467566393681,0.23241334334718133,False,-0.017122307929738012,-0.01683455361609254,False,False
user20,2,DMTG_Inspired,unknown_user:session_4,T2_RandomForest,0.7844467566393681,0.2648261142150566,False,-0.017122307929738012,-0.026522666771385983,False,False
user20,2,DMTG_Inspired,unknown_user:session_5,T2_RandomForest,0.7844467566393681,0.17049960408567696,False,-0.017122307929738012,-0.022557194672131964,False,False
user20,2,DMTG_Inspired,unknown_user:session_6,T2_RandomForest,0.7844467566393681,0.27535293187895477,False,-0.017122307929738012,-0.020847555960202213,False,False
user20,2,DMTG_Inspired,unknown_user:session_7,T2_RandomForest,0.7844467566393681,0.24730931638158402,False,-0.017122307929738012,-0.025393047560765547,False,False
user20,2,DMTG_Inspired,unknown_user:session_8,T2_RandomForest,0.7844467566393681,0.14211113681041096,False,-0.017122307929738012,-0.0034108204043630796,False,False
user20,2,DMTG_Inspired,unknown_user:session_9,T2_RandomForest,0.7844467566393681,0.16414178492679196,False,-0.017122307929738012,-0.023409725138847037,False,False
user20,2,DMTG_Inspired,unknown_user:session_10,T2_RandomForest,0.7844467566393681,0.2539977634145307,False,-0.017122307929738012,-0.017122307929738012,False,False
user20,2,DMTG_Inspired,unknown_user:session_11,T2_RandomForest,0.7844467566393681,0.1907763368100089,False,-0.017122307929738012,-0.02624051427752,False,False
user20,2,DMTG_Inspired,unknown_user:session_12,T2_RandomForest,0.7844467566393681,0.317448863201812,False,-0.017122307929738012,-0.01913179533274101,False,False
user20,2,DMTG_Inspired,unknown_user:session_13,T2_RandomForest,0.7844467566393681,0.18188487717368643,False,-0.017122307929738012,-0.011916410692479895,False,False
user20,2,DMTG_Inspired,unknown_user:session_14,T2_RandomForest,0.7844467566393681,0.1800973321482391,False,-0.017122307929738012,-0.019990442254170515,False,False
user20,2,DMTG_Inspired,unknown_user:session_15,T2_RandomForest,0.7844467566393681,0.24083601487548886,False,-0.017122307929738012,-0.010751943968992317,False,False
user20,2,DMTG_Inspired,unknown_user:session_16,T2_RandomForest,0.7844467566393681,0.20251074129102095,False,-0.017122307929738012,-0.025110221909273978,False,False
user20,2,DMTG_Inspired,unknown_user:session_17,T2_RandomForest,0.7844467566393681,0.23851344469634064,False,-0.017122307929738012,-0.027649597358179012,False,False
user20,2,DMTG_Inspired,unknown_user:session_18,T2_RandomForest,0.7844467566393681,0.18358624939499946,False,-0.017122307929738012,-0.023409725138847037,False,False
user20,2,DMTG_Inspired,unknown_user:session_19,T2_RandomForest,0.7844467566393681,0.2172546010496291,False,-0.017122307929738012,-0.025675704772436303,False,False
user21,2,Genuine,user21:session_0200062241,T2_RandomForest,0.4600887140474192,0.4384802884917261,False,-0.016258530454826503,0.014967145871901844,False,False
user21,2,Genuine,user21:session_0334337435,T2_RandomForest,0.4600887140474192,0.2919390911909141,False,-0.016258530454826503,0.002840781727081465,False,False
user21,2,Genuine,user21:session_0477165267,T2_RandomForest,0.4600887140474192,0.4685128526161036,True,-0.016258530454826503,0.0043408215996721955,True,False
user21,2,Genuine,user21:session_0489826159,T2_RandomForest,0.4600887140474192,0.5237029846288116,True,-0.016258530454826503,0.0049420897503390515,True,False
user21,2,Genuine,user21:session_0900979755,T2_RandomForest,0.4600887140474192,0.5454196877629799,True,-0.016258530454826503,-0.00929245297640946,True,False
user21,2,Genuine,user21:session_1065465945,T2_RandomForest,0.4600887140474192,0.3640366768623586,False,-0.016258530454826503,-0.029615275623088466,False,False
user21,2,Genuine,user21:session_1193964670,T2_RandomForest,0.4600887140474192,0.4738091893977611,True,-0.016258530454826503,-0.025958193644602334,False,True
user21,2,Genuine,user21:session_1809941518,T2_RandomForest,0.4600887140474192,0.43139393596172876,False,-0.016258530454826503,-0.05177464017524175,False,False
user21,2,Genuine,user21:session_2472958094,T2_RandomForest,0.4600887140474192,0.4402847175857594,False,-0.016258530454826503,0.0010466218995126564,False,False
user21,2,Genuine,user21:session_2476629136,T2_RandomForest,0.4600887140474192,0.4273247338724278,False,-0.016258530454826503,-0.03601652030564856,False,False
user21,2,Genuine,user21:session_2681498481,T2_RandomForest,0.4600887140474192,0.3446931536801365,False,-0.016258530454826503,-0.004002142189014235,False,False
user21,2,Genuine,user21:session_2776997709,T2_RandomForest,0.4600887140474192,0.487644307794321,True,-0.016258530454826503,-0.03463239685135272,False,True
user21,2,Genuine,user21:session_2778964895,T2_RandomForest,0.4600887140474192,0.2657277639336134,False,-0.016258530454826503,0.02644423610070512,False,False
user21,2,Genuine,user21:session_3290502212,T2_RandomForest,0.4600887140474192,0.5258014617581476,True,-0.016258530454826503,-0.0482898397538698,False,True
user21,2,Genuine,user21:session_3318991223,T2_RandomForest,0.4600887140474192,0.5182909667241095,True,-0.016258530454826503,0.01282411874601963,True,False
user21,2,Genuine,user21:session_3382231612,T2_RandomForest,0.4600887140474192,0.5544375897583405,True,-0.016258530454826503,-0.00929245297640946,True,False
user21,2,Genuine,user21:session_3473124800,T2_RandomForest,0.4600887140474192,0.4334048651920826,False,-0.016258530454826503,0.011908410769234767,False,False
user21,2,Genuine,user21:session_3985625607,T2_RandomForest,0.4600887140474192,0.27300573736494466,False,-0.016258530454826503,0.023317330865164965,False,False
user21,2,Genuine,user21:session_4282931799,T2_RandomForest,0.4600887140474192,0.5102622350752755,True,-0.016258530454826503,0.03116966086839268,True,False
user21,2,Genuine,user21:session_4741380705,T2_RandomForest,0.4600887140474192,0.37887242598785137,False,-0.016258530454826503,-0.009876771109728566,False,False
user21,2,Genuine,user21:session_4803913319,T2_RandomForest,0.4600887140474192,0.42089622308101377,False,-0.016258530454826503,-0.02397723289668363,False,False
user21,2,Genuine,user21:session_4873496968,T2_RandomForest,0.4600887140474192,0.6495780696467353,True,-0.016258530454826503,0.005242992581123929,True,False
user21,2,Genuine,user21:session_5158497089,T2_RandomForest,0.4600887140474192,0.5433997551473485,True,-0.016258530454826503,-0.031851750561021464,False,True
user21,2,Genuine,user21:session_5764163634,T2_RandomForest,0.4600887140474192,0.5169507066182291,True,-0.016258530454826503,-0.012207094058382661,True,False
user21,2,Genuine,user21:session_6350129821,T2_RandomForest,0.4600887140474192,0.5464536668651272,True,-0.016258530454826503,-0.005477367932344213,True,False
user21,2,Genuine,user21:session_6747468371,T2_RandomForest,0.4600887140474192,0.5061794895077072,True,-0.016258530454826503,0.0034402615509631085,True,False
user21,2,Genuine,user21:session_6905592155,T2_RandomForest,0.4600887140474192,0.3832767506514424,False,-0.016258530454826503,-0.010460393456559247,False,False
user21,2,Genuine,user21:session_7208965815,T2_RandomForest,0.4600887140474192,0.32540057804101763,False,-0.016258530454826503,0.006750198563136078,False,False
user21,2,Genuine,user21:session_7288721890,T2_RandomForest,0.4600887140474192,0.33290814091518955,False,-0.016258530454826503,0.010690009791518018,False,False
user21,2,Genuine,user21:session_7953065762,T2_RandomForest,0.4600887140474192,0.2851979325941126,False,-0.016258530454826503,0.023629183787415853,False,False
user21,2,Genuine,user21:session_8067504883,T2_RandomForest,0.4600887140474192,0.5701794732018259,True,-0.016258530454826503,0.00464136612543109,True,False
user21,2,Genuine,user21:session_8452199606,T2_RandomForest,0.4600887140474192,0.2798660387686583,False,-0.016258530454826503,-0.00014592676966568296,False,False
user21,2,Genuine,user21:session_8534613968,T2_RandomForest,0.4600887140474192,0.6871315332055472,True,-0.016258530454826503,0.038177116628318686,True,False
user21,2,Genuine,user21:session_9814859818,T2_RandomForest,0.4600887140474192,0.3490394948551228,False,-0.016258530454826503,-0.0013356370356571445,False,False
user21,2,Genuine,user21:session_9913386649,T2_RandomForest,0.4600887140474192,0.47699170003095476,True,-0.016258530454826503,0.015274022789274144,True,False
user21,2,Genuine,user21:session_9938110038,T2_RandomForest,0.4600887140474192,0.4188866660168829,False,-0.016258530454826503,0.006448398099819452,False,False
user21,2,HumanImpostor,user21:session_0080153528,T2_RandomForest,0.4600887140474192,0.44567273062706936,False,-0.016258530454826503,-0.005771886138556559,False,False
user21,2,HumanImpostor,user21:session_0486100880,T2_RandomForest,0.4600887140474192,0.2673238418560016,False,-0.016258530454826503,-0.023409725138847037,False,False
user21,2,HumanImpostor,user21:session_0733542929,T2_RandomForest,0.4600887140474192,0.48504196959471063,True,-0.016258530454826503,0.0049420897503390515,True,False
user21,2,HumanImpostor,user21:session_1376706431,T2_RandomForest,0.4600887140474192,0.3309965803073673,False,-0.016258530454826503,-0.007535315557506528,False,False
user21,2,HumanImpostor,user21:session_2037079652,T2_RandomForest,0.4600887140474192,0.10450148091976791,False,-0.016258530454826503,0.0037402694190072916,False,False
user21,2,HumanImpostor,user21:session_2305469177,T2_RandomForest,0.4600887140474192,0.3177282027474967,False,-0.016258530454826503,0.037536273319323965,False,False
user21,2,HumanImpostor,user21:session_2383353199,T2_RandomForest,0.4600887140474192,0.2794061223637244,False,-0.016258530454826503,0.023005663670234267,False,False
user21,2,HumanImpostor,user21:session_2547686354,T2_RandomForest,0.4600887140474192,0.08947874432380848,False,-0.016258530454826503,-0.013078105851045796,False,False
user21,2,HumanImpostor,user21:session_3567705649,T2_RandomForest,0.4600887140474192,0.2636440835406906,False,-0.016258530454826503,0.0314861931160042,False,False
user21,2,HumanImpostor,user21:session_3735387695,T2_RandomForest,0.4600887140474192,0.748908614786197,True,-0.016258530454826503,-0.004592759847463268,True,False
user21,2,HumanImpostor,user21:session_5035531254,T2_RandomForest,0.4600887140474192,0.2778690499335954,False,-0.016258530454826503,0.008564781895576634,False,False
user21,2,HumanImpostor,user21:session_5226344095,T2_RandomForest,0.4600887140474192,0.20483032226473188,False,-0.016258530454826503,0.03307168600038635,False,False
user21,2,HumanImpostor,user21:session_6410652005,T2_RandomForest,0.4600887140474192,0.26110519332649185,False,-0.016258530454826503,-0.004297538981587468,False,False
user21,2,HumanImpostor,user21:session_6723163956,T2_RandomForest,0.4600887140474192,0.21255346978061038,False,-0.016258530454826503,0.03434348503886986,False,False
user21,2,HumanImpostor,user21:session_6803917267,T2_RandomForest,0.4600887140474192,0.388128643358445,False,-0.016258530454826503,-0.025110221909273978,False,False
user21,2,HumanImpostor,user21:session_6891188294,T2_RandomForest,0.4600887140474192,0.26023892416238187,False,-0.016258530454826503,0.01711912843707486,False,False
user21,2,HumanImpostor,user21:session_7053852427,T2_RandomForest,0.4600887140474192,0.2859698158350079,False,-0.016258530454826503,0.026130706644148294,False,False
user21,2,HumanImpostor,user21:session_7756203951,T2_RandomForest,0.4600887140474192,0.10090743288049925,False,-0.016258530454826503,-0.0069482059732688395,False,False
user21,2,HumanImpostor,user21:session_7800887945,T2_RandomForest,0.4600887140474192,0.1227103555219421,False,-0.016258530454826503,-0.01568182056671602,False,False
user21,2,HumanImpostor,user21:session_8456906043,T2_RandomForest,0.4600887140474192,0.23116394152054287,False,-0.016258530454826503,0.0551098916079239,False,False
user21,2,HumanImpostor,user21:session_8675020847,T2_RandomForest,0.4600887140474192,0.19307241813581438,False,-0.016258530454826503,0.030221194761391512,False,False
user21,2,HumanImpostor,user21:session_8957360206,T2_RandomForest,0.4600887140474192,0.00684674855862376,False,-0.016258530454826503,0.03593750159907083,False,False
user21,2,WindMouse,windmouse:0,T2_RandomForest,0.4600887140474192,0.09783089956309621,False,-0.016258530454826503,0.01897084108367819,False,False
user21,2,WindMouse,windmouse:1,T2_RandomForest,0.4600887140474192,0.1051430523874973,False,-0.016258530454826503,0.015581082579365857,False,False
user21,2,WindMouse,windmouse:2,T2_RandomForest,0.4600887140474192,0.09654521221754747,False,-0.016258530454826503,0.023941222547664842,False,False
user21,2,WindMouse,windmouse:3,T2_RandomForest,0.4600887140474192,0.10111321688231074,False,-0.016258530454826503,0.01099433789709503,False,False
user21,2,WindMouse,windmouse:4,T2_RandomForest,0.4600887140474192,0.09621144374081313,False,-0.016258530454826503,0.026130706644148294,False,False
user21,2,WindMouse,windmouse:5,T2_RandomForest,0.4600887140474192,0.08063141195681701,False,-0.016258530454826503,0.01897084108367819,False,False
user21,2,WindMouse,windmouse:6,T2_RandomForest,0.4600887140474192,0.08528666877395381,False,-0.016258530454826503,0.016195751213679555,False,False
user21,2,WindMouse,windmouse:7,T2_RandomForest,0.4600887140474192,0.08921262124123495,False,-0.016258530454826503,0.020829184387584743,False,False
user21,2,WindMouse,windmouse:8,T2_RandomForest,0.4600887140474192,0.08811937021383112,False,-0.016258530454826503,0.00977811251809424,False,False
user21,2,WindMouse,windmouse:9,T2_RandomForest,0.4600887140474192,0.10189261456760676,False,-0.016258530454826503,0.013435500566189917,False,False
user21,2,WindMouse,windmouse:10,T2_RandomForest,0.4600887140474192,0.10244628183879327,False,-0.016258530454826503,0.025191238184506415,False,False
user21,2,WindMouse,windmouse:11,T2_RandomForest,0.4600887140474192,0.08852187008838493,False,-0.016258530454826503,0.011298847356515096,False,False
user21,2,WindMouse,windmouse:12,T2_RandomForest,0.4600887140474192,0.10197995084882383,False,-0.016258530454826503,0.023941222547664842,False,False
user21,2,WindMouse,windmouse:13,T2_RandomForest,0.4600887140474192,0.08815388719739171,False,-0.016258530454826503,0.009474508748460009,False,False
user21,2,WindMouse,windmouse:14,T2_RandomForest,0.4600887140474192,0.09049001552251085,False,-0.016258530454826503,0.014660451718337408,False,False
user21,2,WindMouse,windmouse:15,T2_RandomForest,0.4600887140474192,0.09292401003312036,False,-0.016258530454826503,0.014660451718337408,False,False
user21,2,WindMouse,windmouse:16,T2_RandomForest,0.4600887140474192,0.09731976385501574,False,-0.016258530454826503,0.01282411874601963,False,False
user21,2,WindMouse,windmouse:17,T2_RandomForest,0.4600887140474192,0.08192304496048373,False,-0.016258530454826503,0.016503360276049706,False,False
user21,2,WindMouse,windmouse:18,T2_RandomForest,0.4600887140474192,0.1117629029281102,False,-0.016258530454826503,0.0070521788740344205,False,False
user21,2,WindMouse,windmouse:19,T2_RandomForest,0.4600887140474192,0.08880544714652162,False,-0.016258530454826503,0.015581082579365857,False,False
user21,2,SapiAgent,sapiagent:0,T2_RandomForest,0.4600887140474192,0.28349438218849043,False,-0.016258530454826503,0.02425344725665557,False,False
user21,2,SapiAgent,sapiagent:1,T2_RandomForest,0.4600887140474192,0.3438280663269786,False,-0.016258530454826503,0.015581082579365857,False,False
user21,2,SapiAgent,sapiagent:2,T2_RandomForest,0.4600887140474192,0.30161481765061127,False,-0.016258530454826503,0.016811152647435934,False,False
user21,2,SapiAgent,sapiagent:3,T2_RandomForest,0.4600887140474192,0.2672438166435847,False,-0.016258530454826503,0.008261900737882355,False,False
user21,2,SapiAgent,sapiagent:4,T2_RandomForest,0.4600887140474192,0.3245070883364915,False,-0.016258530454826503,0.008261900737882355,False,False
user21,2,SapiAgent,sapiagent:5,T2_RandomForest,0.4600887140474192,0.3281606924196158,False,-0.016258530454826503,0.026130706644148294,False,False
user21,2,SapiAgent,sapiagent:6,T2_RandomForest,0.4600887140474192,0.31301898664245303,False,-0.016258530454826503,0.007656679467335947,False,False
user21,2,SapiAgent,sapiagent:7,T2_RandomForest,0.4600887140474192,0.23885262765519352,False,-0.016258530454826503,0.012213464938870766,False,False
user21,2,SapiAgent,sapiagent:8,T2_RandomForest,0.4600887140474192,0.3431021586208411,False,-0.016258530454826503,0.021139554584719833,False,False
user21,2,SapiAgent,sapiagent:9,T2_RandomForest,0.4600887140474192,0.28879144615918395,False,-0.016258530454826503,0.006750198563136078,False,False
user21,2,SapiAgent,sapiagent:10,T2_RandomForest,0.4600887140474192,0.2648166662855383,False,-0.016258530454826503,0.016811152647435934,False,False
user21,2,SapiAgent,sapiagent:11,T2_RandomForest,0.4600887140474192,0.2503755873902226,False,-0.016258530454826503,0.008261900737882355,False,False
user21,2,SapiAgent,sapiagent:12,T2_RandomForest,0.4600887140474192,0.2757054472309916,False,-0.016258530454826503,0.023629183787415853,False,False
user21,2,SapiAgent,sapiagent:13,T2_RandomForest,0.4600887140474192,0.2959546313203339,False,-0.016258530454826503,0.017427287754268495,False,False
user21,2,SapiAgent,sapiagent:14,T2_RandomForest,0.4600887140474192,0.24196895141878275,False,-0.016258530454826503,0.013435500566189917,False,False
user21,2,SapiAgent,sapiagent:15,T2_RandomForest,0.4600887140474192,0.30745829293641797,False,-0.016258530454826503,0.021139554584719833,False,False
user21,2,SapiAgent,sapiagent:16,T2_RandomForest,0.4600887140474192,0.295344974848564,False,-0.016258530454826503,0.02487845496416763,False,False
user21,2,SapiAgent,sapiagent:17,T2_RandomForest,0.4600887140474192,0.34693082018949645,False,-0.016258530454826503,0.01866176248690421,False,False
user21,2,SapiAgent,sapiagent:18,T2_RandomForest,0.4600887140474192,0.3079298961747417,False,-0.016258530454826503,0.016811152647435934,False,False
user21,2,SapiAgent,sapiagent:19,T2_RandomForest,0.4600887140474192,0.3312413233206859,False,-0.016258530454826503,0.0202089984160313,False,False
user21,2,DMTG_Inspired,unknown_user:session_0,T2_RandomForest,0.4600887140474192,0.15708440075466581,False,-0.016258530454826503,0.01588832535115381,False,False
user21,2,DMTG_Inspired,unknown_user:session_1,T2_RandomForest,0.4600887140474192,0.15372477340280258,False,-0.016258530454826503,0.004040456066397913,False,False
user21,2,DMTG_Inspired,unknown_user:session_2,T2_RandomForest,0.4600887140474192,0.1977025553951504,False,-0.016258530454826503,-0.0019294298792508213,False,False
user21,2,DMTG_Inspired,unknown_user:session_3,T2_RandomForest,0.4600887140474192,0.21845030624576026,False,-0.016258530454826503,0.018044157408852013,False,False
user21,2,DMTG_Inspired,unknown_user:session_4,T2_RandomForest,0.4600887140474192,0.18630474274828449,False,-0.016258530454826503,0.008867843544855147,False,False
user21,2,DMTG_Inspired,unknown_user:session_5,T2_RandomForest,0.4600887140474192,0.1873346577856313,False,-0.016258530454826503,0.008564781895576634,False,False
user21,2,DMTG_Inspired,unknown_user:session_6,T2_RandomForest,0.4600887140474192,0.19410128303470278,False,-0.016258530454826503,0.00977811251809424,False,False
user21,2,DMTG_Inspired,unknown_user:session_7,T2_RandomForest,0.4600887140474192,0.16913049301138716,False,-0.016258530454826503,0.01711912843707486,False,False
user21,2,DMTG_Inspired,unknown_user:session_8,T2_RandomForest,0.4600887140474192,0.17975602054206974,False,-0.016258530454826503,0.008564781895576634,False,False
user21,2,DMTG_Inspired,unknown_user:session_9,T2_RandomForest,0.4600887140474192,0.1914705039362193,False,-0.016258530454826503,0.0037402694190072916,False,False
user21,2,DMTG_Inspired,unknown_user:session_10,T2_RandomForest,0.4600887140474192,0.15788610947497397,False,-0.016258530454826503,0.00464136612543109,False,False
user21,2,DMTG_Inspired,unknown_user:session_11,T2_RandomForest,0.4600887140474192,0.12777983251141314,False,-0.016258530454826503,0.023629183787415853,False,False
user21,2,DMTG_Inspired,unknown_user:session_12,T2_RandomForest,0.4600887140474192,0.17044864724675082,False,-0.016258530454826503,0.013129718600255913,False,False
user21,2,DMTG_Inspired,unknown_user:session_13,T2_RandomForest,0.4600887140474192,0.21046975400002424,False,-0.016258530454826503,0.013741464752344834,False,False
user21,2,DMTG_Inspired,unknown_user:session_14,T2_RandomForest,0.4600887140474192,0.17673519983149735,False,-0.016258530454826503,-0.0028187936540604586,False,False
user21,2,DMTG_Inspired,unknown_user:session_15,T2_RandomForest,0.4600887140474192,0.21028726765877295,False,-0.016258530454826503,0.023629183787415853,False,False
user21,2,DMTG_Inspired,unknown_user:session_16,T2_RandomForest,0.4600887140474192,0.20759920088157255,False,-0.016258530454826503,-0.0034108204043630796,False,False
user21,2,DMTG_Inspired,unknown_user:session_17,T2_RandomForest,0.4600887140474192,0.15368529547128387,False,-0.016258530454826503,0.013741464752344834,False,False
user21,2,DMTG_Inspired,unknown_user:session_18,T2_RandomForest,0.4600887140474192,0.16721913270661,False,-0.016258530454826503,0.01038586293177668,False,False
user21,2,DMTG_Inspired,unknown_user:session_19,T2_RandomForest,0.4600887140474192,0.17347605238859945,False,-0.016258530454826503,0.00224201574372207,False,False
user23,2,Genuine,user23:session_0071280153,T2_RandomForest,0.51445961952082,0.5080543713725041,False,-0.041306926526118615,-0.026299880320942493,False,False
user23,2,Genuine,user23:session_0139259699,T2_RandomForest,0.51445961952082,0.6049755788134865,True,-0.041306926526118615,-0.02842300178689333,True,False
user23,2,Genuine,user23:session_0697506648,T2_RandomForest,0.51445961952082,0.5669342398395399,True,-0.041306926526118615,-0.04404602346621794,False,True
user23,2,Genuine,user23:session_1783392506,T2_RandomForest,0.51445961952082,0.5155136034627708,True,-0.041306926526118615,-0.03368926698642705,True,False
user23,2,Genuine,user23:session_2676613576,T2_RandomForest,0.51445961952082,0.3443036561719038,False,-0.041306926526118615,-6.439955589510049e-05,False,False
user23,2,Genuine,user23:session_2806235778,T2_RandomForest,0.51445961952082,0.6288658112352322,True,-0.041306926526118615,-0.016626922226847862,True,False
user23,2,Genuine,user23:session_2887480941,T2_RandomForest,0.51445961952082,0.4123015478281292,False,-0.041306926526118615,0.0059602666408649085,False,False
user23,2,Genuine,user23:session_3173348385,T2_RandomForest,0.51445961952082,0.2883701573188503,False,-0.041306926526118615,-0.014814076886331018,False,False
user23,2,Genuine,user23:session_3193098342,T2_RandomForest,0.51445961952082,0.5536523036599598,True,-0.041306926526118615,-0.027008647430118604,True,False
user23,2,Genuine,user23:session_3777853846,T2_RandomForest,0.51445961952082,0.5416165007914381,True,-0.041306926526118615,-0.029128592205582393,True,False
user23,2,Genuine,user23:session_4088744338,T2_RandomForest,0.51445961952082,0.9607328325244577,True,-0.041306926526118615,-0.015902598331441697,True,False
user23,2,Genuine,user23:session_4199921692,T2_RandomForest,0.51445961952082,0.40016757832091154,False,-0.041306926526118615,-0.007125584778574723,False,False
user23,2,Genuine,user23:session_4354218638,T2_RandomForest,0.51445961952082,0.29493913911591113,False,-0.041306926526118615,-0.005277105564112816,False,False
user23,2,Genuine,user23:session_4484768740,T2_RandomForest,0.51445961952082,0.5492502972188585,True,-0.041306926526118615,-0.030887952889677828,True,False
user23,2,Genuine,user23:session_4736309542,T2_RandomForest,0.51445961952082,0.5709872568247373,True,-0.041306926526118615,-0.0357792692598804,True,False
user23,2,Genuine,user23:session_4998803513,T2_RandomForest,0.51445961952082,0.4360038223410765,False,-0.041306926526118615,-0.01735016236286252,False,False
user23,2,Genuine,user23:session_5090921415,T2_RandomForest,0.51445961952082,0.6189829897078064,True,-0.041306926526118615,-0.012994432639586773,True,False
user23,2,Genuine,user23:session_5130764696,T2_RandomForest,0.51445961952082,0.48296428533932756,False,-0.041306926526118615,-0.007125584778574723,False,False
user23,2,Genuine,user23:session_5222969532,T2_RandomForest,0.51445961952082,0.5208617394289442,True,-0.041306926526118615,-0.010068796439395844,True,False
user23,2,Genuine,user23:session_5567012419,T2_RandomForest,0.51445961952082,0.44086648822483665,False,-0.041306926526118615,0.003692555364475103,False,False
user23,2,Genuine,user23:session_5760480696,T2_RandomForest,0.51445961952082,0.5949284912150863,True,-0.041306926526118615,0.0018105619707146081,True,False
user23,2,Genuine,user23:session_5796305508,T2_RandomForest,0.51445961952082,0.7508866612546873,True,-0.041306926526118615,-0.01408703648216758,True,False
user23,2,Genuine,user23:session_5938044199,T2_RandomForest,0.51445961952082,0.24083774350693465,False,-0.041306926526118615,-0.01116796398795572,False,False
user23,2,Genuine,user23:session_6120487222,T2_RandomForest,0.51445961952082,0.6976530067547464,True,-0.041306926526118615,-0.022740081831242598,True,False
user23,2,Genuine,user23:session_6479783256,T2_RandomForest,0.51445961952082,0.3133966778727647,False,-0.041306926526118615,0.003692555364475103,False,False
user23,2,Genuine,user23:session_6529033101,T2_RandomForest,0.51445961952082,0.5259624770801972,True,-0.041306926526118615,-0.035431587196691205,True,False
user23,2,Genuine,user23:session_6575637744,T2_RandomForest,0.51445961952082,0.4031090195744336,False,-0.041306926526118615,-0.01879339784052969,False,False
user23,2,Genuine,user23:session_7131856482,T2_RandomForest,0.51445961952082,0.39628080253061065,False,-0.041306926526118615,-0.027716354056524783,False,False
user23,2,Genuine,user23:session_7756346661,T2_RandomForest,0.51445961952082,0.3004434184749249,False,-0.041306926526118615,-0.006017327702899977,False,False
user23,2,Genuine,user23:session_7760528986,T2_RandomForest,0.51445961952082,0.5263983866139964,True,-0.041306926526118615,-0.021308683253420335,True,False
user23,2,Genuine,user23:session_7778589669,T2_RandomForest,0.51445961952082,0.6677881269343873,True,-0.041306926526118615,-0.019872991623090308,True,False
user23,2,Genuine,user23:session_8055688583,T2_RandomForest,0.51445961952082,0.48757551935088883,False,-0.041306926526118615,-0.021666934869437215,False,False
user23,2,Genuine,user23:session_8297767726,T2_RandomForest,0.51445961952082,0.4414229363609148,False,-0.041306926526118615,-0.0008124211323748964,False,False
user23,2,Genuine,user23:session_8301590977,T2_RandomForest,0.51445961952082,0.5360458991869146,True,-0.041306926526118615,-0.009334645337148173,True,False
user23,2,Genuine,user23:session_9038755287,T2_RandomForest,0.51445961952082,0.5763167649563711,True,-0.041306926526118615,-0.0034216938019253074,True,False
user23,2,Genuine,user23:session_9648839315,T2_RandomForest,0.51445961952082,0.535387161356922,True,-0.041306926526118615,-0.006017327702899977,True,False
user23,2,Genuine,user23:session_9896236015,T2_RandomForest,0.51445961952082,0.6957988211735767,True,-0.041306926526118615,-0.023454175238597608,True,False
user23,2,Genuine,user23:session_9956793065,T2_RandomForest,0.51445961952082,0.6681631544621711,True,-0.041306926526118615,-0.043020784165759274,False,True
user23,2,HumanImpostor,user23:session_0542118784,T2_RandomForest,0.51445961952082,0.37654458884377834,False,-0.041306926526118615,-0.04199323955450762,False,False
user23,2,HumanImpostor,user23:session_0590731055,T2_RandomForest,0.51445961952082,0.17453656491284839,False,-0.041306926526118615,-0.010068796439395844,False,False
user23,2,HumanImpostor,user23:session_0750796173,T2_RandomForest,0.51445961952082,0.1447836814655435,False,-0.041306926526118615,0.007477743341785303,False,False
user23,2,HumanImpostor,user23:session_1414301302,T2_RandomForest,0.51445961952082,0.10734273301964889,False,-0.041306926526118615,-0.007125584778574723,False,False
user23,2,HumanImpostor,user23:session_1581692104,T2_RandomForest,0.51445961952082,0.2208301156508559,False,-0.041306926526118615,0.008999771260834177,False,False
user23,2,HumanImpostor,user23:session_1799284692,T2_RandomForest,0.51445961952082,0.07621867063070403,False,-0.041306926526118615,-0.002677582162988801,False,False
user23,2,HumanImpostor,user23:session_2020107805,T2_RandomForest,0.51445961952082,0.07675950540164263,False,-0.041306926526118615,-0.009334645337148173,False,False
user23,2,HumanImpostor,user23:session_2222178768,T2_RandomForest,0.51445961952082,0.1869910926441952,False,-0.041306926526118615,-0.008967157348034382,False,False
user23,2,HumanImpostor,user23:session_3436410606,T2_RandomForest,0.51445961952082,0.14108803829456412,False,-0.041306926526118615,-0.00786304115646208,False,False
user23,2,HumanImpostor,user23:session_3496233301,T2_RandomForest,0.51445961952082,0.1705248099010071,False,-0.041306926526118615,0.012824842316800145,False,False
user23,2,HumanImpostor,user23:session_3760606976,T2_RandomForest,0.51445961952082,0.4419972650343403,False,-0.041306926526118615,-0.024523312501488037,False,False
user23,2,HumanImpostor,user23:session_3922157039,T2_RandomForest,0.51445961952082,0.10626846403479111,False,-0.041306926526118615,-0.007125584778574723,False,False
user23,2,HumanImpostor,user23:session_4144841412,T2_RandomForest,0.51445961952082,0.15363954248636041,False,-0.041306926526118615,-0.008599394125666682,False,False
user23,2,HumanImpostor,user23:session_4185228735,T2_RandomForest,0.51445961952082,0.12662843715861222,False,-0.041306926526118615,-0.011533804897818856,False,False
user23,2,HumanImpostor,user23:session_5138848212,T2_RandomForest,0.51445961952082,0.09406297194525388,False,-0.041306926526118615,-0.018072320361045335,False,False
user23,2,HumanImpostor,user23:session_5536570637,T2_RandomForest,0.51445961952082,0.11454258528228319,False,-0.041306926526118615,0.0014350079581993969,False,False
user23,2,HumanImpostor,user23:session_5652085012,T2_RandomForest,0.51445961952082,0.14619151356573257,False,-0.041306926526118615,0.0025625140295199023,False,False
user23,2,HumanImpostor,user23:session_5653345386,T2_RandomForest,0.51445961952082,0.07637749955810251,False,-0.041306926526118615,0.007477743341785303,False,False
user23,2,HumanImpostor,user23:session_5967488943,T2_RandomForest,0.51445961952082,0.3008460902827071,False,-0.041306926526118615,-0.018432994064523645,False,False
user23,2,HumanImpostor,user23:session_6200753435,T2_RandomForest,0.51445961952082,0.09325735568322137,False,-0.041306926526118615,-0.008231355463906798,False,False
user23,2,HumanImpostor,user23:session_7144916399,T2_RandomForest,0.51445961952082,0.20998371447645994,False,-0.041306926526118615,0.011291376544006915,False,False
user23,2,HumanImpostor,user23:session_7398972341,T2_RandomForest,0.51445961952082,0.1729979200084843,False,-0.041306926526118615,0.010144287146819475,False,False
user23,2,HumanImpostor,user23:session_7434938340,T2_RandomForest,0.51445961952082,0.18582481797967068,False,-0.041306926526118615,-0.015540029466565075,False,False
user23,2,HumanImpostor,user23:session_8427974282,T2_RandomForest,0.51445961952082,0.09898963250564305,False,-0.041306926526118615,0.0010597350095498115,False,False
user23,2,HumanImpostor,user23:session_8431086878,T2_RandomForest,0.51445961952082,0.1244445530448399,False,-0.041306926526118615,-0.008599394125666682,False,False
user23,2,HumanImpostor,user23:session_8831138885,T2_RandomForest,0.51445961952082,0.21906357802788673,False,-0.041306926526118615,-0.002677582162988801,False,False
user23,2,HumanImpostor,user23:session_8916797638,T2_RandomForest,0.51445961952082,0.06840420933505166,False,-0.041306926526118615,0.0025625140295199023,False,False
user23,2,HumanImpostor,user23:session_9034407980,T2_RandomForest,0.51445961952082,0.06736589239846044,False,-0.041306926526118615,-0.005277105564112816,False,False
user23,2,HumanImpostor,user23:session_9127984644,T2_RandomForest,0.51445961952082,0.3576085040748082,False,-0.041306926526118615,-0.008967157348034382,False,False
user23,2,HumanImpostor,user23:session_9307936288,T2_RandomForest,0.51445961952082,0.18689064683212753,False,-0.041306926526118615,0.0018105619707146081,False,False
user23,2,HumanImpostor,user23:session_9579651012,T2_RandomForest,0.51445961952082,0.13247738236886225,False,-0.041306926526118615,-0.0045357742187775996,False,False
user23,2,HumanImpostor,user23:session_9759261305,T2_RandomForest,0.51445961952082,0.13526510598078337,False,-0.041306926526118615,-0.01116796398795572,False,False
user23,2,HumanImpostor,user23:session_9787004965,T2_RandomForest,0.51445961952082,0.1480212783911727,False,-0.041306926526118615,-0.010801849078432735,False,False
user23,2,WindMouse,windmouse:0,T2_RandomForest,0.51445961952082,0.3841212287591995,False,-0.041306926526118615,-0.022024918370667224,False,False
user23,2,WindMouse,windmouse:1,T2_RandomForest,0.51445961952082,0.4546892703699429,False,-0.041306926526118615,-0.016626922226847862,False,False
user23,2,WindMouse,windmouse:2,T2_RandomForest,0.51445961952082,0.46413584574407024,False,-0.041306926526118615,-0.02059137487364815,False,False
user23,2,WindMouse,windmouse:3,T2_RandomForest,0.51445961952082,0.47520342390478554,False,-0.041306926526118615,-0.02416720019378421,False,False
user23,2,WindMouse,windmouse:4,T2_RandomForest,0.51445961952082,0.43458123507888063,False,-0.041306926526118615,-0.018432994064523645,False,False
user23,2,WindMouse,windmouse:5,T2_RandomForest,0.51445961952082,0.514596596542374,True,-0.041306926526118615,-0.01735016236286252,True,False
user23,2,WindMouse,windmouse:6,T2_RandomForest,0.51445961952082,0.5009759117892714,False,-0.041306926526118615,-0.023097262191450696,False,False
user23,2,WindMouse,windmouse:7,T2_RandomForest,0.51445961952082,0.5255769895522577,True,-0.041306926526118615,-0.022740081831242598,True,False
user23,2,WindMouse,windmouse:8,T2_RandomForest,0.51445961952082,0.46396126009333205,False,-0.041306926526118615,-0.017711376527930256,False,False
user23,2,WindMouse,windmouse:9,T2_RandomForest,0.51445961952082,0.3891330090732042,False,-0.041306926526118615,-0.024523312501488037,False,False
user23,2,WindMouse,windmouse:10,T2_RandomForest,0.51445961952082,0.47367145948038364,False,-0.041306926526118615,-0.022740081831242598,False,False
user23,2,WindMouse,windmouse:11,T2_RandomForest,0.51445961952082,0.5069094972025299,False,-0.041306926526118615,-0.023810821172739804,False,False
user23,2,WindMouse,windmouse:12,T2_RandomForest,0.51445961952082,0.43627311631869653,False,-0.041306926526118615,-0.01879339784052969,False,False
user23,2,WindMouse,windmouse:13,T2_RandomForest,0.51445961952082,0.38387964805662517,False,-0.041306926526118615,-0.0266543965351404,False,False
user23,2,WindMouse,windmouse:14,T2_RandomForest,0.51445961952082,0.4472685043991656,False,-0.041306926526118615,-0.011533804897818856,False,False
user23,2,WindMouse,windmouse:15,T2_RandomForest,0.51445961952082,0.4995100123781376,False,-0.041306926526118615,-0.014814076886331018,False,False
user23,2,WindMouse,windmouse:16,T2_RandomForest,0.51445961952082,0.4868357635212758,False,-0.041306926526118615,-0.011899372013082832,False,False
user23,2,WindMouse,windmouse:17,T2_RandomForest,0.51445961952082,0.46109271271343927,False,-0.041306926526118615,-0.01879339784052969,False,False
user23,2,WindMouse,windmouse:18,T2_RandomForest,0.51445961952082,0.4466201599112431,False,-0.041306926526118615,-0.017711376527930256,False,False
user23,2,WindMouse,windmouse:19,T2_RandomForest,0.51445961952082,0.44946358131636677,False,-0.041306926526118615,-0.01372310783680769,False,False
user23,2,SapiAgent,sapiagent:0,T2_RandomForest,0.51445961952082,0.2502680229188159,False,-0.041306926526118615,-0.006017327702899977,False,False
user23,2,SapiAgent,sapiagent:1,T2_RandomForest,0.51445961952082,0.263667431754496,False,-0.041306926526118615,0.0006847429144181127,False,False
user23,2,SapiAgent,sapiagent:2,T2_RandomForest,0.51445961952082,0.26541840374185083,False,-0.041306926526118615,-0.009334645337148173,False,False
user23,2,SapiAgent,sapiagent:3,T2_RandomForest,0.51445961952082,0.28995941831239286,False,-0.041306926526118615,-0.005277105564112816,False,False
user23,2,SapiAgent,sapiagent:4,T2_RandomForest,0.51445961952082,0.2551760099385904,False,-0.041306926526118615,-0.002677582162988801,False,False
user23,2,SapiAgent,sapiagent:5,T2_RandomForest,0.51445961952082,0.2479640375205968,False,-0.041306926526118615,0.00406980018631431,False,False
user23,2,SapiAgent,sapiagent:6,T2_RandomForest,0.51445961952082,0.28572799416552724,False,-0.041306926526118615,-0.0011860121096258225,False,False
user23,2,SapiAgent,sapiagent:7,T2_RandomForest,0.51445961952082,0.2585850756459392,False,-0.041306926526118615,-0.0008124211323748964,False,False
user23,2,SapiAgent,sapiagent:8,T2_RandomForest,0.51445961952082,0.26938653148449415,False,-0.041306926526118615,-0.007125584778574723,False,False
user23,2,SapiAgent,sapiagent:9,T2_RandomForest,0.51445961952082,0.2818973155076855,False,-0.041306926526118615,-0.0045357742187775996,False,False
user23,2,SapiAgent,sapiagent:10,T2_RandomForest,0.51445961952082,0.26867185291673806,False,-0.041306926526118615,0.0014350079581993969,False,False
user23,2,SapiAgent,sapiagent:11,T2_RandomForest,0.51445961952082,0.2816486529689833,False,-0.041306926526118615,-0.0045357742187775996,False,False
user23,2,SapiAgent,sapiagent:12,T2_RandomForest,0.51445961952082,0.25800479667889736,False,-0.041306926526118615,-0.0011860121096258225,False,False
user23,2,SapiAgent,sapiagent:13,T2_RandomForest,0.51445961952082,0.28216022670369856,False,-0.041306926526118615,-0.006387023338570885,False,False
user23,2,SapiAgent,sapiagent:14,T2_RandomForest,0.51445961952082,0.2725868054505577,False,-0.041306926526118615,-0.010068796439395844,False,False
user23,2,SapiAgent,sapiagent:15,T2_RandomForest,0.51445961952082,0.2328205066054886,False,-0.041306926526118615,-0.0019323554891739758,False,False
user23,2,SapiAgent,sapiagent:16,T2_RandomForest,0.51445961952082,0.25507485574908034,False,-0.041306926526118615,0.0003100314626141021,False,False
user23,2,SapiAgent,sapiagent:17,T2_RandomForest,0.51445961952082,0.23917124282586802,False,-0.041306926526118615,-0.005277105564112816,False,False
user23,2,SapiAgent,sapiagent:18,T2_RandomForest,0.51445961952082,0.26219045149664655,False,-0.041306926526118615,-0.0015593234921428278,False,False
user23,2,SapiAgent,sapiagent:19,T2_RandomForest,0.51445961952082,0.2820339851908474,False,-0.041306926526118615,-0.00786304115646208,False,False
user23,2,DMTG_Inspired,unknown_user:session_0,T2_RandomForest,0.51445961952082,0.28144809869232557,False,-0.041306926526118615,-0.014814076886331018,False,False
user23,2,DMTG_Inspired,unknown_user:session_1,T2_RandomForest,0.51445961952082,0.3686457350147907,False,-0.041306926526118615,-0.02059137487364815,False,False
user23,2,DMTG_Inspired,unknown_user:session_2,T2_RandomForest,0.51445961952082,0.2601833977654544,False,-0.041306926526118615,-0.024879158295459003,False,False
user23,2,DMTG_Inspired,unknown_user:session_3,T2_RandomForest,0.51445961952082,0.21400546470195056,False,-0.041306926526118615,-0.007494450996885282,False,False
user23,2,DMTG_Inspired,unknown_user:session_4,T2_RandomForest,0.51445961952082,0.25133387376953864,False,-0.041306926526118615,-0.012994432639586773,False,False
user23,2,DMTG_Inspired,unknown_user:session_5,T2_RandomForest,0.51445961952082,0.27432142034881996,False,-0.041306926526118615,-0.01408703648216758,False,False
user23,2,DMTG_Inspired,unknown_user:session_6,T2_RandomForest,0.51445961952082,0.26465629562162457,False,-0.041306926526118615,-0.008599394125666682,False,False
user23,2,DMTG_Inspired,unknown_user:session_7,T2_RandomForest,0.51445961952082,0.23849599825915035,False,-0.041306926526118615,-0.005647355180539493,False,False
user23,2,DMTG_Inspired,unknown_user:session_8,T2_RandomForest,0.51445961952082,0.2950976299730544,False,-0.041306926526118615,-0.021666934869437215,False,False
user23,2,DMTG_Inspired,unknown_user:session_9,T2_RandomForest,0.51445961952082,0.3128268158872861,False,-0.041306926526118615,-0.020232317707827796,False,False
user23,2,DMTG_Inspired,unknown_user:session_10,T2_RandomForest,0.51445961952082,0.21384546330652418,False,-0.041306926526118615,-0.018072320361045335,False,False
user23,2,DMTG_Inspired,unknown_user:session_11,T2_RandomForest,0.51445961952082,0.24844518439166619,False,-0.041306926526118615,-0.01262968567928946,False,False
user23,2,DMTG_Inspired,unknown_user:session_12,T2_RandomForest,0.51445961952082,0.24479138663410838,False,-0.041306926526118615,-0.016988677663374696,False,False
user23,2,DMTG_Inspired,unknown_user:session_13,T2_RandomForest,0.51445961952082,0.24982050850804993,False,-0.041306926526118615,-0.01372310783680769,False,False
user23,2,DMTG_Inspired,unknown_user:session_14,T2_RandomForest,0.51445961952082,0.24544138786144207,False,-0.041306926526118615,-0.007494450996885282,False,False
user23,2,DMTG_Inspired,unknown_user:session_15,T2_RandomForest,0.51445961952082,0.23158750056513122,False,-0.041306926526118615,-0.01262968567928946,False,False
user23,2,DMTG_Inspired,unknown_user:session_16,T2_RandomForest,0.51445961952082,0.2500451154341625,False,-0.041306926526118615,-0.019153531891076714,False,False
user23,2,DMTG_Inspired,unknown_user:session_17,T2_RandomForest,0.51445961952082,0.25512682500758666,False,-0.041306926526118615,-0.01372310783680769,False,False
user23,2,DMTG_Inspired,unknown_user:session_18,T2_RandomForest,0.51445961952082,0.2567841261227389,False,-0.041306926526118615,-0.016264895850511052,False,False
user23,2,DMTG_Inspired,unknown_user:session_19,T2_RandomForest,0.51445961952082,0.3367203710299141,False,-0.041306926526118615,-0.019153531891076714,False,False
user29,2,Genuine,user29:session_0270940804,T2_RandomForest,0.38735410223569894,0.5953616032621134,True,0.0016439627508675336,-0.025675704772436303,False,True
user29,2,Genuine,user29:session_0537801506,T2_RandomForest,0.38735410223569894,0.6958075157201148,True,0.0016439627508675336,0.011908410769234767,True,False
user29,2,Genuine,user29:session_0743065918,T2_RandomForest,0.38735410223569894,0.2934300619102866,False,0.0016439627508675336,0.002840781727081465,False,False
user29,2,Genuine,user29:session_0838891042,T2_RandomForest,0.38735410223569894,0.44621376450729394,True,0.0016439627508675336,-0.013368097357057684,False,True
user29,2,Genuine,user29:session_1076519237,T2_RandomForest,0.38735410223569894,0.5941605228251091,True,0.0016439627508675336,-0.02312571759473203,False,True
user29,2,Genuine,user29:session_1164286300,T2_RandomForest,0.38735410223569894,0.4558354796936571,True,0.0016439627508675336,-0.02056202157969461,False,True
user29,2,Genuine,user29:session_1421795197,T2_RandomForest,0.38735410223569894,0.41221781469076335,True,0.0016439627508675336,-0.013368097357057684,False,True
user29,2,Genuine,user29:session_1778570235,T2_RandomForest,0.38735410223569894,0.5566179813821059,True,0.0016439627508675336,-0.03435507707154939,False,True
user29,2,Genuine,user29:session_1819563622,T2_RandomForest,0.38735410223569894,0.3591857379738587,False,0.0016439627508675336,0.019899182421506567,False,False
user29,2,Genuine,user29:session_1896830251,T2_RandomForest,0.38735410223569894,0.6530712537553057,True,0.0016439627508675336,-0.014815466330530436,False,True
user29,2,Genuine,user29:session_1967235442,T2_RandomForest,0.38735410223569894,0.8945696506433182,True,0.0016439627508675336,-0.004297538981587468,False,True
user29,2,Genuine,user29:session_2007540735,T2_RandomForest,0.38735410223569894,0.5526189276442615,True,0.0016439627508675336,-0.0179845430280432,False,True
user29,2,Genuine,user29:session_2035629884,T2_RandomForest,0.38735410223569894,0.4005299549927705,True,0.0016439627508675336,0.013741464752344834,True,False
user29,2,Genuine,user29:session_2189267771,T2_RandomForest,0.38735410223569894,0.645983065770066,True,0.0016439627508675336,-0.031851750561021464,False,True
user29,2,Genuine,user29:session_2290361531,T2_RandomForest,0.38735410223569894,0.6005269572942342,True,0.0016439627508675336,-0.02426073331181594,False,True
user29,2,Genuine,user29:session_2540441733,T2_RandomForest,0.38735410223569894,0.644504814924119,True,0.0016439627508675336,-0.011043320845420923,False,True
user29,2,Genuine,user29:session_2617473265,T2_RandomForest,0.38735410223569894,0.6161995115840084,True,0.0016439627508675336,-0.012207094058382661,False,True
user29,2,Genuine,user29:session_3016761703,T2_RandomForest,0.38735410223569894,0.378999592775719,False,0.0016439627508675336,-0.02198799396436818,False,False
user29,2,Genuine,user29:session_3161171774,T2_RandomForest,0.38735410223569894,0.7350174382970819,True,0.0016439627508675336,-0.010460393456559247,False,True
user29,2,Genuine,user29:session_3163625589,T2_RandomForest,0.38735410223569894,0.27912630047717146,False,0.0016439627508675336,0.0031404323557914227,False,False
user29,2,Genuine,user29:session_3839970917,T2_RandomForest,0.38735410223569894,0.4212528337564331,True,0.0016439627508675336,-0.013078105851045796,False,True
user29,2,Genuine,user29:session_3932398331,T2_RandomForest,0.38735410223569894,0.7044200925150463,True,0.0016439627508675336,-0.02905448946179584,False,True
user29,2,Genuine,user29:session_4262101552,T2_RandomForest,0.38735410223569894,0.5342884274555869,True,0.0016439627508675336,-0.009876771109728566,False,True
user29,2,Genuine,user29:session_4746240778,T2_RandomForest,0.38735410223569894,0.32875179968692586,False,0.0016439627508675336,-0.005771886138556559,False,False
user29,2,Genuine,user29:session_4814782358,T2_RandomForest,0.38735410223569894,0.8714097497039365,True,0.0016439627508675336,0.0007482182618598898,False,True
user29,2,Genuine,user29:session_5290417223,T2_RandomForest,0.38735410223569894,0.7733140832623795,True,0.0016439627508675336,-0.006654388754309015,False,True
user29,2,Genuine,user29:session_5415060346,T2_RandomForest,0.38735410223569894,0.6613379522698872,True,0.0016439627508675336,-0.02426073331181594,False,True
user29,2,Genuine,user29:session_5623988336,T2_RandomForest,0.38735410223569894,0.5927091677190968,True,0.0016439627508675336,-0.00782860813115177,False,True
user29,2,Genuine,user29:session_5894660899,T2_RandomForest,0.38735410223569894,0.21084632306945972,False,0.0016439627508675336,0.0031404323557914227,False,False
user29,2,Genuine,user29:session_5924200824,T2_RandomForest,0.38735410223569894,0.7664528835228565,True,0.0016439627508675336,-0.023409725138847037,False,True
user29,2,Genuine,user29:session_6527951269,T2_RandomForest,0.38735410223569894,0.4184660468584401,True,0.0016439627508675336,-0.0019294298792508213,False,True
user29,2,Genuine,user29:session_6989962465,T2_RandomForest,0.38735410223569894,0.7146005106849158,True,0.0016439627508675336,-0.0028187936540604586,False,True
user29,2,Genuine,user29:session_7418988874,T2_RandomForest,0.38735410223569894,0.680204313959028,True,0.0016439627508675336,-0.004887804891416714,False,True
user29,2,Genuine,user29:session_7473209927,T2_RandomForest,0.38735410223569894,0.41010870196097315,True,0.0016439627508675336,-0.018558510911270476,False,True
user29,2,Genuine,user29:session_8082239300,T2_RandomForest,0.38735410223569894,0.5997535359197862,True,0.0016439627508675336,-0.004887804891416714,False,True
user29,2,Genuine,user29:session_8119180048,T2_RandomForest,0.38735410223569894,0.15241409691296176,False,0.0016439627508675336,-0.013078105851045796,False,False
user29,2,Genuine,user29:session_8423566466,T2_RandomForest,0.38735410223569894,0.5773976478533829,True,0.0016439627508675336,0.0034402615509631085,True,False
user29,2,Genuine,user29:session_8604010887,T2_RandomForest,0.38735410223569894,0.1931191649445228,False,0.0016439627508675336,0.002840781727081465,False,False
user29,2,Genuine,user29:session_8627031256,T2_RandomForest,0.38735410223569894,0.6163902039092231,True,0.0016439627508675336,-0.004297538981587468,False,True
user29,2,Genuine,user29:session_9046061162,T2_RandomForest,0.38735410223569894,0.5758922937237154,True,0.0016439627508675336,-0.010168669204649317,False,True
user29,2,Genuine,user29:session_9197162417,T2_RandomForest,0.38735410223569894,0.4682682354016775,True,0.0016439627508675336,-0.013078105851045796,False,True
user29,2,Genuine,user29:session_9497021147,T2_RandomForest,0.38735410223569894,0.5184285765399612,True,0.0016439627508675336,-0.006654388754309015,False,True
user29,2,Genuine,user29:session_9673398856,T2_RandomForest,0.38735410223569894,0.3447364775474097,False,0.0016439627508675336,-0.0028187936540604586,False,False
user29,2,HumanImpostor,user29:session_0228122983,T2_RandomForest,0.38735410223569894,0.08901528217321023,False,0.0016439627508675336,0.016195751213679555,False,False
user29,2,HumanImpostor,user29:session_0305606782,T2_RandomForest,0.38735410223569894,0.653255853018967,True,0.0016439627508675336,-0.025393047560765547,False,True
user29,2,HumanImpostor,user29:session_0508486473,T2_RandomForest,0.38735410223569894,0.17894219932502659,False,0.0016439627508675336,0.0004499923416630969,False,False
user29,2,HumanImpostor,user29:session_0843115603,T2_RandomForest,0.38735410223569894,0.19814607562388872,False,0.0016439627508675336,-0.011625554103846358,False,False
user29,2,HumanImpostor,user29:session_2046923002,T2_RandomForest,0.38735410223569894,0.15544873414057617,False,0.0016439627508675336,0.010690009791518018,False,False
user29,2,HumanImpostor,user29:session_2064160756,T2_RandomForest,0.38735410223569894,0.31658796961935237,False,0.0016439627508675336,0.0001519440330807198,False,False
user29,2,HumanImpostor,user29:session_3147629890,T2_RandomForest,0.38735410223569894,0.510908854944395,True,0.0016439627508675336,-0.0329659973146072,False,True
user29,2,HumanImpostor,user29:session_3172392634,T2_RandomForest,0.38735410223569894,0.048414721770192286,False,0.0016439627508675336,0.016195751213679555,False,False
user29,2,HumanImpostor,user29:session_3660445831,T2_RandomForest,0.38735410223569894,0.014501286538939383,False,0.0016439627508675336,0.00584533628755457,False,False
user29,2,HumanImpostor,user29:session_5487557068,T2_RandomForest,0.38735410223569894,0.3308509206751,False,0.0016439627508675336,0.0010466218995126564,False,False
user29,2,HumanImpostor,user29:session_5746562839,T2_RandomForest,0.38735410223569894,0.09737057356939956,False,0.0016439627508675336,0.01711912843707486,False,False
user29,2,HumanImpostor,user29:session_6007924250,T2_RandomForest,0.38735410223569894,0.40875400714259297,True,0.0016439627508675336,-0.00014592676966568296,False,True
user29,2,HumanImpostor,user29:session_6056134961,T2_RandomForest,0.38735410223569894,0.15999856596279222,False,0.0016439627508675336,-0.005182674218160266,False,False
user29,2,HumanImpostor,user29:session_6982446047,T2_RandomForest,0.38735410223569894,0.28031970388834765,False,0.0016439627508675336,0.010690009791518018,False,False
user29,2,HumanImpostor,user29:session_7011327614,T2_RandomForest,0.38735410223569894,0.33375745637585147,False,0.0016439627508675336,0.011298847356515096,False,False
user29,2,HumanImpostor,user29:session_7648037009,T2_RandomForest,0.38735410223569894,0.41946342415349946,True,0.0016439627508675336,-0.008414669361948346,False,True
user29,2,HumanImpostor,user29:session_8407883787,T2_RandomForest,0.38735410223569894,0.36294390831809364,False,0.0016439627508675336,-0.012497604304719412,False,False
user29,2,HumanImpostor,user29:session_9518245436,T2_RandomForest,0.38735410223569894,0.15946999876995777,False,0.0016439627508675336,0.00795919996427863,False,False
user29,2,HumanImpostor,user29:session_9551087650,T2_RandomForest,0.38735410223569894,0.3205530926675301,False,0.0016439627508675336,-0.0069482059732688395,False,False
user29,2,HumanImpostor,user29:session_9951071945,T2_RandomForest,0.38735410223569894,0.14139831006538922,False,0.0016439627508675336,0.021450109736274037,False,False
user29,2,WindMouse,windmouse:0,T2_RandomForest,0.38735410223569894,0.24895157520734953,False,0.0016439627508675336,-0.0037065693649060982,False,False
user29,2,WindMouse,windmouse:1,T2_RandomForest,0.38735410223569894,0.2465919705978409,False,0.0016439627508675336,-0.007535315557506528,False,False
user29,2,WindMouse,windmouse:2,T2_RandomForest,0.38735410223569894,0.23620923294581128,False,0.0016439627508675336,-0.006066228941322915,False,False
user29,2,WindMouse,windmouse:3,T2_RandomForest,0.38735410223569894,0.22828922853136766,False,0.0016439627508675336,-0.007535315557506528,False,False
user29,2,WindMouse,windmouse:4,T2_RandomForest,0.38735410223569894,0.20876658723679345,False,0.0016439627508675336,-0.0004436201722915478,False,False
user29,2,WindMouse,windmouse:5,T2_RandomForest,0.38735410223569894,0.2381624646541281,False,0.0016439627508675336,-0.004887804891416714,False,False
user29,2,WindMouse,windmouse:6,T2_RandomForest,0.38735410223569894,0.2185354910888776,False,0.0016439627508675336,0.0049420897503390515,False,False
user29,2,WindMouse,windmouse:7,T2_RandomForest,0.38735410223569894,0.20337805374871998,False,0.0016439627508675336,-0.0037065693649060982,False,False
user29,2,WindMouse,windmouse:8,T2_RandomForest,0.38735410223569894,0.20528084762671392,False,0.0016439627508675336,0.00584533628755457,False,False
user29,2,WindMouse,windmouse:9,T2_RandomForest,0.38735410223569894,0.22102319428203535,False,0.0016439627508675336,0.0016439627508675336,False,False
user29,2,WindMouse,windmouse:10,T2_RandomForest,0.38735410223569894,0.20869133917829508,False,0.0016439627508675336,-0.0010384751997291053,False,False
user29,2,WindMouse,windmouse:11,T2_RandomForest,0.38735410223569894,0.2243692475886717,False,0.0016439627508675336,-0.011043320845420923,False,False
user29,2,WindMouse,windmouse:12,T2_RandomForest,0.38735410223569894,0.25415727710116054,False,0.0016439627508675336,-0.004297538981587468,False,False
user29,2,WindMouse,windmouse:13,T2_RandomForest,0.38735410223569894,0.22025584174173904,False,0.0016439627508675336,-0.00636039644510672,False,False
user29,2,WindMouse,windmouse:14,T2_RandomForest,0.38735410223569894,0.21661560052995463,False,0.0016439627508675336,0.002840781727081465,False,False
user29,2,WindMouse,windmouse:15,T2_RandomForest,0.38735410223569894,0.19552736298350992,False,0.0016439627508675336,-0.0010384751997291053,False,False
user29,2,WindMouse,windmouse:16,T2_RandomForest,0.38735410223569894,0.1993570253548188,False,0.0016439627508675336,-0.0007411362804494726,False,False
user29,2,WindMouse,windmouse:17,T2_RandomForest,0.38735410223569894,0.21514679564085745,False,0.0016439627508675336,-0.0034108204043630796,False,False
user29,2,WindMouse,windmouse:18,T2_RandomForest,0.38735410223569894,0.2070667286442454,False,0.0016439627508675336,-0.006654388754309015,False,False
user29,2,WindMouse,windmouse:19,T2_RandomForest,0.38735410223569894,0.21224430570586952,False,0.0016439627508675336,0.005242992581123929,False,False
user29,2,SapiAgent,sapiagent:0,T2_RandomForest,0.38735410223569894,0.30832637617119985,False,0.0016439627508675336,0.006750198563136078,False,False
user29,2,SapiAgent,sapiagent:1,T2_RandomForest,0.38735410223569894,0.2775005906574817,False,0.0016439627508675336,0.019589550941188194,False,False
user29,2,SapiAgent,sapiagent:2,T2_RandomForest,0.38735410223569894,0.27699452137238073,False,0.0016439627508675336,0.007354339139688415,False,False
user29,2,SapiAgent,sapiagent:3,T2_RandomForest,0.38735410223569894,0.2711624555995105,False,0.0016439627508675336,0.0019429001765682852,False,False
user29,2,SapiAgent,sapiagent:4,T2_RandomForest,0.38735410223569894,0.2872282830474873,False,0.0016439627508675336,0.008867843544855147,False,False
user29,2,SapiAgent,sapiagent:5,T2_RandomForest,0.38735410223569894,0.3009962091658726,False,0.0016439627508675336,0.014967145871901844,False,False
user29,2,SapiAgent,sapiagent:6,T2_RandomForest,0.38735410223569894,0.276465363394589,False,0.0016439627508675336,0.015581082579365857,False,False
user29,2,SapiAgent,sapiagent:7,T2_RandomForest,0.38735410223569894,0.29424124903530374,False,0.0016439627508675336,0.0001519440330807198,False,False
user29,2,SapiAgent,sapiagent:8,T2_RandomForest,0.38735410223569894,0.2576185842840958,False,0.0016439627508675336,0.008261900737882355,False,False
user29,2,SapiAgent,sapiagent:9,T2_RandomForest,0.38735410223569894,0.2733467316558606,False,0.0016439627508675336,0.006750198563136078,False,False
user29,2,SapiAgent,sapiagent:10,T2_RandomForest,0.38735410223569894,0.3076621692771747,False,0.0016439627508675336,0.008867843544855147,False,False
user29,2,SapiAgent,sapiagent:11,T2_RandomForest,0.38735410223569894,0.27818038544875817,False,0.0016439627508675336,0.011603538277849657,False,False
user29,2,SapiAgent,sapiagent:12,T2_RandomForest,0.38735410223569894,0.30834172166377155,False,0.0016439627508675336,0.007656679467335947,False,False
user29,2,SapiAgent,sapiagent:13,T2_RandomForest,0.38735410223569894,0.2947244500508171,False,0.0016439627508675336,0.009171085793275635,False,False
user29,2,SapiAgent,sapiagent:14,T2_RandomForest,0.38735410223569894,0.2631010681878892,False,0.0016439627508675336,0.015581082579365857,False,False
user29,2,SapiAgent,sapiagent:15,T2_RandomForest,0.38735410223569894,0.2803145933709957,False,0.0016439627508675336,0.0043408215996721955,False,False
user29,2,SapiAgent,sapiagent:16,T2_RandomForest,0.38735410223569894,0.2979469880148539,False,0.0016439627508675336,0.009171085793275635,False,False
user29,2,SapiAgent,sapiagent:17,T2_RandomForest,0.38735410223569894,0.3130235996087936,False,0.0016439627508675336,0.00584533628755457,False,False
user29,2,SapiAgent,sapiagent:18,T2_RandomForest,0.38735410223569894,0.25025620774362295,False,0.0016439627508675336,0.00977811251809424,False,False
user29,2,SapiAgent,sapiagent:19,T2_RandomForest,0.38735410223569894,0.30310051652662773,False,0.0016439627508675336,0.00977811251809424,False,False
user29,2,DMTG_Inspired,unknown_user:session_0,T2_RandomForest,0.38735410223569894,0.18219713904011312,False,0.0016439627508675336,-0.0019294298792508213,False,False
user29,2,DMTG_Inspired,unknown_user:session_1,T2_RandomForest,0.38735410223569894,0.19187533928235886,False,0.0016439627508675336,-0.006654388754309015,False,False
user29,2,DMTG_Inspired,unknown_user:session_2,T2_RandomForest,0.38735410223569894,0.21823942448185654,False,0.0016439627508675336,-0.007535315557506528,False,False
user29,2,DMTG_Inspired,unknown_user:session_3,T2_RandomForest,0.38735410223569894,0.21504396547132398,False,0.0016439627508675336,0.0043408215996721955,False,False
user29,2,DMTG_Inspired,unknown_user:session_4,T2_RandomForest,0.38735410223569894,0.24563236181428008,False,0.0016439627508675336,-0.00636039644510672,False,False
user29,2,DMTG_Inspired,unknown_user:session_5,T2_RandomForest,0.38735410223569894,0.17559487340196597,False,0.0016439627508675336,-0.005771886138556559,False,False
user29,2,DMTG_Inspired,unknown_user:session_6,T2_RandomForest,0.38735410223569894,0.17958033401902795,False,0.0016439627508675336,0.00224201574372207,False,False
user29,2,DMTG_Inspired,unknown_user:session_7,T2_RandomForest,0.38735410223569894,0.22898729716435642,False,0.0016439627508675336,-0.0007411362804494726,False,False
user29,2,DMTG_Inspired,unknown_user:session_8,T2_RandomForest,0.38735410223569894,0.1788377840231201,False,0.0016439627508675336,-0.011334524189255901,False,False
user29,2,DMTG_Inspired,unknown_user:session_9,T2_RandomForest,0.38735410223569894,0.1697301231922015,False,0.0016439627508675336,-0.0028187936540604586,False,False
user29,2,DMTG_Inspired,unknown_user:session_10,T2_RandomForest,0.38735410223569894,0.22557623861191226,False,0.0016439627508675336,-0.006066228941322915,False,False
user29,2,DMTG_Inspired,unknown_user:session_11,T2_RandomForest,0.38735410223569894,0.16387842103101238,False,0.0016439627508675336,0.0025413095584863044,False,False
user29,2,DMTG_Inspired,unknown_user:session_12,T2_RandomForest,0.38735410223569894,0.21626263247752212,False,0.0016439627508675336,-0.004297538981587468,False,False
user29,2,DMTG_Inspired,unknown_user:session_13,T2_RandomForest,0.38735410223569894,0.16813007447609332,False,0.0016439627508675336,-0.0016326218936973391,False,False
user29,2,DMTG_Inspired,unknown_user:session_14,T2_RandomForest,0.38735410223569894,0.16458483301597912,False,0.0016439627508675336,-0.008707438227095132,False,False
user29,2,DMTG_Inspired,unknown_user:session_15,T2_RandomForest,0.38735410223569894,0.1870007704240774,False,0.0016439627508675336,-0.0019294298792508213,False,False
user29,2,DMTG_Inspired,unknown_user:session_16,T2_RandomForest,0.38735410223569894,0.1987834832877463,False,0.0016439627508675336,-0.011625554103846358,False,False
user29,2,DMTG_Inspired,unknown_user:session_17,T2_RandomForest,0.38735410223569894,0.2238072437303521,False,0.0016439627508675336,-0.006066228941322915,False,False
user29,2,DMTG_Inspired,unknown_user:session_18,T2_RandomForest,0.38735410223569894,0.20130942232366508,False,0.0016439627508675336,-0.0037065693649060982,False,False
user29,2,DMTG_Inspired,unknown_user:session_19,T2_RandomForest,0.38735410223569894,0.23770209613206816,False,0.0016439627508675336,-0.005477367932344213,False,False
user35,2,Genuine,user35:session_0029922803,T2_RandomForest,0.5311284873828439,0.5753368520848114,True,-0.03820576886971966,-0.02416720019378421,True,False
user35,2,Genuine,user35:session_0458723853,T2_RandomForest,0.5311284873828439,0.49061149266116977,False,-0.03820576886971966,-0.004164692074338783,False,False
user35,2,Genuine,user35:session_1129865931,T2_RandomForest,0.5311284873828439,0.3928500767576006,False,-0.03820576886971966,-0.008967157348034382,False,False
user35,2,Genuine,user35:session_1306722148,T2_RandomForest,0.5311284873828439,0.4677426873194705,False,-0.03820576886971966,0.012441045239087845,False,False
user35,2,Genuine,user35:session_2069574400,T2_RandomForest,0.5311284873828439,0.6028316622187191,True,-0.03820576886971966,-0.0488001438585986,False,True
user35,2,Genuine,user35:session_2110642502,T2_RandomForest,0.5311284873828439,0.4450159875996782,False,-0.03820576886971966,-0.027716354056524783,False,False
user35,2,Genuine,user35:session_2363410078,T2_RandomForest,0.5311284873828439,0.4817632516601688,False,-0.03820576886971966,-0.030887952889677828,False,False
user35,2,Genuine,user35:session_2751916214,T2_RandomForest,0.5311284873828439,0.430352355285207,False,-0.03820576886971966,-0.025234737775155447,False,False
user35,2,Genuine,user35:session_3101765401,T2_RandomForest,0.5311284873828439,0.5052477839958238,False,-0.03820576886971966,-0.03299051063830333,False,False
user35,2,Genuine,user35:session_3170574491,T2_RandomForest,0.5311284873828439,0.3865803020839095,False,-0.03820576886971966,-0.030536607433506224,False,False
user35,2,Genuine,user35:session_3212035675,T2_RandomForest,0.5311284873828439,0.4890962861995467,False,-0.03820576886971966,-0.03855137474093978,False,False
user35,2,Genuine,user35:session_3535166347,T2_RandomForest,0.5311284873828439,0.3045846846823034,False,-0.03820576886971966,-0.005277105564112816,False,False
user35,2,Genuine,user35:session_3635374508,T2_RandomForest,0.5311284873828439,0.5119375540009183,False,-0.03820576886971966,-0.018072320361045335,False,False
user35,2,Genuine,user35:session_3876999904,T2_RandomForest,0.5311284873828439,0.5624694273235065,True,-0.03820576886971966,-0.010435459964035443,True,False
user35,2,Genuine,user35:session_3981019566,T2_RandomForest,0.5311284873828439,0.44379857727478705,False,-0.03820576886971966,-0.016626922226847862,False,False
user35,2,Genuine,user35:session_4518223786,T2_RandomForest,0.5311284873828439,0.4241643366388147,False,-0.03820576886971966,-0.03820576886971966,False,False
user35,2,Genuine,user35:session_5016669083,T2_RandomForest,0.5311284873828439,0.5808373669597279,True,-0.03820576886971966,-0.056503112638232766,False,True
user35,2,Genuine,user35:session_5160736279,T2_RandomForest,0.5311284873828439,0.4242836153488495,False,-0.03820576886971966,-0.006017327702899977,False,False
user35,2,Genuine,user35:session_5248409822,T2_RandomForest,0.5311284873828439,0.38776247192497804,False,-0.03820576886971966,0.00785782311234251,False,False
user35,2,Genuine,user35:session_5425983208,T2_RandomForest,0.5311284873828439,0.5315705674176615,True,-0.03820576886971966,-0.03194041236781425,True,False
user35,2,Genuine,user35:session_6278669958,T2_RandomForest,0.5311284873828439,0.5117387938318523,False,-0.03820576886971966,-0.04199323955450762,False,False
user35,2,Genuine,user35:session_6829066411,T2_RandomForest,0.5311284873828439,0.5201262813869566,False,-0.03820576886971966,-0.03158985516011703,False,False
user35,2,Genuine,user35:session_7388997727,T2_RandomForest,0.5311284873828439,0.5747105955627749,True,-0.03820576886971966,-0.023454175238597608,True,False
user35,2,Genuine,user35:session_7667901628,T2_RandomForest,0.5311284873828439,0.3830417793298409,False,-0.03820576886971966,-0.019153531891076714,False,False
user35,2,Genuine,user35:session_7768986100,T2_RandomForest,0.5311284873828439,0.5178045633085853,False,-0.03820576886971966,-0.022740081831242598,False,False
user35,2,Genuine,user35:session_7970857766,T2_RandomForest,0.5311284873828439,0.4849360905275266,False,-0.03820576886971966,-0.0488001438585986,False,False
user35,2,Genuine,user35:session_7997263430,T2_RandomForest,0.5311284873828439,0.7462405017451444,True,-0.03820576886971966,-0.029128592205582393,True,False
user35,2,Genuine,user35:session_8015250878,T2_RandomForest,0.5311284873828439,0.49509660061707583,False,-0.03820576886971966,-0.022740081831242598,False,False
user35,2,Genuine,user35:session_8042510915,T2_RandomForest,0.5311284873828439,0.46591848731913654,False,-0.03820576886971966,-0.014814076886331018,False,False
user35,2,Genuine,user35:session_8214714439,T2_RandomForest,0.5311284873828439,0.5811321681956506,True,-0.03820576886971966,-0.0266543965351404,True,False
user35,2,Genuine,user35:session_9020534315,T2_RandomForest,0.5311284873828439,0.6245663933088952,True,-0.03820576886971966,-0.010435459964035443,True,False
user35,2,Genuine,user35:session_9183184177,T2_RandomForest,0.5311284873828439,0.4123767749089772,False,-0.03820576886971966,-0.031239035399618642,False,False
user35,2,Genuine,user35:session_9629836105,T2_RandomForest,0.5311284873828439,0.5635149031436528,True,-0.03820576886971966,-0.024523312501488037,True,False
user35,2,Genuine,user35:session_9653209270,T2_RandomForest,0.5311284873828439,0.4465762533205413,False,-0.03820576886971966,-0.017711376527930256,False,False
user35,2,Genuine,user35:session_9716805694,T2_RandomForest,0.5311284873828439,0.5624373661679886,True,-0.03820576886971966,-0.053504694202534786,False,True
user35,2,HumanImpostor,user35:session_0111356050,T2_RandomForest,0.5311284873828439,0.3018787034965666,False,-0.03820576886971966,0.010908727108986271,False,False
user35,2,HumanImpostor,user35:session_0376544801,T2_RandomForest,0.5311284873828439,0.522893043040457,False,-0.03820576886971966,-0.030887952889677828,False,False
user35,2,HumanImpostor,user35:session_0402994139,T2_RandomForest,0.5311284873828439,0.15800571596179996,False,-0.03820576886971966,-0.008599394125666682,False,False
user35,2,HumanImpostor,user35:session_0493270999,T2_RandomForest,0.5311284873828439,0.588865820482123,True,-0.03820576886971966,-0.008599394125666682,True,False
user35,2,HumanImpostor,user35:session_0841557171,T2_RandomForest,0.5311284873828439,0.049724290725360575,False,-0.03820576886971966,0.0018105619707146081,False,False
user35,2,HumanImpostor,user35:session_0989732540,T2_RandomForest,0.5311284873828439,0.2366136273850004,False,-0.03820576886971966,-0.003793332004772776,False,False
user35,2,HumanImpostor,user35:session_1553613542,T2_RandomForest,0.5311284873828439,0.3726183815280885,False,-0.03820576886971966,-0.008599394125666682,False,False
user35,2,HumanImpostor,user35:session_1893250984,T2_RandomForest,0.5311284873828439,0.33478246516983645,False,-0.03820576886971966,-0.010801849078432735,False,False
user35,2,HumanImpostor,user35:session_2272584671,T2_RandomForest,0.5311284873828439,0.43438316884935424,False,-0.03820576886971966,-0.03924181072474259,False,False
user35,2,HumanImpostor,user35:session_2381827805,T2_RandomForest,0.5311284873828439,0.41071771887663394,False,-0.03820576886971966,0.0025625140295199023,False,False
user35,2,HumanImpostor,user35:session_2389761713,T2_RandomForest,0.5311284873828439,0.23005104138008603,False,-0.03820576886971966,-0.02736263320444149,False,False
user35,2,HumanImpostor,user35:session_2412921544,T2_RandomForest,0.5311284873828439,0.2478716702616132,False,-0.03820576886971966,-0.02842300178689333,False,False
user35,2,HumanImpostor,user35:session_2426108754,T2_RandomForest,0.5311284873828439,0.32938403295107,False,-0.03820576886971966,-0.034038252998547514,False,False
user35,2,HumanImpostor,user35:session_2585594441,T2_RandomForest,0.5311284873828439,0.4126150210525844,False,-0.03820576886971966,-0.018432994064523645,False,False
user35,2,HumanImpostor,user35:session_2689331954,T2_RandomForest,0.5311284873828439,0.38155885550344804,False,-0.03820576886971966,-0.019872991623090308,False,False
user35,2,HumanImpostor,user35:session_2751066909,T2_RandomForest,0.5311284873828439,0.2548427617023821,False,-0.03820576886971966,-0.016264895850511052,False,False
user35,2,HumanImpostor,user35:session_2809105327,T2_RandomForest,0.5311284873828439,0.2430361163867449,False,-0.03820576886971966,0.012441045239087845,False,False
user35,2,HumanImpostor,user35:session_2878525110,T2_RandomForest,0.5311284873828439,0.25124802265939067,False,-0.03820576886971966,-0.017711376527930256,False,False
user35,2,HumanImpostor,user35:session_3028558496,T2_RandomForest,0.5311284873828439,0.3011697371675764,False,-0.03820576886971966,-0.01262968567928946,False,False
user35,2,HumanImpostor,user35:session_3097489009,T2_RandomForest,0.5311284873828439,0.3350313961554788,False,-0.03820576886971966,-0.03229070721920424,False,False
user35,2,HumanImpostor,user35:session_3116416990,T2_RandomForest,0.5311284873828439,0.19751085988194628,False,-0.03820576886971966,-0.051494494867586615,False,False
user35,2,HumanImpostor,user35:session_3182721337,T2_RandomForest,0.5311284873828439,0.21715739176362328,False,-0.03820576886971966,-0.022740081831242598,False,False
user35,2,HumanImpostor,user35:session_3203109772,T2_RandomForest,0.5311284873828439,0.2966421025885488,False,-0.03820576886971966,-0.01879339784052969,False,False
user35,2,HumanImpostor,user35:session_3669155019,T2_RandomForest,0.5311284873828439,0.3448949214831104,False,-0.03820576886971966,-0.011533804897818856,False,False
user35,2,HumanImpostor,user35:session_3696132790,T2_RandomForest,0.5311284873828439,0.0021354902194086504,False,-0.03820576886971966,0.01667865831413784,False,False
user35,2,HumanImpostor,user35:session_3762712464,T2_RandomForest,0.5311284873828439,0.1903775127675333,False,-0.03820576886971966,0.02801927970154372,False,False
user35,2,HumanImpostor,user35:session_4251225905,T2_RandomForest,0.5311284873828439,0.4095179915226219,False,-0.03820576886971966,0.010526364048030978,False,False
user35,2,HumanImpostor,user35:session_4289581476,T2_RandomForest,0.5311284873828439,0.43929677908680015,False,-0.03820576886971966,-0.018072320361045335,False,False
user35,2,HumanImpostor,user35:session_4331334148,T2_RandomForest,0.5311284873828439,0.3515160680519015,False,-0.03820576886971966,-0.029833126894579898,False,False
user35,2,HumanImpostor,user35:session_4481103124,T2_RandomForest,0.5311284873828439,0.06926019923054656,False,-0.03820576886971966,0.005581606997743793,False,False
user35,2,HumanImpostor,user35:session_4559429580,T2_RandomForest,0.5311284873828439,0.1268872930292317,False,-0.03820576886971966,0.022513752050962288,False,False
user35,2,HumanImpostor,user35:session_4767254104,T2_RandomForest,0.5311284873828439,0.382600389751919,False,-0.03820576886971966,-0.030536607433506224,False,False
user35,2,HumanImpostor,user35:session_5013714842,T2_RandomForest,0.5311284873828439,0.38141972016124237,False,-0.03820576886971966,-0.02095016332180971,False,False
user35,2,HumanImpostor,user35:session_5445301341,T2_RandomForest,0.5311284873828439,0.09017426684101781,False,-0.03820576886971966,0.020561435267567818,False,False
user35,2,HumanImpostor,user35:session_5517823185,T2_RandomForest,0.5311284873828439,0.3460561535961806,False,-0.03820576886971966,-0.043704532858877265,False,False
user35,2,HumanImpostor,user35:session_5527782146,T2_RandomForest,0.5311284873828439,0.4546954741042304,False,-0.03820576886971966,-0.03508364473406478,False,False
user35,2,HumanImpostor,user35:session_5690417333,T2_RandomForest,0.5311284873828439,0.2995302995309669,False,-0.03820576886971966,-0.03473544167697268,False,False
user35,2,HumanImpostor,user35:session_5811752669,T2_RandomForest,0.5311284873828439,0.4844836883972898,False,-0.03820576886971966,0.0003100314626141021,False,False
user35,2,HumanImpostor,user35:session_5931589642,T2_RandomForest,0.5311284873828439,0.2636441515034353,False,-0.03820576886971966,-0.023810821172739804,False,False
user35,2,HumanImpostor,user35:session_6051914984,T2_RandomForest,0.5311284873828439,0.33327137414991753,False,-0.03820576886971966,-0.023454175238597608,False,False
user35,2,HumanImpostor,user35:session_6295392963,T2_RandomForest,0.5311284873828439,0.2552380858183321,False,-0.03820576886971966,-0.019153531891076714,False,False
user35,2,HumanImpostor,user35:session_6425950736,T2_RandomForest,0.5311284873828439,0.35064908673844947,False,-0.03820576886971966,-0.06797344885955386,False,False
user35,2,HumanImpostor,user35:session_6452949084,T2_RandomForest,0.5311284873828439,0.409548921139336,False,-0.03820576886971966,-0.023810821172739804,False,False
user35,2,HumanImpostor,user35:session_6479266110,T2_RandomForest,0.5311284873828439,0.37398830344434475,False,-0.03820576886971966,-0.0144506927640633,False,False
user35,2,HumanImpostor,user35:session_6480157843,T2_RandomForest,0.5311284873828439,0.32240220767078676,False,-0.03820576886971966,0.0029389124972935,False,False
user35,2,HumanImpostor,user35:session_6497918859,T2_RandomForest,0.5311284873828439,0.4239459340464164,False,-0.03820576886971966,-0.019153531891076714,False,False
user35,2,HumanImpostor,user35:session_6637610294,T2_RandomForest,0.5311284873828439,0.07727181104506084,False,-0.03820576886971966,0.019782552577242374,False,False
user35,2,HumanImpostor,user35:session_6816047521,T2_RandomForest,0.5311284873828439,0.17810173401925805,False,-0.03820576886971966,0.014748143734781838,False,False
user35,2,HumanImpostor,user35:session_6933816157,T2_RandomForest,0.5311284873828439,0.2610163739097457,False,-0.03820576886971966,-0.03924181072474259,False,False
user35,2,HumanImpostor,user35:session_6970752744,T2_RandomForest,0.5311284873828439,0.1410538078194399,False,-0.03820576886971966,-0.005647355180539493,False,False
user35,2,HumanImpostor,user35:session_7093950723,T2_RandomForest,0.5311284873828439,0.2196424122827901,False,-0.03820576886971966,0.0063392098843451095,False,False
user35,2,HumanImpostor,user35:session_7100038229,T2_RandomForest,0.5311284873828439,0.33303266780350055,False,-0.03820576886971966,-0.03018499883416803,False,False
user35,2,HumanImpostor,user35:session_7177007633,T2_RandomForest,0.5311284873828439,0.4218015888205342,False,-0.03820576886971966,-0.018072320361045335,False,False
user35,2,HumanImpostor,user35:session_7217479988,T2_RandomForest,0.5311284873828439,0.3410764071962134,False,-0.03820576886971966,0.018616413107152785,False,False
user35,2,HumanImpostor,user35:session_7273363943,T2_RandomForest,0.5311284873828439,0.3156068406612575,False,-0.03820576886971966,-0.04472823815952248,False,False
user35,2,HumanImpostor,user35:session_7326699927,T2_RandomForest,0.5311284873828439,0.42049092928578596,False,-0.03820576886971966,-0.012994432639586773,False,False
user35,2,HumanImpostor,user35:session_7354123043,T2_RandomForest,0.5311284873828439,0.31673036645461305,False,-0.03820576886971966,-0.03889672196142285,False,False
user35,2,HumanImpostor,user35:session_7370016891,T2_RandomForest,0.5311284873828439,0.3495741257288663,False,-0.03820576886971966,-0.02416720019378421,False,False
user35,2,HumanImpostor,user35:session_7437771065,T2_RandomForest,0.5311284873828439,0.4400019683958898,False,-0.03820576886971966,-0.03158985516011703,False,False
user35,2,HumanImpostor,user35:session_7534749559,T2_RandomForest,0.5311284873828439,0.383593211643919,False,-0.03820576886971966,0.017065629188191767,False,False
user35,2,HumanImpostor,user35:session_7788563873,T2_RandomForest,0.5311284873828439,0.3474417161177297,False,-0.03820576886971966,-0.02416720019378421,False,False
user35,2,HumanImpostor,user35:session_8185572921,T2_RandomForest,0.5311284873828439,0.3595126916000653,False,-0.03820576886971966,-0.029833126894579898,False,False
user35,2,HumanImpostor,user35:session_8281638783,T2_RandomForest,0.5311284873828439,0.08393111382168551,False,-0.03820576886971966,-0.007125584778574723,False,False
user35,2,HumanImpostor,user35:session_8340206664,T2_RandomForest,0.5311284873828439,0.40242538288055013,False,-0.03820576886971966,-0.04404602346621794,False,False
user35,2,HumanImpostor,user35:session_8478632285,T2_RandomForest,0.5311284873828439,0.06958624634416954,False,-0.03820576886971966,0.024473390815134666,False,False
user35,2,HumanImpostor,user35:session_8639984402,T2_RandomForest,0.5311284873828439,0.622526698891069,True,-0.03820576886971966,-0.014814076886331018,True,False
user35,2,HumanImpostor,user35:session_8728901791,T2_RandomForest,0.5311284873828439,0.1452464827935005,False,-0.03820576886971966,0.0018105619707146081,False,False
user35,2,HumanImpostor,user35:session_9127961354,T2_RandomForest,0.5311284873828439,0.4362796578192246,False,-0.03820576886971966,0.024473390815134666,False,False
user35,2,HumanImpostor,user35:session_9525615730,T2_RandomForest,0.5311284873828439,0.5269626961390467,False,-0.03820576886971966,-0.031239035399618642,False,False
user35,2,HumanImpostor,user35:session_9667273084,T2_RandomForest,0.5311284873828439,0.5037662280472678,False,-0.03820576886971966,-0.03018499883416803,False,False
user35,2,HumanImpostor,user35:session_9674716665,T2_RandomForest,0.5311284873828439,0.3659771537693761,False,-0.03820576886971966,-0.019872991623090308,False,False
user35,2,WindMouse,windmouse:0,T2_RandomForest,0.5311284873828439,0.1841817316689747,False,-0.03820576886971966,-0.009334645337148173,False,False
user35,2,WindMouse,windmouse:1,T2_RandomForest,0.5311284873828439,0.17483894841752554,False,-0.03820576886971966,-0.004906578646087956,False,False
user35,2,WindMouse,windmouse:2,T2_RandomForest,0.5311284873828439,0.2183419545517553,False,-0.03820576886971966,-0.010068796439395844,False,False
user35,2,WindMouse,windmouse:3,T2_RandomForest,0.5311284873828439,0.2022415413388365,False,-0.03820576886971966,-0.01262968567928946,False,False
user35,2,WindMouse,windmouse:4,T2_RandomForest,0.5311284873828439,0.17512099039494222,False,-0.03820576886971966,-0.010435459964035443,False,False
user35,2,WindMouse,windmouse:5,T2_RandomForest,0.5311284873828439,0.15560081170915052,False,-0.03820576886971966,-0.008599394125666682,False,False
user35,2,WindMouse,windmouse:6,T2_RandomForest,0.5311284873828439,0.1729143167149817,False,-0.03820576886971966,-0.007125584778574723,False,False
user35,2,WindMouse,windmouse:7,T2_RandomForest,0.5311284873828439,0.16367287397035474,False,-0.03820576886971966,-0.010801849078432735,False,False
user35,2,WindMouse,windmouse:8,T2_RandomForest,0.5311284873828439,0.13281650949388324,False,-0.03820576886971966,-0.003793332004772776,False,False
user35,2,WindMouse,windmouse:9,T2_RandomForest,0.5311284873828439,0.1707903982175487,False,-0.03820576886971966,-0.010435459964035443,False,False
user35,2,WindMouse,windmouse:10,T2_RandomForest,0.5311284873828439,0.19023457629746962,False,-0.03820576886971966,-0.01372310783680769,False,False
user35,2,WindMouse,windmouse:11,T2_RandomForest,0.5311284873828439,0.1586256439155928,False,-0.03820576886971966,-0.013358906623994637,False,False
user35,2,WindMouse,windmouse:12,T2_RandomForest,0.5311284873828439,0.19371729398859525,False,-0.03820576886971966,-0.006387023338570885,False,False
user35,2,WindMouse,windmouse:13,T2_RandomForest,0.5311284873828439,0.1660884829013592,False,-0.03820576886971966,-0.011899372013082832,False,False
user35,2,WindMouse,windmouse:14,T2_RandomForest,0.5311284873828439,0.1707593421743022,False,-0.03820576886971966,-0.002305108309810955,False,False
user35,2,WindMouse,windmouse:15,T2_RandomForest,0.5311284873828439,0.19761104977451907,False,-0.03820576886971966,-0.005647355180539493,False,False
user35,2,WindMouse,windmouse:16,T2_RandomForest,0.5311284873828439,0.17082345163686102,False,-0.03820576886971966,-0.008967157348034382,False,False
user35,2,WindMouse,windmouse:17,T2_RandomForest,0.5311284873828439,0.1786762570067936,False,-0.03820576886971966,-0.010068796439395844,False,False
user35,2,WindMouse,windmouse:18,T2_RandomForest,0.5311284873828439,0.16546813462755217,False,-0.03820576886971966,-0.003793332004772776,False,False
user35,2,WindMouse,windmouse:19,T2_RandomForest,0.5311284873828439,0.1757078328880353,False,-0.03820576886971966,0.004825137663754142,False,False
user35,2,SapiAgent,sapiagent:0,T2_RandomForest,0.5311284873828439,0.26218763173939796,False,-0.03820576886971966,-0.01735016236286252,False,False
user35,2,SapiAgent,sapiagent:1,T2_RandomForest,0.5311284873828439,0.2584289436727531,False,-0.03820576886971966,-0.009334645337148173,False,False
user35,2,SapiAgent,sapiagent:2,T2_RandomForest,0.5311284873828439,0.2672971352121742,False,-0.03820576886971966,-0.01408703648216758,False,False
user35,2,SapiAgent,sapiagent:3,T2_RandomForest,0.5311284873828439,0.26689461680685617,False,-0.03820576886971966,-0.012264665538655073,False,False
user35,2,SapiAgent,sapiagent:4,T2_RandomForest,0.5311284873828439,0.2756227530965332,False,-0.03820576886971966,-0.008231355463906798,False,False
user35,2,SapiAgent,sapiagent:5,T2_RandomForest,0.5311284873828439,0.2773024729613055,False,-0.03820576886971966,-0.007494450996885282,False,False
user35,2,SapiAgent,sapiagent:6,T2_RandomForest,0.5311284873828439,0.2497719182786071,False,-0.03820576886971966,-0.009334645337148173,False,False
user35,2,SapiAgent,sapiagent:7,T2_RandomForest,0.5311284873828439,0.2535297048340917,False,-0.03820576886971966,-0.006387023338570885,False,False
user35,2,SapiAgent,sapiagent:8,T2_RandomForest,0.5311284873828439,0.26469911106082966,False,-0.03820576886971966,-0.012264665538655073,False,False
user35,2,SapiAgent,sapiagent:9,T2_RandomForest,0.5311284873828439,0.2397404561121863,False,-0.03820576886971966,-0.01372310783680769,False,False
user35,2,SapiAgent,sapiagent:10,T2_RandomForest,0.5311284873828439,0.23138669516203472,False,-0.03820576886971966,-0.01262968567928946,False,False
user35,2,SapiAgent,sapiagent:11,T2_RandomForest,0.5311284873828439,0.2737763184068478,False,-0.03820576886971966,-0.016264895850511052,False,False
user35,2,SapiAgent,sapiagent:12,T2_RandomForest,0.5311284873828439,0.2773139152468636,False,-0.03820576886971966,-0.017711376527930256,False,False
user35,2,SapiAgent,sapiagent:13,T2_RandomForest,0.5311284873828439,0.27173632913798046,False,-0.03820576886971966,-0.01951339641802663,False,False
user35,2,SapiAgent,sapiagent:14,T2_RandomForest,0.5311284873828439,0.24590565603500994,False,-0.03820576886971966,-0.011899372013082832,False,False
user35,2,SapiAgent,sapiagent:15,T2_RandomForest,0.5311284873828439,0.26360986490263844,False,-0.03820576886971966,-0.009334645337148173,False,False
user35,2,SapiAgent,sapiagent:16,T2_RandomForest,0.5311284873828439,0.265200883809439,False,-0.03820576886971966,-0.010435459964035443,False,False
user35,2,SapiAgent,sapiagent:17,T2_RandomForest,0.5311284873828439,0.28846486863697834,False,-0.03820576886971966,-0.008967157348034382,False,False
user35,2,SapiAgent,sapiagent:18,T2_RandomForest,0.5311284873828439,0.2742469544596892,False,-0.03820576886971966,-0.015902598331441697,False,False
user35,2,SapiAgent,sapiagent:19,T2_RandomForest,0.5311284873828439,0.24041127786682534,False,-0.03820576886971966,-0.020232317707827796,False,False
user35,2,DMTG_Inspired,unknown_user:session_0,T2_RandomForest,0.5311284873828439,0.20296407165794808,False,-0.03820576886971966,0.009762496191190184,False,False
user35,2,DMTG_Inspired,unknown_user:session_1,T2_RandomForest,0.5311284873828439,0.20478005730290383,False,-0.03820576886971966,-0.0008124211323748964,False,False
user35,2,DMTG_Inspired,unknown_user:session_2,T2_RandomForest,0.5311284873828439,0.2251841262859381,False,-0.03820576886971966,-0.01408703648216758,False,False
user35,2,DMTG_Inspired,unknown_user:session_3,T2_RandomForest,0.5311284873828439,0.16045495581143032,False,-0.03820576886971966,-0.0011860121096258225,False,False
user35,2,DMTG_Inspired,unknown_user:session_4,T2_RandomForest,0.5311284873828439,0.20773075408721098,False,-0.03820576886971966,0.0006847429144181127,False,False
user35,2,DMTG_Inspired,unknown_user:session_5,T2_RandomForest,0.5311284873828439,0.17328062176140094,False,-0.03820576886971966,-0.0019323554891739758,False,False
user35,2,DMTG_Inspired,unknown_user:session_6,T2_RandomForest,0.5311284873828439,0.24518919720136356,False,-0.03820576886971966,0.00406980018631431,False,False
user35,2,DMTG_Inspired,unknown_user:session_7,T2_RandomForest,0.5311284873828439,0.18891603918179167,False,-0.03820576886971966,0.002186397257600503,False,False
user35,2,DMTG_Inspired,unknown_user:session_8,T2_RandomForest,0.5311284873828439,0.22992270131444884,False,-0.03820576886971966,-0.0034216938019253074,False,False
user35,2,DMTG_Inspired,unknown_user:session_9,T2_RandomForest,0.5311284873828439,0.23314517429170026,False,-0.03820576886971966,-0.006756442294773679,False,False
user35,2,DMTG_Inspired,unknown_user:session_10,T2_RandomForest,0.5311284873828439,0.1779714433253996,False,-0.03820576886971966,-0.010801849078432735,False,False
user35,2,DMTG_Inspired,unknown_user:session_11,T2_RandomForest,0.5311284873828439,0.1715048696199736,False,-0.03820576886971966,0.008238187546875553,False,False
user35,2,DMTG_Inspired,unknown_user:session_12,T2_RandomForest,0.5311284873828439,0.19718164564124105,False,-0.03820576886971966,-0.0015593234921428278,False,False
user35,2,DMTG_Inspired,unknown_user:session_13,T2_RandomForest,0.5311284873828439,0.19718303745526675,False,-0.03820576886971966,0.003315592871899642,False,False
user35,2,DMTG_Inspired,unknown_user:session_14,T2_RandomForest,0.5311284873828439,0.1962098364347704,False,-0.03820576886971966,0.003315592871899642,False,False
user35,2,DMTG_Inspired,unknown_user:session_15,T2_RandomForest,0.5311284873828439,0.19687987631537693,False,-0.03820576886971966,-0.0015593234921428278,False,False
user35,2,DMTG_Inspired,unknown_user:session_16,T2_RandomForest,0.5311284873828439,0.21362453703557938,False,-0.03820576886971966,-0.005277105564112816,False,False
user35,2,DMTG_Inspired,unknown_user:session_17,T2_RandomForest,0.5311284873828439,0.1795605487657268,False,-0.03820576886971966,0.0003100314626141021,False,False
user35,2,DMTG_Inspired,unknown_user:session_18,T2_RandomForest,0.5311284873828439,0.19133555566399277,False,-0.03820576886971966,-0.0034216938019253074,False,False
user35,2,DMTG_Inspired,unknown_user:session_19,T2_RandomForest,0.5311284873828439,0.2340508758059314,False,-0.03820576886971966,0.003315592871899642,False,False
user7,2,Genuine,user7:session_0244684556,T2_RandomForest,0.890615974530254,0.9281409080691382,True,0.04236126150475383,-0.03213056122351782,False,True
user7,2,Genuine,user7:session_0812869833,T2_RandomForest,0.890615974530254,0.8160783350126868,False,0.04236126150475383,0.052470585320874896,False,False
user7,2,Genuine,user7:session_0966487358,T2_RandomForest,0.890615974530254,0.8950645011974632,True,0.04236126150475383,0.01099433789709503,False,True
user7,2,Genuine,user7:session_1244242475,T2_RandomForest,0.890615974530254,0.959022425882197,True,0.04236126150475383,0.02644423610070512,False,True
user7,2,Genuine,user7:session_1474073005,T2_RandomForest,0.890615974530254,0.9467515814612916,True,0.04236126150475383,-0.008707438227095132,False,True
user7,2,Genuine,user7:session_1806185715,T2_RandomForest,0.890615974530254,0.8188040728317508,False,0.04236126150475383,-0.0368450175582572,False,False
user7,2,Genuine,user7:session_1881356230,T2_RandomForest,0.890615974530254,0.8793786492755632,False,0.04236126150475383,-0.029895418241989324,False,False
user7,2,Genuine,user7:session_2211907871,T2_RandomForest,0.890615974530254,0.8890129480931181,False,0.04236126150475383,0.0031404323557914227,False,False
user7,2,Genuine,user7:session_2318637737,T2_RandomForest,0.890615974530254,0.9170930883404586,True,0.04236126150475383,0.05577168594153614,True,False
user7,2,Genuine,user7:session_2691409086,T2_RandomForest,0.890615974530254,0.9109186220371309,True,0.04236126150475383,0.06883553866992964,True,False
user7,2,Genuine,user7:session_2773924704,T2_RandomForest,0.890615974530254,0.8835928345382058,False,0.04236126150475383,0.007354339139688415,False,False
user7,2,Genuine,user7:session_3376026513,T2_RandomForest,0.890615974530254,0.7579542908540369,False,0.04236126150475383,-0.02933496606285163,False,False
user7,2,Genuine,user7:session_3582091129,T2_RandomForest,0.890615974530254,0.7626878564877566,False,0.04236126150475383,0.01038586293177668,False,False
user7,2,Genuine,user7:session_3973707215,T2_RandomForest,0.890615974530254,0.9598633563284107,True,0.04236126150475383,0.03561831832741158,False,True
user7,2,Genuine,user7:session_4037858026,T2_RandomForest,0.890615974530254,0.8939910960061351,True,0.04236126150475383,-0.04096536588863814,False,True
user7,2,Genuine,user7:session_4423579184,T2_RandomForest,0.890615974530254,0.9033867719950612,True,0.04236126150475383,-0.03352212578318464,False,True
user7,2,Genuine,user7:session_5026661112,T2_RandomForest,0.890615974530254,0.7905275411615728,False,0.04236126150475383,-0.015970261402773078,False,False
user7,2,Genuine,user7:session_5123812030,T2_RandomForest,0.890615974530254,0.9690840721879437,True,0.04236126150475383,0.06646833913243,True,False
user7,2,Genuine,user7:session_5289449664,T2_RandomForest,0.890615974530254,0.9525759262361856,True,0.04236126150475383,0.03243692206741189,False,True
user7,2,Genuine,user7:session_5528609206,T2_RandomForest,0.890615974530254,0.8187953326093479,False,0.04236126150475383,-0.0304552030534187,False,False
user7,2,Genuine,user7:session_6013544622,T2_RandomForest,0.890615974530254,0.9083018267710095,True,0.04236126150475383,0.00224201574372207,False,True
user7,2,Genuine,user7:session_6419217298,T2_RandomForest,0.890615974530254,0.9056886034559533,True,0.04236126150475383,0.023941222547664842,False,True
user7,2,Genuine,user7:session_6471969473,T2_RandomForest,0.890615974530254,0.8844935806028852,False,0.04236126150475383,-0.015970261402773078,False,False
user7,2,Genuine,user7:session_6581338506,T2_RandomForest,0.890615974530254,0.9115238743465274,True,0.04236126150475383,-0.009000032730634544,False,True
user7,2,Genuine,user7:session_7451527108,T2_RandomForest,0.890615974530254,0.8909138608626781,True,0.04236126150475383,-0.013078105851045796,False,True
user7,2,Genuine,user7:session_7780444958,T2_RandomForest,0.890615974530254,0.9283663838336027,True,0.04236126150475383,0.014353940219733574,False,True
user7,2,Genuine,user7:session_8140667141,T2_RandomForest,0.890615974530254,0.9334344718307855,True,0.04236126150475383,-0.024827227717585665,False,True
user7,2,Genuine,user7:session_8769574094,T2_RandomForest,0.890615974530254,0.9299914960367893,True,0.04236126150475383,0.02487845496416763,False,True
user7,2,Genuine,user7:session_8927734902,T2_RandomForest,0.890615974530254,0.9428525155599962,True,0.04236126150475383,0.03881872394184116,False,True
user7,2,Genuine,user7:session_8989374051,T2_RandomForest,0.890615974530254,0.9745318356740406,True,0.04236126150475383,0.04951636245626301,True,False
user7,2,Genuine,user7:session_9100599511,T2_RandomForest,0.890615974530254,0.919851022828505,True,0.04236126150475383,-0.01769730253367946,False,True
user7,2,Genuine,user7:session_9278196183,T2_RandomForest,0.890615974530254,0.9524229795843061,True,0.04236126150475383,0.046252416395220486,True,False
user7,2,Genuine,user7:session_9362179236,T2_RandomForest,0.890615974530254,0.7983027304384949,False,0.04236126150475383,-0.01568182056671602,False,False
user7,2,Genuine,user7:session_9495997885,T2_RandomForest,0.890615974530254,0.943765600647342,True,0.04236126150475383,0.04918909214978928,True,False
user7,2,Genuine,user7:session_9689083079,T2_RandomForest,0.890615974530254,0.9521239693836804,True,0.04236126150475383,0.04788195885650903,True,False
user7,2,Genuine,user7:session_9880892041,T2_RandomForest,0.890615974530254,0.9467373288358887,True,0.04236126150475383,0.013129718600255913,False,True
user7,2,HumanImpostor,user7:session_0147719489,T2_RandomForest,0.890615974530254,0.0009785803012843737,False,0.04236126150475383,-0.0013356370356571445,False,False
user7,2,HumanImpostor,user7:session_0984393142,T2_RandomForest,0.890615974530254,0.0,False,0.04236126150475383,-0.015970261402773078,False,False
user7,2,HumanImpostor,user7:session_1063325046,T2_RandomForest,0.890615974530254,0.0012694193649180723,False,0.04236126150475383,-0.0004436201722915478,False,False
user7,2,HumanImpostor,user7:session_1081274523,T2_RandomForest,0.890615974530254,0.0,False,0.04236126150475383,0.0016439627508675336,False,False
user7,2,HumanImpostor,user7:session_1503605581,T2_RandomForest,0.890615974530254,0.005915179586157248,False,0.04236126150475383,0.011908410769234767,False,False
user7,2,HumanImpostor,user7:session_1708671050,T2_RandomForest,0.890615974530254,0.0007278620754451074,False,0.04236126150475383,-0.00929245297640946,False,False
user7,2,HumanImpostor,user7:session_2590894741,T2_RandomForest,0.890615974530254,0.0114317197624968,False,0.04236126150475383,-0.025958193644602334,False,False
user7,2,HumanImpostor,user7:session_2671379191,T2_RandomForest,0.890615974530254,0.0019761380821276117,False,0.04236126150475383,0.00584533628755457,False,False
user7,2,HumanImpostor,user7:session_2715537964,T2_RandomForest,0.890615974530254,0.032754635619518475,False,0.04236126150475383,-0.025110221909273978,False,False
user7,2,HumanImpostor,user7:session_3269754223,T2_RandomForest,0.890615974530254,0.0,False,0.04236126150475383,-0.004887804891416714,False,False
user7,2,HumanImpostor,user7:session_3319050185,T2_RandomForest,0.890615974530254,0.0,False,0.04236126150475383,0.0016439627508675336,False,False
user7,2,HumanImpostor,user7:session_3748528962,T2_RandomForest,0.890615974530254,0.0006310002681684098,False,0.04236126150475383,0.0016439627508675336,False,False
user7,2,HumanImpostor,user7:session_3876004338,T2_RandomForest,0.890615974530254,0.0010699022337454039,False,0.04236126150475383,-0.0034108204043630796,False,False
user7,2,HumanImpostor,user7:session_4163238472,T2_RandomForest,0.890615974530254,0.015489100637796294,False,0.04236126150475383,0.0034402615509631085,False,False
user7,2,HumanImpostor,user7:session_4339907415,T2_RandomForest,0.890615974530254,0.0,False,0.04236126150475383,0.011298847356515096,False,False
user7,2,HumanImpostor,user7:session_4844871120,T2_RandomForest,0.890615974530254,0.06095372326736586,False,0.04236126150475383,0.0025413095584863044,False,False
user7,2,HumanImpostor,user7:session_5037856261,T2_RandomForest,0.890615974530254,0.00015475172640578758,False,0.04236126150475383,-0.02624051427752,False,False
user7,2,HumanImpostor,user7:session_5483480261,T2_RandomForest,0.890615974530254,0.0006958796904353375,False,0.04236126150475383,-0.01683455361609254,False,False
user7,2,HumanImpostor,user7:session_5497122814,T2_RandomForest,0.890615974530254,0.012130493362844426,False,0.04236126150475383,0.0037402694190072916,False,False
user7,2,HumanImpostor,user7:session_5884843843,T2_RandomForest,0.890615974530254,0.0,False,0.04236126150475383,-0.007535315557506528,False,False
user7,2,HumanImpostor,user7:session_6106477620,T2_RandomForest,0.890615974530254,0.006513426680991305,False,0.04236126150475383,-0.01913179533274101,False,False
user7,2,HumanImpostor,user7:session_6129550717,T2_RandomForest,0.890615974530254,0.005766986172658549,False,0.04236126150475383,-0.008121726031289467,False,False
user7,2,HumanImpostor,user7:session_6490827344,T2_RandomForest,0.890615974530254,0.00442045541219324,False,0.04236126150475383,-0.008121726031289467,False,False
user7,2,HumanImpostor,user7:session_6556036411,T2_RandomForest,0.890615974530254,0.0006666666666666666,False,0.04236126150475383,-0.0022260610976559403,False,False
user7,2,HumanImpostor,user7:session_6617825429,T2_RandomForest,0.890615974530254,0.0,False,0.04236126150475383,-0.006654388754309015,False,False
user7,2,HumanImpostor,user7:session_6638271928,T2_RandomForest,0.890615974530254,0.004036566138414442,False,0.04236126150475383,-0.0069482059732688395,False,False
user7,2,HumanImpostor,user7:session_6738388054,T2_RandomForest,0.890615974530254,0.03920464770478196,False,0.04236126150475383,0.009474508748460009,False,False
user7,2,HumanImpostor,user7:session_7157064073,T2_RandomForest,0.890615974530254,0.01948192350276512,False,0.04236126150475383,-0.011043320845420923,False,False
user7,2,HumanImpostor,user7:session_7358104277,T2_RandomForest,0.890615974530254,0.008447949563275393,False,0.04236126150475383,-0.004887804891416714,False,False
user7,2,HumanImpostor,user7:session_7370840078,T2_RandomForest,0.890615974530254,0.05804584061582837,False,0.04236126150475383,-0.013657916155548067,False,False
user7,2,HumanImpostor,user7:session_7873949379,T2_RandomForest,0.890615974530254,0.0009288459155964248,False,0.04236126150475383,0.0019429001765682852,False,False
user7,2,HumanImpostor,user7:session_7933738052,T2_RandomForest,0.890615974530254,0.0,False,0.04236126150475383,-0.008414669361948346,False,False
user7,2,HumanImpostor,user7:session_8810377918,T2_RandomForest,0.890615974530254,0.0,False,0.04236126150475383,-0.00958469906820103,False,False
user7,2,HumanImpostor,user7:session_8883281313,T2_RandomForest,0.890615974530254,0.007116619745848342,False,0.04236126150475383,-0.005182674218160266,False,False
user7,2,HumanImpostor,user7:session_8999428064,T2_RandomForest,0.890615974530254,0.0,False,0.04236126150475383,-0.007535315557506528,False,False
user7,2,HumanImpostor,user7:session_9067768063,T2_RandomForest,0.890615974530254,0.03387735968316998,False,0.04236126150475383,-0.0019294298792508213,False,False
user7,2,HumanImpostor,user7:session_9877506321,T2_RandomForest,0.890615974530254,0.004041507308318223,False,0.04236126150475383,0.005242992581123929,False,False
user7,2,WindMouse,windmouse:0,T2_RandomForest,0.890615974530254,0.11019405254821422,False,0.04236126150475383,-0.01769730253367946,False,False
user7,2,WindMouse,windmouse:1,T2_RandomForest,0.890615974530254,0.0804687548588005,False,0.04236126150475383,-0.0016326218936973391,False,False
user7,2,WindMouse,windmouse:2,T2_RandomForest,0.890615974530254,0.0527156975261326,False,0.04236126150475383,-0.015393207844286605,False,False
user7,2,WindMouse,windmouse:3,T2_RandomForest,0.890615974530254,0.07778304581291684,False,0.04236126150475383,-0.016258530454826503,False,False
user7,2,WindMouse,windmouse:4,T2_RandomForest,0.890615974530254,0.14176254465960994,False,0.04236126150475383,-0.018845238503837403,False,False
user7,2,WindMouse,windmouse:5,T2_RandomForest,0.890615974530254,0.08913037477787464,False,0.04236126150475383,-0.01683455361609254,False,False
user7,2,WindMouse,windmouse:6,T2_RandomForest,0.890615974530254,0.11375332870169824,False,0.04236126150475383,-0.020276317044816583,False,False
user7,2,WindMouse,windmouse:7,T2_RandomForest,0.890615974530254,0.04870007886217169,False,0.04236126150475383,-0.012787941534593172,False,False
user7,2,WindMouse,windmouse:8,T2_RandomForest,0.890615974530254,0.12326424382873226,False,0.04236126150475383,-0.014815466330530436,False,False
user7,2,WindMouse,windmouse:9,T2_RandomForest,0.890615974530254,0.17285251972538068,False,0.04236126150475383,-0.007535315557506528,False,False
user7,2,WindMouse,windmouse:10,T2_RandomForest,0.890615974530254,0.08624330481183308,False,0.04236126150475383,-0.02056202157969461,False,False
user7,2,WindMouse,windmouse:11,T2_RandomForest,0.890615974530254,0.07556150419887388,False,0.04236126150475383,-0.02056202157969461,False,False
user7,2,WindMouse,windmouse:12,T2_RandomForest,0.890615974530254,0.1139308599602503,False,0.04236126150475383,-0.011334524189255901,False,False
user7,2,WindMouse,windmouse:13,T2_RandomForest,0.890615974530254,0.17379211778535297,False,0.04236126150475383,-0.011334524189255901,False,False
user7,2,WindMouse,windmouse:14,T2_RandomForest,0.890615974530254,0.11848546094752206,False,0.04236126150475383,-0.014815466330530436,False,False
user7,2,WindMouse,windmouse:15,T2_RandomForest,0.890615974530254,0.07139494399110671,False,0.04236126150475383,-0.022272679091875858,False,False
user7,2,WindMouse,windmouse:16,T2_RandomForest,0.890615974530254,0.09867132479734615,False,0.04236126150475383,-0.016546627825184068,False,False
user7,2,WindMouse,windmouse:17,T2_RandomForest,0.890615974530254,0.12537553546562488,False,0.04236126150475383,-0.014237036041333695,False,False
user7,2,WindMouse,windmouse:18,T2_RandomForest,0.890615974530254,0.12279361335932984,False,0.04236126150475383,-0.013078105851045796,False,False
user7,2,WindMouse,windmouse:19,T2_RandomForest,0.890615974530254,0.10887222645618598,False,0.04236126150475383,-0.012787941534593172,False,False
user7,2,SapiAgent,sapiagent:0,T2_RandomForest,0.890615974530254,0.141393904315329,False,0.04236126150475383,-0.012207094058382661,False,False
user7,2,SapiAgent,sapiagent:1,T2_RandomForest,0.890615974530254,0.1359682527409908,False,0.04236126150475383,0.0004499923416630969,False,False
user7,2,SapiAgent,sapiagent:2,T2_RandomForest,0.890615974530254,0.10948713899017855,False,0.04236126150475383,-0.009876771109728566,False,False
user7,2,SapiAgent,sapiagent:3,T2_RandomForest,0.890615974530254,0.1243585367054097,False,0.04236126150475383,-0.012207094058382661,False,False
user7,2,SapiAgent,sapiagent:4,T2_RandomForest,0.890615974530254,0.13502476464366162,False,0.04236126150475383,-0.012497604304719412,False,False
user7,2,SapiAgent,sapiagent:5,T2_RandomForest,0.890615974530254,0.12858243376104792,False,0.04236126150475383,-0.005182674218160266,False,False
user7,2,SapiAgent,sapiagent:6,T2_RandomForest,0.890615974530254,0.1318057817637062,False,0.04236126150475383,-0.00014592676966568296,False,False
user7,2,SapiAgent,sapiagent:7,T2_RandomForest,0.890615974530254,0.153760595415989,False,0.04236126150475383,-0.011334524189255901,False,False
user7,2,SapiAgent,sapiagent:8,T2_RandomForest,0.890615974530254,0.12206839307662998,False,0.04236126150475383,-0.016258530454826503,False,False
user7,2,SapiAgent,sapiagent:9,T2_RandomForest,0.890615974530254,0.13604388509520174,False,0.04236126150475383,-0.0069482059732688395,False,False
user7,2,SapiAgent,sapiagent:10,T2_RandomForest,0.890615974530254,0.15375227271296016,False,0.04236126150475383,-0.007535315557506528,False,False
user7,2,SapiAgent,sapiagent:11,T2_RandomForest,0.890615974530254,0.10460603865683964,False,0.04236126150475383,-0.005771886138556559,False,False
user7,2,SapiAgent,sapiagent:12,T2_RandomForest,0.890615974530254,0.13165962997845257,False,0.04236126150475383,-0.010751943968992317,False,False
user7,2,SapiAgent,sapiagent:13,T2_RandomForest,0.890615974530254,0.13562794048954008,False,0.04236126150475383,-0.004887804891416714,False,False
user7,2,SapiAgent,sapiagent:14,T2_RandomForest,0.890615974530254,0.12391864401604095,False,0.04236126150475383,-0.0016326218936973391,False,False
user7,2,SapiAgent,sapiagent:15,T2_RandomForest,0.890615974530254,0.17158270378754048,False,0.04236126150475383,-0.015970261402773078,False,False
user7,2,SapiAgent,sapiagent:16,T2_RandomForest,0.890615974530254,0.13530826151892042,False,0.04236126150475383,-0.012787941534593172,False,False
user7,2,SapiAgent,sapiagent:17,T2_RandomForest,0.890615974530254,0.14092143852217365,False,0.04236126150475383,-0.010168669204649317,False,False
user7,2,SapiAgent,sapiagent:18,T2_RandomForest,0.890615974530254,0.11186252712376193,False,0.04236126150475383,-0.012207094058382661,False,False
user7,2,SapiAgent,sapiagent:19,T2_RandomForest,0.890615974530254,0.11707534210554105,False,0.04236126150475383,-0.012787941534593172,False,False
user7,2,DMTG_Inspired,unknown_user:session_0,T2_RandomForest,0.890615974530254,0.06187670956729107,False,0.04236126150475383,-0.02905448946179584,False,False
user7,2,DMTG_Inspired,unknown_user:session_1,T2_RandomForest,0.890615974530254,0.0589736310118355,False,0.04236126150475383,-0.02198799396436818,False,False
user7,2,DMTG_Inspired,unknown_user:session_2,T2_RandomForest,0.890615974530254,0.05005240009001486,False,0.04236126150475383,-0.016258530454826503,False,False
user7,2,DMTG_Inspired,unknown_user:session_3,T2_RandomForest,0.890615974530254,0.10515354204501749,False,0.04236126150475383,-0.019990442254170515,False,False
user7,2,DMTG_Inspired,unknown_user:session_4,T2_RandomForest,0.890615974530254,0.06797188609145693,False,0.04236126150475383,-0.02141811466339477,False,False
user7,2,DMTG_Inspired,unknown_user:session_5,T2_RandomForest,0.890615974530254,0.06412437082515414,False,0.04236126150475383,-0.020276317044816583,False,False
user7,2,DMTG_Inspired,unknown_user:session_6,T2_RandomForest,0.890615974530254,0.053406884263508786,False,0.04236126150475383,-0.020847555960202213,False,False
user7,2,DMTG_Inspired,unknown_user:session_7,T2_RandomForest,0.890615974530254,0.08989646539240638,False,0.04236126150475383,-0.01510442313305499,False,False
user7,2,DMTG_Inspired,unknown_user:session_8,T2_RandomForest,0.890615974530254,0.038690580940696974,False,0.04236126150475383,-0.018558510911270476,False,False
user7,2,DMTG_Inspired,unknown_user:session_9,T2_RandomForest,0.890615974530254,0.09115897009846852,False,0.04236126150475383,-0.0069482059732688395,False,False
user7,2,DMTG_Inspired,unknown_user:session_10,T2_RandomForest,0.890615974530254,0.08071934371553405,False,0.04236126150475383,-0.018845238503837403,False,False
user7,2,DMTG_Inspired,unknown_user:session_11,T2_RandomForest,0.890615974530254,0.08283534768838842,False,0.04236126150475383,-0.018271612453279518,False,False
user7,2,DMTG_Inspired,unknown_user:session_12,T2_RandomForest,0.890615974530254,0.05267646888897997,False,0.04236126150475383,-0.03129363069421137,False,False
user7,2,DMTG_Inspired,unknown_user:session_13,T2_RandomForest,0.890615974530254,0.08506962365120439,False,0.04236126150475383,-0.023409725138847037,False,False
user7,2,DMTG_Inspired,unknown_user:session_14,T2_RandomForest,0.890615974530254,0.07126923376430279,False,0.04236126150475383,-0.023409725138847037,False,False
user7,2,DMTG_Inspired,unknown_user:session_15,T2_RandomForest,0.890615974530254,0.13833355386166188,False,0.04236126150475383,-0.024544064885264838,False,False
user7,2,DMTG_Inspired,unknown_user:session_16,T2_RandomForest,0.890615974530254,0.07723221678797436,False,0.04236126150475383,-0.018271612453279518,False,False
user7,2,DMTG_Inspired,unknown_user:session_17,T2_RandomForest,0.890615974530254,0.08530615392269979,False,0.04236126150475383,-0.02312571759473203,False,False
user7,2,DMTG_Inspired,unknown_user:session_18,T2_RandomForest,0.890615974530254,0.05602874477496044,False,0.04236126150475383,-0.02056202157969461,False,False
user7,2,DMTG_Inspired,unknown_user:session_19,T2_RandomForest,0.890615974530254,0.06086100141354025,False,0.04236126150475383,-0.01683455361609254,False,False
user9,2,Genuine,user9:session_0510101673,T2_RandomForest,0.8049517714537537,0.7823401965370174,False,-0.010751943968992317,-0.01913179533274101,False,False
user9,2,Genuine,user9:session_0626697371,T2_RandomForest,0.8049517714537537,0.7742722355089947,False,-0.010751943968992317,-0.01913179533274101,False,False
user9,2,Genuine,user9:session_0815666379,T2_RandomForest,0.8049517714537537,0.7132712713325422,False,-0.010751943968992317,-0.0179845430280432,False,False
user9,2,Genuine,user9:session_1177848198,T2_RandomForest,0.8049517714537537,0.886806935553045,True,-0.010751943968992317,0.010081897209928359,True,False
user9,2,Genuine,user9:session_1281792837,T2_RandomForest,0.8049517714537537,0.8207137982936236,True,-0.010751943968992317,-0.011334524189255901,False,True
user9,2,Genuine,user9:session_1334666365,T2_RandomForest,0.8049517714537537,0.9450929028735543,True,-0.010751943968992317,0.01711912843707486,True,False
user9,2,Genuine,user9:session_1498771725,T2_RandomForest,0.8049517714537537,0.7109821693172855,False,-0.010751943968992317,0.028014688167330104,False,False
user9,2,Genuine,user9:session_1814762834,T2_RandomForest,0.8049517714537537,0.9266312498483101,True,-0.010751943968992317,0.017735630708383465,True,False
user9,2,Genuine,user9:session_1970148824,T2_RandomForest,0.8049517714537537,0.869196283998508,True,-0.010751943968992317,-0.0069482059732688395,True,False
user9,2,Genuine,user9:session_2592273518,T2_RandomForest,0.8049517714537537,0.9113750670417062,True,-0.010751943968992317,-0.002522515654188262,True,False
user9,2,Genuine,user9:session_3926840201,T2_RandomForest,0.8049517714537537,0.8572211761981653,True,-0.010751943968992317,0.005242992581123929,True,False
user9,2,Genuine,user9:session_4243186683,T2_RandomForest,0.8049517714537537,0.8881890084097692,True,-0.010751943968992317,0.02456585802519795,True,False
user9,2,Genuine,user9:session_4948057062,T2_RandomForest,0.8049517714537537,0.7986044859349835,False,-0.010751943968992317,0.0031404323557914227,False,False
user9,2,Genuine,user9:session_5496662888,T2_RandomForest,0.8049517714537537,0.7072763141634993,False,-0.010751943968992317,0.022694182092012016,False,False
user9,2,Genuine,user9:session_5745729038,T2_RandomForest,0.8049517714537537,0.845072431362409,True,-0.010751943968992317,-0.008414669361948346,True,False
user9,2,Genuine,user9:session_6448386600,T2_RandomForest,0.8049517714537537,0.7475024089003224,False,-0.010751943968992317,0.016811152647435934,False,False
user9,2,Genuine,user9:session_6845822655,T2_RandomForest,0.8049517714537537,0.916705625949305,True,-0.010751943968992317,-0.019704397106298344,False,True
user9,2,Genuine,user9:session_7103728864,T2_RandomForest,0.8049517714537537,0.7081646432043975,False,-0.010751943968992317,0.00224201574372207,False,False
user9,2,Genuine,user9:session_7422270211,T2_RandomForest,0.8049517714537537,0.6111713784336497,False,-0.010751943968992317,0.00795919996427863,False,False
user9,2,Genuine,user9:session_7422282952,T2_RandomForest,0.8049517714537537,0.8346731732815718,True,-0.010751943968992317,0.010690009791518018,True,False
user9,2,Genuine,user9:session_7729762375,T2_RandomForest,0.8049517714537537,0.8288213588036681,True,-0.010751943968992317,0.008261900737882355,True,False
user9,2,Genuine,user9:session_9000198916,T2_RandomForest,0.8049517714537537,0.7647792471629704,False,-0.010751943968992317,-0.005771886138556559,False,False
user9,2,Genuine,user9:session_9904426178,T2_RandomForest,0.8049517714537537,0.8785392551506898,True,-0.010751943968992317,0.00795919996427863,True,False
user9,2,HumanImpostor,user9:session_0233596484,T2_RandomForest,0.8049517714537537,0.0028952062241862334,False,-0.010751943968992317,0.02832934031772638,False,False
user9,2,HumanImpostor,user9:session_0249395771,T2_RandomForest,0.8049517714537537,0.016563459968169113,False,-0.010751943968992317,0.009171085793275635,False,False
user9,2,HumanImpostor,user9:session_0867569021,T2_RandomForest,0.8049517714537537,0.01585743606395778,False,-0.010751943968992317,0.02051899903471721,False,False
user9,2,HumanImpostor,user9:session_1067162598,T2_RandomForest,0.8049517714537537,0.0025549062125990924,False,-0.010751943968992317,0.015274022789274144,False,False
user9,2,HumanImpostor,user9:session_1388817097,T2_RandomForest,0.8049517714537537,0.0013662832494608197,False,-0.010751943968992317,0.020829184387584743,False,False
user9,2,HumanImpostor,user9:session_1428731346,T2_RandomForest,0.8049517714537537,0.04547975173094125,False,-0.010751943968992317,0.011908410769234767,False,False
user9,2,HumanImpostor,user9:session_2092170870,T2_RandomForest,0.8049517714537537,0.0016182657773217036,False,-0.010751943968992317,0.023629183787415853,False,False
user9,2,HumanImpostor,user9:session_2386499713,T2_RandomForest,0.8049517714537537,0.006110372346786005,False,-0.010751943968992317,0.017427287754268495,False,False
user9,2,HumanImpostor,user9:session_2541149709,T2_RandomForest,0.8049517714537537,0.0038491492889318095,False,-0.010751943968992317,0.01866176248690421,False,False
user9,2,HumanImpostor,user9:session_2760097341,T2_RandomForest,0.8049517714537537,0.000577522166307213,False,-0.010751943968992317,0.027700223411364022,False,False
user9,2,HumanImpostor,user9:session_3277767566,T2_RandomForest,0.8049517714537537,0.021312007078625437,False,-0.010751943968992317,0.02051899903471721,False,False
user9,2,HumanImpostor,user9:session_3452570104,T2_RandomForest,0.8049517714537537,0.009872624217022303,False,-0.010751943968992317,-0.0028187936540604586,False,False
user9,2,HumanImpostor,user9:session_3524810503,T2_RandomForest,0.8049517714537537,0.0006182657773217035,False,-0.010751943968992317,0.016811152647435934,False,False
user9,2,HumanImpostor,user9:session_3561215335,T2_RandomForest,0.8049517714537537,0.0018662832494608197,False,-0.010751943968992317,0.02707185563637049,False,False
user9,2,HumanImpostor,user9:session_3735537656,T2_RandomForest,0.8049517714537537,0.0007067043580032791,False,-0.010751943968992317,0.021139554584719833,False,False
user9,2,HumanImpostor,user9:session_3828692242,T2_RandomForest,0.8049517714537537,0.00950563850334716,False,-0.010751943968992317,0.021450109736274037,False,False
user9,2,HumanImpostor,user9:session_3919629858,T2_RandomForest,0.8049517714537537,0.02646099730992671,False,-0.010751943968992317,0.0037402694190072916,False,False
user9,2,HumanImpostor,user9:session_4088341904,T2_RandomForest,0.8049517714537537,0.0,False,-0.010751943968992317,0.01588832535115381,False,False
user9,2,HumanImpostor,user9:session_4269912456,T2_RandomForest,0.8049517714537537,0.004546352174427165,False,-0.010751943968992317,-0.003114895202422918,False,False
user9,2,HumanImpostor,user9:session_4322210317,T2_RandomForest,0.8049517714537537,0.0005900327772762087,False,-0.010751943968992317,0.014967145871901844,False,False
user9,2,HumanImpostor,user9:session_4619254586,T2_RandomForest,0.8049517714537537,0.009336352268802922,False,-0.010751943968992317,0.009474508748460009,False,False
user9,2,HumanImpostor,user9:session_4949372670,T2_RandomForest,0.8049517714537537,0.000577522166307213,False,-0.010751943968992317,0.00464136612543109,False,False
user9,2,HumanImpostor,user9:session_4962669721,T2_RandomForest,0.8049517714537537,0.03172728651474875,False,-0.010751943968992317,0.014967145871901844,False,False
user9,2,HumanImpostor,user9:session_5499827097,T2_RandomForest,0.8049517714537537,0.006903522238601584,False,-0.010751943968992317,0.0025413095584863044,False,False
user9,2,HumanImpostor,user9:session_6228883788,T2_RandomForest,0.8049517714537537,0.00028571428571428574,False,-0.010751943968992317,0.016195751213679555,False,False
user9,2,HumanImpostor,user9:session_6399026328,T2_RandomForest,0.8049517714537537,0.00043173841358663833,False,-0.010751943968992317,0.021450109736274037,False,False
user9,2,HumanImpostor,user9:session_6951064037,T2_RandomForest,0.8049517714537537,0.0,False,-0.010751943968992317,0.021139554584719833,False,False
user9,2,HumanImpostor,user9:session_7395469781,T2_RandomForest,0.8049517714537537,0.0,False,-0.010751943968992317,0.01038586293177668,False,False
user9,2,HumanImpostor,user9:session_7555995161,T2_RandomForest,0.8049517714537537,0.0018563458991787429,False,-0.010751943968992317,0.009474508748460009,False,False
user9,2,HumanImpostor,user9:session_7861130331,T2_RandomForest,0.8049517714537537,0.0005732566498921639,False,-0.010751943968992317,0.018044157408852013,False,False
user9,2,HumanImpostor,user9:session_7896781089,T2_RandomForest,0.8049517714537537,0.0034064799131180716,False,-0.010751943968992317,0.011298847356515096,False,False
user9,2,HumanImpostor,user9:session_7935100368,T2_RandomForest,0.8049517714537537,0.0,False,-0.010751943968992317,0.005242992581123929,False,False
user9,2,HumanImpostor,user9:session_8399176672,T2_RandomForest,0.8049517714537537,0.0,False,-0.010751943968992317,0.023941222547664842,False,False
user9,2,HumanImpostor,user9:session_8602611959,T2_RandomForest,0.8049517714537537,0.0008662832494608195,False,-0.010751943968992317,0.015274022789274144,False,False
user9,2,HumanImpostor,user9:session_8719700167,T2_RandomForest,0.8049517714537537,0.0027325664989216393,False,-0.010751943968992317,0.019589550941188194,False,False
user9,2,HumanImpostor,user9:session_8742024614,T2_RandomForest,0.8049517714537537,0.00020608859244056785,False,-0.010751943968992317,0.014353940219733574,False,False
user9,2,HumanImpostor,user9:session_9057489846,T2_RandomForest,0.8049517714537537,0.00038205453392517436,False,-0.010751943968992317,0.017735630708383465,False,False
user9,2,HumanImpostor,user9:session_9316476581,T2_RandomForest,0.8049517714537537,0.0451300820117266,False,-0.010751943968992317,0.001345203360526015,False,False
user9,2,HumanImpostor,user9:session_9418948998,T2_RandomForest,0.8049517714537537,0.025963805360687663,False,-0.010751943968992317,0.027700223411364022,False,False
user9,2,HumanImpostor,user9:session_9495657954,T2_RandomForest,0.8049517714537537,0.012128690591880466,False,-0.010751943968992317,0.01866176248690421,False,False
user9,2,HumanImpostor,user9:session_9821034386,T2_RandomForest,0.8049517714537537,0.024704446532000417,False,-0.010751943968992317,0.004040456066397913,False,False
user9,2,HumanImpostor,user9:session_9916663391,T2_RandomForest,0.8049517714537537,0.01629624150702874,False,-0.010751943968992317,0.013129718600255913,False,False
user9,2,WindMouse,windmouse:0,T2_RandomForest,0.8049517714537537,0.18342953476515156,False,-0.010751943968992317,0.028644179974224304,False,False
user9,2,WindMouse,windmouse:1,T2_RandomForest,0.8049517714537537,0.12142132702201702,False,-0.010751943968992317,0.01099433789709503,False,False
user9,2,WindMouse,windmouse:2,T2_RandomForest,0.8049517714537537,0.11191840735794538,False,-0.010751943968992317,0.027385945938223633,False,False
user9,2,WindMouse,windmouse:3,T2_RandomForest,0.8049517714537537,0.10795737075569176,False,-0.010751943968992317,0.0202089984160313,False,False
user9,2,WindMouse,windmouse:4,T2_RandomForest,0.8049517714537537,0.17395846868157658,False,-0.010751943968992317,0.026757952394332762,False,False
user9,2,WindMouse,windmouse:5,T2_RandomForest,0.8049517714537537,0.1345828211226751,False,-0.010751943968992317,0.026757952394332762,False,False
user9,2,WindMouse,windmouse:6,T2_RandomForest,0.8049517714537537,0.15952924348345354,False,-0.010751943968992317,0.023629183787415853,False,False
user9,2,WindMouse,windmouse:7,T2_RandomForest,0.8049517714537537,0.06709251051123197,False,-0.010751943968992317,0.027700223411364022,False,False
user9,2,WindMouse,windmouse:8,T2_RandomForest,0.8049517714537537,0.1666126946844697,False,-0.010751943968992317,0.016195751213679555,False,False
user9,2,WindMouse,windmouse:9,T2_RandomForest,0.8049517714537537,0.22792425056685453,False,-0.010751943968992317,0.023005663670234267,False,False
user9,2,WindMouse,windmouse:10,T2_RandomForest,0.8049517714537537,0.12029156883543941,False,-0.010751943968992317,0.0255042077972224,False,False
user9,2,WindMouse,windmouse:11,T2_RandomForest,0.8049517714537537,0.1276390082344474,False,-0.010751943968992317,0.015581082579365857,False,False
user9,2,WindMouse,windmouse:12,T2_RandomForest,0.8049517714537537,0.14113953813478405,False,-0.010751943968992317,0.029589825098038314,False,False
user9,2,WindMouse,windmouse:13,T2_RandomForest,0.8049517714537537,0.250531087619951,False,-0.010751943968992317,0.02051899903471721,False,False
user9,2,WindMouse,windmouse:14,T2_RandomForest,0.8049517714537537,0.13540367836768982,False,-0.010751943968992317,0.01928010386518675,False,False
user9,2,WindMouse,windmouse:15,T2_RandomForest,0.8049517714537537,0.08989286410765503,False,-0.010751943968992317,0.0202089984160313,False,False
user9,2,WindMouse,windmouse:16,T2_RandomForest,0.8049517714537537,0.09500014572981767,False,-0.010751943968992317,0.014660451718337408,False,False
user9,2,WindMouse,windmouse:17,T2_RandomForest,0.8049517714537537,0.19713470745304304,False,-0.010751943968992317,0.028014688167330104,False,False
user9,2,WindMouse,windmouse:18,T2_RandomForest,0.8049517714537537,0.1637841086731238,False,-0.010751943968992317,0.011908410769234767,False,False
user9,2,WindMouse,windmouse:19,T2_RandomForest,0.8049517714537537,0.18736330619552258,False,-0.010751943968992317,0.018044157408852013,False,False
user9,2,SapiAgent,sapiagent:0,T2_RandomForest,0.8049517714537537,0.12140053449805499,False,-0.010751943968992317,0.014353940219733574,False,False
user9,2,SapiAgent,sapiagent:1,T2_RandomForest,0.8049517714537537,0.11971923937117747,False,-0.010751943968992317,0.007354339139688415,False,False
user9,2,SapiAgent,sapiagent:2,T2_RandomForest,0.8049517714537537,0.10521388031798846,False,-0.010751943968992317,0.02051899903471721,False,False
user9,2,SapiAgent,sapiagent:3,T2_RandomForest,0.8049517714537537,0.12497727092166726,False,-0.010751943968992317,0.018044157408852013,False,False
user9,2,SapiAgent,sapiagent:4,T2_RandomForest,0.8049517714537537,0.14153681857261435,False,-0.010751943968992317,0.016503360276049706,False,False
user9,2,SapiAgent,sapiagent:5,T2_RandomForest,0.8049517714537537,0.12288959021379432,False,-0.010751943968992317,0.017735630708383465,False,False
user9,2,SapiAgent,sapiagent:6,T2_RandomForest,0.8049517714537537,0.11987472434878027,False,-0.010751943968992317,0.016195751213679555,False,False
user9,2,SapiAgent,sapiagent:7,T2_RandomForest,0.8049517714537537,0.16036787009694123,False,-0.010751943968992317,0.023629183787415853,False,False
user9,2,SapiAgent,sapiagent:8,T2_RandomForest,0.8049517714537537,0.0988192643057224,False,-0.010751943968992317,0.015581082579365857,False,False
user9,2,SapiAgent,sapiagent:9,T2_RandomForest,0.8049517714537537,0.12838904075283833,False,-0.010751943968992317,0.019589550941188194,False,False
user9,2,SapiAgent,sapiagent:10,T2_RandomForest,0.8049517714537537,0.15198168026344555,False,-0.010751943968992317,0.022694182092012016,False,False
user9,2,SapiAgent,sapiagent:11,T2_RandomForest,0.8049517714537537,0.11665081014125435,False,-0.010751943968992317,0.023941222547664842,False,False
user9,2,SapiAgent,sapiagent:12,T2_RandomForest,0.8049517714537537,0.1337880425002417,False,-0.010751943968992317,0.018044157408852013,False,False
user9,2,SapiAgent,sapiagent:13,T2_RandomForest,0.8049517714537537,0.10573355735584516,False,-0.010751943968992317,0.019899182421506567,False,False
user9,2,SapiAgent,sapiagent:14,T2_RandomForest,0.8049517714537537,0.11700192217083195,False,-0.010751943968992317,0.01711912843707486,False,False
user9,2,SapiAgent,sapiagent:15,T2_RandomForest,0.8049517714537537,0.13862639043603478,False,-0.010751943968992317,0.016811152647435934,False,False
user9,2,SapiAgent,sapiagent:16,T2_RandomForest,0.8049517714537537,0.1229962892940496,False,-0.010751943968992317,0.015581082579365857,False,False
user9,2,SapiAgent,sapiagent:17,T2_RandomForest,0.8049517714537537,0.11906354603943901,False,-0.010751943968992317,0.01099433789709503,False,False
user9,2,SapiAgent,sapiagent:18,T2_RandomForest,0.8049517714537537,0.1117935820666262,False,-0.010751943968992317,0.02051899903471721,False,False
user9,2,SapiAgent,sapiagent:19,T2_RandomForest,0.8049517714537537,0.09240351025524578,False,-0.010751943968992317,0.01282411874601963,False,False
user9,2,DMTG_Inspired,unknown_user:session_0,T2_RandomForest,0.8049517714537537,0.07044608520751429,False,-0.010751943968992317,0.028644179974224304,False,False
user9,2,DMTG_Inspired,unknown_user:session_1,T2_RandomForest,0.8049517714537537,0.06680432621987183,False,-0.010751943968992317,0.014967145871901844,False,False
user9,2,DMTG_Inspired,unknown_user:session_2,T2_RandomForest,0.8049517714537537,0.06224078311462622,False,-0.010751943968992317,0.01866176248690421,False,False
user9,2,DMTG_Inspired,unknown_user:session_3,T2_RandomForest,0.8049517714537537,0.10998125913432011,False,-0.010751943968992317,0.01866176248690421,False,False
user9,2,DMTG_Inspired,unknown_user:session_4,T2_RandomForest,0.8049517714537537,0.07437197847964984,False,-0.010751943968992317,0.02456585802519795,False,False
user9,2,DMTG_Inspired,unknown_user:session_5,T2_RandomForest,0.8049517714537537,0.07376343132083028,False,-0.010751943968992317,0.010081897209928359,False,False
user9,2,DMTG_Inspired,unknown_user:session_6,T2_RandomForest,0.8049517714537537,0.06502678049238,False,-0.010751943968992317,0.01711912843707486,False,False
user9,2,DMTG_Inspired,unknown_user:session_7,T2_RandomForest,0.8049517714537537,0.09595817629543048,False,-0.010751943968992317,0.011603538277849657,False,False
user9,2,DMTG_Inspired,unknown_user:session_8,T2_RandomForest,0.8049517714537537,0.042665278280648346,False,-0.010751943968992317,0.017735630708383465,False,False
user9,2,DMTG_Inspired,unknown_user:session_9,T2_RandomForest,0.8049517714537537,0.08345771394133543,False,-0.010751943968992317,0.014967145871901844,False,False
user9,2,DMTG_Inspired,unknown_user:session_10,T2_RandomForest,0.8049517714537537,0.07418281491010205,False,-0.010751943968992317,0.01282411874601963,False,False
user9,2,DMTG_Inspired,unknown_user:session_11,T2_RandomForest,0.8049517714537537,0.08525323679676722,False,-0.010751943968992317,0.027700223411364022,False,False
user9,2,DMTG_Inspired,unknown_user:session_12,T2_RandomForest,0.8049517714537537,0.06124464825123838,False,-0.010751943968992317,0.011908410769234767,False,False
user9,2,DMTG_Inspired,unknown_user:session_13,T2_RandomForest,0.8049517714537537,0.059723345210033425,False,-0.010751943968992317,0.01711912843707486,False,False
user9,2,DMTG_Inspired,unknown_user:session_14,T2_RandomForest,0.8049517714537537,0.0677463502005198,False,-0.010751943968992317,0.015274022789274144,False,False
user9,2,DMTG_Inspired,unknown_user:session_15,T2_RandomForest,0.8049517714537537,0.12582906000621566,False,-0.010751943968992317,0.0255042077972224,False,False
user9,2,DMTG_Inspired,unknown_user:session_16,T2_RandomForest,0.8049517714537537,0.09119510236957774,False,-0.010751943968992317,0.01404761126730858,False,False
user9,2,DMTG_Inspired,unknown_user:session_17,T2_RandomForest,0.8049517714537537,0.09580908065960841,False,-0.010751943968992317,0.023941222547664842,False,False
user9,2,DMTG_Inspired,unknown_user:session_18,T2_RandomForest,0.8049517714537537,0.06642760303391733,False,-0.010751943968992317,0.018044157408852013,False,False
user9,2,DMTG_Inspired,unknown_user:session_19,T2_RandomForest,0.8049517714537537,0.07297658322120679,False,-0.010751943968992317,0.014353940219733574,False,False
