user,seed,tier,model,floor,accept_threshold,TAR,FAR,FRR,EER,bypass_windmouse,bypass_sapiagent,bypass_dmtg
user12,0,T0,T0_DistanceProfile,0.0,0.6316890194986989,0.40461215932914046,0.19536423841059603,0.5953878406708595,0.3096745027124774,0.0,0.0,0.0
user12,0,T0,T0_DistanceProfile,0.02,0.6316890194986989,0.40461215932914046,0.19536423841059603,0.5953878406708595,0.3096745027124774,0.0,0.0,0.0
user12,0,T0,T0_DistanceProfile,0.05,0.6316890194986989,0.40461215932914046,0.19536423841059603,0.5953878406708595,0.3096745027124774,0.0,0.0,0.0
user12,0,T0,T0_DistanceProfile,0.08,0.6316890194986989,0.40461215932914046,0.19536423841059603,0.5953878406708595,0.3096745027124774,0.0,0.0,0.0
user12,0,T0,T0_DistanceProfile,0.1,0.6316890194986989,0.40461215932914046,0.19536423841059603,0.5953878406708595,0.3096745027124774,0.0,0.0,0.0
user12,0,T0,T0_DistanceProfile,0.15,0.6316890194986989,0.40461215932914046,0.19536423841059603,0.5953878406708595,0.3096745027124774,0.0,0.0,0.0
user12,0,T0,T0_DistanceProfile,0.2,0.6316890194986989,0.40461215932914046,0.19536423841059603,0.5953878406708595,0.3096745027124774,0.0,0.0,0.0
user12,0,T1,T1_LogReg,0.0,0.5675743417540559,0.7672955974842768,0.32450331125827814,0.23270440251572322,0.12398282097649188,0.15,0.0,0.9
user12,0,T1,T1_LogReg,0.02,0.5675743417540559,0.7672955974842768,0.32450331125827814,0.23270440251572322,0.12398282097649188,0.15,0.0,0.9
user12,0,T1,T1_LogReg,0.05,0.5675743417540559,0.7672955974842768,0.32450331125827814,0.23270440251572322,0.12398282097649188,0.15,0.0,0.9
user12,0,T1,T1_LogReg,0.08,0.5675743417540559,0.7672955974842768,0.32450331125827814,0.23270440251572322,0.12398282097649188,0.15,0.0,0.9
user12,0,T1,T1_LogReg,0.1,0.5675743417540559,0.7672955974842768,0.32450331125827814,0.23270440251572322,0.12398282097649188,0.15,0.0,0.9
user12,0,T1,T1_LogReg,0.15,0.5675743417540559,0.7672955974842768,0.32450331125827814,0.23270440251572322,0.12398282097649188,0.15,0.0,0.9
user12,0,T1,T1_LogReg,0.2,0.5675743417540559,0.7672955974842768,0.32450331125827814,0.23270440251572322,0.12398282097649188,0.15,0.0,0.9
user12,0,T1,T1_SVM_RBF,0.0,0.3722052426664812,0.7882599580712788,0.33112582781456956,0.2117400419287212,0.11991410488245931,0.0,0.0,0.0
user12,0,T1,T1_SVM_RBF,0.02,0.3722052426664812,0.7882599580712788,0.33112582781456956,0.2117400419287212,0.11991410488245931,0.0,0.0,0.0
user12,0,T1,T1_SVM_RBF,0.05,0.3722052426664812,0.7882599580712788,0.33112582781456956,0.2117400419287212,0.11991410488245931,0.0,0.0,0.0
user12,0,T1,T1_SVM_RBF,0.08,0.3722052426664812,0.7882599580712788,0.33112582781456956,0.2117400419287212,0.11991410488245931,0.0,0.0,0.0
user12,0,T1,T1_SVM_RBF,0.1,0.3722052426664812,0.7882599580712788,0.33112582781456956,0.2117400419287212,0.11991410488245931,0.0,0.0,0.0
user12,0,T1,T1_SVM_RBF,0.15,0.3722052426664812,0.7882599580712788,0.33112582781456956,0.2117400419287212,0.11991410488245931,0.0,0.0,0.0
user12,0,T1,T1_SVM_RBF,0.2,0.3722052426664812,0.7882599580712788,0.33112582781456956,0.2117400419287212,0.11991410488245931,0.0,0.0,0.0
user12,0,T1,T1_kNN,0.0,0.6,0.6016771488469602,0.25496688741721857,0.3983228511530398,0.17495479204339962,0.15,0.05,0.85
user12,0,T1,T1_kNN,0.02,0.6,0.6016771488469602,0.25496688741721857,0.3983228511530398,0.17495479204339962,0.15,0.05,0.85
user12,0,T1,T1_kNN,0.05,0.6,0.6016771488469602,0.25496688741721857,0.3983228511530398,0.17495479204339962,0.15,0.05,0.85
user12,0,T1,T1_kNN,0.08,0.6,0.6016771488469602,0.25496688741721857,0.3983228511530398,0.17495479204339962,0.15,0.05,0.85
user12,0,T1,T1_kNN,0.1,0.6,0.6016771488469602,0.25496688741721857,0.3983228511530398,0.17495479204339962,0.15,0.05,0.85
user12,0,T1,T1_kNN,0.15,0.6,0.6016771488469602,0.25496688741721857,0.3983228511530398,0.17495479204339962,0.15,0.05,0.85
user12,0,T1,T1_kNN,0.2,0.6,0.6016771488469602,0.25496688741721857,0.3983228511530398,0.17495479204339962,0.15,0.05,0.85
user12,0,T1,T1_DecisionTree,0.0,1.0000000000000002,0.0,0.0,1.0,0.24061934900542495,0.0,0.0,0.0
user12,0,T1,T1_DecisionTree,0.02,1.0000000000000002,0.0,0.0,1.0,0.24061934900542495,0.0,0.0,0.0
user12,0,T1,T1_DecisionTree,0.05,1.0000000000000002,0.0,0.0,1.0,0.24061934900542495,0.0,0.0,0.0
user12,0,T1,T1_DecisionTree,0.08,1.0000000000000002,0.0,0.0,1.0,0.24061934900542495,0.0,0.0,0.0
user12,0,T1,T1_DecisionTree,0.1,1.0000000000000002,0.0,0.0,1.0,0.24061934900542495,0.0,0.0,0.0
user12,0,T1,T1_DecisionTree,0.15,1.0000000000000002,0.0,0.0,1.0,0.24061934900542495,0.0,0.0,0.0
user12,0,T1,T1_DecisionTree,0.2,1.0000000000000002,0.0,0.0,1.0,0.24061934900542495,0.0,0.0,0.0
user12,0,T2,T2_RandomForest,0.0,0.38,0.7714884696016772,0.3344370860927152,0.22851153039832284,0.127373417721519,0.0,0.0,0.0
user12,0,T2,T2_RandomForest,0.02,0.38,0.7714884696016772,0.3344370860927152,0.22851153039832284,0.127373417721519,0.0,0.0,0.0
user12,0,T2,T2_RandomForest,0.05,0.38,0.7714884696016772,0.3344370860927152,0.22851153039832284,0.127373417721519,0.0,0.0,0.0
user12,0,T2,T2_RandomForest,0.08,0.38,0.7714884696016772,0.3344370860927152,0.22851153039832284,0.127373417721519,0.0,0.0,0.0
user12,0,T2,T2_RandomForest,0.1,0.38,0.7714884696016772,0.3344370860927152,0.22851153039832284,0.127373417721519,0.0,0.0,0.0
user12,0,T2,T2_RandomForest,0.15,0.38,0.7714884696016772,0.3344370860927152,0.22851153039832284,0.127373417721519,0.0,0.0,0.0
user12,0,T2,T2_RandomForest,0.2,0.38,0.7714884696016772,0.3344370860927152,0.22851153039832284,0.127373417721519,0.0,0.0,0.0
user12,0,T2,T2_ExtraTrees,0.0,0.39666666666666667,0.7672955974842768,0.3344370860927152,0.23270440251572322,0.1300858951175407,0.0,0.0,0.0
user12,0,T2,T2_ExtraTrees,0.02,0.39666666666666667,0.7672955974842768,0.3344370860927152,0.23270440251572322,0.1300858951175407,0.0,0.0,0.0
user12,0,T2,T2_ExtraTrees,0.05,0.39666666666666667,0.7672955974842768,0.3344370860927152,0.23270440251572322,0.1300858951175407,0.0,0.0,0.0
user12,0,T2,T2_ExtraTrees,0.08,0.39666666666666667,0.7672955974842768,0.3344370860927152,0.23270440251572322,0.1300858951175407,0.0,0.0,0.0
user12,0,T2,T2_ExtraTrees,0.1,0.39666666666666667,0.7672955974842768,0.3344370860927152,0.23270440251572322,0.1300858951175407,0.0,0.0,0.0
user12,0,T2,T2_ExtraTrees,0.15,0.39666666666666667,0.7672955974842768,0.3344370860927152,0.23270440251572322,0.1300858951175407,0.0,0.0,0.0
user12,0,T2,T2_ExtraTrees,0.2,0.39666666666666667,0.7672955974842768,0.3344370860927152,0.23270440251572322,0.1300858951175407,0.0,0.0,0.0
user12,0,T2,T2_GradientBoosting,0.0,0.36151154533744784,0.7547169811320755,0.3211920529801324,0.24528301886792447,0.1216094032549729,0.0,0.0,0.0
user12,0,T2,T2_GradientBoosting,0.02,0.36151154533744784,0.7547169811320755,0.3211920529801324,0.24528301886792447,0.1216094032549729,0.0,0.0,0.0
user12,0,T2,T2_GradientBoosting,0.05,0.36151154533744784,0.7547169811320755,0.3211920529801324,0.24528301886792447,0.1216094032549729,0.0,0.0,0.0
user12,0,T2,T2_GradientBoosting,0.08,0.36151154533744784,0.7547169811320755,0.3211920529801324,0.24528301886792447,0.1216094032549729,0.0,0.0,0.0
user12,0,T2,T2_GradientBoosting,0.1,0.36151154533744784,0.7547169811320755,0.3211920529801324,0.24528301886792447,0.1216094032549729,0.0,0.0,0.0
user12,0,T2,T2_GradientBoosting,0.15,0.36151154533744784,0.7547169811320755,0.3211920529801324,0.24528301886792447,0.1216094032549729,0.0,0.0,0.0
user12,0,T2,T2_GradientBoosting,0.2,0.36151154533744784,0.7547169811320755,0.3211920529801324,0.24528301886792447,0.1216094032549729,0.0,0.0,0.0
user12,0,T2,T2_XGBoost,0.0,0.2673075795173645,0.8259958071278826,0.3443708609271523,0.17400419287211744,0.11053345388788424,0.0,0.0,0.0
user12,0,T2,T2_XGBoost,0.02,0.2673075795173645,0.8259958071278826,0.3443708609271523,0.17400419287211744,0.11053345388788424,0.0,0.0,0.0
user12,0,T2,T2_XGBoost,0.05,0.2673075795173645,0.8259958071278826,0.3443708609271523,0.17400419287211744,0.11053345388788424,0.0,0.0,0.0
user12,0,T2,T2_XGBoost,0.08,0.2673075795173645,0.8259958071278826,0.3443708609271523,0.17400419287211744,0.11053345388788424,0.0,0.0,0.0
user12,0,T2,T2_XGBoost,0.1,0.2673075795173645,0.8259958071278826,0.3443708609271523,0.17400419287211744,0.11053345388788424,0.0,0.0,0.0
user12,0,T2,T2_XGBoost,0.15,0.2673075795173645,0.8259958071278826,0.3443708609271523,0.17400419287211744,0.11053345388788424,0.0,0.0,0.0
user12,0,T2,T2_XGBoost,0.2,0.2673075795173645,0.8259958071278826,0.3443708609271523,0.17400419287211744,0.11053345388788424,0.0,0.0,0.0
user12,0,T3,T3_1D_CNN,0.0,0.5158219933509827,0.7924528301886793,0.31125827814569534,0.2075471698113207,0.11392405063291142,0.0,0.05,0.0
user12,0,T3,T3_1D_CNN,0.02,0.5158219933509827,0.7924528301886793,0.31125827814569534,0.2075471698113207,0.11392405063291142,0.0,0.05,0.0
user12,0,T3,T3_1D_CNN,0.05,0.5158219933509827,0.7924528301886793,0.31125827814569534,0.2075471698113207,0.11392405063291142,0.0,0.05,0.0
user12,0,T3,T3_1D_CNN,0.08,0.5158219933509827,0.7924528301886793,0.31125827814569534,0.2075471698113207,0.11392405063291142,0.0,0.05,0.0
user12,0,T3,T3_1D_CNN,0.1,0.5158219933509827,0.7924528301886793,0.31125827814569534,0.2075471698113207,0.11392405063291142,0.0,0.05,0.0
user12,0,T3,T3_1D_CNN,0.15,0.5158219933509827,0.7924528301886793,0.31125827814569534,0.2075471698113207,0.11392405063291142,0.0,0.05,0.0
user12,0,T3,T3_1D_CNN,0.2,0.5158219933509827,0.7924528301886793,0.31125827814569534,0.2075471698113207,0.11392405063291142,0.0,0.05,0.0
user15,0,T0,T0_DistanceProfile,0.0,0.6455099028719449,0.29473684210526313,0.09933774834437085,0.7052631578947368,0.48825821695584704,0.0,0.0,0.0
user15,0,T0,T0_DistanceProfile,0.02,0.6455099028719449,0.29473684210526313,0.09933774834437085,0.7052631578947368,0.48825821695584704,0.0,0.0,0.0
user15,0,T0,T0_DistanceProfile,0.05,0.6455099028719449,0.29473684210526313,0.09933774834437085,0.7052631578947368,0.48825821695584704,0.0,0.0,0.0
user15,0,T0,T0_DistanceProfile,0.08,0.6455099028719449,0.29473684210526313,0.09933774834437085,0.7052631578947368,0.48825821695584704,0.0,0.0,0.0
user15,0,T0,T0_DistanceProfile,0.1,0.6455099028719449,0.29473684210526313,0.09933774834437085,0.7052631578947368,0.48825821695584704,0.0,0.0,0.0
user15,0,T0,T0_DistanceProfile,0.15,0.6455099028719449,0.29473684210526313,0.09933774834437085,0.7052631578947368,0.48825821695584704,0.0,0.0,0.0
user15,0,T0,T0_DistanceProfile,0.2,0.6455099028719449,0.29473684210526313,0.09933774834437085,0.7052631578947368,0.48825821695584704,0.0,0.0,0.0
user15,0,T1,T1_LogReg,0.0,0.5189544175110958,0.8807017543859649,0.19205298013245034,0.11929824561403513,0.09308611933982225,0.7,0.0,0.0
user15,0,T1,T1_LogReg,0.02,0.5189544175110958,0.8807017543859649,0.19205298013245034,0.11929824561403513,0.09308611933982225,0.7,0.0,0.0
user15,0,T1,T1_LogReg,0.05,0.5189544175110958,0.8807017543859649,0.19205298013245034,0.11929824561403513,0.09308611933982225,0.7,0.0,0.0
user15,0,T1,T1_LogReg,0.08,0.5189544175110958,0.8807017543859649,0.19205298013245034,0.11929824561403513,0.09308611933982225,0.7,0.0,0.0
user15,0,T1,T1_LogReg,0.1,0.5189544175110958,0.8807017543859649,0.19205298013245034,0.11929824561403513,0.09308611933982225,0.7,0.0,0.0
user15,0,T1,T1_LogReg,0.15,0.5189544175110958,0.8807017543859649,0.19205298013245034,0.11929824561403513,0.09308611933982225,0.7,0.0,0.0
user15,0,T1,T1_LogReg,0.2,0.5189544175110958,0.8807017543859649,0.19205298013245034,0.11929824561403513,0.09308611933982225,0.7,0.0,0.0
user15,0,T1,T1_SVM_RBF,0.0,0.26025685159212164,0.8771929824561403,0.22958057395143489,0.1228070175438597,0.11343630977570882,0.0,0.0,0.0
user15,0,T1,T1_SVM_RBF,0.02,0.26025685159212164,0.8771929824561403,0.22958057395143489,0.1228070175438597,0.11343630977570882,0.0,0.0,0.0
user15,0,T1,T1_SVM_RBF,0.05,0.26025685159212164,0.8771929824561403,0.22958057395143489,0.1228070175438597,0.11343630977570882,0.0,0.0,0.0
user15,0,T1,T1_SVM_RBF,0.08,0.26025685159212164,0.8771929824561403,0.22958057395143489,0.1228070175438597,0.11343630977570882,0.0,0.0,0.0
user15,0,T1,T1_SVM_RBF,0.1,0.26025685159212164,0.8771929824561403,0.22958057395143489,0.1228070175438597,0.11343630977570882,0.0,0.0,0.0
user15,0,T1,T1_SVM_RBF,0.15,0.26025685159212164,0.8771929824561403,0.22958057395143489,0.1228070175438597,0.11343630977570882,0.0,0.0,0.0
user15,0,T1,T1_SVM_RBF,0.2,0.26025685159212164,0.8771929824561403,0.22958057395143489,0.1228070175438597,0.11343630977570882,0.0,0.0,0.0
user15,0,T1,T1_kNN,0.0,0.6,0.5508771929824562,0.13024282560706402,0.4491228070175438,0.18732543377063055,0.5,0.0,0.0
user15,0,T1,T1_kNN,0.02,0.6,0.5508771929824562,0.13024282560706402,0.4491228070175438,0.18732543377063055,0.5,0.0,0.0
user15,0,T1,T1_kNN,0.05,0.6,0.5508771929824562,0.13024282560706402,0.4491228070175438,0.18732543377063055,0.5,0.0,0.0
user15,0,T1,T1_kNN,0.08,0.6,0.5508771929824562,0.13024282560706402,0.4491228070175438,0.18732543377063055,0.5,0.0,0.0
user15,0,T1,T1_kNN,0.1,0.6,0.5508771929824562,0.13024282560706402,0.4491228070175438,0.18732543377063055,0.5,0.0,0.0
user15,0,T1,T1_kNN,0.15,0.6,0.5508771929824562,0.13024282560706402,0.4491228070175438,0.18732543377063055,0.5,0.0,0.0
user15,0,T1,T1_kNN,0.2,0.6,0.5508771929824562,0.13024282560706402,0.4491228070175438,0.18732543377063055,0.5,0.0,0.0
user15,0,T1,T1_DecisionTree,0.0,1.0000000000000002,0.0,0.0,1.0,0.2833615460572719,0.0,0.0,0.0
user15,0,T1,T1_DecisionTree,0.02,1.0000000000000002,0.0,0.0,1.0,0.2833615460572719,0.0,0.0,0.0
user15,0,T1,T1_DecisionTree,0.05,1.0000000000000002,0.0,0.0,1.0,0.2833615460572719,0.0,0.0,0.0
user15,0,T1,T1_DecisionTree,0.08,1.0000000000000002,0.0,0.0,1.0,0.2833615460572719,0.0,0.0,0.0
user15,0,T1,T1_DecisionTree,0.1,1.0000000000000002,0.0,0.0,1.0,0.2833615460572719,0.0,0.0,0.0
user15,0,T1,T1_DecisionTree,0.15,1.0000000000000002,0.0,0.0,1.0,0.2833615460572719,0.0,0.0,0.0
user15,0,T1,T1_DecisionTree,0.2,1.0000000000000002,0.0,0.0,1.0,0.2833615460572719,0.0,0.0,0.0
user15,0,T2,T2_RandomForest,0.0,0.31666666666666665,0.7789473684210526,0.1545253863134658,0.2210526315789474,0.12218049090139654,0.15,0.0,0.0
user15,0,T2,T2_RandomForest,0.02,0.31666666666666665,0.7789473684210526,0.1545253863134658,0.2210526315789474,0.12218049090139654,0.15,0.0,0.0
user15,0,T2,T2_RandomForest,0.05,0.31666666666666665,0.7789473684210526,0.1545253863134658,0.2210526315789474,0.12218049090139654,0.15,0.0,0.0
user15,0,T2,T2_RandomForest,0.08,0.31666666666666665,0.7789473684210526,0.1545253863134658,0.2210526315789474,0.12218049090139654,0.15,0.0,0.0
user15,0,T2,T2_RandomForest,0.1,0.31666666666666665,0.7789473684210526,0.1545253863134658,0.2210526315789474,0.12218049090139654,0.15,0.0,0.0
user15,0,T2,T2_RandomForest,0.15,0.31666666666666665,0.7789473684210526,0.1545253863134658,0.2210526315789474,0.12218049090139654,0.15,0.0,0.0
user15,0,T2,T2_RandomForest,0.2,0.31666666666666665,0.7789473684210526,0.1545253863134658,0.2210526315789474,0.12218049090139654,0.15,0.0,0.0
user15,0,T2,T2_ExtraTrees,0.0,0.3233333333333333,0.8350877192982457,0.17439293598233996,0.16491228070175434,0.1076333051206094,0.9,0.0,0.05
user15,0,T2,T2_ExtraTrees,0.02,0.3233333333333333,0.8350877192982457,0.17439293598233996,0.16491228070175434,0.1076333051206094,0.9,0.0,0.05
user15,0,T2,T2_ExtraTrees,0.05,0.3233333333333333,0.8350877192982457,0.17439293598233996,0.16491228070175434,0.1076333051206094,0.9,0.0,0.05
user15,0,T2,T2_ExtraTrees,0.08,0.3233333333333333,0.8350877192982457,0.17439293598233996,0.16491228070175434,0.1076333051206094,0.9,0.0,0.05
user15,0,T2,T2_ExtraTrees,0.1,0.3233333333333333,0.8350877192982457,0.17439293598233996,0.16491228070175434,0.1076333051206094,0.9,0.0,0.05
user15,0,T2,T2_ExtraTrees,0.15,0.3233333333333333,0.8350877192982457,0.17439293598233996,0.16491228070175434,0.1076333051206094,0.9,0.0,0.05
user15,0,T2,T2_ExtraTrees,0.2,0.3233333333333333,0.8350877192982457,0.17439293598233996,0.16491228070175434,0.1076333051206094,0.9,0.0,0.05
user15,0,T2,T2_GradientBoosting,0.0,0.3328106747974735,0.7543859649122807,0.10154525386313466,0.24561403508771928,0.1202461560163634,0.9,0.0,0.3
user15,0,T2,T2_GradientBoosting,0.02,0.3328106747974735,0.7543859649122807,0.10154525386313466,0.24561403508771928,0.1202461560163634,0.9,0.0,0.3
user15,0,T2,T2_GradientBoosting,0.05,0.3328106747974735,0.7543859649122807,0.10154525386313466,0.24561403508771928,0.1202461560163634,0.9,0.0,0.3
user15,0,T2,T2_GradientBoosting,0.08,0.3328106747974735,0.7543859649122807,0.10154525386313466,0.24561403508771928,0.1202461560163634,0.9,0.0,0.3
user15,0,T2,T2_GradientBoosting,0.1,0.3328106747974735,0.7543859649122807,0.10154525386313466,0.24561403508771928,0.1202461560163634,0.9,0.0,0.3
user15,0,T2,T2_GradientBoosting,0.15,0.3328106747974735,0.7543859649122807,0.10154525386313466,0.24561403508771928,0.1202461560163634,0.9,0.0,0.3
user15,0,T2,T2_GradientBoosting,0.2,0.3328106747974735,0.7543859649122807,0.10154525386313466,0.24561403508771928,0.1202461560163634,0.9,0.0,0.3
user15,0,T2,T2_XGBoost,0.0,0.23760046064853668,0.8245614035087719,0.1434878587196468,0.17543859649122806,0.09916067146282977,1.0,0.0,0.15
user15,0,T2,T2_XGBoost,0.02,0.23760046064853668,0.8245614035087719,0.1434878587196468,0.17543859649122806,0.09916067146282977,1.0,0.0,0.15
user15,0,T2,T2_XGBoost,0.05,0.23760046064853668,0.8245614035087719,0.1434878587196468,0.17543859649122806,0.09916067146282977,1.0,0.0,0.15
user15,0,T2,T2_XGBoost,0.08,0.23760046064853668,0.8245614035087719,0.1434878587196468,0.17543859649122806,0.09916067146282977,1.0,0.0,0.15
user15,0,T2,T2_XGBoost,0.1,0.23760046064853668,0.8245614035087719,0.1434878587196468,0.17543859649122806,0.09916067146282977,1.0,0.0,0.15
user15,0,T2,T2_XGBoost,0.15,0.23760046064853668,0.8245614035087719,0.1434878587196468,0.17543859649122806,0.09916067146282977,1.0,0.0,0.15
user15,0,T2,T2_XGBoost,0.2,0.23760046064853668,0.8245614035087719,0.1434878587196468,0.17543859649122806,0.09916067146282977,1.0,0.0,0.15
user15,0,T3,T3_1D_CNN,0.0,0.44417673349380493,0.8736842105263158,0.20750551876379691,0.12631578947368416,0.10376463535054312,0.75,0.0,0.05
user15,0,T3,T3_1D_CNN,0.02,0.44417673349380493,0.8736842105263158,0.20750551876379691,0.12631578947368416,0.10376463535054312,0.75,0.0,0.05
user15,0,T3,T3_1D_CNN,0.05,0.44417673349380493,0.8736842105263158,0.20750551876379691,0.12631578947368416,0.10376463535054312,0.75,0.0,0.05
user15,0,T3,T3_1D_CNN,0.08,0.44417673349380493,0.8736842105263158,0.20750551876379691,0.12631578947368416,0.10376463535054312,0.75,0.0,0.05
user15,0,T3,T3_1D_CNN,0.1,0.44417673349380493,0.8736842105263158,0.20750551876379691,0.12631578947368416,0.10376463535054312,0.75,0.0,0.05
user15,0,T3,T3_1D_CNN,0.15,0.44417673349380493,0.8736842105263158,0.20750551876379691,0.12631578947368416,0.10376463535054312,0.75,0.0,0.05
user15,0,T3,T3_1D_CNN,0.2,0.44417673349380493,0.8736842105263158,0.20750551876379691,0.12631578947368416,0.10376463535054312,0.75,0.0,0.05
user16,0,T0,T0_DistanceProfile,0.0,0.6587211901215018,0.228,0.11587982832618025,0.772,0.4144369602964655,0.0,0.0,0.0
user16,0,T0,T0_DistanceProfile,0.02,0.6587211901215018,0.228,0.11587982832618025,0.772,0.4144369602964655,0.0,0.0,0.0
user16,0,T0,T0_DistanceProfile,0.05,0.6587211901215018,0.228,0.11587982832618025,0.772,0.4144369602964655,0.0,0.0,0.0
user16,0,T0,T0_DistanceProfile,0.08,0.6587211901215018,0.228,0.11587982832618025,0.772,0.4144369602964655,0.0,0.0,0.0
user16,0,T0,T0_DistanceProfile,0.1,0.6587211901215018,0.228,0.11587982832618025,0.772,0.4144369602964655,0.0,0.0,0.0
user16,0,T0,T0_DistanceProfile,0.15,0.6587211901215018,0.228,0.11587982832618025,0.772,0.4144369602964655,0.0,0.0,0.0
user16,0,T0,T0_DistanceProfile,0.2,0.6587211901215018,0.228,0.11587982832618025,0.772,0.4144369602964655,0.0,0.0,0.0
user16,0,T1,T1_LogReg,0.0,0.7613009475898803,0.488,0.19313304721030042,0.512,0.24057813100884506,0.2,0.25,0.95
user16,0,T1,T1_LogReg,0.02,0.7613009475898803,0.488,0.19313304721030042,0.512,0.24057813100884506,0.2,0.25,0.95
user16,0,T1,T1_LogReg,0.05,0.7613009475898803,0.488,0.19313304721030042,0.512,0.24057813100884506,0.2,0.25,0.95
user16,0,T1,T1_LogReg,0.08,0.7613009475898803,0.488,0.19313304721030042,0.512,0.24057813100884506,0.2,0.25,0.95
user16,0,T1,T1_LogReg,0.1,0.7613009475898803,0.488,0.19313304721030042,0.512,0.24057813100884506,0.2,0.25,0.95
user16,0,T1,T1_LogReg,0.15,0.7613009475898803,0.488,0.19313304721030042,0.512,0.24057813100884506,0.2,0.25,0.95
user16,0,T1,T1_LogReg,0.2,0.7613009475898803,0.488,0.19313304721030042,0.512,0.24057813100884506,0.2,0.25,0.95
user16,0,T1,T1_SVM_RBF,0.0,0.6460273509309706,0.576,0.15450643776824036,0.42400000000000004,0.19725909265711855,0.0,0.0,0.0
user16,0,T1,T1_SVM_RBF,0.02,0.6460273509309706,0.576,0.15450643776824036,0.42400000000000004,0.19725909265711855,0.0,0.0,0.0
user16,0,T1,T1_SVM_RBF,0.05,0.6460273509309706,0.576,0.15450643776824036,0.42400000000000004,0.19725909265711855,0.0,0.0,0.0
user16,0,T1,T1_SVM_RBF,0.08,0.6460273509309706,0.576,0.15450643776824036,0.42400000000000004,0.19725909265711855,0.0,0.0,0.0
user16,0,T1,T1_SVM_RBF,0.1,0.6460273509309706,0.576,0.15450643776824036,0.42400000000000004,0.19725909265711855,0.0,0.0,0.0
user16,0,T1,T1_SVM_RBF,0.15,0.6460273509309706,0.576,0.15450643776824036,0.42400000000000004,0.19725909265711855,0.0,0.0,0.0
user16,0,T1,T1_SVM_RBF,0.2,0.6460273509309706,0.576,0.15450643776824036,0.42400000000000004,0.19725909265711855,0.0,0.0,0.0
user16,0,T1,T1_kNN,0.0,0.8,0.338,0.12875536480686695,0.6619999999999999,0.2626615468879281,0.0,0.0,0.0
user16,0,T1,T1_kNN,0.02,0.8,0.338,0.12875536480686695,0.6619999999999999,0.2626615468879281,0.0,0.0,0.0
user16,0,T1,T1_kNN,0.05,0.8,0.338,0.12875536480686695,0.6619999999999999,0.2626615468879281,0.0,0.0,0.0
user16,0,T1,T1_kNN,0.08,0.8,0.338,0.12875536480686695,0.6619999999999999,0.2626615468879281,0.0,0.0,0.0
user16,0,T1,T1_kNN,0.1,0.8,0.338,0.12875536480686695,0.6619999999999999,0.2626615468879281,0.0,0.0,0.0
user16,0,T1,T1_kNN,0.15,0.8,0.338,0.12875536480686695,0.6619999999999999,0.2626615468879281,0.0,0.0,0.0
user16,0,T1,T1_kNN,0.2,0.8,0.338,0.12875536480686695,0.6619999999999999,0.2626615468879281,0.0,0.0,0.0
user16,0,T1,T1_DecisionTree,0.0,1.0000000000000002,0.0,0.0,1.0,0.3042121639416858,0.0,0.0,0.0
user16,0,T1,T1_DecisionTree,0.02,1.0000000000000002,0.0,0.0,1.0,0.3042121639416858,0.0,0.0,0.0
user16,0,T1,T1_DecisionTree,0.05,1.0000000000000002,0.0,0.0,1.0,0.3042121639416858,0.0,0.0,0.0
user16,0,T1,T1_DecisionTree,0.08,1.0000000000000002,0.0,0.0,1.0,0.3042121639416858,0.0,0.0,0.0
user16,0,T1,T1_DecisionTree,0.1,1.0000000000000002,0.0,0.0,1.0,0.3042121639416858,0.0,0.0,0.0
user16,0,T1,T1_DecisionTree,0.15,1.0000000000000002,0.0,0.0,1.0,0.3042121639416858,0.0,0.0,0.0
user16,0,T1,T1_DecisionTree,0.2,1.0000000000000002,0.0,0.0,1.0,0.3042121639416858,0.0,0.0,0.0
user16,0,T2,T2_RandomForest,0.0,0.5566666666666666,0.57,0.13304721030042918,0.43000000000000005,0.1964753935975574,0.0,0.0,0.0
user16,0,T2,T2_RandomForest,0.02,0.5566666666666666,0.57,0.13304721030042918,0.43000000000000005,0.1964753935975574,0.0,0.0,0.0
user16,0,T2,T2_RandomForest,0.05,0.5566666666666666,0.57,0.13304721030042918,0.43000000000000005,0.1964753935975574,0.0,0.0,0.0
user16,0,T2,T2_RandomForest,0.08,0.5566666666666666,0.57,0.13304721030042918,0.43000000000000005,0.1964753935975574,0.0,0.0,0.0
user16,0,T2,T2_RandomForest,0.1,0.5566666666666666,0.57,0.13304721030042918,0.43000000000000005,0.1964753935975574,0.0,0.0,0.0
user16,0,T2,T2_RandomForest,0.15,0.5566666666666666,0.57,0.13304721030042918,0.43000000000000005,0.1964753935975574,0.0,0.0,0.0
user16,0,T2,T2_RandomForest,0.2,0.5566666666666666,0.57,0.13304721030042918,0.43000000000000005,0.1964753935975574,0.0,0.0,0.0
user16,0,T2,T2_ExtraTrees,0.0,0.5433333333333333,0.614,0.12875536480686695,0.386,0.19040682429991496,0.0,0.0,0.0
user16,0,T2,T2_ExtraTrees,0.02,0.5433333333333333,0.614,0.12875536480686695,0.386,0.19040682429991496,0.0,0.0,0.0
user16,0,T2,T2_ExtraTrees,0.05,0.5433333333333333,0.614,0.12875536480686695,0.386,0.19040682429991496,0.0,0.0,0.0
user16,0,T2,T2_ExtraTrees,0.08,0.5433333333333333,0.614,0.12875536480686695,0.386,0.19040682429991496,0.0,0.0,0.0
user16,0,T2,T2_ExtraTrees,0.1,0.5433333333333333,0.614,0.12875536480686695,0.386,0.19040682429991496,0.0,0.0,0.0
user16,0,T2,T2_ExtraTrees,0.15,0.5433333333333333,0.614,0.12875536480686695,0.386,0.19040682429991496,0.0,0.0,0.0
user16,0,T2,T2_ExtraTrees,0.2,0.5433333333333333,0.614,0.12875536480686695,0.386,0.19040682429991496,0.0,0.0,0.0
user16,0,T2,T2_GradientBoosting,0.0,0.5942717493533847,0.582,0.10300429184549356,0.41800000000000004,0.19055249327009358,0.0,0.0,0.0
user16,0,T2,T2_GradientBoosting,0.02,0.5942717493533847,0.582,0.10300429184549356,0.41800000000000004,0.19055249327009358,0.0,0.0,0.0
user16,0,T2,T2_GradientBoosting,0.05,0.5942717493533847,0.582,0.10300429184549356,0.41800000000000004,0.19055249327009358,0.0,0.0,0.0
user16,0,T2,T2_GradientBoosting,0.08,0.5942717493533847,0.582,0.10300429184549356,0.41800000000000004,0.19055249327009358,0.0,0.0,0.0
user16,0,T2,T2_GradientBoosting,0.1,0.5942717493533847,0.582,0.10300429184549356,0.41800000000000004,0.19055249327009358,0.0,0.0,0.0
user16,0,T2,T2_GradientBoosting,0.15,0.5942717493533847,0.582,0.10300429184549356,0.41800000000000004,0.19055249327009358,0.0,0.0,0.0
user16,0,T2,T2_GradientBoosting,0.2,0.5942717493533847,0.582,0.10300429184549356,0.41800000000000004,0.19055249327009358,0.0,0.0,0.0
user16,0,T2,T2_XGBoost,0.0,0.641242504119873,0.662,0.15879828326180256,0.33799999999999997,0.1888394261807927,0.05,0.0,0.0
user16,0,T2,T2_XGBoost,0.02,0.641242504119873,0.662,0.15879828326180256,0.33799999999999997,0.1888394261807927,0.05,0.0,0.0
user16,0,T2,T2_XGBoost,0.05,0.641242504119873,0.662,0.15879828326180256,0.33799999999999997,0.1888394261807927,0.05,0.0,0.0
user16,0,T2,T2_XGBoost,0.08,0.641242504119873,0.662,0.15879828326180256,0.33799999999999997,0.1888394261807927,0.05,0.0,0.0
user16,0,T2,T2_XGBoost,0.1,0.641242504119873,0.662,0.15879828326180256,0.33799999999999997,0.1888394261807927,0.05,0.0,0.0
user16,0,T2,T2_XGBoost,0.15,0.641242504119873,0.662,0.15879828326180256,0.33799999999999997,0.1888394261807927,0.05,0.0,0.0
user16,0,T2,T2_XGBoost,0.2,0.641242504119873,0.662,0.15879828326180256,0.33799999999999997,0.1888394261807927,0.05,0.0,0.0
user16,0,T3,T3_1D_CNN,0.0,0.755393385887146,0.61,0.1459227467811159,0.39,0.25349896866369115,0.0,0.0,0.0
user16,0,T3,T3_1D_CNN,0.02,0.755393385887146,0.61,0.1459227467811159,0.39,0.25349896866369115,0.0,0.0,0.0
user16,0,T3,T3_1D_CNN,0.05,0.755393385887146,0.61,0.1459227467811159,0.39,0.25349896866369115,0.0,0.0,0.0
user16,0,T3,T3_1D_CNN,0.08,0.755393385887146,0.61,0.1459227467811159,0.39,0.25349896866369115,0.0,0.0,0.0
user16,0,T3,T3_1D_CNN,0.1,0.755393385887146,0.61,0.1459227467811159,0.39,0.25349896866369115,0.0,0.0,0.0
user16,0,T3,T3_1D_CNN,0.15,0.755393385887146,0.61,0.1459227467811159,0.39,0.25349896866369115,0.0,0.0,0.0
user16,0,T3,T3_1D_CNN,0.2,0.755393385887146,0.61,0.1459227467811159,0.39,0.25349896866369115,0.0,0.0,0.0
user20,0,T0,T0_DistanceProfile,0.0,0.6346799050154064,0.22466960352422907,0.19230769230769232,0.775330396475771,0.33401639344262296,0.0,0.0,0.0
user20,0,T0,T0_DistanceProfile,0.02,0.6346799050154064,0.22466960352422907,0.19230769230769232,0.775330396475771,0.33401639344262296,0.0,0.0,0.0
user20,0,T0,T0_DistanceProfile,0.05,0.6346799050154064,0.22466960352422907,0.19230769230769232,0.775330396475771,0.33401639344262296,0.0,0.0,0.0
user20,0,T0,T0_DistanceProfile,0.08,0.6346799050154064,0.22466960352422907,0.19230769230769232,0.775330396475771,0.33401639344262296,0.0,0.0,0.0
user20,0,T0,T0_DistanceProfile,0.1,0.6346799050154064,0.22466960352422907,0.19230769230769232,0.775330396475771,0.33401639344262296,0.0,0.0,0.0
user20,0,T0,T0_DistanceProfile,0.15,0.6346799050154064,0.22466960352422907,0.19230769230769232,0.775330396475771,0.33401639344262296,0.0,0.0,0.0
user20,0,T0,T0_DistanceProfile,0.2,0.6346799050154064,0.22466960352422907,0.19230769230769232,0.775330396475771,0.33401639344262296,0.0,0.0,0.0
user20,0,T1,T1_LogReg,0.0,0.7200643369966492,0.5506607929515418,0.057692307692307696,0.4493392070484582,0.13702185792349725,0.0,0.0,0.0
user20,0,T1,T1_LogReg,0.02,0.7200643369966492,0.5506607929515418,0.057692307692307696,0.4493392070484582,0.13702185792349725,0.0,0.0,0.0
user20,0,T1,T1_LogReg,0.05,0.7200643369966492,0.5506607929515418,0.057692307692307696,0.4493392070484582,0.13702185792349725,0.0,0.0,0.0
user20,0,T1,T1_LogReg,0.08,0.7200643369966492,0.5506607929515418,0.057692307692307696,0.4493392070484582,0.13702185792349725,0.0,0.0,0.0
user20,0,T1,T1_LogReg,0.1,0.7200643369966492,0.5506607929515418,0.057692307692307696,0.4493392070484582,0.13702185792349725,0.0,0.0,0.0
user20,0,T1,T1_LogReg,0.15,0.7200643369966492,0.5506607929515418,0.057692307692307696,0.4493392070484582,0.13702185792349725,0.0,0.0,0.0
user20,0,T1,T1_LogReg,0.2,0.7200643369966492,0.5506607929515418,0.057692307692307696,0.4493392070484582,0.13702185792349725,0.0,0.0,0.0
user20,0,T1,T1_SVM_RBF,0.0,0.45127279067840176,0.5330396475770925,0.125,0.46696035242290745,0.1612841530054645,0.0,0.0,0.0
user20,0,T1,T1_SVM_RBF,0.02,0.45127279067840176,0.5330396475770925,0.125,0.46696035242290745,0.1612841530054645,0.0,0.0,0.0
user20,0,T1,T1_SVM_RBF,0.05,0.45127279067840176,0.5330396475770925,0.125,0.46696035242290745,0.1612841530054645,0.0,0.0,0.0
user20,0,T1,T1_SVM_RBF,0.08,0.45127279067840176,0.5330396475770925,0.125,0.46696035242290745,0.1612841530054645,0.0,0.0,0.0
user20,0,T1,T1_SVM_RBF,0.1,0.45127279067840176,0.5330396475770925,0.125,0.46696035242290745,0.1612841530054645,0.0,0.0,0.0
user20,0,T1,T1_SVM_RBF,0.15,0.45127279067840176,0.5330396475770925,0.125,0.46696035242290745,0.1612841530054645,0.0,0.0,0.0
user20,0,T1,T1_SVM_RBF,0.2,0.45127279067840176,0.5330396475770925,0.125,0.46696035242290745,0.1612841530054645,0.0,0.0,0.0
user20,0,T1,T1_kNN,0.0,0.6,0.3392070484581498,0.04807692307692308,0.6607929515418502,0.22057377049180327,0.15,0.0,0.8
user20,0,T1,T1_kNN,0.02,0.6,0.3392070484581498,0.04807692307692308,0.6607929515418502,0.22057377049180327,0.15,0.0,0.8
user20,0,T1,T1_kNN,0.05,0.6,0.3392070484581498,0.04807692307692308,0.6607929515418502,0.22057377049180327,0.15,0.0,0.8
user20,0,T1,T1_kNN,0.08,0.6,0.3392070484581498,0.04807692307692308,0.6607929515418502,0.22057377049180327,0.15,0.0,0.8
user20,0,T1,T1_kNN,0.1,0.6,0.3392070484581498,0.04807692307692308,0.6607929515418502,0.22057377049180327,0.15,0.0,0.8
user20,0,T1,T1_kNN,0.15,0.6,0.3392070484581498,0.04807692307692308,0.6607929515418502,0.22057377049180327,0.15,0.0,0.8
user20,0,T1,T1_kNN,0.2,0.6,0.3392070484581498,0.04807692307692308,0.6607929515418502,0.22057377049180327,0.15,0.0,0.8
user20,0,T1,T1_DecisionTree,0.0,1.0000000000000002,0.0,0.0,1.0,0.24155737704918034,0.0,0.0,0.0
user20,0,T1,T1_DecisionTree,0.02,1.0000000000000002,0.0,0.0,1.0,0.24155737704918034,0.0,0.0,0.0
user20,0,T1,T1_DecisionTree,0.05,1.0000000000000002,0.0,0.0,1.0,0.24155737704918034,0.0,0.0,0.0
user20,0,T1,T1_DecisionTree,0.08,1.0000000000000002,0.0,0.0,1.0,0.24155737704918034,0.0,0.0,0.0
user20,0,T1,T1_DecisionTree,0.1,1.0000000000000002,0.0,0.0,1.0,0.24155737704918034,0.0,0.0,0.0
user20,0,T1,T1_DecisionTree,0.15,1.0000000000000002,0.0,0.0,1.0,0.24155737704918034,0.0,0.0,0.0
user20,0,T1,T1_DecisionTree,0.2,1.0000000000000002,0.0,0.0,1.0,0.24155737704918034,0.0,0.0,0.0
user20,0,T2,T2_RandomForest,0.0,0.38333333333333336,0.5242290748898678,0.009615384615384616,0.4757709251101322,0.15316939890710382,0.0,0.0,0.0
user20,0,T2,T2_RandomForest,0.02,0.38333333333333336,0.5242290748898678,0.009615384615384616,0.4757709251101322,0.15316939890710382,0.0,0.0,0.0
user20,0,T2,T2_RandomForest,0.05,0.38333333333333336,0.5242290748898678,0.009615384615384616,0.4757709251101322,0.15316939890710382,0.0,0.0,0.0
user20,0,T2,T2_RandomForest,0.08,0.38333333333333336,0.5242290748898678,0.009615384615384616,0.4757709251101322,0.15316939890710382,0.0,0.0,0.0
user20,0,T2,T2_RandomForest,0.1,0.38333333333333336,0.5242290748898678,0.009615384615384616,0.4757709251101322,0.15316939890710382,0.0,0.0,0.0
user20,0,T2,T2_RandomForest,0.15,0.38333333333333336,0.5242290748898678,0.009615384615384616,0.4757709251101322,0.15316939890710382,0.0,0.0,0.0
user20,0,T2,T2_RandomForest,0.2,0.38333333333333336,0.5242290748898678,0.009615384615384616,0.4757709251101322,0.15316939890710382,0.0,0.0,0.0
user20,0,T2,T2_ExtraTrees,0.0,0.39,0.4889867841409692,0.0,0.5110132158590308,0.13224043715846995,0.0,0.0,0.0
user20,0,T2,T2_ExtraTrees,0.02,0.39,0.4889867841409692,0.0,0.5110132158590308,0.13224043715846995,0.0,0.0,0.0
user20,0,T2,T2_ExtraTrees,0.05,0.39,0.4889867841409692,0.0,0.5110132158590308,0.13224043715846995,0.0,0.0,0.0
user20,0,T2,T2_ExtraTrees,0.08,0.39,0.4889867841409692,0.0,0.5110132158590308,0.13224043715846995,0.0,0.0,0.0
user20,0,T2,T2_ExtraTrees,0.1,0.39,0.4889867841409692,0.0,0.5110132158590308,0.13224043715846995,0.0,0.0,0.0
user20,0,T2,T2_ExtraTrees,0.15,0.39,0.4889867841409692,0.0,0.5110132158590308,0.13224043715846995,0.0,0.0,0.0
user20,0,T2,T2_ExtraTrees,0.2,0.39,0.4889867841409692,0.0,0.5110132158590308,0.13224043715846995,0.0,0.0,0.0
user20,0,T2,T2_GradientBoosting,0.0,0.36721849120850514,0.6343612334801763,0.038461538461538464,0.36563876651982374,0.12147540983606557,0.5,0.0,0.05
user20,0,T2,T2_GradientBoosting,0.02,0.36721849120850514,0.6343612334801763,0.038461538461538464,0.36563876651982374,0.12147540983606557,0.5,0.0,0.05
user20,0,T2,T2_GradientBoosting,0.05,0.36721849120850514,0.6343612334801763,0.038461538461538464,0.36563876651982374,0.12147540983606557,0.5,0.0,0.05
user20,0,T2,T2_GradientBoosting,0.08,0.36721849120850514,0.6343612334801763,0.038461538461538464,0.36563876651982374,0.12147540983606557,0.5,0.0,0.05
user20,0,T2,T2_GradientBoosting,0.1,0.36721849120850514,0.6343612334801763,0.038461538461538464,0.36563876651982374,0.12147540983606557,0.5,0.0,0.05
user20,0,T2,T2_GradientBoosting,0.15,0.36721849120850514,0.6343612334801763,0.038461538461538464,0.36563876651982374,0.12147540983606557,0.5,0.0,0.05
user20,0,T2,T2_GradientBoosting,0.2,0.36721849120850514,0.6343612334801763,0.038461538461538464,0.36563876651982374,0.12147540983606557,0.5,0.0,0.05
user20,0,T2,T2_XGBoost,0.0,0.33636221289634705,0.762114537444934,0.057692307692307696,0.23788546255506604,0.10456284153005466,0.0,0.0,0.0
user20,0,T2,T2_XGBoost,0.02,0.33636221289634705,0.762114537444934,0.057692307692307696,0.23788546255506604,0.10456284153005466,0.0,0.0,0.0
user20,0,T2,T2_XGBoost,0.05,0.33636221289634705,0.762114537444934,0.057692307692307696,0.23788546255506604,0.10456284153005466,0.0,0.0,0.0
user20,0,T2,T2_XGBoost,0.08,0.33636221289634705,0.762114537444934,0.057692307692307696,0.23788546255506604,0.10456284153005466,0.0,0.0,0.0
user20,0,T2,T2_XGBoost,0.1,0.33636221289634705,0.762114537444934,0.057692307692307696,0.23788546255506604,0.10456284153005466,0.0,0.0,0.0
user20,0,T2,T2_XGBoost,0.15,0.33636221289634705,0.762114537444934,0.057692307692307696,0.23788546255506604,0.10456284153005466,0.0,0.0,0.0
user20,0,T2,T2_XGBoost,0.2,0.33636221289634705,0.762114537444934,0.057692307692307696,0.23788546255506604,0.10456284153005466,0.0,0.0,0.0
user20,0,T3,T3_1D_CNN,0.0,0.5031062364578247,0.20704845814977973,0.009615384615384616,0.7929515418502202,0.36707650273224046,0.3,0.3,0.25
user20,0,T3,T3_1D_CNN,0.02,0.5031062364578247,0.20704845814977973,0.009615384615384616,0.7929515418502202,0.36707650273224046,0.3,0.3,0.25
user20,0,T3,T3_1D_CNN,0.05,0.5031062364578247,0.20704845814977973,0.009615384615384616,0.7929515418502202,0.36707650273224046,0.3,0.3,0.25
user20,0,T3,T3_1D_CNN,0.08,0.5031062364578247,0.20704845814977973,0.009615384615384616,0.7929515418502202,0.36707650273224046,0.3,0.3,0.25
user20,0,T3,T3_1D_CNN,0.1,0.5031062364578247,0.20704845814977973,0.009615384615384616,0.7929515418502202,0.36707650273224046,0.3,0.3,0.25
user20,0,T3,T3_1D_CNN,0.15,0.5031062364578247,0.20704845814977973,0.009615384615384616,0.7929515418502202,0.36707650273224046,0.3,0.3,0.25
user20,0,T3,T3_1D_CNN,0.2,0.5031062364578247,0.20704845814977973,0.009615384615384616,0.7929515418502202,0.36707650273224046,0.3,0.3,0.25
user21,0,T0,T0_DistanceProfile,0.0,0.6478493157571746,0.23170731707317074,0.2556390977443609,0.7682926829268293,0.3553214900810104,0.0,0.0,0.0
user21,0,T0,T0_DistanceProfile,0.02,0.6478493157571746,0.23170731707317074,0.2556390977443609,0.7682926829268293,0.3553214900810104,0.0,0.0,0.0
user21,0,T0,T0_DistanceProfile,0.05,0.6478493157571746,0.23170731707317074,0.2556390977443609,0.7682926829268293,0.3553214900810104,0.0,0.0,0.0
user21,0,T0,T0_DistanceProfile,0.08,0.6478493157571746,0.23170731707317074,0.2556390977443609,0.7682926829268293,0.3553214900810104,0.0,0.0,0.0
user21,0,T0,T0_DistanceProfile,0.1,0.6478493157571746,0.23170731707317074,0.2556390977443609,0.7682926829268293,0.3553214900810104,0.0,0.0,0.0
user21,0,T0,T0_DistanceProfile,0.15,0.6478493157571746,0.23170731707317074,0.2556390977443609,0.7682926829268293,0.3553214900810104,0.0,0.0,0.0
user21,0,T0,T0_DistanceProfile,0.2,0.6478493157571746,0.23170731707317074,0.2556390977443609,0.7682926829268293,0.3553214900810104,0.0,0.0,0.0
user21,0,T1,T1_LogReg,0.0,0.45469142270588087,0.7682926829268293,0.3082706766917293,0.23170731707317072,0.14370574727307522,0.0,1.0,0.0
user21,0,T1,T1_LogReg,0.02,0.45469142270588087,0.7682926829268293,0.3082706766917293,0.23170731707317072,0.14370574727307522,0.0,1.0,0.0
user21,0,T1,T1_LogReg,0.05,0.45469142270588087,0.7682926829268293,0.3082706766917293,0.23170731707317072,0.14370574727307522,0.0,1.0,0.0
user21,0,T1,T1_LogReg,0.08,0.45469142270588087,0.7682926829268293,0.3082706766917293,0.23170731707317072,0.14370574727307522,0.0,1.0,0.0
user21,0,T1,T1_LogReg,0.1,0.45469142270588087,0.7682926829268293,0.3082706766917293,0.23170731707317072,0.14370574727307522,0.0,1.0,0.0
user21,0,T1,T1_LogReg,0.15,0.45469142270588087,0.7682926829268293,0.3082706766917293,0.23170731707317072,0.14370574727307522,0.0,1.0,0.0
user21,0,T1,T1_LogReg,0.2,0.45469142270588087,0.7682926829268293,0.3082706766917293,0.23170731707317072,0.14370574727307522,0.0,1.0,0.0
user21,0,T1,T1_SVM_RBF,0.0,0.12324012357629341,0.8089430894308943,0.39097744360902253,0.19105691056910568,0.12840998490357425,0.0,0.0,0.0
user21,0,T1,T1_SVM_RBF,0.02,0.12324012357629341,0.8089430894308943,0.39097744360902253,0.19105691056910568,0.12840998490357425,0.0,0.0,0.0
user21,0,T1,T1_SVM_RBF,0.05,0.12324012357629341,0.8089430894308943,0.39097744360902253,0.19105691056910568,0.12840998490357425,0.0,0.0,0.0
user21,0,T1,T1_SVM_RBF,0.08,0.12324012357629341,0.8089430894308943,0.39097744360902253,0.19105691056910568,0.12840998490357425,0.0,0.0,0.0
user21,0,T1,T1_SVM_RBF,0.1,0.12324012357629341,0.8089430894308943,0.39097744360902253,0.19105691056910568,0.12840998490357425,0.0,0.0,0.0
user21,0,T1,T1_SVM_RBF,0.15,0.15,0.7845528455284553,0.3383458646616541,0.21544715447154472,0.12840998490357425,0.0,0.0,0.0
user21,0,T1,T1_SVM_RBF,0.2,0.2,0.7317073170731707,0.2781954887218045,0.2682926829268293,0.12840998490357425,0.0,0.0,0.0
user21,0,T1,T1_kNN,0.0,0.6,0.34959349593495936,0.08270676691729323,0.6504065040650406,0.24114679679360418,0.0,1.0,0.0
user21,0,T1,T1_kNN,0.02,0.6,0.34959349593495936,0.08270676691729323,0.6504065040650406,0.24114679679360418,0.0,1.0,0.0
user21,0,T1,T1_kNN,0.05,0.6,0.34959349593495936,0.08270676691729323,0.6504065040650406,0.24114679679360418,0.0,1.0,0.0
user21,0,T1,T1_kNN,0.08,0.6,0.34959349593495936,0.08270676691729323,0.6504065040650406,0.24114679679360418,0.0,1.0,0.0
user21,0,T1,T1_kNN,0.1,0.6,0.34959349593495936,0.08270676691729323,0.6504065040650406,0.24114679679360418,0.0,1.0,0.0
user21,0,T1,T1_kNN,0.15,0.6,0.34959349593495936,0.08270676691729323,0.6504065040650406,0.24114679679360418,0.0,1.0,0.0
user21,0,T1,T1_kNN,0.2,0.6,0.34959349593495936,0.08270676691729323,0.6504065040650406,0.24114679679360418,0.0,1.0,0.0
user21,0,T1,T1_DecisionTree,0.0,1.0,0.540650406504065,0.18796992481203006,0.45934959349593496,0.2878580085475537,0.0,0.5,0.05
user21,0,T1,T1_DecisionTree,0.02,1.0,0.540650406504065,0.18796992481203006,0.45934959349593496,0.2878580085475537,0.0,0.5,0.05
user21,0,T1,T1_DecisionTree,0.05,1.0,0.540650406504065,0.18796992481203006,0.45934959349593496,0.2878580085475537,0.0,0.5,0.05
user21,0,T1,T1_DecisionTree,0.08,1.0,0.540650406504065,0.18796992481203006,0.45934959349593496,0.2878580085475537,0.0,0.5,0.05
user21,0,T1,T1_DecisionTree,0.1,1.0,0.540650406504065,0.18796992481203006,0.45934959349593496,0.2878580085475537,0.0,0.5,0.05
user21,0,T1,T1_DecisionTree,0.15,1.0,0.540650406504065,0.18796992481203006,0.45934959349593496,0.2878580085475537,0.0,0.5,0.05
user21,0,T1,T1_DecisionTree,0.2,1.0,0.540650406504065,0.18796992481203006,0.45934959349593496,0.2878580085475537,0.0,0.5,0.05
user21,0,T2,T2_RandomForest,0.0,0.22,0.8577235772357723,0.45864661654135336,0.1422764227642277,0.12646445961174546,0.0,0.65,0.0
user21,0,T2,T2_RandomForest,0.02,0.22,0.8577235772357723,0.45864661654135336,0.1422764227642277,0.12646445961174546,0.0,0.65,0.0
user21,0,T2,T2_RandomForest,0.05,0.22,0.8577235772357723,0.45864661654135336,0.1422764227642277,0.12646445961174546,0.0,0.65,0.0
user21,0,T2,T2_RandomForest,0.08,0.22,0.8577235772357723,0.45864661654135336,0.1422764227642277,0.12646445961174546,0.0,0.65,0.0
user21,0,T2,T2_RandomForest,0.1,0.22,0.8577235772357723,0.45864661654135336,0.1422764227642277,0.12646445961174546,0.0,0.65,0.0
user21,0,T2,T2_RandomForest,0.15,0.22,0.8577235772357723,0.45864661654135336,0.1422764227642277,0.12646445961174546,0.0,0.65,0.0
user21,0,T2,T2_RandomForest,0.2,0.22,0.8577235772357723,0.45864661654135336,0.1422764227642277,0.12646445961174546,0.0,0.65,0.0
user21,0,T2,T2_ExtraTrees,0.0,0.25,0.7804878048780488,0.39097744360902253,0.2195121951219512,0.14838351300206248,0.0,1.0,0.05
user21,0,T2,T2_ExtraTrees,0.02,0.25,0.7804878048780488,0.39097744360902253,0.2195121951219512,0.14838351300206248,0.0,1.0,0.05
user21,0,T2,T2_ExtraTrees,0.05,0.25,0.7804878048780488,0.39097744360902253,0.2195121951219512,0.14838351300206248,0.0,1.0,0.05
user21,0,T2,T2_ExtraTrees,0.08,0.25,0.7804878048780488,0.39097744360902253,0.2195121951219512,0.14838351300206248,0.0,1.0,0.05
user21,0,T2,T2_ExtraTrees,0.1,0.25,0.7804878048780488,0.39097744360902253,0.2195121951219512,0.14838351300206248,0.0,1.0,0.05
user21,0,T2,T2_ExtraTrees,0.15,0.25,0.7804878048780488,0.39097744360902253,0.2195121951219512,0.14838351300206248,0.0,1.0,0.05
user21,0,T2,T2_ExtraTrees,0.2,0.25,0.7804878048780488,0.39097744360902253,0.2195121951219512,0.14838351300206248,0.0,1.0,0.05
user21,0,T2,T2_GradientBoosting,0.0,0.1370021086423507,0.8821138211382114,0.47368421052631576,0.11788617886178865,0.1030756309668091,0.0,1.0,0.6
user21,0,T2,T2_GradientBoosting,0.02,0.1370021086423507,0.8821138211382114,0.47368421052631576,0.11788617886178865,0.1030756309668091,0.0,1.0,0.6
user21,0,T2,T2_GradientBoosting,0.05,0.1370021086423507,0.8821138211382114,0.47368421052631576,0.11788617886178865,0.1030756309668091,0.0,1.0,0.6
user21,0,T2,T2_GradientBoosting,0.08,0.1370021086423507,0.8821138211382114,0.47368421052631576,0.11788617886178865,0.1030756309668091,0.0,1.0,0.6
user21,0,T2,T2_GradientBoosting,0.1,0.1370021086423507,0.8821138211382114,0.47368421052631576,0.11788617886178865,0.1030756309668091,0.0,1.0,0.6
user21,0,T2,T2_GradientBoosting,0.15,0.15,0.8699186991869918,0.45864661654135336,0.13008130081300817,0.1030756309668091,0.0,1.0,0.55
user21,0,T2,T2_GradientBoosting,0.2,0.2,0.8048780487804879,0.3308270676691729,0.19512195121951215,0.1030756309668091,0.0,1.0,0.4
user21,0,T2,T2_XGBoost,0.0,0.08724819868803024,0.926829268292683,0.48120300751879697,0.07317073170731703,0.09187822925304587,0.0,1.0,0.35
user21,0,T2,T2_XGBoost,0.02,0.08724819868803024,0.926829268292683,0.48120300751879697,0.07317073170731703,0.09187822925304587,0.0,1.0,0.35
user21,0,T2,T2_XGBoost,0.05,0.08724819868803024,0.926829268292683,0.48120300751879697,0.07317073170731703,0.09187822925304587,0.0,1.0,0.35
user21,0,T2,T2_XGBoost,0.08,0.08724819868803024,0.926829268292683,0.48120300751879697,0.07317073170731703,0.09187822925304587,0.0,1.0,0.35
user21,0,T2,T2_XGBoost,0.1,0.1,0.9105691056910569,0.45864661654135336,0.08943089430894313,0.09187822925304587,0.0,1.0,0.35
user21,0,T2,T2_XGBoost,0.15,0.15,0.8699186991869918,0.38345864661654133,0.13008130081300817,0.09187822925304587,0.0,1.0,0.25
user21,0,T2,T2_XGBoost,0.2,0.2,0.8373983739837398,0.3233082706766917,0.16260162601626016,0.09187822925304587,0.0,1.0,0.25
user21,0,T3,T3_1D_CNN,0.0,0.5257570147514343,0.34146341463414637,0.24812030075187969,0.6585365853658536,0.32131466479556037,0.0,0.15,0.0
user21,0,T3,T3_1D_CNN,0.02,0.5257570147514343,0.34146341463414637,0.24812030075187969,0.6585365853658536,0.32131466479556037,0.0,0.15,0.0
user21,0,T3,T3_1D_CNN,0.05,0.5257570147514343,0.34146341463414637,0.24812030075187969,0.6585365853658536,0.32131466479556037,0.0,0.15,0.0
user21,0,T3,T3_1D_CNN,0.08,0.5257570147514343,0.34146341463414637,0.24812030075187969,0.6585365853658536,0.32131466479556037,0.0,0.15,0.0
user21,0,T3,T3_1D_CNN,0.1,0.5257570147514343,0.34146341463414637,0.24812030075187969,0.6585365853658536,0.32131466479556037,0.0,0.15,0.0
user21,0,T3,T3_1D_CNN,0.15,0.5257570147514343,0.34146341463414637,0.24812030075187969,0.6585365853658536,0.32131466479556037,0.0,0.15,0.0
user21,0,T3,T3_1D_CNN,0.2,0.5257570147514343,0.34146341463414637,0.24812030075187969,0.6585365853658536,0.32131466479556037,0.0,0.15,0.0
user23,0,T0,T0_DistanceProfile,0.0,0.6507205609319365,0.2708333333333333,0.11336032388663968,0.7291666666666667,0.42762505693540176,0.0,0.0,0.0
user23,0,T0,T0_DistanceProfile,0.02,0.6507205609319365,0.2708333333333333,0.11336032388663968,0.7291666666666667,0.42762505693540176,0.0,0.0,0.0
user23,0,T0,T0_DistanceProfile,0.05,0.6507205609319365,0.2708333333333333,0.11336032388663968,0.7291666666666667,0.42762505693540176,0.0,0.0,0.0
user23,0,T0,T0_DistanceProfile,0.08,0.6507205609319365,0.2708333333333333,0.11336032388663968,0.7291666666666667,0.42762505693540176,0.0,0.0,0.0
user23,0,T0,T0_DistanceProfile,0.1,0.6507205609319365,0.2708333333333333,0.11336032388663968,0.7291666666666667,0.42762505693540176,0.0,0.0,0.0
user23,0,T0,T0_DistanceProfile,0.15,0.6507205609319365,0.2708333333333333,0.11336032388663968,0.7291666666666667,0.42762505693540176,0.0,0.0,0.0
user23,0,T0,T0_DistanceProfile,0.2,0.6507205609319365,0.2708333333333333,0.11336032388663968,0.7291666666666667,0.42762505693540176,0.0,0.0,0.0
user23,0,T1,T1_LogReg,0.0,0.8145004029378342,0.4041666666666667,0.06477732793522267,0.5958333333333333,0.2686279238003376,0.85,0.0,0.0
user23,0,T1,T1_LogReg,0.02,0.8145004029378342,0.4041666666666667,0.06477732793522267,0.5958333333333333,0.2686279238003376,0.85,0.0,0.0
user23,0,T1,T1_LogReg,0.05,0.8145004029378342,0.4041666666666667,0.06477732793522267,0.5958333333333333,0.2686279238003376,0.85,0.0,0.0
user23,0,T1,T1_LogReg,0.08,0.8145004029378342,0.4041666666666667,0.06477732793522267,0.5958333333333333,0.2686279238003376,0.85,0.0,0.0
user23,0,T1,T1_LogReg,0.1,0.8145004029378342,0.4041666666666667,0.06477732793522267,0.5958333333333333,0.2686279238003376,0.85,0.0,0.0
user23,0,T1,T1_LogReg,0.15,0.8145004029378342,0.4041666666666667,0.06477732793522267,0.5958333333333333,0.2686279238003376,0.85,0.0,0.0
user23,0,T1,T1_LogReg,0.2,0.8145004029378342,0.4041666666666667,0.06477732793522267,0.5958333333333333,0.2686279238003376,0.85,0.0,0.0
user23,0,T1,T1_SVM_RBF,0.0,0.6272095834461013,0.4375,0.07692307692307693,0.5625,0.26414007448490207,0.0,0.0,0.0
user23,0,T1,T1_SVM_RBF,0.02,0.6272095834461013,0.4375,0.07692307692307693,0.5625,0.26414007448490207,0.0,0.0,0.0
user23,0,T1,T1_SVM_RBF,0.05,0.6272095834461013,0.4375,0.07692307692307693,0.5625,0.26414007448490207,0.0,0.0,0.0
user23,0,T1,T1_SVM_RBF,0.08,0.6272095834461013,0.4375,0.07692307692307693,0.5625,0.26414007448490207,0.0,0.0,0.0
user23,0,T1,T1_SVM_RBF,0.1,0.6272095834461013,0.4375,0.07692307692307693,0.5625,0.26414007448490207,0.0,0.0,0.0
user23,0,T1,T1_SVM_RBF,0.15,0.6272095834461013,0.4375,0.07692307692307693,0.5625,0.26414007448490207,0.0,0.0,0.0
user23,0,T1,T1_SVM_RBF,0.2,0.6272095834461013,0.4375,0.07692307692307693,0.5625,0.26414007448490207,0.0,0.0,0.0
user23,0,T1,T1_kNN,0.0,0.8,0.2375,0.05668016194331984,0.7625,0.32057310505586367,0.05,0.0,0.0
user23,0,T1,T1_kNN,0.02,0.8,0.2375,0.05668016194331984,0.7625,0.32057310505586367,0.05,0.0,0.0
user23,0,T1,T1_kNN,0.05,0.8,0.2375,0.05668016194331984,0.7625,0.32057310505586367,0.05,0.0,0.0
user23,0,T1,T1_kNN,0.08,0.8,0.2375,0.05668016194331984,0.7625,0.32057310505586367,0.05,0.0,0.0
user23,0,T1,T1_kNN,0.1,0.8,0.2375,0.05668016194331984,0.7625,0.32057310505586367,0.05,0.0,0.0
user23,0,T1,T1_kNN,0.15,0.8,0.2375,0.05668016194331984,0.7625,0.32057310505586367,0.05,0.0,0.0
user23,0,T1,T1_kNN,0.2,0.8,0.2375,0.05668016194331984,0.7625,0.32057310505586367,0.05,0.0,0.0
user23,0,T1,T1_DecisionTree,0.0,1.0000000000000002,0.0,0.0,1.0,0.35408461270530234,0.0,0.0,0.0
user23,0,T1,T1_DecisionTree,0.02,1.0000000000000002,0.0,0.0,1.0,0.35408461270530234,0.0,0.0,0.0
user23,0,T1,T1_DecisionTree,0.05,1.0000000000000002,0.0,0.0,1.0,0.35408461270530234,0.0,0.0,0.0
user23,0,T1,T1_DecisionTree,0.08,1.0000000000000002,0.0,0.0,1.0,0.35408461270530234,0.0,0.0,0.0
user23,0,T1,T1_DecisionTree,0.1,1.0000000000000002,0.0,0.0,1.0,0.35408461270530234,0.0,0.0,0.0
user23,0,T1,T1_DecisionTree,0.15,1.0000000000000002,0.0,0.0,1.0,0.35408461270530234,0.0,0.0,0.0
user23,0,T1,T1_DecisionTree,0.2,1.0000000000000002,0.0,0.0,1.0,0.35408461270530234,0.0,0.0,0.0
user23,0,T2,T2_RandomForest,0.0,0.4166666666666667,0.5833333333333334,0.06477732793522267,0.41666666666666663,0.24170082790772446,0.0,0.0,0.0
user23,0,T2,T2_RandomForest,0.02,0.4166666666666667,0.5833333333333334,0.06477732793522267,0.41666666666666663,0.24170082790772446,0.0,0.0,0.0
user23,0,T2,T2_RandomForest,0.05,0.4166666666666667,0.5833333333333334,0.06477732793522267,0.41666666666666663,0.24170082790772446,0.0,0.0,0.0
user23,0,T2,T2_RandomForest,0.08,0.4166666666666667,0.5833333333333334,0.06477732793522267,0.41666666666666663,0.24170082790772446,0.0,0.0,0.0
user23,0,T2,T2_RandomForest,0.1,0.4166666666666667,0.5833333333333334,0.06477732793522267,0.41666666666666663,0.24170082790772446,0.0,0.0,0.0
user23,0,T2,T2_RandomForest,0.15,0.4166666666666667,0.5833333333333334,0.06477732793522267,0.41666666666666663,0.24170082790772446,0.0,0.0,0.0
user23,0,T2,T2_RandomForest,0.2,0.4166666666666667,0.5833333333333334,0.06477732793522267,0.41666666666666663,0.24170082790772446,0.0,0.0,0.0
user23,0,T2,T2_ExtraTrees,0.0,0.45,0.5166666666666667,0.05668016194331984,0.4833333333333333,0.244835624145969,0.5,0.0,0.0
user23,0,T2,T2_ExtraTrees,0.02,0.45,0.5166666666666667,0.05668016194331984,0.4833333333333333,0.244835624145969,0.5,0.0,0.0
user23,0,T2,T2_ExtraTrees,0.05,0.45,0.5166666666666667,0.05668016194331984,0.4833333333333333,0.244835624145969,0.5,0.0,0.0
user23,0,T2,T2_ExtraTrees,0.08,0.45,0.5166666666666667,0.05668016194331984,0.4833333333333333,0.244835624145969,0.5,0.0,0.0
user23,0,T2,T2_ExtraTrees,0.1,0.45,0.5166666666666667,0.05668016194331984,0.4833333333333333,0.244835624145969,0.5,0.0,0.0
user23,0,T2,T2_ExtraTrees,0.15,0.45,0.5166666666666667,0.05668016194331984,0.4833333333333333,0.244835624145969,0.5,0.0,0.0
user23,0,T2,T2_ExtraTrees,0.2,0.45,0.5166666666666667,0.05668016194331984,0.4833333333333333,0.244835624145969,0.5,0.0,0.0
user23,0,T2,T2_GradientBoosting,0.0,0.5152645980934705,0.6,0.0728744939271255,0.4,0.24853977440184338,1.0,0.0,0.05
user23,0,T2,T2_GradientBoosting,0.02,0.5152645980934705,0.6,0.0728744939271255,0.4,0.24853977440184338,1.0,0.0,0.05
user23,0,T2,T2_GradientBoosting,0.05,0.5152645980934705,0.6,0.0728744939271255,0.4,0.24853977440184338,1.0,0.0,0.05
user23,0,T2,T2_GradientBoosting,0.08,0.5152645980934705,0.6,0.0728744939271255,0.4,0.24853977440184338,1.0,0.0,0.05
user23,0,T2,T2_GradientBoosting,0.1,0.5152645980934705,0.6,0.0728744939271255,0.4,0.24853977440184338,1.0,0.0,0.05
user23,0,T2,T2_GradientBoosting,0.15,0.5152645980934705,0.6,0.0728744939271255,0.4,0.24853977440184338,1.0,0.0,0.05
user23,0,T2,T2_GradientBoosting,0.2,0.5152645980934705,0.6,0.0728744939271255,0.4,0.24853977440184338,1.0,0.0,0.05
user23,0,T2,T2_XGBoost,0.0,0.5385617017745972,0.6458333333333334,0.08097165991902834,0.35416666666666663,0.22239637756879135,1.0,0.0,0.0
user23,0,T2,T2_XGBoost,0.02,0.5385617017745972,0.6458333333333334,0.08097165991902834,0.35416666666666663,0.22239637756879135,1.0,0.0,0.0
user23,0,T2,T2_XGBoost,0.05,0.5385617017745972,0.6458333333333334,0.08097165991902834,0.35416666666666663,0.22239637756879135,1.0,0.0,0.0
user23,0,T2,T2_XGBoost,0.08,0.5385617017745972,0.6458333333333334,0.08097165991902834,0.35416666666666663,0.22239637756879135,1.0,0.0,0.0
user23,0,T2,T2_XGBoost,0.1,0.5385617017745972,0.6458333333333334,0.08097165991902834,0.35416666666666663,0.22239637756879135,1.0,0.0,0.0
user23,0,T2,T2_XGBoost,0.15,0.5385617017745972,0.6458333333333334,0.08097165991902834,0.35416666666666663,0.22239637756879135,1.0,0.0,0.0
user23,0,T2,T2_XGBoost,0.2,0.5385617017745972,0.6458333333333334,0.08097165991902834,0.35416666666666663,0.22239637756879135,1.0,0.0,0.0
user23,0,T3,T3_1D_CNN,0.0,0.3588799238204956,0.21666666666666667,0.06882591093117409,0.7833333333333333,0.3447070171208102,0.05,0.0,0.0
user23,0,T3,T3_1D_CNN,0.02,0.3588799238204956,0.21666666666666667,0.06882591093117409,0.7833333333333333,0.3447070171208102,0.05,0.0,0.0
user23,0,T3,T3_1D_CNN,0.05,0.3588799238204956,0.21666666666666667,0.06882591093117409,0.7833333333333333,0.3447070171208102,0.05,0.0,0.0
user23,0,T3,T3_1D_CNN,0.08,0.3588799238204956,0.21666666666666667,0.06882591093117409,0.7833333333333333,0.3447070171208102,0.05,0.0,0.0
user23,0,T3,T3_1D_CNN,0.1,0.3588799238204956,0.21666666666666667,0.06882591093117409,0.7833333333333333,0.3447070171208102,0.05,0.0,0.0
user23,0,T3,T3_1D_CNN,0.15,0.3588799238204956,0.21666666666666667,0.06882591093117409,0.7833333333333333,0.3447070171208102,0.05,0.0,0.0
user23,0,T3,T3_1D_CNN,0.2,0.3588799238204956,0.21666666666666667,0.06882591093117409,0.7833333333333333,0.3447070171208102,0.05,0.0,0.0
user29,0,T0,T0_DistanceProfile,0.0,0.6318235594934214,0.4763779527559055,0.20833333333333334,0.5236220472440944,0.3138202430470598,0.0,0.0,0.0
user29,0,T0,T0_DistanceProfile,0.02,0.6318235594934214,0.4763779527559055,0.20833333333333334,0.5236220472440944,0.3138202430470598,0.0,0.0,0.0
user29,0,T0,T0_DistanceProfile,0.05,0.6318235594934214,0.4763779527559055,0.20833333333333334,0.5236220472440944,0.3138202430470598,0.0,0.0,0.0
user29,0,T0,T0_DistanceProfile,0.08,0.6318235594934214,0.4763779527559055,0.20833333333333334,0.5236220472440944,0.3138202430470598,0.0,0.0,0.0
user29,0,T0,T0_DistanceProfile,0.1,0.6318235594934214,0.4763779527559055,0.20833333333333334,0.5236220472440944,0.3138202430470598,0.0,0.0,0.0
user29,0,T0,T0_DistanceProfile,0.15,0.6318235594934214,0.4763779527559055,0.20833333333333334,0.5236220472440944,0.3138202430470598,0.0,0.0,0.0
user29,0,T0,T0_DistanceProfile,0.2,0.6318235594934214,0.4763779527559055,0.20833333333333334,0.5236220472440944,0.3138202430470598,0.0,0.0,0.0
user29,0,T1,T1_LogReg,0.0,0.48314467779885867,0.8307086614173228,0.4,0.1692913385826772,0.1490804175842101,0.0,0.0,0.0
user29,0,T1,T1_LogReg,0.02,0.48314467779885867,0.8307086614173228,0.4,0.1692913385826772,0.1490804175842101,0.0,0.0,0.0
user29,0,T1,T1_LogReg,0.05,0.48314467779885867,0.8307086614173228,0.4,0.1692913385826772,0.1490804175842101,0.0,0.0,0.0
user29,0,T1,T1_LogReg,0.08,0.48314467779885867,0.8307086614173228,0.4,0.1692913385826772,0.1490804175842101,0.0,0.0,0.0
user29,0,T1,T1_LogReg,0.1,0.48314467779885867,0.8307086614173228,0.4,0.1692913385826772,0.1490804175842101,0.0,0.0,0.0
user29,0,T1,T1_LogReg,0.15,0.48314467779885867,0.8307086614173228,0.4,0.1692913385826772,0.1490804175842101,0.0,0.0,0.0
user29,0,T1,T1_LogReg,0.2,0.48314467779885867,0.8307086614173228,0.4,0.1692913385826772,0.1490804175842101,0.0,0.0,0.0
user29,0,T1,T1_SVM_RBF,0.0,0.14426302471224883,0.8543307086614174,0.4166666666666667,0.14566929133858264,0.12820120707935728,0.0,0.0,0.0
user29,0,T1,T1_SVM_RBF,0.02,0.14426302471224883,0.8543307086614174,0.4166666666666667,0.14566929133858264,0.12820120707935728,0.0,0.0,0.0
user29,0,T1,T1_SVM_RBF,0.05,0.14426302471224883,0.8543307086614174,0.4166666666666667,0.14566929133858264,0.12820120707935728,0.0,0.0,0.0
user29,0,T1,T1_SVM_RBF,0.08,0.14426302471224883,0.8543307086614174,0.4166666666666667,0.14566929133858264,0.12820120707935728,0.0,0.0,0.0
user29,0,T1,T1_SVM_RBF,0.1,0.14426302471224883,0.8543307086614174,0.4166666666666667,0.14566929133858264,0.12820120707935728,0.0,0.0,0.0
user29,0,T1,T1_SVM_RBF,0.15,0.15,0.8543307086614174,0.4166666666666667,0.14566929133858264,0.12820120707935728,0.0,0.0,0.0
user29,0,T1,T1_SVM_RBF,0.2,0.2,0.7992125984251969,0.3416666666666667,0.20078740157480313,0.12820120707935728,0.0,0.0,0.0
user29,0,T1,T1_kNN,0.0,0.4,0.6771653543307087,0.275,0.3228346456692913,0.2324545306255607,0.0,0.0,0.0
user29,0,T1,T1_kNN,0.02,0.4,0.6771653543307087,0.275,0.3228346456692913,0.2324545306255607,0.0,0.0,0.0
user29,0,T1,T1_kNN,0.05,0.4,0.6771653543307087,0.275,0.3228346456692913,0.2324545306255607,0.0,0.0,0.0
user29,0,T1,T1_kNN,0.08,0.4,0.6771653543307087,0.275,0.3228346456692913,0.2324545306255607,0.0,0.0,0.0
user29,0,T1,T1_kNN,0.1,0.4,0.6771653543307087,0.275,0.3228346456692913,0.2324545306255607,0.0,0.0,0.0
user29,0,T1,T1_kNN,0.15,0.4,0.6771653543307087,0.275,0.3228346456692913,0.2324545306255607,0.0,0.0,0.0
user29,0,T1,T1_kNN,0.2,0.4,0.6771653543307087,0.275,0.3228346456692913,0.2324545306255607,0.0,0.0,0.0
user29,0,T1,T1_DecisionTree,0.0,1.0,0.5393700787401575,0.23333333333333334,0.4606299212598425,0.3311006443193867,0.0,0.0,0.0
user29,0,T1,T1_DecisionTree,0.02,1.0,0.5393700787401575,0.23333333333333334,0.4606299212598425,0.3311006443193867,0.0,0.0,0.0
user29,0,T1,T1_DecisionTree,0.05,1.0,0.5393700787401575,0.23333333333333334,0.4606299212598425,0.3311006443193867,0.0,0.0,0.0
user29,0,T1,T1_DecisionTree,0.08,1.0,0.5393700787401575,0.23333333333333334,0.4606299212598425,0.3311006443193867,0.0,0.0,0.0
user29,0,T1,T1_DecisionTree,0.1,1.0,0.5393700787401575,0.23333333333333334,0.4606299212598425,0.3311006443193867,0.0,0.0,0.0
user29,0,T1,T1_DecisionTree,0.15,1.0,0.5393700787401575,0.23333333333333334,0.4606299212598425,0.3311006443193867,0.0,0.0,0.0
user29,0,T1,T1_DecisionTree,0.2,1.0,0.5393700787401575,0.23333333333333334,0.4606299212598425,0.3311006443193867,0.0,0.0,0.0
user29,0,T2,T2_RandomForest,0.0,0.17,0.8779527559055118,0.425,0.1220472440944882,0.14249449473941767,0.7,1.0,0.8
user29,0,T2,T2_RandomForest,0.02,0.17,0.8779527559055118,0.425,0.1220472440944882,0.14249449473941767,0.7,1.0,0.8
user29,0,T2,T2_RandomForest,0.05,0.17,0.8779527559055118,0.425,0.1220472440944882,0.14249449473941767,0.7,1.0,0.8
user29,0,T2,T2_RandomForest,0.08,0.17,0.8779527559055118,0.425,0.1220472440944882,0.14249449473941767,0.7,1.0,0.8
user29,0,T2,T2_RandomForest,0.1,0.17,0.8779527559055118,0.425,0.1220472440944882,0.14249449473941767,0.7,1.0,0.8
user29,0,T2,T2_RandomForest,0.15,0.17,0.8779527559055118,0.425,0.1220472440944882,0.14249449473941767,0.7,1.0,0.8
user29,0,T2,T2_RandomForest,0.2,0.2,0.8385826771653543,0.4,0.16141732283464572,0.14249449473941767,0.15,1.0,0.2
user29,0,T2,T2_ExtraTrees,0.0,0.18333333333333332,0.8582677165354331,0.425,0.1417322834645669,0.12503058478101298,0.05,1.0,0.55
user29,0,T2,T2_ExtraTrees,0.02,0.18333333333333332,0.8582677165354331,0.425,0.1417322834645669,0.12503058478101298,0.05,1.0,0.55
user29,0,T2,T2_ExtraTrees,0.05,0.18333333333333332,0.8582677165354331,0.425,0.1417322834645669,0.12503058478101298,0.05,1.0,0.55
user29,0,T2,T2_ExtraTrees,0.08,0.18333333333333332,0.8582677165354331,0.425,0.1417322834645669,0.12503058478101298,0.05,1.0,0.55
user29,0,T2,T2_ExtraTrees,0.1,0.18333333333333332,0.8582677165354331,0.425,0.1417322834645669,0.12503058478101298,0.05,1.0,0.55
user29,0,T2,T2_ExtraTrees,0.15,0.18333333333333332,0.8582677165354331,0.425,0.1417322834645669,0.12503058478101298,0.05,1.0,0.55
user29,0,T2,T2_ExtraTrees,0.2,0.2,0.8346456692913385,0.4083333333333333,0.16535433070866146,0.12503058478101298,0.0,1.0,0.5
user29,0,T2,T2_GradientBoosting,0.0,0.1396086621600428,0.8188976377952756,0.38333333333333336,0.18110236220472442,0.15430022021042328,0.55,1.0,0.5
user29,0,T2,T2_GradientBoosting,0.02,0.1396086621600428,0.8188976377952756,0.38333333333333336,0.18110236220472442,0.15430022021042328,0.55,1.0,0.5
user29,0,T2,T2_GradientBoosting,0.05,0.1396086621600428,0.8188976377952756,0.38333333333333336,0.18110236220472442,0.15430022021042328,0.55,1.0,0.5
user29,0,T2,T2_GradientBoosting,0.08,0.1396086621600428,0.8188976377952756,0.38333333333333336,0.18110236220472442,0.15430022021042328,0.55,1.0,0.5
user29,0,T2,T2_GradientBoosting,0.1,0.1396086621600428,0.8188976377952756,0.38333333333333336,0.18110236220472442,0.15430022021042328,0.55,1.0,0.5
user29,0,T2,T2_GradientBoosting,0.15,0.15,0.8070866141732284,0.36666666666666664,0.19291338582677164,0.15430022021042328,0.55,1.0,0.4
user29,0,T2,T2_GradientBoosting,0.2,0.2,0.7637795275590551,0.31666666666666665,0.2362204724409449,0.15430022021042328,0.4,1.0,0.2
user29,0,T2,T2_XGBoost,0.0,0.07279977202415466,0.8858267716535433,0.43333333333333335,0.11417322834645671,0.11912772204551016,0.1,1.0,0.05
user29,0,T2,T2_XGBoost,0.02,0.07279977202415466,0.8858267716535433,0.43333333333333335,0.11417322834645671,0.11912772204551016,0.1,1.0,0.05
user29,0,T2,T2_XGBoost,0.05,0.07279977202415466,0.8858267716535433,0.43333333333333335,0.11417322834645671,0.11912772204551016,0.1,1.0,0.05
user29,0,T2,T2_XGBoost,0.08,0.08,0.8818897637795275,0.43333333333333335,0.11811023622047245,0.11912772204551016,0.05,1.0,0.05
user29,0,T2,T2_XGBoost,0.1,0.1,0.8622047244094488,0.4,0.13779527559055116,0.11912772204551016,0.0,1.0,0.05
user29,0,T2,T2_XGBoost,0.15,0.15,0.8070866141732284,0.3333333333333333,0.19291338582677164,0.11912772204551016,0.0,0.75,0.0
user29,0,T2,T2_XGBoost,0.2,0.2,0.7874015748031497,0.30833333333333335,0.21259842519685035,0.11912772204551016,0.0,0.45,0.0
user29,0,T3,T3_1D_CNN,0.0,0.03752579912543297,0.8543307086614174,0.31666666666666665,0.14566929133858264,0.1817653535600685,0.4,0.3,0.1
user29,0,T3,T3_1D_CNN,0.02,0.03752579912543297,0.8543307086614174,0.31666666666666665,0.14566929133858264,0.1817653535600685,0.4,0.3,0.1
user29,0,T3,T3_1D_CNN,0.05,0.05,0.8307086614173228,0.2916666666666667,0.1692913385826772,0.1817653535600685,0.35,0.2,0.0
user29,0,T3,T3_1D_CNN,0.08,0.08,0.7913385826771654,0.24166666666666667,0.2086614173228346,0.1817653535600685,0.1,0.05,0.0
user29,0,T3,T3_1D_CNN,0.1,0.1,0.7755905511811023,0.23333333333333334,0.22440944881889768,0.1817653535600685,0.1,0.05,0.0
user29,0,T3,T3_1D_CNN,0.15,0.15,0.7401574803149606,0.18333333333333332,0.25984251968503935,0.1817653535600685,0.1,0.0,0.0
user29,0,T3,T3_1D_CNN,0.2,0.2,0.7125984251968503,0.15833333333333333,0.28740157480314965,0.1817653535600685,0.05,0.0,0.0
user35,0,T0,T0_DistanceProfile,0.0,0.6720827123934674,0.12446351931330472,0.07954545454545454,0.8755364806866953,0.3839035964035964,0.0,0.0,0.0
user35,0,T0,T0_DistanceProfile,0.02,0.6720827123934674,0.12446351931330472,0.07954545454545454,0.8755364806866953,0.3839035964035964,0.0,0.0,0.0
user35,0,T0,T0_DistanceProfile,0.05,0.6720827123934674,0.12446351931330472,0.07954545454545454,0.8755364806866953,0.3839035964035964,0.0,0.0,0.0
user35,0,T0,T0_DistanceProfile,0.08,0.6720827123934674,0.12446351931330472,0.07954545454545454,0.8755364806866953,0.3839035964035964,0.0,0.0,0.0
user35,0,T0,T0_DistanceProfile,0.1,0.6720827123934674,0.12446351931330472,0.07954545454545454,0.8755364806866953,0.3839035964035964,0.0,0.0,0.0
user35,0,T0,T0_DistanceProfile,0.15,0.6720827123934674,0.12446351931330472,0.07954545454545454,0.8755364806866953,0.3839035964035964,0.0,0.0,0.0
user35,0,T0,T0_DistanceProfile,0.2,0.6720827123934674,0.12446351931330472,0.07954545454545454,0.8755364806866953,0.3839035964035964,0.0,0.0,0.0
user35,0,T1,T1_LogReg,0.0,0.8086445676423178,0.3905579399141631,0.08181818181818182,0.6094420600858369,0.29105894105894103,0.05,1.0,0.0
user35,0,T1,T1_LogReg,0.02,0.8086445676423178,0.3905579399141631,0.08181818181818182,0.6094420600858369,0.29105894105894103,0.05,1.0,0.0
user35,0,T1,T1_LogReg,0.05,0.8086445676423178,0.3905579399141631,0.08181818181818182,0.6094420600858369,0.29105894105894103,0.05,1.0,0.0
user35,0,T1,T1_LogReg,0.08,0.8086445676423178,0.3905579399141631,0.08181818181818182,0.6094420600858369,0.29105894105894103,0.05,1.0,0.0
user35,0,T1,T1_LogReg,0.1,0.8086445676423178,0.3905579399141631,0.08181818181818182,0.6094420600858369,0.29105894105894103,0.05,1.0,0.0
user35,0,T1,T1_LogReg,0.15,0.8086445676423178,0.3905579399141631,0.08181818181818182,0.6094420600858369,0.29105894105894103,0.05,1.0,0.0
user35,0,T1,T1_LogReg,0.2,0.8086445676423178,0.3905579399141631,0.08181818181818182,0.6094420600858369,0.29105894105894103,0.05,1.0,0.0
user35,0,T1,T1_SVM_RBF,0.0,0.6026231655701276,0.45493562231759654,0.08409090909090909,0.5450643776824035,0.2682317682317682,0.0,0.0,0.0
user35,0,T1,T1_SVM_RBF,0.02,0.6026231655701276,0.45493562231759654,0.08409090909090909,0.5450643776824035,0.2682317682317682,0.0,0.0,0.0
user35,0,T1,T1_SVM_RBF,0.05,0.6026231655701276,0.45493562231759654,0.08409090909090909,0.5450643776824035,0.2682317682317682,0.0,0.0,0.0
user35,0,T1,T1_SVM_RBF,0.08,0.6026231655701276,0.45493562231759654,0.08409090909090909,0.5450643776824035,0.2682317682317682,0.0,0.0,0.0
user35,0,T1,T1_SVM_RBF,0.1,0.6026231655701276,0.45493562231759654,0.08409090909090909,0.5450643776824035,0.2682317682317682,0.0,0.0,0.0
user35,0,T1,T1_SVM_RBF,0.15,0.6026231655701276,0.45493562231759654,0.08409090909090909,0.5450643776824035,0.2682317682317682,0.0,0.0,0.0
user35,0,T1,T1_SVM_RBF,0.2,0.6026231655701276,0.45493562231759654,0.08409090909090909,0.5450643776824035,0.2682317682317682,0.0,0.0,0.0
user35,0,T1,T1_kNN,0.0,0.8,0.19313304721030042,0.05909090909090909,0.8068669527896996,0.3819430569430569,0.0,0.0,0.0
user35,0,T1,T1_kNN,0.02,0.8,0.19313304721030042,0.05909090909090909,0.8068669527896996,0.3819430569430569,0.0,0.0,0.0
user35,0,T1,T1_kNN,0.05,0.8,0.19313304721030042,0.05909090909090909,0.8068669527896996,0.3819430569430569,0.0,0.0,0.0
user35,0,T1,T1_kNN,0.08,0.8,0.19313304721030042,0.05909090909090909,0.8068669527896996,0.3819430569430569,0.0,0.0,0.0
user35,0,T1,T1_kNN,0.1,0.8,0.19313304721030042,0.05909090909090909,0.8068669527896996,0.3819430569430569,0.0,0.0,0.0
user35,0,T1,T1_kNN,0.15,0.8,0.19313304721030042,0.05909090909090909,0.8068669527896996,0.3819430569430569,0.0,0.0,0.0
user35,0,T1,T1_kNN,0.2,0.8,0.19313304721030042,0.05909090909090909,0.8068669527896996,0.3819430569430569,0.0,0.0,0.0
user35,0,T1,T1_DecisionTree,0.0,1.0000000000000002,0.0,0.0,1.0,0.38399100899100896,0.0,0.0,0.0
user35,0,T1,T1_DecisionTree,0.02,1.0000000000000002,0.0,0.0,1.0,0.38399100899100896,0.0,0.0,0.0
user35,0,T1,T1_DecisionTree,0.05,1.0000000000000002,0.0,0.0,1.0,0.38399100899100896,0.0,0.0,0.0
user35,0,T1,T1_DecisionTree,0.08,1.0000000000000002,0.0,0.0,1.0,0.38399100899100896,0.0,0.0,0.0
user35,0,T1,T1_DecisionTree,0.1,1.0000000000000002,0.0,0.0,1.0,0.38399100899100896,0.0,0.0,0.0
user35,0,T1,T1_DecisionTree,0.15,1.0000000000000002,0.0,0.0,1.0,0.38399100899100896,0.0,0.0,0.0
user35,0,T1,T1_DecisionTree,0.2,1.0000000000000002,0.0,0.0,1.0,0.38399100899100896,0.0,0.0,0.0
user35,0,T2,T2_RandomForest,0.0,0.4766666666666667,0.4248927038626609,0.06136363636363636,0.5751072961373391,0.2629995004995005,0.0,0.0,0.0
user35,0,T2,T2_RandomForest,0.02,0.4766666666666667,0.4248927038626609,0.06136363636363636,0.5751072961373391,0.2629995004995005,0.0,0.0,0.0
user35,0,T2,T2_RandomForest,0.05,0.4766666666666667,0.4248927038626609,0.06136363636363636,0.5751072961373391,0.2629995004995005,0.0,0.0,0.0
user35,0,T2,T2_RandomForest,0.08,0.4766666666666667,0.4248927038626609,0.06136363636363636,0.5751072961373391,0.2629995004995005,0.0,0.0,0.0
user35,0,T2,T2_RandomForest,0.1,0.4766666666666667,0.4248927038626609,0.06136363636363636,0.5751072961373391,0.2629995004995005,0.0,0.0,0.0
user35,0,T2,T2_RandomForest,0.15,0.4766666666666667,0.4248927038626609,0.06136363636363636,0.5751072961373391,0.2629995004995005,0.0,0.0,0.0
user35,0,T2,T2_RandomForest,0.2,0.4766666666666667,0.4248927038626609,0.06136363636363636,0.5751072961373391,0.2629995004995005,0.0,0.0,0.0
user35,0,T2,T2_ExtraTrees,0.0,0.44,0.44206008583690987,0.07954545454545454,0.5579399141630901,0.27716033966033965,0.0,0.0,0.0
user35,0,T2,T2_ExtraTrees,0.02,0.44,0.44206008583690987,0.07954545454545454,0.5579399141630901,0.27716033966033965,0.0,0.0,0.0
user35,0,T2,T2_ExtraTrees,0.05,0.44,0.44206008583690987,0.07954545454545454,0.5579399141630901,0.27716033966033965,0.0,0.0,0.0
user35,0,T2,T2_ExtraTrees,0.08,0.44,0.44206008583690987,0.07954545454545454,0.5579399141630901,0.27716033966033965,0.0,0.0,0.0
user35,0,T2,T2_ExtraTrees,0.1,0.44,0.44206008583690987,0.07954545454545454,0.5579399141630901,0.27716033966033965,0.0,0.0,0.0
user35,0,T2,T2_ExtraTrees,0.15,0.44,0.44206008583690987,0.07954545454545454,0.5579399141630901,0.27716033966033965,0.0,0.0,0.0
user35,0,T2,T2_ExtraTrees,0.2,0.44,0.44206008583690987,0.07954545454545454,0.5579399141630901,0.27716033966033965,0.0,0.0,0.0
user35,0,T2,T2_GradientBoosting,0.0,0.530599794717795,0.49356223175965663,0.08863636363636364,0.5064377682403434,0.25501998001998,0.0,0.55,0.0
user35,0,T2,T2_GradientBoosting,0.02,0.530599794717795,0.49356223175965663,0.08863636363636364,0.5064377682403434,0.25501998001998,0.0,0.55,0.0
user35,0,T2,T2_GradientBoosting,0.05,0.530599794717795,0.49356223175965663,0.08863636363636364,0.5064377682403434,0.25501998001998,0.0,0.55,0.0
user35,0,T2,T2_GradientBoosting,0.08,0.530599794717795,0.49356223175965663,0.08863636363636364,0.5064377682403434,0.25501998001998,0.0,0.55,0.0
user35,0,T2,T2_GradientBoosting,0.1,0.530599794717795,0.49356223175965663,0.08863636363636364,0.5064377682403434,0.25501998001998,0.0,0.55,0.0
user35,0,T2,T2_GradientBoosting,0.15,0.530599794717795,0.49356223175965663,0.08863636363636364,0.5064377682403434,0.25501998001998,0.0,0.55,0.0
user35,0,T2,T2_GradientBoosting,0.2,0.530599794717795,0.49356223175965663,0.08863636363636364,0.5064377682403434,0.25501998001998,0.0,0.55,0.0
user35,0,T2,T2_XGBoost,0.0,0.5789622664451599,0.5064377682403434,0.07727272727272727,0.49356223175965663,0.25364635364635363,0.0,0.0,0.0
user35,0,T2,T2_XGBoost,0.02,0.5789622664451599,0.5064377682403434,0.07727272727272727,0.49356223175965663,0.25364635364635363,0.0,0.0,0.0
user35,0,T2,T2_XGBoost,0.05,0.5789622664451599,0.5064377682403434,0.07727272727272727,0.49356223175965663,0.25364635364635363,0.0,0.0,0.0
user35,0,T2,T2_XGBoost,0.08,0.5789622664451599,0.5064377682403434,0.07727272727272727,0.49356223175965663,0.25364635364635363,0.0,0.0,0.0
user35,0,T2,T2_XGBoost,0.1,0.5789622664451599,0.5064377682403434,0.07727272727272727,0.49356223175965663,0.25364635364635363,0.0,0.0,0.0
user35,0,T2,T2_XGBoost,0.15,0.5789622664451599,0.5064377682403434,0.07727272727272727,0.49356223175965663,0.25364635364635363,0.0,0.0,0.0
user35,0,T2,T2_XGBoost,0.2,0.5789622664451599,0.5064377682403434,0.07727272727272727,0.49356223175965663,0.25364635364635363,0.0,0.0,0.0
user35,0,T3,T3_1D_CNN,0.0,0.39755910634994507,0.2875536480686695,0.07954545454545454,0.7124463519313304,0.40604395604395604,0.0,0.0,0.0
user35,0,T3,T3_1D_CNN,0.02,0.39755910634994507,0.2875536480686695,0.07954545454545454,0.7124463519313304,0.40604395604395604,0.0,0.0,0.0
user35,0,T3,T3_1D_CNN,0.05,0.39755910634994507,0.2875536480686695,0.07954545454545454,0.7124463519313304,0.40604395604395604,0.0,0.0,0.0
user35,0,T3,T3_1D_CNN,0.08,0.39755910634994507,0.2875536480686695,0.07954545454545454,0.7124463519313304,0.40604395604395604,0.0,0.0,0.0
user35,0,T3,T3_1D_CNN,0.1,0.39755910634994507,0.2875536480686695,0.07954545454545454,0.7124463519313304,0.40604395604395604,0.0,0.0,0.0
user35,0,T3,T3_1D_CNN,0.15,0.39755910634994507,0.2875536480686695,0.07954545454545454,0.7124463519313304,0.40604395604395604,0.0,0.0,0.0
user35,0,T3,T3_1D_CNN,0.2,0.39755910634994507,0.2875536480686695,0.07954545454545454,0.7124463519313304,0.40604395604395604,0.0,0.0,0.0
user7,0,T0,T0_DistanceProfile,0.0,0.5377522121338165,0.8109090909090909,0.014705882352941176,0.1890909090909091,0.1596568898727172,0.0,0.0,0.0
user7,0,T0,T0_DistanceProfile,0.02,0.5377522121338165,0.8109090909090909,0.014705882352941176,0.1890909090909091,0.1596568898727172,0.0,0.0,0.0
user7,0,T0,T0_DistanceProfile,0.05,0.5377522121338165,0.8109090909090909,0.014705882352941176,0.1890909090909091,0.1596568898727172,0.0,0.0,0.0
user7,0,T0,T0_DistanceProfile,0.08,0.5377522121338165,0.8109090909090909,0.014705882352941176,0.1890909090909091,0.1596568898727172,0.0,0.0,0.0
user7,0,T0,T0_DistanceProfile,0.1,0.5377522121338165,0.8109090909090909,0.014705882352941176,0.1890909090909091,0.1596568898727172,0.0,0.0,0.0
user7,0,T0,T0_DistanceProfile,0.15,0.5377522121338165,0.8109090909090909,0.014705882352941176,0.1890909090909091,0.1596568898727172,0.0,0.0,0.0
user7,0,T0,T0_DistanceProfile,0.2,0.5377522121338165,0.8109090909090909,0.014705882352941176,0.1890909090909091,0.1596568898727172,0.0,0.0,0.0
user7,0,T1,T1_LogReg,0.0,0.3007562199327781,0.9854545454545455,0.00980392156862745,0.014545454545454528,0.0821832330054324,0.05,1.0,0.0
user7,0,T1,T1_LogReg,0.02,0.3007562199327781,0.9854545454545455,0.00980392156862745,0.014545454545454528,0.0821832330054324,0.05,1.0,0.0
user7,0,T1,T1_LogReg,0.05,0.3007562199327781,0.9854545454545455,0.00980392156862745,0.014545454545454528,0.0821832330054324,0.05,1.0,0.0
user7,0,T1,T1_LogReg,0.08,0.3007562199327781,0.9854545454545455,0.00980392156862745,0.014545454545454528,0.0821832330054324,0.05,1.0,0.0
user7,0,T1,T1_LogReg,0.1,0.3007562199327781,0.9854545454545455,0.00980392156862745,0.014545454545454528,0.0821832330054324,0.05,1.0,0.0
user7,0,T1,T1_LogReg,0.15,0.3007562199327781,0.9854545454545455,0.00980392156862745,0.014545454545454528,0.0821832330054324,0.05,1.0,0.0
user7,0,T1,T1_LogReg,0.2,0.3007562199327781,0.9854545454545455,0.00980392156862745,0.014545454545454528,0.0821832330054324,0.05,1.0,0.0
user7,0,T1,T1_SVM_RBF,0.0,0.16853660167568363,0.9818181818181818,0.0,0.018181818181818188,0.0744327614831212,0.0,0.0,0.0
user7,0,T1,T1_SVM_RBF,0.02,0.16853660167568363,0.9818181818181818,0.0,0.018181818181818188,0.0744327614831212,0.0,0.0,0.0
user7,0,T1,T1_SVM_RBF,0.05,0.16853660167568363,0.9818181818181818,0.0,0.018181818181818188,0.0744327614831212,0.0,0.0,0.0
user7,0,T1,T1_SVM_RBF,0.08,0.16853660167568363,0.9818181818181818,0.0,0.018181818181818188,0.0744327614831212,0.0,0.0,0.0
user7,0,T1,T1_SVM_RBF,0.1,0.16853660167568363,0.9818181818181818,0.0,0.018181818181818188,0.0744327614831212,0.0,0.0,0.0
user7,0,T1,T1_SVM_RBF,0.15,0.16853660167568363,0.9818181818181818,0.0,0.018181818181818188,0.0744327614831212,0.0,0.0,0.0
user7,0,T1,T1_SVM_RBF,0.2,0.2,0.9781818181818182,0.0,0.021818181818181848,0.0744327614831212,0.0,0.0,0.0
user7,0,T1,T1_kNN,0.0,0.4,0.9563636363636364,0.0,0.043636363636363584,0.08486554555413753,0.0,0.0,0.0
user7,0,T1,T1_kNN,0.02,0.4,0.9563636363636364,0.0,0.043636363636363584,0.08486554555413753,0.0,0.0,0.0
user7,0,T1,T1_kNN,0.05,0.4,0.9563636363636364,0.0,0.043636363636363584,0.08486554555413753,0.0,0.0,0.0
user7,0,T1,T1_kNN,0.08,0.4,0.9563636363636364,0.0,0.043636363636363584,0.08486554555413753,0.0,0.0,0.0
user7,0,T1,T1_kNN,0.1,0.4,0.9563636363636364,0.0,0.043636363636363584,0.08486554555413753,0.0,0.0,0.0
user7,0,T1,T1_kNN,0.15,0.4,0.9563636363636364,0.0,0.043636363636363584,0.08486554555413753,0.0,0.0,0.0
user7,0,T1,T1_kNN,0.2,0.4,0.9563636363636364,0.0,0.043636363636363584,0.08486554555413753,0.0,0.0,0.0
user7,0,T1,T1_DecisionTree,0.0,1.0,0.8036363636363636,0.0,0.1963636363636364,0.15091819793772518,0.05,0.0,0.0
user7,0,T1,T1_DecisionTree,0.02,1.0,0.8036363636363636,0.0,0.1963636363636364,0.15091819793772518,0.05,0.0,0.0
user7,0,T1,T1_DecisionTree,0.05,1.0,0.8036363636363636,0.0,0.1963636363636364,0.15091819793772518,0.05,0.0,0.0
user7,0,T1,T1_DecisionTree,0.08,1.0,0.8036363636363636,0.0,0.1963636363636364,0.15091819793772518,0.05,0.0,0.0
user7,0,T1,T1_DecisionTree,0.1,1.0,0.8036363636363636,0.0,0.1963636363636364,0.15091819793772518,0.05,0.0,0.0
user7,0,T1,T1_DecisionTree,0.15,1.0,0.8036363636363636,0.0,0.1963636363636364,0.15091819793772518,0.05,0.0,0.0
user7,0,T1,T1_DecisionTree,0.2,1.0,0.8036363636363636,0.0,0.1963636363636364,0.15091819793772518,0.05,0.0,0.0
user7,0,T2,T2_RandomForest,0.0,0.17666666666666667,0.9890909090909091,0.004901960784313725,0.010909090909090868,0.053666015382356595,0.0,0.0,0.0
user7,0,T2,T2_RandomForest,0.02,0.17666666666666667,0.9890909090909091,0.004901960784313725,0.010909090909090868,0.053666015382356595,0.0,0.0,0.0
user7,0,T2,T2_RandomForest,0.05,0.17666666666666667,0.9890909090909091,0.004901960784313725,0.010909090909090868,0.053666015382356595,0.0,0.0,0.0
user7,0,T2,T2_RandomForest,0.08,0.17666666666666667,0.9890909090909091,0.004901960784313725,0.010909090909090868,0.053666015382356595,0.0,0.0,0.0
user7,0,T2,T2_RandomForest,0.1,0.17666666666666667,0.9890909090909091,0.004901960784313725,0.010909090909090868,0.053666015382356595,0.0,0.0,0.0
user7,0,T2,T2_RandomForest,0.15,0.17666666666666667,0.9890909090909091,0.004901960784313725,0.010909090909090868,0.053666015382356595,0.0,0.0,0.0
user7,0,T2,T2_RandomForest,0.2,0.2,0.9781818181818182,0.004901960784313725,0.021818181818181848,0.053666015382356595,0.0,0.0,0.0
user7,0,T2,T2_ExtraTrees,0.0,0.25666666666666665,0.9890909090909091,0.0,0.010909090909090868,0.06118778446630448,0.0,0.0,0.0
user7,0,T2,T2_ExtraTrees,0.02,0.25666666666666665,0.9890909090909091,0.0,0.010909090909090868,0.06118778446630448,0.0,0.0,0.0
user7,0,T2,T2_ExtraTrees,0.05,0.25666666666666665,0.9890909090909091,0.0,0.010909090909090868,0.06118778446630448,0.0,0.0,0.0
user7,0,T2,T2_ExtraTrees,0.08,0.25666666666666665,0.9890909090909091,0.0,0.010909090909090868,0.06118778446630448,0.0,0.0,0.0
user7,0,T2,T2_ExtraTrees,0.1,0.25666666666666665,0.9890909090909091,0.0,0.010909090909090868,0.06118778446630448,0.0,0.0,0.0
user7,0,T2,T2_ExtraTrees,0.15,0.25666666666666665,0.9890909090909091,0.0,0.010909090909090868,0.06118778446630448,0.0,0.0,0.0
user7,0,T2,T2_ExtraTrees,0.2,0.25666666666666665,0.9890909090909091,0.0,0.010909090909090868,0.06118778446630448,0.0,0.0,0.0
user7,0,T2,T2_GradientBoosting,0.0,0.04670934586993639,0.9963636363636363,0.004901960784313725,0.0036363636363636598,0.06275764317902034,0.0,0.4,0.0
user7,0,T2,T2_GradientBoosting,0.02,0.04670934586993639,0.9963636363636363,0.004901960784313725,0.0036363636363636598,0.06275764317902034,0.0,0.4,0.0
user7,0,T2,T2_GradientBoosting,0.05,0.05,0.9963636363636363,0.004901960784313725,0.0036363636363636598,0.06275764317902034,0.0,0.35,0.0
user7,0,T2,T2_GradientBoosting,0.08,0.08,0.9890909090909091,0.0,0.010909090909090868,0.06275764317902034,0.0,0.1,0.0
user7,0,T2,T2_GradientBoosting,0.1,0.1,0.9818181818181818,0.0,0.018181818181818188,0.06275764317902034,0.0,0.05,0.0
user7,0,T2,T2_GradientBoosting,0.15,0.15,0.9781818181818182,0.0,0.021818181818181848,0.06275764317902034,0.0,0.05,0.0
user7,0,T2,T2_GradientBoosting,0.2,0.2,0.9709090909090909,0.0,0.029090909090909056,0.06275764317902034,0.0,0.0,0.0
user7,0,T2,T2_XGBoost,0.0,0.02691071107983589,0.9927272727272727,0.004901960784313725,0.0072727272727273196,0.04974136860056695,0.0,0.4,0.05
user7,0,T2,T2_XGBoost,0.02,0.02691071107983589,0.9927272727272727,0.004901960784313725,0.0072727272727273196,0.04974136860056695,0.0,0.4,0.05
user7,0,T2,T2_XGBoost,0.05,0.05,0.9927272727272727,0.004901960784313725,0.0072727272727273196,0.04974136860056695,0.0,0.0,0.0
user7,0,T2,T2_XGBoost,0.08,0.08,0.9890909090909091,0.004901960784313725,0.010909090909090868,0.04974136860056695,0.0,0.0,0.0
user7,0,T2,T2_XGBoost,0.1,0.1,0.9890909090909091,0.0,0.010909090909090868,0.04974136860056695,0.0,0.0,0.0
user7,0,T2,T2_XGBoost,0.15,0.15,0.9818181818181818,0.0,0.018181818181818188,0.04974136860056695,0.0,0.0,0.0
user7,0,T2,T2_XGBoost,0.2,0.2,0.9672727272727273,0.0,0.032727272727272716,0.04974136860056695,0.0,0.0,0.0
user7,0,T3,T3_1D_CNN,0.0,0.2392570525407791,0.9927272727272727,0.00980392156862745,0.0072727272727273196,0.05602080345143037,0.05,0.0,0.0
user7,0,T3,T3_1D_CNN,0.02,0.2392570525407791,0.9927272727272727,0.00980392156862745,0.0072727272727273196,0.05602080345143037,0.05,0.0,0.0
user7,0,T3,T3_1D_CNN,0.05,0.2392570525407791,0.9927272727272727,0.00980392156862745,0.0072727272727273196,0.05602080345143037,0.05,0.0,0.0
user7,0,T3,T3_1D_CNN,0.08,0.2392570525407791,0.9927272727272727,0.00980392156862745,0.0072727272727273196,0.05602080345143037,0.05,0.0,0.0
user7,0,T3,T3_1D_CNN,0.1,0.2392570525407791,0.9927272727272727,0.00980392156862745,0.0072727272727273196,0.05602080345143037,0.05,0.0,0.0
user7,0,T3,T3_1D_CNN,0.15,0.2392570525407791,0.9927272727272727,0.00980392156862745,0.0072727272727273196,0.05602080345143037,0.05,0.0,0.0
user7,0,T3,T3_1D_CNN,0.2,0.2392570525407791,0.9927272727272727,0.00980392156862745,0.0072727272727273196,0.05602080345143037,0.05,0.0,0.0
user9,0,T0,T0_DistanceProfile,0.0,0.5324145750130419,0.8194444444444444,0.03587443946188341,0.18055555555555558,0.20107570793462223,0.0,0.0,0.0
user9,0,T0,T0_DistanceProfile,0.02,0.5324145750130419,0.8194444444444444,0.03587443946188341,0.18055555555555558,0.20107570793462223,0.0,0.0,0.0
user9,0,T0,T0_DistanceProfile,0.05,0.5324145750130419,0.8194444444444444,0.03587443946188341,0.18055555555555558,0.20107570793462223,0.0,0.0,0.0
user9,0,T0,T0_DistanceProfile,0.08,0.5324145750130419,0.8194444444444444,0.03587443946188341,0.18055555555555558,0.20107570793462223,0.0,0.0,0.0
user9,0,T0,T0_DistanceProfile,0.1,0.5324145750130419,0.8194444444444444,0.03587443946188341,0.18055555555555558,0.20107570793462223,0.0,0.0,0.0
user9,0,T0,T0_DistanceProfile,0.15,0.5324145750130419,0.8194444444444444,0.03587443946188341,0.18055555555555558,0.20107570793462223,0.0,0.0,0.0
user9,0,T0,T0_DistanceProfile,0.2,0.5324145750130419,0.8194444444444444,0.03587443946188341,0.18055555555555558,0.20107570793462223,0.0,0.0,0.0
user9,0,T1,T1_LogReg,0.0,0.3495620439797476,0.9722222222222222,0.02242152466367713,0.02777777777777779,0.07311843924895353,0.7,0.0,0.0
user9,0,T1,T1_LogReg,0.02,0.3495620439797476,0.9722222222222222,0.02242152466367713,0.02777777777777779,0.07311843924895353,0.7,0.0,0.0
user9,0,T1,T1_LogReg,0.05,0.3495620439797476,0.9722222222222222,0.02242152466367713,0.02777777777777779,0.07311843924895353,0.7,0.0,0.0
user9,0,T1,T1_LogReg,0.08,0.3495620439797476,0.9722222222222222,0.02242152466367713,0.02777777777777779,0.07311843924895353,0.7,0.0,0.0
user9,0,T1,T1_LogReg,0.1,0.3495620439797476,0.9722222222222222,0.02242152466367713,0.02777777777777779,0.07311843924895353,0.7,0.0,0.0
user9,0,T1,T1_LogReg,0.15,0.3495620439797476,0.9722222222222222,0.02242152466367713,0.02777777777777779,0.07311843924895353,0.7,0.0,0.0
user9,0,T1,T1_LogReg,0.2,0.3495620439797476,0.9722222222222222,0.02242152466367713,0.02777777777777779,0.07311843924895353,0.7,0.0,0.0
user9,0,T1,T1_SVM_RBF,0.0,0.11163314568587465,0.9583333333333334,0.004484304932735426,0.04166666666666663,0.08606127544248812,0.0,0.0,0.0
user9,0,T1,T1_SVM_RBF,0.02,0.11163314568587465,0.9583333333333334,0.004484304932735426,0.04166666666666663,0.08606127544248812,0.0,0.0,0.0
user9,0,T1,T1_SVM_RBF,0.05,0.11163314568587465,0.9583333333333334,0.004484304932735426,0.04166666666666663,0.08606127544248812,0.0,0.0,0.0
user9,0,T1,T1_SVM_RBF,0.08,0.11163314568587465,0.9583333333333334,0.004484304932735426,0.04166666666666663,0.08606127544248812,0.0,0.0,0.0
user9,0,T1,T1_SVM_RBF,0.1,0.11163314568587465,0.9583333333333334,0.004484304932735426,0.04166666666666663,0.08606127544248812,0.0,0.0,0.0
user9,0,T1,T1_SVM_RBF,0.15,0.15,0.9375,0.004484304932735426,0.0625,0.08606127544248812,0.0,0.0,0.0
user9,0,T1,T1_SVM_RBF,0.2,0.2,0.9236111111111112,0.0,0.07638888888888884,0.08606127544248812,0.0,0.0,0.0
user9,0,T1,T1_kNN,0.0,0.4,0.9236111111111112,0.004484304932735426,0.07638888888888884,0.10980295703665205,0.05,0.0,0.0
user9,0,T1,T1_kNN,0.02,0.4,0.9236111111111112,0.004484304932735426,0.07638888888888884,0.10980295703665205,0.05,0.0,0.0
user9,0,T1,T1_kNN,0.05,0.4,0.9236111111111112,0.004484304932735426,0.07638888888888884,0.10980295703665205,0.05,0.0,0.0
user9,0,T1,T1_kNN,0.08,0.4,0.9236111111111112,0.004484304932735426,0.07638888888888884,0.10980295703665205,0.05,0.0,0.0
user9,0,T1,T1_kNN,0.1,0.4,0.9236111111111112,0.004484304932735426,0.07638888888888884,0.10980295703665205,0.05,0.0,0.0
user9,0,T1,T1_kNN,0.15,0.4,0.9236111111111112,0.004484304932735426,0.07638888888888884,0.10980295703665205,0.05,0.0,0.0
user9,0,T1,T1_kNN,0.2,0.4,0.9236111111111112,0.004484304932735426,0.07638888888888884,0.10980295703665205,0.05,0.0,0.0
user9,0,T1,T1_DecisionTree,0.0,1.0,0.6666666666666666,0.004484304932735426,0.33333333333333337,0.23212180837734236,0.0,0.0,0.0
user9,0,T1,T1_DecisionTree,0.02,1.0,0.6666666666666666,0.004484304932735426,0.33333333333333337,0.23212180837734236,0.0,0.0,0.0
user9,0,T1,T1_DecisionTree,0.05,1.0,0.6666666666666666,0.004484304932735426,0.33333333333333337,0.23212180837734236,0.0,0.0,0.0
user9,0,T1,T1_DecisionTree,0.08,1.0,0.6666666666666666,0.004484304932735426,0.33333333333333337,0.23212180837734236,0.0,0.0,0.0
user9,0,T1,T1_DecisionTree,0.1,1.0,0.6666666666666666,0.004484304932735426,0.33333333333333337,0.23212180837734236,0.0,0.0,0.0
user9,0,T1,T1_DecisionTree,0.15,1.0,0.6666666666666666,0.004484304932735426,0.33333333333333337,0.23212180837734236,0.0,0.0,0.0
user9,0,T1,T1_DecisionTree,0.2,1.0,0.6666666666666666,0.004484304932735426,0.33333333333333337,0.23212180837734236,0.0,0.0,0.0
user9,0,T2,T2_RandomForest,0.0,0.15,0.9861111111111112,0.004484304932735426,0.01388888888888884,0.07845521286765729,0.15,0.0,0.0
user9,0,T2,T2_RandomForest,0.02,0.15,0.9861111111111112,0.004484304932735426,0.01388888888888884,0.07845521286765729,0.15,0.0,0.0
user9,0,T2,T2_RandomForest,0.05,0.15,0.9861111111111112,0.004484304932735426,0.01388888888888884,0.07845521286765729,0.15,0.0,0.0
user9,0,T2,T2_RandomForest,0.08,0.15,0.9861111111111112,0.004484304932735426,0.01388888888888884,0.07845521286765729,0.15,0.0,0.0
user9,0,T2,T2_RandomForest,0.1,0.15,0.9861111111111112,0.004484304932735426,0.01388888888888884,0.07845521286765729,0.15,0.0,0.0
user9,0,T2,T2_RandomForest,0.15,0.15,0.9861111111111112,0.004484304932735426,0.01388888888888884,0.07845521286765729,0.15,0.0,0.0
user9,0,T2,T2_RandomForest,0.2,0.2,0.9652777777777778,0.0,0.03472222222222221,0.07845521286765729,0.0,0.0,0.0
user9,0,T2,T2_ExtraTrees,0.0,0.23,0.9861111111111112,0.0,0.01388888888888884,0.07236200959691118,0.0,0.0,0.0
user9,0,T2,T2_ExtraTrees,0.02,0.23,0.9861111111111112,0.0,0.01388888888888884,0.07236200959691118,0.0,0.0,0.0
user9,0,T2,T2_ExtraTrees,0.05,0.23,0.9861111111111112,0.0,0.01388888888888884,0.07236200959691118,0.0,0.0,0.0
user9,0,T2,T2_ExtraTrees,0.08,0.23,0.9861111111111112,0.0,0.01388888888888884,0.07236200959691118,0.0,0.0,0.0
user9,0,T2,T2_ExtraTrees,0.1,0.23,0.9861111111111112,0.0,0.01388888888888884,0.07236200959691118,0.0,0.0,0.0
user9,0,T2,T2_ExtraTrees,0.15,0.23,0.9861111111111112,0.0,0.01388888888888884,0.07236200959691118,0.0,0.0,0.0
user9,0,T2,T2_ExtraTrees,0.2,0.23,0.9861111111111112,0.0,0.01388888888888884,0.07236200959691118,0.0,0.0,0.0
user9,0,T2,T2_GradientBoosting,0.0,0.06353183407516733,1.0,0.02242152466367713,0.0,0.06093203270746127,0.85,0.05,0.0
user9,0,T2,T2_GradientBoosting,0.02,0.06353183407516733,1.0,0.02242152466367713,0.0,0.06093203270746127,0.85,0.05,0.0
user9,0,T2,T2_GradientBoosting,0.05,0.06353183407516733,1.0,0.02242152466367713,0.0,0.06093203270746127,0.85,0.05,0.0
user9,0,T2,T2_GradientBoosting,0.08,0.08,0.9930555555555556,0.008968609865470852,0.00694444444444442,0.06093203270746127,0.75,0.0,0.0
user9,0,T2,T2_GradientBoosting,0.1,0.1,0.9861111111111112,0.008968609865470852,0.01388888888888884,0.06093203270746127,0.75,0.0,0.0
user9,0,T2,T2_GradientBoosting,0.15,0.15,0.9722222222222222,0.004484304932735426,0.02777777777777779,0.06093203270746127,0.55,0.0,0.0
user9,0,T2,T2_GradientBoosting,0.2,0.2,0.9444444444444444,0.0,0.05555555555555558,0.06093203270746127,0.15,0.0,0.0
user9,0,T2,T2_XGBoost,0.0,0.031099149957299232,1.0,0.008968609865470852,0.0,0.07463129855303827,0.85,0.0,0.0
user9,0,T2,T2_XGBoost,0.02,0.031099149957299232,1.0,0.008968609865470852,0.0,0.07463129855303827,0.85,0.0,0.0
user9,0,T2,T2_XGBoost,0.05,0.05,0.9930555555555556,0.004484304932735426,0.00694444444444442,0.07463129855303827,0.75,0.0,0.0
user9,0,T2,T2_XGBoost,0.08,0.08,0.9861111111111112,0.004484304932735426,0.01388888888888884,0.07463129855303827,0.4,0.0,0.0
user9,0,T2,T2_XGBoost,0.1,0.1,0.9791666666666666,0.004484304932735426,0.02083333333333337,0.07463129855303827,0.4,0.0,0.0
user9,0,T2,T2_XGBoost,0.15,0.15,0.9513888888888888,0.004484304932735426,0.04861111111111116,0.07463129855303827,0.3,0.0,0.0
user9,0,T2,T2_XGBoost,0.2,0.2,0.9444444444444444,0.0,0.05555555555555558,0.07463129855303827,0.15,0.0,0.0
user9,0,T3,T3_1D_CNN,0.0,0.9387915134429932,0.9236111111111112,0.004484304932735426,0.07638888888888884,0.10967765887343031,0.45,0.0,0.0
user9,0,T3,T3_1D_CNN,0.02,0.9387915134429932,0.9236111111111112,0.004484304932735426,0.07638888888888884,0.10967765887343031,0.45,0.0,0.0
user9,0,T3,T3_1D_CNN,0.05,0.9387915134429932,0.9236111111111112,0.004484304932735426,0.07638888888888884,0.10967765887343031,0.45,0.0,0.0
user9,0,T3,T3_1D_CNN,0.08,0.9387915134429932,0.9236111111111112,0.004484304932735426,0.07638888888888884,0.10967765887343031,0.45,0.0,0.0
user9,0,T3,T3_1D_CNN,0.1,0.9387915134429932,0.9236111111111112,0.004484304932735426,0.07638888888888884,0.10967765887343031,0.45,0.0,0.0
user9,0,T3,T3_1D_CNN,0.15,0.9387915134429932,0.9236111111111112,0.004484304932735426,0.07638888888888884,0.10967765887343031,0.45,0.0,0.0
user9,0,T3,T3_1D_CNN,0.2,0.9387915134429932,0.9236111111111112,0.004484304932735426,0.07638888888888884,0.10967765887343031,0.45,0.0,0.0
user12,1,T0,T0_DistanceProfile,0.0,0.6752959433195789,0.1278825995807128,0.04304635761589404,0.8721174004192872,0.4299601972585366,0.0,0.0,0.0
user12,1,T0,T0_DistanceProfile,0.02,0.6752959433195789,0.1278825995807128,0.04304635761589404,0.8721174004192872,0.4299601972585366,0.0,0.0,0.0
user12,1,T0,T0_DistanceProfile,0.05,0.6752959433195789,0.1278825995807128,0.04304635761589404,0.8721174004192872,0.4299601972585366,0.0,0.0,0.0
user12,1,T0,T0_DistanceProfile,0.08,0.6752959433195789,0.1278825995807128,0.04304635761589404,0.8721174004192872,0.4299601972585366,0.0,0.0,0.0
user12,1,T0,T0_DistanceProfile,0.1,0.6752959433195789,0.1278825995807128,0.04304635761589404,0.8721174004192872,0.4299601972585366,0.0,0.0,0.0
user12,1,T0,T0_DistanceProfile,0.15,0.6752959433195789,0.1278825995807128,0.04304635761589404,0.8721174004192872,0.4299601972585366,0.0,0.0,0.0
user12,1,T0,T0_DistanceProfile,0.2,0.6752959433195789,0.1278825995807128,0.04304635761589404,0.8721174004192872,0.4299601972585366,0.0,0.0,0.0
user12,1,T1,T1_LogReg,0.0,0.6865381103647207,0.6540880503144654,0.17880794701986755,0.3459119496855346,0.16622598671732125,0.0,0.0,0.0
user12,1,T1,T1_LogReg,0.02,0.6865381103647207,0.6540880503144654,0.17880794701986755,0.3459119496855346,0.16622598671732125,0.0,0.0,0.0
user12,1,T1,T1_LogReg,0.05,0.6865381103647207,0.6540880503144654,0.17880794701986755,0.3459119496855346,0.16622598671732125,0.0,0.0,0.0
user12,1,T1,T1_LogReg,0.08,0.6865381103647207,0.6540880503144654,0.17880794701986755,0.3459119496855346,0.16622598671732125,0.0,0.0,0.0
user12,1,T1,T1_LogReg,0.1,0.6865381103647207,0.6540880503144654,0.17880794701986755,0.3459119496855346,0.16622598671732125,0.0,0.0,0.0
user12,1,T1,T1_LogReg,0.15,0.6865381103647207,0.6540880503144654,0.17880794701986755,0.3459119496855346,0.16622598671732125,0.0,0.0,0.0
user12,1,T1,T1_LogReg,0.2,0.6865381103647207,0.6540880503144654,0.17880794701986755,0.3459119496855346,0.16622598671732125,0.0,0.0,0.0
user12,1,T1,T1_SVM_RBF,0.0,0.5723384816502854,0.6666666666666666,0.19205298013245034,0.33333333333333337,0.17102439687239906,0.0,0.0,0.0
user12,1,T1,T1_SVM_RBF,0.02,0.5723384816502854,0.6666666666666666,0.19205298013245034,0.33333333333333337,0.17102439687239906,0.0,0.0,0.0
user12,1,T1,T1_SVM_RBF,0.05,0.5723384816502854,0.6666666666666666,0.19205298013245034,0.33333333333333337,0.17102439687239906,0.0,0.0,0.0
user12,1,T1,T1_SVM_RBF,0.08,0.5723384816502854,0.6666666666666666,0.19205298013245034,0.33333333333333337,0.17102439687239906,0.0,0.0,0.0
user12,1,T1,T1_SVM_RBF,0.1,0.5723384816502854,0.6666666666666666,0.19205298013245034,0.33333333333333337,0.17102439687239906,0.0,0.0,0.0
user12,1,T1,T1_SVM_RBF,0.15,0.5723384816502854,0.6666666666666666,0.19205298013245034,0.33333333333333337,0.17102439687239906,0.0,0.0,0.0
user12,1,T1,T1_SVM_RBF,0.2,0.5723384816502854,0.6666666666666666,0.19205298013245034,0.33333333333333337,0.17102439687239906,0.0,0.0,0.0
user12,1,T1,T1_kNN,0.0,0.8,0.3941299790356394,0.15894039735099338,0.6058700209643606,0.22485718006352584,0.0,0.0,0.0
user12,1,T1,T1_kNN,0.02,0.8,0.3941299790356394,0.15894039735099338,0.6058700209643606,0.22485718006352584,0.0,0.0,0.0
user12,1,T1,T1_kNN,0.05,0.8,0.3941299790356394,0.15894039735099338,0.6058700209643606,0.22485718006352584,0.0,0.0,0.0
user12,1,T1,T1_kNN,0.08,0.8,0.3941299790356394,0.15894039735099338,0.6058700209643606,0.22485718006352584,0.0,0.0,0.0
user12,1,T1,T1_kNN,0.1,0.8,0.3941299790356394,0.15894039735099338,0.6058700209643606,0.22485718006352584,0.0,0.0,0.0
user12,1,T1,T1_kNN,0.15,0.8,0.3941299790356394,0.15894039735099338,0.6058700209643606,0.22485718006352584,0.0,0.0,0.0
user12,1,T1,T1_kNN,0.2,0.8,0.3941299790356394,0.15894039735099338,0.6058700209643606,0.22485718006352584,0.0,0.0,0.0
user12,1,T1,T1_DecisionTree,0.0,1.0000000000000002,0.0,0.0,1.0,0.2775859042809179,0.0,0.0,0.0
user12,1,T1,T1_DecisionTree,0.02,1.0000000000000002,0.0,0.0,1.0,0.2775859042809179,0.0,0.0,0.0
user12,1,T1,T1_DecisionTree,0.05,1.0000000000000002,0.0,0.0,1.0,0.2775859042809179,0.0,0.0,0.0
user12,1,T1,T1_DecisionTree,0.08,1.0000000000000002,0.0,0.0,1.0,0.2775859042809179,0.0,0.0,0.0
user12,1,T1,T1_DecisionTree,0.1,1.0000000000000002,0.0,0.0,1.0,0.2775859042809179,0.0,0.0,0.0
user12,1,T1,T1_DecisionTree,0.15,1.0000000000000002,0.0,0.0,1.0,0.2775859042809179,0.0,0.0,0.0
user12,1,T1,T1_DecisionTree,0.2,1.0000000000000002,0.0,0.0,1.0,0.2775859042809179,0.0,0.0,0.0
user12,1,T2,T2_RandomForest,0.0,0.5866666666666667,0.5178197064989518,0.12251655629139073,0.4821802935010482,0.20461326795794382,0.0,0.0,0.0
user12,1,T2,T2_RandomForest,0.02,0.5866666666666667,0.5178197064989518,0.12251655629139073,0.4821802935010482,0.20461326795794382,0.0,0.0,0.0
user12,1,T2,T2_RandomForest,0.05,0.5866666666666667,0.5178197064989518,0.12251655629139073,0.4821802935010482,0.20461326795794382,0.0,0.0,0.0
user12,1,T2,T2_RandomForest,0.08,0.5866666666666667,0.5178197064989518,0.12251655629139073,0.4821802935010482,0.20461326795794382,0.0,0.0,0.0
user12,1,T2,T2_RandomForest,0.1,0.5866666666666667,0.5178197064989518,0.12251655629139073,0.4821802935010482,0.20461326795794382,0.0,0.0,0.0
user12,1,T2,T2_RandomForest,0.15,0.5866666666666667,0.5178197064989518,0.12251655629139073,0.4821802935010482,0.20461326795794382,0.0,0.0,0.0
user12,1,T2,T2_RandomForest,0.2,0.5866666666666667,0.5178197064989518,0.12251655629139073,0.4821802935010482,0.20461326795794382,0.0,0.0,0.0
user12,1,T2,T2_ExtraTrees,0.0,0.5666666666666667,0.5262054507337526,0.152317880794702,0.4737945492662474,0.19883111294806394,0.0,0.0,0.0
user12,1,T2,T2_ExtraTrees,0.02,0.5666666666666667,0.5262054507337526,0.152317880794702,0.4737945492662474,0.19883111294806394,0.0,0.0,0.0
user12,1,T2,T2_ExtraTrees,0.05,0.5666666666666667,0.5262054507337526,0.152317880794702,0.4737945492662474,0.19883111294806394,0.0,0.0,0.0
user12,1,T2,T2_ExtraTrees,0.08,0.5666666666666667,0.5262054507337526,0.152317880794702,0.4737945492662474,0.19883111294806394,0.0,0.0,0.0
user12,1,T2,T2_ExtraTrees,0.1,0.5666666666666667,0.5262054507337526,0.152317880794702,0.4737945492662474,0.19883111294806394,0.0,0.0,0.0
user12,1,T2,T2_ExtraTrees,0.15,0.5666666666666667,0.5262054507337526,0.152317880794702,0.4737945492662474,0.19883111294806394,0.0,0.0,0.0
user12,1,T2,T2_ExtraTrees,0.2,0.5666666666666667,0.5262054507337526,0.152317880794702,0.4737945492662474,0.19883111294806394,0.0,0.0,0.0
user12,1,T2,T2_GradientBoosting,0.0,0.596514568750933,0.5911949685534591,0.1423841059602649,0.4088050314465409,0.17342360194993803,0.0,0.0,0.0
user12,1,T2,T2_GradientBoosting,0.02,0.596514568750933,0.5911949685534591,0.1423841059602649,0.4088050314465409,0.17342360194993803,0.0,0.0,0.0
user12,1,T2,T2_GradientBoosting,0.05,0.596514568750933,0.5911949685534591,0.1423841059602649,0.4088050314465409,0.17342360194993803,0.0,0.0,0.0
user12,1,T2,T2_GradientBoosting,0.08,0.596514568750933,0.5911949685534591,0.1423841059602649,0.4088050314465409,0.17342360194993803,0.0,0.0,0.0
user12,1,T2,T2_GradientBoosting,0.1,0.596514568750933,0.5911949685534591,0.1423841059602649,0.4088050314465409,0.17342360194993803,0.0,0.0,0.0
user12,1,T2,T2_GradientBoosting,0.15,0.596514568750933,0.5911949685534591,0.1423841059602649,0.4088050314465409,0.17342360194993803,0.0,0.0,0.0
user12,1,T2,T2_GradientBoosting,0.2,0.596514568750933,0.5911949685534591,0.1423841059602649,0.4088050314465409,0.17342360194993803,0.0,0.0,0.0
user12,1,T2,T2_XGBoost,0.0,0.6139310002326965,0.6184486373165619,0.1423841059602649,0.38155136268343814,0.1569363212754995,0.0,0.0,0.0
user12,1,T2,T2_XGBoost,0.02,0.6139310002326965,0.6184486373165619,0.1423841059602649,0.38155136268343814,0.1569363212754995,0.0,0.0,0.0
user12,1,T2,T2_XGBoost,0.05,0.6139310002326965,0.6184486373165619,0.1423841059602649,0.38155136268343814,0.1569363212754995,0.0,0.0,0.0
user12,1,T2,T2_XGBoost,0.08,0.6139310002326965,0.6184486373165619,0.1423841059602649,0.38155136268343814,0.1569363212754995,0.0,0.0,0.0
user12,1,T2,T2_XGBoost,0.1,0.6139310002326965,0.6184486373165619,0.1423841059602649,0.38155136268343814,0.1569363212754995,0.0,0.0,0.0
user12,1,T2,T2_XGBoost,0.15,0.6139310002326965,0.6184486373165619,0.1423841059602649,0.38155136268343814,0.1569363212754995,0.0,0.0,0.0
user12,1,T2,T2_XGBoost,0.2,0.6139310002326965,0.6184486373165619,0.1423841059602649,0.38155136268343814,0.1569363212754995,0.0,0.0,0.0
user12,1,T3,T3_1D_CNN,0.0,0.7589321136474609,0.49056603773584906,0.0695364238410596,0.5094339622641509,0.20984339348095638,0.0,0.0,0.0
user12,1,T3,T3_1D_CNN,0.02,0.7589321136474609,0.49056603773584906,0.0695364238410596,0.5094339622641509,0.20984339348095638,0.0,0.0,0.0
user12,1,T3,T3_1D_CNN,0.05,0.7589321136474609,0.49056603773584906,0.0695364238410596,0.5094339622641509,0.20984339348095638,0.0,0.0,0.0
user12,1,T3,T3_1D_CNN,0.08,0.7589321136474609,0.49056603773584906,0.0695364238410596,0.5094339622641509,0.20984339348095638,0.0,0.0,0.0
user12,1,T3,T3_1D_CNN,0.1,0.7589321136474609,0.49056603773584906,0.0695364238410596,0.5094339622641509,0.20984339348095638,0.0,0.0,0.0
user12,1,T3,T3_1D_CNN,0.15,0.7589321136474609,0.49056603773584906,0.0695364238410596,0.5094339622641509,0.20984339348095638,0.0,0.0,0.0
user12,1,T3,T3_1D_CNN,0.2,0.7589321136474609,0.49056603773584906,0.0695364238410596,0.5094339622641509,0.20984339348095638,0.0,0.0,0.0
user15,1,T0,T0_DistanceProfile,0.0,0.6657098561230821,0.24561403508771928,0.09713024282560706,0.7543859649122807,0.45152009382616504,0.0,0.0,0.0
user15,1,T0,T0_DistanceProfile,0.02,0.6657098561230821,0.24561403508771928,0.09713024282560706,0.7543859649122807,0.45152009382616504,0.0,0.0,0.0
user15,1,T0,T0_DistanceProfile,0.05,0.6657098561230821,0.24561403508771928,0.09713024282560706,0.7543859649122807,0.45152009382616504,0.0,0.0,0.0
user15,1,T0,T0_DistanceProfile,0.08,0.6657098561230821,0.24561403508771928,0.09713024282560706,0.7543859649122807,0.45152009382616504,0.0,0.0,0.0
user15,1,T0,T0_DistanceProfile,0.1,0.6657098561230821,0.24561403508771928,0.09713024282560706,0.7543859649122807,0.45152009382616504,0.0,0.0,0.0
user15,1,T0,T0_DistanceProfile,0.15,0.6657098561230821,0.24561403508771928,0.09713024282560706,0.7543859649122807,0.45152009382616504,0.0,0.0,0.0
user15,1,T0,T0_DistanceProfile,0.2,0.6657098561230821,0.24561403508771928,0.09713024282560706,0.7543859649122807,0.45152009382616504,0.0,0.0,0.0
user15,1,T1,T1_LogReg,0.0,0.3587152860988071,0.9087719298245615,0.2560706401766004,0.09122807017543855,0.1099891880005131,1.0,0.0,0.8
user15,1,T1,T1_LogReg,0.02,0.3587152860988071,0.9087719298245615,0.2560706401766004,0.09122807017543855,0.1099891880005131,1.0,0.0,0.8
user15,1,T1,T1_LogReg,0.05,0.3587152860988071,0.9087719298245615,0.2560706401766004,0.09122807017543855,0.1099891880005131,1.0,0.0,0.8
user15,1,T1,T1_LogReg,0.08,0.3587152860988071,0.9087719298245615,0.2560706401766004,0.09122807017543855,0.1099891880005131,1.0,0.0,0.8
user15,1,T1,T1_LogReg,0.1,0.3587152860988071,0.9087719298245615,0.2560706401766004,0.09122807017543855,0.1099891880005131,1.0,0.0,0.8
user15,1,T1,T1_LogReg,0.15,0.3587152860988071,0.9087719298245615,0.2560706401766004,0.09122807017543855,0.1099891880005131,1.0,0.0,0.8
user15,1,T1,T1_LogReg,0.2,0.3587152860988071,0.9087719298245615,0.2560706401766004,0.09122807017543855,0.1099891880005131,1.0,0.0,0.8
user15,1,T1,T1_SVM_RBF,0.0,0.23333301889036517,0.887719298245614,0.2671081677704194,0.11228070175438598,0.10872015246751818,0.05,0.0,0.0
user15,1,T1,T1_SVM_RBF,0.02,0.23333301889036517,0.887719298245614,0.2671081677704194,0.11228070175438598,0.10872015246751818,0.05,0.0,0.0
user15,1,T1,T1_SVM_RBF,0.05,0.23333301889036517,0.887719298245614,0.2671081677704194,0.11228070175438598,0.10872015246751818,0.05,0.0,0.0
user15,1,T1,T1_SVM_RBF,0.08,0.23333301889036517,0.887719298245614,0.2671081677704194,0.11228070175438598,0.10872015246751818,0.05,0.0,0.0
user15,1,T1,T1_SVM_RBF,0.1,0.23333301889036517,0.887719298245614,0.2671081677704194,0.11228070175438598,0.10872015246751818,0.05,0.0,0.0
user15,1,T1,T1_SVM_RBF,0.15,0.23333301889036517,0.887719298245614,0.2671081677704194,0.11228070175438598,0.10872015246751818,0.05,0.0,0.0
user15,1,T1,T1_SVM_RBF,0.2,0.23333301889036517,0.887719298245614,0.2671081677704194,0.11228070175438598,0.10872015246751818,0.05,0.0,0.0
user15,1,T1,T1_kNN,0.0,0.6,0.6350877192982456,0.2185430463576159,0.3649122807017544,0.21983635397386797,0.5,0.0,0.0
user15,1,T1,T1_kNN,0.02,0.6,0.6350877192982456,0.2185430463576159,0.3649122807017544,0.21983635397386797,0.5,0.0,0.0
user15,1,T1,T1_kNN,0.05,0.6,0.6350877192982456,0.2185430463576159,0.3649122807017544,0.21983635397386797,0.5,0.0,0.0
user15,1,T1,T1_kNN,0.08,0.6,0.6350877192982456,0.2185430463576159,0.3649122807017544,0.21983635397386797,0.5,0.0,0.0
user15,1,T1,T1_kNN,0.1,0.6,0.6350877192982456,0.2185430463576159,0.3649122807017544,0.21983635397386797,0.5,0.0,0.0
user15,1,T1,T1_kNN,0.15,0.6,0.6350877192982456,0.2185430463576159,0.3649122807017544,0.21983635397386797,0.5,0.0,0.0
user15,1,T1,T1_kNN,0.2,0.6,0.6350877192982456,0.2185430463576159,0.3649122807017544,0.21983635397386797,0.5,0.0,0.0
user15,1,T1,T1_DecisionTree,0.0,1.0,0.5824561403508772,0.1986754966887417,0.4175438596491228,0.24618831204530042,0.35,0.0,0.1
user15,1,T1,T1_DecisionTree,0.02,1.0,0.5824561403508772,0.1986754966887417,0.4175438596491228,0.24618831204530042,0.35,0.0,0.1
user15,1,T1,T1_DecisionTree,0.05,1.0,0.5824561403508772,0.1986754966887417,0.4175438596491228,0.24618831204530042,0.35,0.0,0.1
user15,1,T1,T1_DecisionTree,0.08,1.0,0.5824561403508772,0.1986754966887417,0.4175438596491228,0.24618831204530042,0.35,0.0,0.1
user15,1,T1,T1_DecisionTree,0.1,1.0,0.5824561403508772,0.1986754966887417,0.4175438596491228,0.24618831204530042,0.35,0.0,0.1
user15,1,T1,T1_DecisionTree,0.15,1.0,0.5824561403508772,0.1986754966887417,0.4175438596491228,0.24618831204530042,0.35,0.0,0.1
user15,1,T1,T1_DecisionTree,0.2,1.0,0.5824561403508772,0.1986754966887417,0.4175438596491228,0.24618831204530042,0.35,0.0,0.1
user15,1,T2,T2_RandomForest,0.0,0.2866666666666667,0.8912280701754386,0.23841059602649006,0.10877192982456141,0.12174952812036138,0.95,0.0,0.4
user15,1,T2,T2_RandomForest,0.02,0.2866666666666667,0.8912280701754386,0.23841059602649006,0.10877192982456141,0.12174952812036138,0.95,0.0,0.4
user15,1,T2,T2_RandomForest,0.05,0.2866666666666667,0.8912280701754386,0.23841059602649006,0.10877192982456141,0.12174952812036138,0.95,0.0,0.4
user15,1,T2,T2_RandomForest,0.08,0.2866666666666667,0.8912280701754386,0.23841059602649006,0.10877192982456141,0.12174952812036138,0.95,0.0,0.4
user15,1,T2,T2_RandomForest,0.1,0.2866666666666667,0.8912280701754386,0.23841059602649006,0.10877192982456141,0.12174952812036138,0.95,0.0,0.4
user15,1,T2,T2_RandomForest,0.15,0.2866666666666667,0.8912280701754386,0.23841059602649006,0.10877192982456141,0.12174952812036138,0.95,0.0,0.4
user15,1,T2,T2_RandomForest,0.2,0.2866666666666667,0.8912280701754386,0.23841059602649006,0.10877192982456141,0.12174952812036138,0.95,0.0,0.4
user15,1,T2,T2_ExtraTrees,0.0,0.3233333333333333,0.8912280701754386,0.26048565121412803,0.10877192982456141,0.11921145705437154,1.0,0.0,0.7
user15,1,T2,T2_ExtraTrees,0.02,0.3233333333333333,0.8912280701754386,0.26048565121412803,0.10877192982456141,0.11921145705437154,1.0,0.0,0.7
user15,1,T2,T2_ExtraTrees,0.05,0.3233333333333333,0.8912280701754386,0.26048565121412803,0.10877192982456141,0.11921145705437154,1.0,0.0,0.7
user15,1,T2,T2_ExtraTrees,0.08,0.3233333333333333,0.8912280701754386,0.26048565121412803,0.10877192982456141,0.11921145705437154,1.0,0.0,0.7
user15,1,T2,T2_ExtraTrees,0.1,0.3233333333333333,0.8912280701754386,0.26048565121412803,0.10877192982456141,0.11921145705437154,1.0,0.0,0.7
user15,1,T2,T2_ExtraTrees,0.15,0.3233333333333333,0.8912280701754386,0.26048565121412803,0.10877192982456141,0.11921145705437154,1.0,0.0,0.7
user15,1,T2,T2_ExtraTrees,0.2,0.3233333333333333,0.8912280701754386,0.26048565121412803,0.10877192982456141,0.11921145705437154,1.0,0.0,0.7
user15,1,T2,T2_GradientBoosting,0.0,0.17243554962834598,0.9122807017543859,0.22958057395143489,0.08771929824561409,0.09569077681467503,1.0,0.05,0.85
user15,1,T2,T2_GradientBoosting,0.02,0.17243554962834598,0.9122807017543859,0.22958057395143489,0.08771929824561409,0.09569077681467503,1.0,0.05,0.85
user15,1,T2,T2_GradientBoosting,0.05,0.17243554962834598,0.9122807017543859,0.22958057395143489,0.08771929824561409,0.09569077681467503,1.0,0.05,0.85
user15,1,T2,T2_GradientBoosting,0.08,0.17243554962834598,0.9122807017543859,0.22958057395143489,0.08771929824561409,0.09569077681467503,1.0,0.05,0.85
user15,1,T2,T2_GradientBoosting,0.1,0.17243554962834598,0.9122807017543859,0.22958057395143489,0.08771929824561409,0.09569077681467503,1.0,0.05,0.85
user15,1,T2,T2_GradientBoosting,0.15,0.17243554962834598,0.9122807017543859,0.22958057395143489,0.08771929824561409,0.09569077681467503,1.0,0.05,0.85
user15,1,T2,T2_GradientBoosting,0.2,0.2,0.8982456140350877,0.20750551876379691,0.10175438596491226,0.09569077681467503,1.0,0.0,0.85
user15,1,T2,T2_XGBoost,0.0,0.07851886004209518,0.9473684210526315,0.24503311258278146,0.052631578947368474,0.07724623870695815,1.0,0.0,0.9
user15,1,T2,T2_XGBoost,0.02,0.07851886004209518,0.9473684210526315,0.24503311258278146,0.052631578947368474,0.07724623870695815,1.0,0.0,0.9
user15,1,T2,T2_XGBoost,0.05,0.07851886004209518,0.9473684210526315,0.24503311258278146,0.052631578947368474,0.07724623870695815,1.0,0.0,0.9
user15,1,T2,T2_XGBoost,0.08,0.08,0.9473684210526315,0.24061810154525387,0.052631578947368474,0.07724623870695815,1.0,0.0,0.9
user15,1,T2,T2_XGBoost,0.1,0.1,0.9333333333333333,0.22737306843267108,0.06666666666666665,0.07724623870695815,1.0,0.0,0.75
user15,1,T2,T2_XGBoost,0.15,0.15,0.9157894736842105,0.18543046357615894,0.08421052631578951,0.07724623870695815,1.0,0.0,0.65
user15,1,T2,T2_XGBoost,0.2,0.2,0.8842105263157894,0.15673289183222958,0.11578947368421055,0.07724623870695815,1.0,0.0,0.5
user15,1,T3,T3_1D_CNN,0.0,0.24571307003498077,0.8771929824561403,0.2869757174392936,0.1228070175438597,0.11306327768513261,0.8,0.0,0.3
user15,1,T3,T3_1D_CNN,0.02,0.24571307003498077,0.8771929824561403,0.2869757174392936,0.1228070175438597,0.11306327768513261,0.8,0.0,0.3
user15,1,T3,T3_1D_CNN,0.05,0.24571307003498077,0.8771929824561403,0.2869757174392936,0.1228070175438597,0.11306327768513261,0.8,0.0,0.3
user15,1,T3,T3_1D_CNN,0.08,0.24571307003498077,0.8771929824561403,0.2869757174392936,0.1228070175438597,0.11306327768513261,0.8,0.0,0.3
user15,1,T3,T3_1D_CNN,0.1,0.24571307003498077,0.8771929824561403,0.2869757174392936,0.1228070175438597,0.11306327768513261,0.8,0.0,0.3
user15,1,T3,T3_1D_CNN,0.15,0.24571307003498077,0.8771929824561403,0.2869757174392936,0.1228070175438597,0.11306327768513261,0.8,0.0,0.3
user15,1,T3,T3_1D_CNN,0.2,0.24571307003498077,0.8771929824561403,0.2869757174392936,0.1228070175438597,0.11306327768513261,0.8,0.0,0.3
user16,1,T0,T0_DistanceProfile,0.0,0.6915041646537725,0.15,0.05150214592274678,0.85,0.45497306006479443,0.0,0.0,0.0
user16,1,T0,T0_DistanceProfile,0.02,0.6915041646537725,0.15,0.05150214592274678,0.85,0.45497306006479443,0.0,0.0,0.0
user16,1,T0,T0_DistanceProfile,0.05,0.6915041646537725,0.15,0.05150214592274678,0.85,0.45497306006479443,0.0,0.0,0.0
user16,1,T0,T0_DistanceProfile,0.08,0.6915041646537725,0.15,0.05150214592274678,0.85,0.45497306006479443,0.0,0.0,0.0
user16,1,T0,T0_DistanceProfile,0.1,0.6915041646537725,0.15,0.05150214592274678,0.85,0.45497306006479443,0.0,0.0,0.0
user16,1,T0,T0_DistanceProfile,0.15,0.6915041646537725,0.15,0.05150214592274678,0.85,0.45497306006479443,0.0,0.0,0.0
user16,1,T0,T0_DistanceProfile,0.2,0.6915041646537725,0.15,0.05150214592274678,0.85,0.45497306006479443,0.0,0.0,0.0
user16,1,T1,T1_LogReg,0.0,0.7470386150110332,0.554,0.18025751072961374,0.44599999999999995,0.23959650733701773,0.45,0.0,0.85
user16,1,T1,T1_LogReg,0.02,0.7470386150110332,0.554,0.18025751072961374,0.44599999999999995,0.23959650733701773,0.45,0.0,0.85
user16,1,T1,T1_LogReg,0.05,0.7470386150110332,0.554,0.18025751072961374,0.44599999999999995,0.23959650733701773,0.45,0.0,0.85
user16,1,T1,T1_LogReg,0.08,0.7470386150110332,0.554,0.18025751072961374,0.44599999999999995,0.23959650733701773,0.45,0.0,0.85
user16,1,T1,T1_LogReg,0.1,0.7470386150110332,0.554,0.18025751072961374,0.44599999999999995,0.23959650733701773,0.45,0.0,0.85
user16,1,T1,T1_LogReg,0.15,0.7470386150110332,0.554,0.18025751072961374,0.44599999999999995,0.23959650733701773,0.45,0.0,0.85
user16,1,T1,T1_LogReg,0.2,0.7470386150110332,0.554,0.18025751072961374,0.44599999999999995,0.23959650733701773,0.45,0.0,0.85
user16,1,T1,T1_SVM_RBF,0.0,0.6610204136942303,0.65,0.15021459227467812,0.35,0.2255721487846711,0.0,0.0,0.0
user16,1,T1,T1_SVM_RBF,0.02,0.6610204136942303,0.65,0.15021459227467812,0.35,0.2255721487846711,0.0,0.0,0.0
user16,1,T1,T1_SVM_RBF,0.05,0.6610204136942303,0.65,0.15021459227467812,0.35,0.2255721487846711,0.0,0.0,0.0
user16,1,T1,T1_SVM_RBF,0.08,0.6610204136942303,0.65,0.15021459227467812,0.35,0.2255721487846711,0.0,0.0,0.0
user16,1,T1,T1_SVM_RBF,0.1,0.6610204136942303,0.65,0.15021459227467812,0.35,0.2255721487846711,0.0,0.0,0.0
user16,1,T1,T1_SVM_RBF,0.15,0.6610204136942303,0.65,0.15021459227467812,0.35,0.2255721487846711,0.0,0.0,0.0
user16,1,T1,T1_SVM_RBF,0.2,0.6610204136942303,0.65,0.15021459227467812,0.35,0.2255721487846711,0.0,0.0,0.0
user16,1,T1,T1_kNN,0.0,1.0,0.196,0.030042918454935622,0.804,0.33289010931896534,0.0,0.0,0.0
user16,1,T1,T1_kNN,0.02,1.0,0.196,0.030042918454935622,0.804,0.33289010931896534,0.0,0.0,0.0
user16,1,T1,T1_kNN,0.05,1.0,0.196,0.030042918454935622,0.804,0.33289010931896534,0.0,0.0,0.0
user16,1,T1,T1_kNN,0.08,1.0,0.196,0.030042918454935622,0.804,0.33289010931896534,0.0,0.0,0.0
user16,1,T1,T1_kNN,0.1,1.0,0.196,0.030042918454935622,0.804,0.33289010931896534,0.0,0.0,0.0
user16,1,T1,T1_kNN,0.15,1.0,0.196,0.030042918454935622,0.804,0.33289010931896534,0.0,0.0,0.0
user16,1,T1,T1_kNN,0.2,1.0,0.196,0.030042918454935622,0.804,0.33289010931896534,0.0,0.0,0.0
user16,1,T1,T1_DecisionTree,0.0,1.0000000000000002,0.0,0.0,1.0,0.32468252455778657,0.0,0.0,0.0
user16,1,T1,T1_DecisionTree,0.02,1.0000000000000002,0.0,0.0,1.0,0.32468252455778657,0.0,0.0,0.0
user16,1,T1,T1_DecisionTree,0.05,1.0000000000000002,0.0,0.0,1.0,0.32468252455778657,0.0,0.0,0.0
user16,1,T1,T1_DecisionTree,0.08,1.0000000000000002,0.0,0.0,1.0,0.32468252455778657,0.0,0.0,0.0
user16,1,T1,T1_DecisionTree,0.1,1.0000000000000002,0.0,0.0,1.0,0.32468252455778657,0.0,0.0,0.0
user16,1,T1,T1_DecisionTree,0.15,1.0000000000000002,0.0,0.0,1.0,0.32468252455778657,0.0,0.0,0.0
user16,1,T1,T1_DecisionTree,0.2,1.0000000000000002,0.0,0.0,1.0,0.32468252455778657,0.0,0.0,0.0
user16,1,T2,T2_RandomForest,0.0,0.53,0.704,0.16738197424892703,0.29600000000000004,0.20986296148715375,0.0,0.0,0.0
user16,1,T2,T2_RandomForest,0.02,0.53,0.704,0.16738197424892703,0.29600000000000004,0.20986296148715375,0.0,0.0,0.0
user16,1,T2,T2_RandomForest,0.05,0.53,0.704,0.16738197424892703,0.29600000000000004,0.20986296148715375,0.0,0.0,0.0
user16,1,T2,T2_RandomForest,0.08,0.53,0.704,0.16738197424892703,0.29600000000000004,0.20986296148715375,0.0,0.0,0.0
user16,1,T2,T2_RandomForest,0.1,0.53,0.704,0.16738197424892703,0.29600000000000004,0.20986296148715375,0.0,0.0,0.0
user16,1,T2,T2_RandomForest,0.15,0.53,0.704,0.16738197424892703,0.29600000000000004,0.20986296148715375,0.0,0.0,0.0
user16,1,T2,T2_RandomForest,0.2,0.53,0.704,0.16738197424892703,0.29600000000000004,0.20986296148715375,0.0,0.0,0.0
user16,1,T2,T2_ExtraTrees,0.0,0.57,0.666,0.12446351931330472,0.33399999999999996,0.2438194071481783,0.0,0.0,0.0
user16,1,T2,T2_ExtraTrees,0.02,0.57,0.666,0.12446351931330472,0.33399999999999996,0.2438194071481783,0.0,0.0,0.0
user16,1,T2,T2_ExtraTrees,0.05,0.57,0.666,0.12446351931330472,0.33399999999999996,0.2438194071481783,0.0,0.0,0.0
user16,1,T2,T2_ExtraTrees,0.08,0.57,0.666,0.12446351931330472,0.33399999999999996,0.2438194071481783,0.0,0.0,0.0
user16,1,T2,T2_ExtraTrees,0.1,0.57,0.666,0.12446351931330472,0.33399999999999996,0.2438194071481783,0.0,0.0,0.0
user16,1,T2,T2_ExtraTrees,0.15,0.57,0.666,0.12446351931330472,0.33399999999999996,0.2438194071481783,0.0,0.0,0.0
user16,1,T2,T2_ExtraTrees,0.2,0.57,0.666,0.12446351931330472,0.33399999999999996,0.2438194071481783,0.0,0.0,0.0
user16,1,T2,T2_GradientBoosting,0.0,0.5744226152530962,0.656,0.17167381974248927,0.344,0.2255721487846711,0.15,0.0,0.1
user16,1,T2,T2_GradientBoosting,0.02,0.5744226152530962,0.656,0.17167381974248927,0.344,0.2255721487846711,0.15,0.0,0.1
user16,1,T2,T2_GradientBoosting,0.05,0.5744226152530962,0.656,0.17167381974248927,0.344,0.2255721487846711,0.15,0.0,0.1
user16,1,T2,T2_GradientBoosting,0.08,0.5744226152530962,0.656,0.17167381974248927,0.344,0.2255721487846711,0.15,0.0,0.1
user16,1,T2,T2_GradientBoosting,0.1,0.5744226152530962,0.656,0.17167381974248927,0.344,0.2255721487846711,0.15,0.0,0.1
user16,1,T2,T2_GradientBoosting,0.15,0.5744226152530962,0.656,0.17167381974248927,0.344,0.2255721487846711,0.15,0.0,0.1
user16,1,T2,T2_GradientBoosting,0.2,0.5744226152530962,0.656,0.17167381974248927,0.344,0.2255721487846711,0.15,0.0,0.1
user16,1,T2,T2_XGBoost,0.0,0.6008604764938354,0.72,0.19313304721030042,0.28,0.21240103255314358,0.1,0.0,0.1
user16,1,T2,T2_XGBoost,0.02,0.6008604764938354,0.72,0.19313304721030042,0.28,0.21240103255314358,0.1,0.0,0.1
user16,1,T2,T2_XGBoost,0.05,0.6008604764938354,0.72,0.19313304721030042,0.28,0.21240103255314358,0.1,0.0,0.1
user16,1,T2,T2_XGBoost,0.08,0.6008604764938354,0.72,0.19313304721030042,0.28,0.21240103255314358,0.1,0.0,0.1
user16,1,T2,T2_XGBoost,0.1,0.6008604764938354,0.72,0.19313304721030042,0.28,0.21240103255314358,0.1,0.0,0.1
user16,1,T2,T2_XGBoost,0.15,0.6008604764938354,0.72,0.19313304721030042,0.28,0.21240103255314358,0.1,0.0,0.1
user16,1,T2,T2_XGBoost,0.2,0.6008604764938354,0.72,0.19313304721030042,0.28,0.21240103255314358,0.1,0.0,0.1
user16,1,T3,T3_1D_CNN,0.0,0.7073701620101929,0.666,0.15450643776824036,0.33399999999999996,0.17969196652864644,0.0,0.65,0.0
user16,1,T3,T3_1D_CNN,0.02,0.7073701620101929,0.666,0.15450643776824036,0.33399999999999996,0.17969196652864644,0.0,0.65,0.0
user16,1,T3,T3_1D_CNN,0.05,0.7073701620101929,0.666,0.15450643776824036,0.33399999999999996,0.17969196652864644,0.0,0.65,0.0
user16,1,T3,T3_1D_CNN,0.08,0.7073701620101929,0.666,0.15450643776824036,0.33399999999999996,0.17969196652864644,0.0,0.65,0.0
user16,1,T3,T3_1D_CNN,0.1,0.7073701620101929,0.666,0.15450643776824036,0.33399999999999996,0.17969196652864644,0.0,0.65,0.0
user16,1,T3,T3_1D_CNN,0.15,0.7073701620101929,0.666,0.15450643776824036,0.33399999999999996,0.17969196652864644,0.0,0.65,0.0
user16,1,T3,T3_1D_CNN,0.2,0.7073701620101929,0.666,0.15450643776824036,0.33399999999999996,0.17969196652864644,0.0,0.65,0.0
user20,1,T0,T0_DistanceProfile,0.0,0.5703125186861726,0.31277533039647576,0.04807692307692308,0.6872246696035242,0.4106128246753247,0.0,0.0,0.0
user20,1,T0,T0_DistanceProfile,0.02,0.5703125186861726,0.31277533039647576,0.04807692307692308,0.6872246696035242,0.4106128246753247,0.0,0.0,0.0
user20,1,T0,T0_DistanceProfile,0.05,0.5703125186861726,0.31277533039647576,0.04807692307692308,0.6872246696035242,0.4106128246753247,0.0,0.0,0.0
user20,1,T0,T0_DistanceProfile,0.08,0.5703125186861726,0.31277533039647576,0.04807692307692308,0.6872246696035242,0.4106128246753247,0.0,0.0,0.0
user20,1,T0,T0_DistanceProfile,0.1,0.5703125186861726,0.31277533039647576,0.04807692307692308,0.6872246696035242,0.4106128246753247,0.0,0.0,0.0
user20,1,T0,T0_DistanceProfile,0.15,0.5703125186861726,0.31277533039647576,0.04807692307692308,0.6872246696035242,0.4106128246753247,0.0,0.0,0.0
user20,1,T0,T0_DistanceProfile,0.2,0.5703125186861726,0.31277533039647576,0.04807692307692308,0.6872246696035242,0.4106128246753247,0.0,0.0,0.0
user20,1,T1,T1_LogReg,0.0,0.8585729090578524,0.43612334801762115,0.0,0.5638766519823788,0.49922213203463206,0.05,0.0,0.0
user20,1,T1,T1_LogReg,0.02,0.8585729090578524,0.43612334801762115,0.0,0.5638766519823788,0.49922213203463206,0.05,0.0,0.0
user20,1,T1,T1_LogReg,0.05,0.8585729090578524,0.43612334801762115,0.0,0.5638766519823788,0.49922213203463206,0.05,0.0,0.0
user20,1,T1,T1_LogReg,0.08,0.8585729090578524,0.43612334801762115,0.0,0.5638766519823788,0.49922213203463206,0.05,0.0,0.0
user20,1,T1,T1_LogReg,0.1,0.8585729090578524,0.43612334801762115,0.0,0.5638766519823788,0.49922213203463206,0.05,0.0,0.0
user20,1,T1,T1_LogReg,0.15,0.8585729090578524,0.43612334801762115,0.0,0.5638766519823788,0.49922213203463206,0.05,0.0,0.0
user20,1,T1,T1_LogReg,0.2,0.8585729090578524,0.43612334801762115,0.0,0.5638766519823788,0.49922213203463206,0.05,0.0,0.0
user20,1,T1,T1_SVM_RBF,0.0,0.5487912261832024,0.47577092511013214,0.0,0.5242290748898679,0.5479572510822511,0.0,0.0,0.0
user20,1,T1,T1_SVM_RBF,0.02,0.5487912261832024,0.47577092511013214,0.0,0.5242290748898679,0.5479572510822511,0.0,0.0,0.0
user20,1,T1,T1_SVM_RBF,0.05,0.5487912261832024,0.47577092511013214,0.0,0.5242290748898679,0.5479572510822511,0.0,0.0,0.0
user20,1,T1,T1_SVM_RBF,0.08,0.5487912261832024,0.47577092511013214,0.0,0.5242290748898679,0.5479572510822511,0.0,0.0,0.0
user20,1,T1,T1_SVM_RBF,0.1,0.5487912261832024,0.47577092511013214,0.0,0.5242290748898679,0.5479572510822511,0.0,0.0,0.0
user20,1,T1,T1_SVM_RBF,0.15,0.5487912261832024,0.47577092511013214,0.0,0.5242290748898679,0.5479572510822511,0.0,0.0,0.0
user20,1,T1,T1_SVM_RBF,0.2,0.5487912261832024,0.47577092511013214,0.0,0.5242290748898679,0.5479572510822511,0.0,0.0,0.0
user20,1,T1,T1_kNN,0.0,0.8,0.21145374449339208,0.0,0.788546255506608,0.5215097402597403,0.05,0.0,0.55
user20,1,T1,T1_kNN,0.02,0.8,0.21145374449339208,0.0,0.788546255506608,0.5215097402597403,0.05,0.0,0.55
user20,1,T1,T1_kNN,0.05,0.8,0.21145374449339208,0.0,0.788546255506608,0.5215097402597403,0.05,0.0,0.55
user20,1,T1,T1_kNN,0.08,0.8,0.21145374449339208,0.0,0.788546255506608,0.5215097402597403,0.05,0.0,0.55
user20,1,T1,T1_kNN,0.1,0.8,0.21145374449339208,0.0,0.788546255506608,0.5215097402597403,0.05,0.0,0.55
user20,1,T1,T1_kNN,0.15,0.8,0.21145374449339208,0.0,0.788546255506608,0.5215097402597403,0.05,0.0,0.55
user20,1,T1,T1_kNN,0.2,0.8,0.21145374449339208,0.0,0.788546255506608,0.5215097402597403,0.05,0.0,0.55
user20,1,T1,T1_DecisionTree,0.0,1.0000000000000002,0.0,0.0,1.0,0.5058509199134199,0.0,0.0,0.0
user20,1,T1,T1_DecisionTree,0.02,1.0000000000000002,0.0,0.0,1.0,0.5058509199134199,0.0,0.0,0.0
user20,1,T1,T1_DecisionTree,0.05,1.0000000000000002,0.0,0.0,1.0,0.5058509199134199,0.0,0.0,0.0
user20,1,T1,T1_DecisionTree,0.08,1.0000000000000002,0.0,0.0,1.0,0.5058509199134199,0.0,0.0,0.0
user20,1,T1,T1_DecisionTree,0.1,1.0000000000000002,0.0,0.0,1.0,0.5058509199134199,0.0,0.0,0.0
user20,1,T1,T1_DecisionTree,0.15,1.0000000000000002,0.0,0.0,1.0,0.5058509199134199,0.0,0.0,0.0
user20,1,T1,T1_DecisionTree,0.2,1.0000000000000002,0.0,0.0,1.0,0.5058509199134199,0.0,0.0,0.0
user20,1,T2,T2_RandomForest,0.0,0.52,0.4581497797356828,0.0,0.5418502202643172,0.5756561147186148,0.0,0.0,0.0
user20,1,T2,T2_RandomForest,0.02,0.52,0.4581497797356828,0.0,0.5418502202643172,0.5756561147186148,0.0,0.0,0.0
user20,1,T2,T2_RandomForest,0.05,0.52,0.4581497797356828,0.0,0.5418502202643172,0.5756561147186148,0.0,0.0,0.0
user20,1,T2,T2_RandomForest,0.08,0.52,0.4581497797356828,0.0,0.5418502202643172,0.5756561147186148,0.0,0.0,0.0
user20,1,T2,T2_RandomForest,0.1,0.52,0.4581497797356828,0.0,0.5418502202643172,0.5756561147186148,0.0,0.0,0.0
user20,1,T2,T2_RandomForest,0.15,0.52,0.4581497797356828,0.0,0.5418502202643172,0.5756561147186148,0.0,0.0,0.0
user20,1,T2,T2_RandomForest,0.2,0.52,0.4581497797356828,0.0,0.5418502202643172,0.5756561147186148,0.0,0.0,0.0
user20,1,T2,T2_ExtraTrees,0.0,0.54,0.40969162995594716,0.0,0.5903083700440528,0.5621279761904762,0.0,0.0,0.0
user20,1,T2,T2_ExtraTrees,0.02,0.54,0.40969162995594716,0.0,0.5903083700440528,0.5621279761904762,0.0,0.0,0.0
user20,1,T2,T2_ExtraTrees,0.05,0.54,0.40969162995594716,0.0,0.5903083700440528,0.5621279761904762,0.0,0.0,0.0
user20,1,T2,T2_ExtraTrees,0.08,0.54,0.40969162995594716,0.0,0.5903083700440528,0.5621279761904762,0.0,0.0,0.0
user20,1,T2,T2_ExtraTrees,0.1,0.54,0.40969162995594716,0.0,0.5903083700440528,0.5621279761904762,0.0,0.0,0.0
user20,1,T2,T2_ExtraTrees,0.15,0.54,0.40969162995594716,0.0,0.5903083700440528,0.5621279761904762,0.0,0.0,0.0
user20,1,T2,T2_ExtraTrees,0.2,0.54,0.40969162995594716,0.0,0.5903083700440528,0.5621279761904762,0.0,0.0,0.0
user20,1,T2,T2_GradientBoosting,0.0,0.7897052173860769,0.3700440528634361,0.0,0.6299559471365639,0.574134199134199,0.0,0.0,0.0
user20,1,T2,T2_GradientBoosting,0.02,0.7897052173860769,0.3700440528634361,0.0,0.6299559471365639,0.574134199134199,0.0,0.0,0.0
user20,1,T2,T2_GradientBoosting,0.05,0.7897052173860769,0.3700440528634361,0.0,0.6299559471365639,0.574134199134199,0.0,0.0,0.0
user20,1,T2,T2_GradientBoosting,0.08,0.7897052173860769,0.3700440528634361,0.0,0.6299559471365639,0.574134199134199,0.0,0.0,0.0
user20,1,T2,T2_GradientBoosting,0.1,0.7897052173860769,0.3700440528634361,0.0,0.6299559471365639,0.574134199134199,0.0,0.0,0.0
user20,1,T2,T2_GradientBoosting,0.15,0.7897052173860769,0.3700440528634361,0.0,0.6299559471365639,0.574134199134199,0.0,0.0,0.0
user20,1,T2,T2_GradientBoosting,0.2,0.7897052173860769,0.3700440528634361,0.0,0.6299559471365639,0.574134199134199,0.0,0.0,0.0
user20,1,T2,T2_XGBoost,0.0,0.8275420665740967,0.43612334801762115,0.0,0.5638766519823788,0.5421401515151516,0.0,0.0,0.0
user20,1,T2,T2_XGBoost,0.02,0.8275420665740967,0.43612334801762115,0.0,0.5638766519823788,0.5421401515151516,0.0,0.0,0.0
user20,1,T2,T2_XGBoost,0.05,0.8275420665740967,0.43612334801762115,0.0,0.5638766519823788,0.5421401515151516,0.0,0.0,0.0
user20,1,T2,T2_XGBoost,0.08,0.8275420665740967,0.43612334801762115,0.0,0.5638766519823788,0.5421401515151516,0.0,0.0,0.0
user20,1,T2,T2_XGBoost,0.1,0.8275420665740967,0.43612334801762115,0.0,0.5638766519823788,0.5421401515151516,0.0,0.0,0.0
user20,1,T2,T2_XGBoost,0.15,0.8275420665740967,0.43612334801762115,0.0,0.5638766519823788,0.5421401515151516,0.0,0.0,0.0
user20,1,T2,T2_XGBoost,0.2,0.8275420665740967,0.43612334801762115,0.0,0.5638766519823788,0.5421401515151516,0.0,0.0,0.0
user20,1,T3,T3_1D_CNN,0.0,0.9757645130157471,0.31277533039647576,0.0,0.6872246696035242,0.4491341991341991,0.0,0.0,0.0
user20,1,T3,T3_1D_CNN,0.02,0.9757645130157471,0.31277533039647576,0.0,0.6872246696035242,0.4491341991341991,0.0,0.0,0.0
user20,1,T3,T3_1D_CNN,0.05,0.9757645130157471,0.31277533039647576,0.0,0.6872246696035242,0.4491341991341991,0.0,0.0,0.0
user20,1,T3,T3_1D_CNN,0.08,0.9757645130157471,0.31277533039647576,0.0,0.6872246696035242,0.4491341991341991,0.0,0.0,0.0
user20,1,T3,T3_1D_CNN,0.1,0.9757645130157471,0.31277533039647576,0.0,0.6872246696035242,0.4491341991341991,0.0,0.0,0.0
user20,1,T3,T3_1D_CNN,0.15,0.9757645130157471,0.31277533039647576,0.0,0.6872246696035242,0.4491341991341991,0.0,0.0,0.0
user20,1,T3,T3_1D_CNN,0.2,0.9757645130157471,0.31277533039647576,0.0,0.6872246696035242,0.4491341991341991,0.0,0.0,0.0
user21,1,T0,T0_DistanceProfile,0.0,0.657697413985918,0.17886178861788618,0.19548872180451127,0.8211382113821138,0.33177101627444094,0.0,0.0,0.0
user21,1,T0,T0_DistanceProfile,0.02,0.657697413985918,0.17886178861788618,0.19548872180451127,0.8211382113821138,0.33177101627444094,0.0,0.0,0.0
user21,1,T0,T0_DistanceProfile,0.05,0.657697413985918,0.17886178861788618,0.19548872180451127,0.8211382113821138,0.33177101627444094,0.0,0.0,0.0
user21,1,T0,T0_DistanceProfile,0.08,0.657697413985918,0.17886178861788618,0.19548872180451127,0.8211382113821138,0.33177101627444094,0.0,0.0,0.0
user21,1,T0,T0_DistanceProfile,0.1,0.657697413985918,0.17886178861788618,0.19548872180451127,0.8211382113821138,0.33177101627444094,0.0,0.0,0.0
user21,1,T0,T0_DistanceProfile,0.15,0.657697413985918,0.17886178861788618,0.19548872180451127,0.8211382113821138,0.33177101627444094,0.0,0.0,0.0
user21,1,T0,T0_DistanceProfile,0.2,0.657697413985918,0.17886178861788618,0.19548872180451127,0.8211382113821138,0.33177101627444094,0.0,0.0,0.0
user21,1,T1,T1_LogReg,0.0,0.5759362378222501,0.6747967479674797,0.3082706766917293,0.3252032520325203,0.1928052921203606,0.0,1.0,0.0
user21,1,T1,T1_LogReg,0.02,0.5759362378222501,0.6747967479674797,0.3082706766917293,0.3252032520325203,0.1928052921203606,0.0,1.0,0.0
user21,1,T1,T1_LogReg,0.05,0.5759362378222501,0.6747967479674797,0.3082706766917293,0.3252032520325203,0.1928052921203606,0.0,1.0,0.0
user21,1,T1,T1_LogReg,0.08,0.5759362378222501,0.6747967479674797,0.3082706766917293,0.3252032520325203,0.1928052921203606,0.0,1.0,0.0
user21,1,T1,T1_LogReg,0.1,0.5759362378222501,0.6747967479674797,0.3082706766917293,0.3252032520325203,0.1928052921203606,0.0,1.0,0.0
user21,1,T1,T1_LogReg,0.15,0.5759362378222501,0.6747967479674797,0.3082706766917293,0.3252032520325203,0.1928052921203606,0.0,1.0,0.0
user21,1,T1,T1_LogReg,0.2,0.5759362378222501,0.6747967479674797,0.3082706766917293,0.3252032520325203,0.1928052921203606,0.0,1.0,0.0
user21,1,T1,T1_SVM_RBF,0.0,0.2646753617091958,0.7113821138211383,0.2932330827067669,0.28861788617886175,0.17405748741365182,0.0,0.0,0.0
user21,1,T1,T1_SVM_RBF,0.02,0.2646753617091958,0.7113821138211383,0.2932330827067669,0.28861788617886175,0.17405748741365182,0.0,0.0,0.0
user21,1,T1,T1_SVM_RBF,0.05,0.2646753617091958,0.7113821138211383,0.2932330827067669,0.28861788617886175,0.17405748741365182,0.0,0.0,0.0
user21,1,T1,T1_SVM_RBF,0.08,0.2646753617091958,0.7113821138211383,0.2932330827067669,0.28861788617886175,0.17405748741365182,0.0,0.0,0.0
user21,1,T1,T1_SVM_RBF,0.1,0.2646753617091958,0.7113821138211383,0.2932330827067669,0.28861788617886175,0.17405748741365182,0.0,0.0,0.0
user21,1,T1,T1_SVM_RBF,0.15,0.2646753617091958,0.7113821138211383,0.2932330827067669,0.28861788617886175,0.17405748741365182,0.0,0.0,0.0
user21,1,T1,T1_SVM_RBF,0.2,0.2646753617091958,0.7113821138211383,0.2932330827067669,0.28861788617886175,0.17405748741365182,0.0,0.0,0.0
user21,1,T1,T1_kNN,0.0,0.6,0.37398373983739835,0.15789473684210525,0.6260162601626016,0.24326410841821802,0.0,1.0,0.0
user21,1,T1,T1_kNN,0.02,0.6,0.37398373983739835,0.15789473684210525,0.6260162601626016,0.24326410841821802,0.0,1.0,0.0
user21,1,T1,T1_kNN,0.05,0.6,0.37398373983739835,0.15789473684210525,0.6260162601626016,0.24326410841821802,0.0,1.0,0.0
user21,1,T1,T1_kNN,0.08,0.6,0.37398373983739835,0.15789473684210525,0.6260162601626016,0.24326410841821802,0.0,1.0,0.0
user21,1,T1,T1_kNN,0.1,0.6,0.37398373983739835,0.15789473684210525,0.6260162601626016,0.24326410841821802,0.0,1.0,0.0
user21,1,T1,T1_kNN,0.15,0.6,0.37398373983739835,0.15789473684210525,0.6260162601626016,0.24326410841821802,0.0,1.0,0.0
user21,1,T1,T1_kNN,0.2,0.6,0.37398373983739835,0.15789473684210525,0.6260162601626016,0.24326410841821802,0.0,1.0,0.0
user21,1,T1,T1_DecisionTree,0.0,1.0000000000000002,0.0,0.0,1.0,0.3474600456621004,0.0,0.0,0.0
user21,1,T1,T1_DecisionTree,0.02,1.0000000000000002,0.0,0.0,1.0,0.3474600456621004,0.0,0.0,0.0
user21,1,T1,T1_DecisionTree,0.05,1.0000000000000002,0.0,0.0,1.0,0.3474600456621004,0.0,0.0,0.0
user21,1,T1,T1_DecisionTree,0.08,1.0000000000000002,0.0,0.0,1.0,0.3474600456621004,0.0,0.0,0.0
user21,1,T1,T1_DecisionTree,0.1,1.0000000000000002,0.0,0.0,1.0,0.3474600456621004,0.0,0.0,0.0
user21,1,T1,T1_DecisionTree,0.15,1.0000000000000002,0.0,0.0,1.0,0.3474600456621004,0.0,0.0,0.0
user21,1,T1,T1_DecisionTree,0.2,1.0000000000000002,0.0,0.0,1.0,0.3474600456621004,0.0,0.0,0.0
user21,1,T2,T2_RandomForest,0.0,0.3433333333333333,0.5975609756097561,0.21052631578947367,0.4024390243902439,0.2006571244584943,0.0,0.0,0.0
user21,1,T2,T2_RandomForest,0.02,0.3433333333333333,0.5975609756097561,0.21052631578947367,0.4024390243902439,0.2006571244584943,0.0,0.0,0.0
user21,1,T2,T2_RandomForest,0.05,0.3433333333333333,0.5975609756097561,0.21052631578947367,0.4024390243902439,0.2006571244584943,0.0,0.0,0.0
user21,1,T2,T2_RandomForest,0.08,0.3433333333333333,0.5975609756097561,0.21052631578947367,0.4024390243902439,0.2006571244584943,0.0,0.0,0.0
user21,1,T2,T2_RandomForest,0.1,0.3433333333333333,0.5975609756097561,0.21052631578947367,0.4024390243902439,0.2006571244584943,0.0,0.0,0.0
user21,1,T2,T2_RandomForest,0.15,0.3433333333333333,0.5975609756097561,0.21052631578947367,0.4024390243902439,0.2006571244584943,0.0,0.0,0.0
user21,1,T2,T2_RandomForest,0.2,0.3433333333333333,0.5975609756097561,0.21052631578947367,0.4024390243902439,0.2006571244584943,0.0,0.0,0.0
user21,1,T2,T2_ExtraTrees,0.0,0.2966666666666667,0.6829268292682927,0.2857142857142857,0.31707317073170727,0.19192351598173515,0.0,0.75,0.0
user21,1,T2,T2_ExtraTrees,0.02,0.2966666666666667,0.6829268292682927,0.2857142857142857,0.31707317073170727,0.19192351598173515,0.0,0.75,0.0
user21,1,T2,T2_ExtraTrees,0.05,0.2966666666666667,0.6829268292682927,0.2857142857142857,0.31707317073170727,0.19192351598173515,0.0,0.75,0.0
user21,1,T2,T2_ExtraTrees,0.08,0.2966666666666667,0.6829268292682927,0.2857142857142857,0.31707317073170727,0.19192351598173515,0.0,0.75,0.0
user21,1,T2,T2_ExtraTrees,0.1,0.2966666666666667,0.6829268292682927,0.2857142857142857,0.31707317073170727,0.19192351598173515,0.0,0.75,0.0
user21,1,T2,T2_ExtraTrees,0.15,0.2966666666666667,0.6829268292682927,0.2857142857142857,0.31707317073170727,0.19192351598173515,0.0,0.75,0.0
user21,1,T2,T2_ExtraTrees,0.2,0.2966666666666667,0.6829268292682927,0.2857142857142857,0.31707317073170727,0.19192351598173515,0.0,0.75,0.0
user21,1,T2,T2_GradientBoosting,0.0,0.33166128087475466,0.6747967479674797,0.20300751879699247,0.3252032520325203,0.1803872497365648,0.0,1.0,0.0
user21,1,T2,T2_GradientBoosting,0.02,0.33166128087475466,0.6747967479674797,0.20300751879699247,0.3252032520325203,0.1803872497365648,0.0,1.0,0.0
user21,1,T2,T2_GradientBoosting,0.05,0.33166128087475466,0.6747967479674797,0.20300751879699247,0.3252032520325203,0.1803872497365648,0.0,1.0,0.0
user21,1,T2,T2_GradientBoosting,0.08,0.33166128087475466,0.6747967479674797,0.20300751879699247,0.3252032520325203,0.1803872497365648,0.0,1.0,0.0
user21,1,T2,T2_GradientBoosting,0.1,0.33166128087475466,0.6747967479674797,0.20300751879699247,0.3252032520325203,0.1803872497365648,0.0,1.0,0.0
user21,1,T2,T2_GradientBoosting,0.15,0.33166128087475466,0.6747967479674797,0.20300751879699247,0.3252032520325203,0.1803872497365648,0.0,1.0,0.0
user21,1,T2,T2_GradientBoosting,0.2,0.33166128087475466,0.6747967479674797,0.20300751879699247,0.3252032520325203,0.1803872497365648,0.0,1.0,0.0
user21,1,T2,T2_XGBoost,0.0,0.29706212878227234,0.6869918699186992,0.2932330827067669,0.3130081300813008,0.16392255005268702,0.0,1.0,0.0
user21,1,T2,T2_XGBoost,0.02,0.29706212878227234,0.6869918699186992,0.2932330827067669,0.3130081300813008,0.16392255005268702,0.0,1.0,0.0
user21,1,T2,T2_XGBoost,0.05,0.29706212878227234,0.6869918699186992,0.2932330827067669,0.3130081300813008,0.16392255005268702,0.0,1.0,0.0
user21,1,T2,T2_XGBoost,0.08,0.29706212878227234,0.6869918699186992,0.2932330827067669,0.3130081300813008,0.16392255005268702,0.0,1.0,0.0
user21,1,T2,T2_XGBoost,0.1,0.29706212878227234,0.6869918699186992,0.2932330827067669,0.3130081300813008,0.16392255005268702,0.0,1.0,0.0
user21,1,T2,T2_XGBoost,0.15,0.29706212878227234,0.6869918699186992,0.2932330827067669,0.3130081300813008,0.16392255005268702,0.0,1.0,0.0
user21,1,T2,T2_XGBoost,0.2,0.29706212878227234,0.6869918699186992,0.2932330827067669,0.3130081300813008,0.16392255005268702,0.0,1.0,0.0
user21,1,T3,T3_1D_CNN,0.0,0.6030179262161255,0.8252032520325203,0.2857142857142857,0.17479674796747968,0.13503980798501344,0.0,1.0,0.0
user21,1,T3,T3_1D_CNN,0.02,0.6030179262161255,0.8252032520325203,0.2857142857142857,0.17479674796747968,0.13503980798501344,0.0,1.0,0.0
user21,1,T3,T3_1D_CNN,0.05,0.6030179262161255,0.8252032520325203,0.2857142857142857,0.17479674796747968,0.13503980798501344,0.0,1.0,0.0
user21,1,T3,T3_1D_CNN,0.08,0.6030179262161255,0.8252032520325203,0.2857142857142857,0.17479674796747968,0.13503980798501344,0.0,1.0,0.0
user21,1,T3,T3_1D_CNN,0.1,0.6030179262161255,0.8252032520325203,0.2857142857142857,0.17479674796747968,0.13503980798501344,0.0,1.0,0.0
user21,1,T3,T3_1D_CNN,0.15,0.6030179262161255,0.8252032520325203,0.2857142857142857,0.17479674796747968,0.13503980798501344,0.0,1.0,0.0
user21,1,T3,T3_1D_CNN,0.2,0.6030179262161255,0.8252032520325203,0.2857142857142857,0.17479674796747968,0.13503980798501344,0.0,1.0,0.0
user23,1,T0,T0_DistanceProfile,0.0,0.6831423217496556,0.125,0.048582995951417005,0.875,0.4656834393676499,0.0,0.0,0.0
user23,1,T0,T0_DistanceProfile,0.02,0.6831423217496556,0.125,0.048582995951417005,0.875,0.4656834393676499,0.0,0.0,0.0
user23,1,T0,T0_DistanceProfile,0.05,0.6831423217496556,0.125,0.048582995951417005,0.875,0.4656834393676499,0.0,0.0,0.0
user23,1,T0,T0_DistanceProfile,0.08,0.6831423217496556,0.125,0.048582995951417005,0.875,0.4656834393676499,0.0,0.0,0.0
user23,1,T0,T0_DistanceProfile,0.1,0.6831423217496556,0.125,0.048582995951417005,0.875,0.4656834393676499,0.0,0.0,0.0
user23,1,T0,T0_DistanceProfile,0.15,0.6831423217496556,0.125,0.048582995951417005,0.875,0.4656834393676499,0.0,0.0,0.0
user23,1,T0,T0_DistanceProfile,0.2,0.6831423217496556,0.125,0.048582995951417005,0.875,0.4656834393676499,0.0,0.0,0.0
user23,1,T1,T1_LogReg,0.0,0.7858376454731917,0.5208333333333334,0.08097165991902834,0.47916666666666663,0.20098322729901674,0.55,0.0,0.0
user23,1,T1,T1_LogReg,0.02,0.7858376454731917,0.5208333333333334,0.08097165991902834,0.47916666666666663,0.20098322729901674,0.55,0.0,0.0
user23,1,T1,T1_LogReg,0.05,0.7858376454731917,0.5208333333333334,0.08097165991902834,0.47916666666666663,0.20098322729901674,0.55,0.0,0.0
user23,1,T1,T1_LogReg,0.08,0.7858376454731917,0.5208333333333334,0.08097165991902834,0.47916666666666663,0.20098322729901674,0.55,0.0,0.0
user23,1,T1,T1_LogReg,0.1,0.7858376454731917,0.5208333333333334,0.08097165991902834,0.47916666666666663,0.20098322729901674,0.55,0.0,0.0
user23,1,T1,T1_LogReg,0.15,0.7858376454731917,0.5208333333333334,0.08097165991902834,0.47916666666666663,0.20098322729901674,0.55,0.0,0.0
user23,1,T1,T1_LogReg,0.2,0.7858376454731917,0.5208333333333334,0.08097165991902834,0.47916666666666663,0.20098322729901674,0.55,0.0,0.0
user23,1,T1,T1_SVM_RBF,0.0,0.5363599547338859,0.5416666666666666,0.11740890688259109,0.45833333333333337,0.18430692114902641,0.0,0.0,0.0
user23,1,T1,T1_SVM_RBF,0.02,0.5363599547338859,0.5416666666666666,0.11740890688259109,0.45833333333333337,0.18430692114902641,0.0,0.0,0.0
user23,1,T1,T1_SVM_RBF,0.05,0.5363599547338859,0.5416666666666666,0.11740890688259109,0.45833333333333337,0.18430692114902641,0.0,0.0,0.0
user23,1,T1,T1_SVM_RBF,0.08,0.5363599547338859,0.5416666666666666,0.11740890688259109,0.45833333333333337,0.18430692114902641,0.0,0.0,0.0
user23,1,T1,T1_SVM_RBF,0.1,0.5363599547338859,0.5416666666666666,0.11740890688259109,0.45833333333333337,0.18430692114902641,0.0,0.0,0.0
user23,1,T1,T1_SVM_RBF,0.15,0.5363599547338859,0.5416666666666666,0.11740890688259109,0.45833333333333337,0.18430692114902641,0.0,0.0,0.0
user23,1,T1,T1_SVM_RBF,0.2,0.5363599547338859,0.5416666666666666,0.11740890688259109,0.45833333333333337,0.18430692114902641,0.0,0.0,0.0
user23,1,T1,T1_kNN,0.0,0.8,0.24166666666666667,0.06477732793522267,0.7583333333333333,0.30605359552727973,0.0,0.0,0.0
user23,1,T1,T1_kNN,0.02,0.8,0.24166666666666667,0.06477732793522267,0.7583333333333333,0.30605359552727973,0.0,0.0,0.0
user23,1,T1,T1_kNN,0.05,0.8,0.24166666666666667,0.06477732793522267,0.7583333333333333,0.30605359552727973,0.0,0.0,0.0
user23,1,T1,T1_kNN,0.08,0.8,0.24166666666666667,0.06477732793522267,0.7583333333333333,0.30605359552727973,0.0,0.0,0.0
user23,1,T1,T1_kNN,0.1,0.8,0.24166666666666667,0.06477732793522267,0.7583333333333333,0.30605359552727973,0.0,0.0,0.0
user23,1,T1,T1_kNN,0.15,0.8,0.24166666666666667,0.06477732793522267,0.7583333333333333,0.30605359552727973,0.0,0.0,0.0
user23,1,T1,T1_kNN,0.2,0.8,0.24166666666666667,0.06477732793522267,0.7583333333333333,0.30605359552727973,0.0,0.0,0.0
user23,1,T1,T1_DecisionTree,0.0,1.0000000000000002,0.0,0.0,1.0,0.3015230383651436,0.0,0.0,0.0
user23,1,T1,T1_DecisionTree,0.02,1.0000000000000002,0.0,0.0,1.0,0.3015230383651436,0.0,0.0,0.0
user23,1,T1,T1_DecisionTree,0.05,1.0000000000000002,0.0,0.0,1.0,0.3015230383651436,0.0,0.0,0.0
user23,1,T1,T1_DecisionTree,0.08,1.0000000000000002,0.0,0.0,1.0,0.3015230383651436,0.0,0.0,0.0
user23,1,T1,T1_DecisionTree,0.1,1.0000000000000002,0.0,0.0,1.0,0.3015230383651436,0.0,0.0,0.0
user23,1,T1,T1_DecisionTree,0.15,1.0000000000000002,0.0,0.0,1.0,0.3015230383651436,0.0,0.0,0.0
user23,1,T1,T1_DecisionTree,0.2,1.0000000000000002,0.0,0.0,1.0,0.3015230383651436,0.0,0.0,0.0
user23,1,T2,T2_RandomForest,0.0,0.42,0.6625,0.10121457489878542,0.3375,0.1799691536533642,0.0,0.0,0.0
user23,1,T2,T2_RandomForest,0.02,0.42,0.6625,0.10121457489878542,0.3375,0.1799691536533642,0.0,0.0,0.0
user23,1,T2,T2_RandomForest,0.05,0.42,0.6625,0.10121457489878542,0.3375,0.1799691536533642,0.0,0.0,0.0
user23,1,T2,T2_RandomForest,0.08,0.42,0.6625,0.10121457489878542,0.3375,0.1799691536533642,0.0,0.0,0.0
user23,1,T2,T2_RandomForest,0.1,0.42,0.6625,0.10121457489878542,0.3375,0.1799691536533642,0.0,0.0,0.0
user23,1,T2,T2_RandomForest,0.15,0.42,0.6625,0.10121457489878542,0.3375,0.1799691536533642,0.0,0.0,0.0
user23,1,T2,T2_RandomForest,0.2,0.42,0.6625,0.10121457489878542,0.3375,0.1799691536533642,0.0,0.0,0.0
user23,1,T2,T2_ExtraTrees,0.0,0.41,0.6333333333333333,0.09716599190283401,0.3666666666666667,0.1812222864854444,0.3,0.0,0.0
user23,1,T2,T2_ExtraTrees,0.02,0.41,0.6333333333333333,0.09716599190283401,0.3666666666666667,0.1812222864854444,0.3,0.0,0.0
user23,1,T2,T2_ExtraTrees,0.05,0.41,0.6333333333333333,0.09716599190283401,0.3666666666666667,0.1812222864854444,0.3,0.0,0.0
user23,1,T2,T2_ExtraTrees,0.08,0.41,0.6333333333333333,0.09716599190283401,0.3666666666666667,0.1812222864854444,0.3,0.0,0.0
user23,1,T2,T2_ExtraTrees,0.1,0.41,0.6333333333333333,0.09716599190283401,0.3666666666666667,0.1812222864854444,0.3,0.0,0.0
user23,1,T2,T2_ExtraTrees,0.15,0.41,0.6333333333333333,0.09716599190283401,0.3666666666666667,0.1812222864854444,0.3,0.0,0.0
user23,1,T2,T2_ExtraTrees,0.2,0.41,0.6333333333333333,0.09716599190283401,0.3666666666666667,0.1812222864854444,0.3,0.0,0.0
user23,1,T2,T2_GradientBoosting,0.0,0.45639053291994874,0.6958333333333333,0.12550607287449392,0.3041666666666667,0.18305378831694621,1.0,0.8,0.2
user23,1,T2,T2_GradientBoosting,0.02,0.45639053291994874,0.6958333333333333,0.12550607287449392,0.3041666666666667,0.18305378831694621,1.0,0.8,0.2
user23,1,T2,T2_GradientBoosting,0.05,0.45639053291994874,0.6958333333333333,0.12550607287449392,0.3041666666666667,0.18305378831694621,1.0,0.8,0.2
user23,1,T2,T2_GradientBoosting,0.08,0.45639053291994874,0.6958333333333333,0.12550607287449392,0.3041666666666667,0.18305378831694621,1.0,0.8,0.2
user23,1,T2,T2_GradientBoosting,0.1,0.45639053291994874,0.6958333333333333,0.12550607287449392,0.3041666666666667,0.18305378831694621,1.0,0.8,0.2
user23,1,T2,T2_GradientBoosting,0.15,0.45639053291994874,0.6958333333333333,0.12550607287449392,0.3041666666666667,0.18305378831694621,1.0,0.8,0.2
user23,1,T2,T2_GradientBoosting,0.2,0.45639053291994874,0.6958333333333333,0.12550607287449392,0.3041666666666667,0.18305378831694621,1.0,0.8,0.2
user23,1,T2,T2_XGBoost,0.0,0.507004976272583,0.7416666666666667,0.1214574898785425,0.2583333333333333,0.15336417967996915,0.95,0.0,0.05
user23,1,T2,T2_XGBoost,0.02,0.507004976272583,0.7416666666666667,0.1214574898785425,0.2583333333333333,0.15336417967996915,0.95,0.0,0.05
user23,1,T2,T2_XGBoost,0.05,0.507004976272583,0.7416666666666667,0.1214574898785425,0.2583333333333333,0.15336417967996915,0.95,0.0,0.05
user23,1,T2,T2_XGBoost,0.08,0.507004976272583,0.7416666666666667,0.1214574898785425,0.2583333333333333,0.15336417967996915,0.95,0.0,0.05
user23,1,T2,T2_XGBoost,0.1,0.507004976272583,0.7416666666666667,0.1214574898785425,0.2583333333333333,0.15336417967996915,0.95,0.0,0.05
user23,1,T2,T2_XGBoost,0.15,0.507004976272583,0.7416666666666667,0.1214574898785425,0.2583333333333333,0.15336417967996915,0.95,0.0,0.05
user23,1,T2,T2_XGBoost,0.2,0.507004976272583,0.7416666666666667,0.1214574898785425,0.2583333333333333,0.15336417967996915,0.95,0.0,0.05
user23,1,T3,T3_1D_CNN,0.0,0.5968368649482727,0.5875,0.1214574898785425,0.4125,0.19047619047619047,0.95,0.0,0.1
user23,1,T3,T3_1D_CNN,0.02,0.5968368649482727,0.5875,0.1214574898785425,0.4125,0.19047619047619047,0.95,0.0,0.1
user23,1,T3,T3_1D_CNN,0.05,0.5968368649482727,0.5875,0.1214574898785425,0.4125,0.19047619047619047,0.95,0.0,0.1
user23,1,T3,T3_1D_CNN,0.08,0.5968368649482727,0.5875,0.1214574898785425,0.4125,0.19047619047619047,0.95,0.0,0.1
user23,1,T3,T3_1D_CNN,0.1,0.5968368649482727,0.5875,0.1214574898785425,0.4125,0.19047619047619047,0.95,0.0,0.1
user23,1,T3,T3_1D_CNN,0.15,0.5968368649482727,0.5875,0.1214574898785425,0.4125,0.19047619047619047,0.95,0.0,0.1
user23,1,T3,T3_1D_CNN,0.2,0.5968368649482727,0.5875,0.1214574898785425,0.4125,0.19047619047619047,0.95,0.0,0.1
user29,1,T0,T0_DistanceProfile,0.0,0.6638068487131199,0.2204724409448819,0.08333333333333333,0.7795275590551181,0.37933728908749054,0.0,0.0,0.0
user29,1,T0,T0_DistanceProfile,0.02,0.6638068487131199,0.2204724409448819,0.08333333333333333,0.7795275590551181,0.37933728908749054,0.0,0.0,0.0
user29,1,T0,T0_DistanceProfile,0.05,0.6638068487131199,0.2204724409448819,0.08333333333333333,0.7795275590551181,0.37933728908749054,0.0,0.0,0.0
user29,1,T0,T0_DistanceProfile,0.08,0.6638068487131199,0.2204724409448819,0.08333333333333333,0.7795275590551181,0.37933728908749054,0.0,0.0,0.0
user29,1,T0,T0_DistanceProfile,0.1,0.6638068487131199,0.2204724409448819,0.08333333333333333,0.7795275590551181,0.37933728908749054,0.0,0.0,0.0
user29,1,T0,T0_DistanceProfile,0.15,0.6638068487131199,0.2204724409448819,0.08333333333333333,0.7795275590551181,0.37933728908749054,0.0,0.0,0.0
user29,1,T0,T0_DistanceProfile,0.2,0.6638068487131199,0.2204724409448819,0.08333333333333333,0.7795275590551181,0.37933728908749054,0.0,0.0,0.0
user29,1,T1,T1_LogReg,0.0,0.8676122643326614,0.40551181102362205,0.11666666666666667,0.594488188976378,0.3095703204486444,0.0,0.0,0.0
user29,1,T1,T1_LogReg,0.02,0.8676122643326614,0.40551181102362205,0.11666666666666667,0.594488188976378,0.3095703204486444,0.0,0.0,0.0
user29,1,T1,T1_LogReg,0.05,0.8676122643326614,0.40551181102362205,0.11666666666666667,0.594488188976378,0.3095703204486444,0.0,0.0,0.0
user29,1,T1,T1_LogReg,0.08,0.8676122643326614,0.40551181102362205,0.11666666666666667,0.594488188976378,0.3095703204486444,0.0,0.0,0.0
user29,1,T1,T1_LogReg,0.1,0.8676122643326614,0.40551181102362205,0.11666666666666667,0.594488188976378,0.3095703204486444,0.0,0.0,0.0
user29,1,T1,T1_LogReg,0.15,0.8676122643326614,0.40551181102362205,0.11666666666666667,0.594488188976378,0.3095703204486444,0.0,0.0,0.0
user29,1,T1,T1_LogReg,0.2,0.8676122643326614,0.40551181102362205,0.11666666666666667,0.594488188976378,0.3095703204486444,0.0,0.0,0.0
user29,1,T1,T1_SVM_RBF,0.0,0.6018767041797968,0.44881889763779526,0.15833333333333333,0.5511811023622047,0.30804825043342365,0.0,0.0,0.0
user29,1,T1,T1_SVM_RBF,0.02,0.6018767041797968,0.44881889763779526,0.15833333333333333,0.5511811023622047,0.30804825043342365,0.0,0.0,0.0
user29,1,T1,T1_SVM_RBF,0.05,0.6018767041797968,0.44881889763779526,0.15833333333333333,0.5511811023622047,0.30804825043342365,0.0,0.0,0.0
user29,1,T1,T1_SVM_RBF,0.08,0.6018767041797968,0.44881889763779526,0.15833333333333333,0.5511811023622047,0.30804825043342365,0.0,0.0,0.0
user29,1,T1,T1_SVM_RBF,0.1,0.6018767041797968,0.44881889763779526,0.15833333333333333,0.5511811023622047,0.30804825043342365,0.0,0.0,0.0
user29,1,T1,T1_SVM_RBF,0.15,0.6018767041797968,0.44881889763779526,0.15833333333333333,0.5511811023622047,0.30804825043342365,0.0,0.0,0.0
user29,1,T1,T1_SVM_RBF,0.2,0.6018767041797968,0.44881889763779526,0.15833333333333333,0.5511811023622047,0.30804825043342365,0.0,0.0,0.0
user29,1,T1,T1_kNN,0.0,0.8,0.2677165354330709,0.08333333333333333,0.7322834645669292,0.3346030815813249,0.0,0.0,0.0
user29,1,T1,T1_kNN,0.02,0.8,0.2677165354330709,0.08333333333333333,0.7322834645669292,0.3346030815813249,0.0,0.0,0.0
user29,1,T1,T1_kNN,0.05,0.8,0.2677165354330709,0.08333333333333333,0.7322834645669292,0.3346030815813249,0.0,0.0,0.0
user29,1,T1,T1_kNN,0.08,0.8,0.2677165354330709,0.08333333333333333,0.7322834645669292,0.3346030815813249,0.0,0.0,0.0
user29,1,T1,T1_kNN,0.1,0.8,0.2677165354330709,0.08333333333333333,0.7322834645669292,0.3346030815813249,0.0,0.0,0.0
user29,1,T1,T1_kNN,0.15,0.8,0.2677165354330709,0.08333333333333333,0.7322834645669292,0.3346030815813249,0.0,0.0,0.0
user29,1,T1,T1_kNN,0.2,0.8,0.2677165354330709,0.08333333333333333,0.7322834645669292,0.3346030815813249,0.0,0.0,0.0
user29,1,T1,T1_DecisionTree,0.0,1.0000000000000002,0.0,0.0,1.0,0.4332201955086725,0.0,0.0,0.0
user29,1,T1,T1_DecisionTree,0.02,1.0000000000000002,0.0,0.0,1.0,0.4332201955086725,0.0,0.0,0.0
user29,1,T1,T1_DecisionTree,0.05,1.0000000000000002,0.0,0.0,1.0,0.4332201955086725,0.0,0.0,0.0
user29,1,T1,T1_DecisionTree,0.08,1.0000000000000002,0.0,0.0,1.0,0.4332201955086725,0.0,0.0,0.0
user29,1,T1,T1_DecisionTree,0.1,1.0000000000000002,0.0,0.0,1.0,0.4332201955086725,0.0,0.0,0.0
user29,1,T1,T1_DecisionTree,0.15,1.0000000000000002,0.0,0.0,1.0,0.4332201955086725,0.0,0.0,0.0
user29,1,T1,T1_DecisionTree,0.2,1.0000000000000002,0.0,0.0,1.0,0.4332201955086725,0.0,0.0,0.0
user29,1,T2,T2_RandomForest,0.0,0.4866666666666667,0.484251968503937,0.13333333333333333,0.515748031496063,0.31109239046386505,0.0,0.0,0.0
user29,1,T2,T2_RandomForest,0.02,0.4866666666666667,0.484251968503937,0.13333333333333333,0.515748031496063,0.31109239046386505,0.0,0.0,0.0
user29,1,T2,T2_RandomForest,0.05,0.4866666666666667,0.484251968503937,0.13333333333333333,0.515748031496063,0.31109239046386505,0.0,0.0,0.0
user29,1,T2,T2_RandomForest,0.08,0.4866666666666667,0.484251968503937,0.13333333333333333,0.515748031496063,0.31109239046386505,0.0,0.0,0.0
user29,1,T2,T2_RandomForest,0.1,0.4866666666666667,0.484251968503937,0.13333333333333333,0.515748031496063,0.31109239046386505,0.0,0.0,0.0
user29,1,T2,T2_RandomForest,0.15,0.4866666666666667,0.484251968503937,0.13333333333333333,0.515748031496063,0.31109239046386505,0.0,0.0,0.0
user29,1,T2,T2_RandomForest,0.2,0.4866666666666667,0.484251968503937,0.13333333333333333,0.515748031496063,0.31109239046386505,0.0,0.0,0.0
user29,1,T2,T2_ExtraTrees,0.0,0.49333333333333335,0.48031496062992124,0.15833333333333333,0.5196850393700787,0.3225282641076356,0.0,0.0,0.0
user29,1,T2,T2_ExtraTrees,0.02,0.49333333333333335,0.48031496062992124,0.15833333333333333,0.5196850393700787,0.3225282641076356,0.0,0.0,0.0
user29,1,T2,T2_ExtraTrees,0.05,0.49333333333333335,0.48031496062992124,0.15833333333333333,0.5196850393700787,0.3225282641076356,0.0,0.0,0.0
user29,1,T2,T2_ExtraTrees,0.08,0.49333333333333335,0.48031496062992124,0.15833333333333333,0.5196850393700787,0.3225282641076356,0.0,0.0,0.0
user29,1,T2,T2_ExtraTrees,0.1,0.49333333333333335,0.48031496062992124,0.15833333333333333,0.5196850393700787,0.3225282641076356,0.0,0.0,0.0
user29,1,T2,T2_ExtraTrees,0.15,0.49333333333333335,0.48031496062992124,0.15833333333333333,0.5196850393700787,0.3225282641076356,0.0,0.0,0.0
user29,1,T2,T2_ExtraTrees,0.2,0.49333333333333335,0.48031496062992124,0.15833333333333333,0.5196850393700787,0.3225282641076356,0.0,0.0,0.0
user29,1,T2,T2_GradientBoosting,0.0,0.5309662185811097,0.5236220472440944,0.15,0.47637795275590555,0.31604929227814,0.05,0.0,0.0
user29,1,T2,T2_GradientBoosting,0.02,0.5309662185811097,0.5236220472440944,0.15,0.47637795275590555,0.31604929227814,0.05,0.0,0.0
user29,1,T2,T2_GradientBoosting,0.05,0.5309662185811097,0.5236220472440944,0.15,0.47637795275590555,0.31604929227814,0.05,0.0,0.0
user29,1,T2,T2_GradientBoosting,0.08,0.5309662185811097,0.5236220472440944,0.15,0.47637795275590555,0.31604929227814,0.05,0.0,0.0
user29,1,T2,T2_GradientBoosting,0.1,0.5309662185811097,0.5236220472440944,0.15,0.47637795275590555,0.31604929227814,0.05,0.0,0.0
user29,1,T2,T2_GradientBoosting,0.15,0.5309662185811097,0.5236220472440944,0.15,0.47637795275590555,0.31604929227814,0.05,0.0,0.0
user29,1,T2,T2_GradientBoosting,0.2,0.5309662185811097,0.5236220472440944,0.15,0.47637795275590555,0.31604929227814,0.05,0.0,0.0
user29,1,T2,T2_XGBoost,0.0,0.5243930220603943,0.5866141732283464,0.14166666666666666,0.4133858267716536,0.30385238362675915,0.0,0.0,0.0
user29,1,T2,T2_XGBoost,0.02,0.5243930220603943,0.5866141732283464,0.14166666666666666,0.4133858267716536,0.30385238362675915,0.0,0.0,0.0
user29,1,T2,T2_XGBoost,0.05,0.5243930220603943,0.5866141732283464,0.14166666666666666,0.4133858267716536,0.30385238362675915,0.0,0.0,0.0
user29,1,T2,T2_XGBoost,0.08,0.5243930220603943,0.5866141732283464,0.14166666666666666,0.4133858267716536,0.30385238362675915,0.0,0.0,0.0
user29,1,T2,T2_XGBoost,0.1,0.5243930220603943,0.5866141732283464,0.14166666666666666,0.4133858267716536,0.30385238362675915,0.0,0.0,0.0
user29,1,T2,T2_XGBoost,0.15,0.5243930220603943,0.5866141732283464,0.14166666666666666,0.4133858267716536,0.30385238362675915,0.0,0.0,0.0
user29,1,T2,T2_XGBoost,0.2,0.5243930220603943,0.5866141732283464,0.14166666666666666,0.4133858267716536,0.30385238362675915,0.0,0.0,0.0
user29,1,T3,T3_1D_CNN,0.0,0.5230726003646851,0.41732283464566927,0.18333333333333332,0.5826771653543308,0.21617056951464686,0.0,0.85,0.0
user29,1,T3,T3_1D_CNN,0.02,0.5230726003646851,0.41732283464566927,0.18333333333333332,0.5826771653543308,0.21617056951464686,0.0,0.85,0.0
user29,1,T3,T3_1D_CNN,0.05,0.5230726003646851,0.41732283464566927,0.18333333333333332,0.5826771653543308,0.21617056951464686,0.0,0.85,0.0
user29,1,T3,T3_1D_CNN,0.08,0.5230726003646851,0.41732283464566927,0.18333333333333332,0.5826771653543308,0.21617056951464686,0.0,0.85,0.0
user29,1,T3,T3_1D_CNN,0.1,0.5230726003646851,0.41732283464566927,0.18333333333333332,0.5826771653543308,0.21617056951464686,0.0,0.85,0.0
user29,1,T3,T3_1D_CNN,0.15,0.5230726003646851,0.41732283464566927,0.18333333333333332,0.5826771653543308,0.21617056951464686,0.0,0.85,0.0
user29,1,T3,T3_1D_CNN,0.2,0.5230726003646851,0.41732283464566927,0.18333333333333332,0.5826771653543308,0.21617056951464686,0.0,0.85,0.0
user35,1,T0,T0_DistanceProfile,0.0,0.6431481512725292,0.23605150214592274,0.1431818181818182,0.7639484978540773,0.37296626984126985,0.0,0.0,0.0
user35,1,T0,T0_DistanceProfile,0.02,0.6431481512725292,0.23605150214592274,0.1431818181818182,0.7639484978540773,0.37296626984126985,0.0,0.0,0.0
user35,1,T0,T0_DistanceProfile,0.05,0.6431481512725292,0.23605150214592274,0.1431818181818182,0.7639484978540773,0.37296626984126985,0.0,0.0,0.0
user35,1,T0,T0_DistanceProfile,0.08,0.6431481512725292,0.23605150214592274,0.1431818181818182,0.7639484978540773,0.37296626984126985,0.0,0.0,0.0
user35,1,T0,T0_DistanceProfile,0.1,0.6431481512725292,0.23605150214592274,0.1431818181818182,0.7639484978540773,0.37296626984126985,0.0,0.0,0.0
user35,1,T0,T0_DistanceProfile,0.15,0.6431481512725292,0.23605150214592274,0.1431818181818182,0.7639484978540773,0.37296626984126985,0.0,0.0,0.0
user35,1,T0,T0_DistanceProfile,0.2,0.6431481512725292,0.23605150214592274,0.1431818181818182,0.7639484978540773,0.37296626984126985,0.0,0.0,0.0
user35,1,T1,T1_LogReg,0.0,0.909271871459919,0.463519313304721,0.12045454545454545,0.5364806866952789,0.27847222222222223,0.0,1.0,0.0
user35,1,T1,T1_LogReg,0.02,0.909271871459919,0.463519313304721,0.12045454545454545,0.5364806866952789,0.27847222222222223,0.0,1.0,0.0
user35,1,T1,T1_LogReg,0.05,0.909271871459919,0.463519313304721,0.12045454545454545,0.5364806866952789,0.27847222222222223,0.0,1.0,0.0
user35,1,T1,T1_LogReg,0.08,0.909271871459919,0.463519313304721,0.12045454545454545,0.5364806866952789,0.27847222222222223,0.0,1.0,0.0
user35,1,T1,T1_LogReg,0.1,0.909271871459919,0.463519313304721,0.12045454545454545,0.5364806866952789,0.27847222222222223,0.0,1.0,0.0
user35,1,T1,T1_LogReg,0.15,0.909271871459919,0.463519313304721,0.12045454545454545,0.5364806866952789,0.27847222222222223,0.0,1.0,0.0
user35,1,T1,T1_LogReg,0.2,0.909271871459919,0.463519313304721,0.12045454545454545,0.5364806866952789,0.27847222222222223,0.0,1.0,0.0
user35,1,T1,T1_SVM_RBF,0.0,0.7198723139435945,0.4592274678111588,0.09090909090909091,0.5407725321888412,0.25823412698412695,0.0,0.0,0.0
user35,1,T1,T1_SVM_RBF,0.02,0.7198723139435945,0.4592274678111588,0.09090909090909091,0.5407725321888412,0.25823412698412695,0.0,0.0,0.0
user35,1,T1,T1_SVM_RBF,0.05,0.7198723139435945,0.4592274678111588,0.09090909090909091,0.5407725321888412,0.25823412698412695,0.0,0.0,0.0
user35,1,T1,T1_SVM_RBF,0.08,0.7198723139435945,0.4592274678111588,0.09090909090909091,0.5407725321888412,0.25823412698412695,0.0,0.0,0.0
user35,1,T1,T1_SVM_RBF,0.1,0.7198723139435945,0.4592274678111588,0.09090909090909091,0.5407725321888412,0.25823412698412695,0.0,0.0,0.0
user35,1,T1,T1_SVM_RBF,0.15,0.7198723139435945,0.4592274678111588,0.09090909090909091,0.5407725321888412,0.25823412698412695,0.0,0.0,0.0
user35,1,T1,T1_SVM_RBF,0.2,0.7198723139435945,0.4592274678111588,0.09090909090909091,0.5407725321888412,0.25823412698412695,0.0,0.0,0.0
user35,1,T1,T1_kNN,0.0,0.8,0.2532188841201717,0.09545454545454546,0.7467811158798283,0.34012896825396827,0.0,0.95,0.0
user35,1,T1,T1_kNN,0.02,0.8,0.2532188841201717,0.09545454545454546,0.7467811158798283,0.34012896825396827,0.0,0.95,0.0
user35,1,T1,T1_kNN,0.05,0.8,0.2532188841201717,0.09545454545454546,0.7467811158798283,0.34012896825396827,0.0,0.95,0.0
user35,1,T1,T1_kNN,0.08,0.8,0.2532188841201717,0.09545454545454546,0.7467811158798283,0.34012896825396827,0.0,0.95,0.0
user35,1,T1,T1_kNN,0.1,0.8,0.2532188841201717,0.09545454545454546,0.7467811158798283,0.34012896825396827,0.0,0.95,0.0
user35,1,T1,T1_kNN,0.15,0.8,0.2532188841201717,0.09545454545454546,0.7467811158798283,0.34012896825396827,0.0,0.95,0.0
user35,1,T1,T1_kNN,0.2,0.8,0.2532188841201717,0.09545454545454546,0.7467811158798283,0.34012896825396827,0.0,0.95,0.0
user35,1,T1,T1_DecisionTree,0.0,1.0000000000000002,0.0,0.0,1.0,0.3484623015873016,0.0,0.0,0.0
user35,1,T1,T1_DecisionTree,0.02,1.0000000000000002,0.0,0.0,1.0,0.3484623015873016,0.0,0.0,0.0
user35,1,T1,T1_DecisionTree,0.05,1.0000000000000002,0.0,0.0,1.0,0.3484623015873016,0.0,0.0,0.0
user35,1,T1,T1_DecisionTree,0.08,1.0000000000000002,0.0,0.0,1.0,0.3484623015873016,0.0,0.0,0.0
user35,1,T1,T1_DecisionTree,0.1,1.0000000000000002,0.0,0.0,1.0,0.3484623015873016,0.0,0.0,0.0
user35,1,T1,T1_DecisionTree,0.15,1.0000000000000002,0.0,0.0,1.0,0.3484623015873016,0.0,0.0,0.0
user35,1,T1,T1_DecisionTree,0.2,1.0000000000000002,0.0,0.0,1.0,0.3484623015873016,0.0,0.0,0.0
user35,1,T2,T2_RandomForest,0.0,0.5366666666666666,0.5107296137339056,0.1318181818181818,0.4892703862660944,0.251984126984127,0.0,0.0,0.0
user35,1,T2,T2_RandomForest,0.02,0.5366666666666666,0.5107296137339056,0.1318181818181818,0.4892703862660944,0.251984126984127,0.0,0.0,0.0
user35,1,T2,T2_RandomForest,0.05,0.5366666666666666,0.5107296137339056,0.1318181818181818,0.4892703862660944,0.251984126984127,0.0,0.0,0.0
user35,1,T2,T2_RandomForest,0.08,0.5366666666666666,0.5107296137339056,0.1318181818181818,0.4892703862660944,0.251984126984127,0.0,0.0,0.0
user35,1,T2,T2_RandomForest,0.1,0.5366666666666666,0.5107296137339056,0.1318181818181818,0.4892703862660944,0.251984126984127,0.0,0.0,0.0
user35,1,T2,T2_RandomForest,0.15,0.5366666666666666,0.5107296137339056,0.1318181818181818,0.4892703862660944,0.251984126984127,0.0,0.0,0.0
user35,1,T2,T2_RandomForest,0.2,0.5366666666666666,0.5107296137339056,0.1318181818181818,0.4892703862660944,0.251984126984127,0.0,0.0,0.0
user35,1,T2,T2_ExtraTrees,0.0,0.58,0.38626609442060084,0.1,0.6137339055793991,0.27847222222222223,0.0,0.0,0.0
user35,1,T2,T2_ExtraTrees,0.02,0.58,0.38626609442060084,0.1,0.6137339055793991,0.27847222222222223,0.0,0.0,0.0
user35,1,T2,T2_ExtraTrees,0.05,0.58,0.38626609442060084,0.1,0.6137339055793991,0.27847222222222223,0.0,0.0,0.0
user35,1,T2,T2_ExtraTrees,0.08,0.58,0.38626609442060084,0.1,0.6137339055793991,0.27847222222222223,0.0,0.0,0.0
user35,1,T2,T2_ExtraTrees,0.1,0.58,0.38626609442060084,0.1,0.6137339055793991,0.27847222222222223,0.0,0.0,0.0
user35,1,T2,T2_ExtraTrees,0.15,0.58,0.38626609442060084,0.1,0.6137339055793991,0.27847222222222223,0.0,0.0,0.0
user35,1,T2,T2_ExtraTrees,0.2,0.58,0.38626609442060084,0.1,0.6137339055793991,0.27847222222222223,0.0,0.0,0.0
user35,1,T2,T2_GradientBoosting,0.0,0.64926178005507,0.5493562231759657,0.175,0.45064377682403434,0.24196428571428574,0.0,0.0,0.0
user35,1,T2,T2_GradientBoosting,0.02,0.64926178005507,0.5493562231759657,0.175,0.45064377682403434,0.24196428571428574,0.0,0.0,0.0
user35,1,T2,T2_GradientBoosting,0.05,0.64926178005507,0.5493562231759657,0.175,0.45064377682403434,0.24196428571428574,0.0,0.0,0.0
user35,1,T2,T2_GradientBoosting,0.08,0.64926178005507,0.5493562231759657,0.175,0.45064377682403434,0.24196428571428574,0.0,0.0,0.0
user35,1,T2,T2_GradientBoosting,0.1,0.64926178005507,0.5493562231759657,0.175,0.45064377682403434,0.24196428571428574,0.0,0.0,0.0
user35,1,T2,T2_GradientBoosting,0.15,0.64926178005507,0.5493562231759657,0.175,0.45064377682403434,0.24196428571428574,0.0,0.0,0.0
user35,1,T2,T2_GradientBoosting,0.2,0.64926178005507,0.5493562231759657,0.175,0.45064377682403434,0.24196428571428574,0.0,0.0,0.0
user35,1,T2,T2_XGBoost,0.0,0.7095997929573059,0.5708154506437768,0.1590909090909091,0.4291845493562232,0.2234126984126984,0.0,0.0,0.0
user35,1,T2,T2_XGBoost,0.02,0.7095997929573059,0.5708154506437768,0.1590909090909091,0.4291845493562232,0.2234126984126984,0.0,0.0,0.0
user35,1,T2,T2_XGBoost,0.05,0.7095997929573059,0.5708154506437768,0.1590909090909091,0.4291845493562232,0.2234126984126984,0.0,0.0,0.0
user35,1,T2,T2_XGBoost,0.08,0.7095997929573059,0.5708154506437768,0.1590909090909091,0.4291845493562232,0.2234126984126984,0.0,0.0,0.0
user35,1,T2,T2_XGBoost,0.1,0.7095997929573059,0.5708154506437768,0.1590909090909091,0.4291845493562232,0.2234126984126984,0.0,0.0,0.0
user35,1,T2,T2_XGBoost,0.15,0.7095997929573059,0.5708154506437768,0.1590909090909091,0.4291845493562232,0.2234126984126984,0.0,0.0,0.0
user35,1,T2,T2_XGBoost,0.2,0.7095997929573059,0.5708154506437768,0.1590909090909091,0.4291845493562232,0.2234126984126984,0.0,0.0,0.0
user35,1,T3,T3_1D_CNN,0.0,0.47337931394577026,0.296137339055794,0.1,0.703862660944206,0.3099702380952381,0.0,0.0,0.0
user35,1,T3,T3_1D_CNN,0.02,0.47337931394577026,0.296137339055794,0.1,0.703862660944206,0.3099702380952381,0.0,0.0,0.0
user35,1,T3,T3_1D_CNN,0.05,0.47337931394577026,0.296137339055794,0.1,0.703862660944206,0.3099702380952381,0.0,0.0,0.0
user35,1,T3,T3_1D_CNN,0.08,0.47337931394577026,0.296137339055794,0.1,0.703862660944206,0.3099702380952381,0.0,0.0,0.0
user35,1,T3,T3_1D_CNN,0.1,0.47337931394577026,0.296137339055794,0.1,0.703862660944206,0.3099702380952381,0.0,0.0,0.0
user35,1,T3,T3_1D_CNN,0.15,0.47337931394577026,0.296137339055794,0.1,0.703862660944206,0.3099702380952381,0.0,0.0,0.0
user35,1,T3,T3_1D_CNN,0.2,0.47337931394577026,0.296137339055794,0.1,0.703862660944206,0.3099702380952381,0.0,0.0,0.0
user7,1,T0,T0_DistanceProfile,0.0,0.5812382399914752,0.6436363636363637,0.0,0.3563636363636363,0.25381104466793514,0.0,0.0,0.0
user7,1,T0,T0_DistanceProfile,0.02,0.5812382399914752,0.6436363636363637,0.0,0.3563636363636363,0.25381104466793514,0.0,0.0,0.0
user7,1,T0,T0_DistanceProfile,0.05,0.5812382399914752,0.6436363636363637,0.0,0.3563636363636363,0.25381104466793514,0.0,0.0,0.0
user7,1,T0,T0_DistanceProfile,0.08,0.5812382399914752,0.6436363636363637,0.0,0.3563636363636363,0.25381104466793514,0.0,0.0,0.0
user7,1,T0,T0_DistanceProfile,0.1,0.5812382399914752,0.6436363636363637,0.0,0.3563636363636363,0.25381104466793514,0.0,0.0,0.0
user7,1,T0,T0_DistanceProfile,0.15,0.5812382399914752,0.6436363636363637,0.0,0.3563636363636363,0.25381104466793514,0.0,0.0,0.0
user7,1,T0,T0_DistanceProfile,0.2,0.5812382399914752,0.6436363636363637,0.0,0.3563636363636363,0.25381104466793514,0.0,0.0,0.0
user7,1,T1,T1_LogReg,0.0,0.6374086367885152,0.92,0.014705882352941176,0.07999999999999996,0.10332008244994109,0.0,1.0,0.0
user7,1,T1,T1_LogReg,0.02,0.6374086367885152,0.92,0.014705882352941176,0.07999999999999996,0.10332008244994109,0.0,1.0,0.0
user7,1,T1,T1_LogReg,0.05,0.6374086367885152,0.92,0.014705882352941176,0.07999999999999996,0.10332008244994109,0.0,1.0,0.0
user7,1,T1,T1_LogReg,0.08,0.6374086367885152,0.92,0.014705882352941176,0.07999999999999996,0.10332008244994109,0.0,1.0,0.0
user7,1,T1,T1_LogReg,0.1,0.6374086367885152,0.92,0.014705882352941176,0.07999999999999996,0.10332008244994109,0.0,1.0,0.0
user7,1,T1,T1_LogReg,0.15,0.6374086367885152,0.92,0.014705882352941176,0.07999999999999996,0.10332008244994109,0.0,1.0,0.0
user7,1,T1,T1_LogReg,0.2,0.6374086367885152,0.92,0.014705882352941176,0.07999999999999996,0.10332008244994109,0.0,1.0,0.0
user7,1,T1,T1_SVM_RBF,0.0,0.41496896422025586,0.9345454545454546,0.0,0.06545454545454543,0.0983481697925161,0.0,0.0,0.0
user7,1,T1,T1_SVM_RBF,0.02,0.41496896422025586,0.9345454545454546,0.0,0.06545454545454543,0.0983481697925161,0.0,0.0,0.0
user7,1,T1,T1_SVM_RBF,0.05,0.41496896422025586,0.9345454545454546,0.0,0.06545454545454543,0.0983481697925161,0.0,0.0,0.0
user7,1,T1,T1_SVM_RBF,0.08,0.41496896422025586,0.9345454545454546,0.0,0.06545454545454543,0.0983481697925161,0.0,0.0,0.0
user7,1,T1,T1_SVM_RBF,0.1,0.41496896422025586,0.9345454545454546,0.0,0.06545454545454543,0.0983481697925161,0.0,0.0,0.0
user7,1,T1,T1_SVM_RBF,0.15,0.41496896422025586,0.9345454545454546,0.0,0.06545454545454543,0.0983481697925161,0.0,0.0,0.0
user7,1,T1,T1_SVM_RBF,0.2,0.41496896422025586,0.9345454545454546,0.0,0.06545454545454543,0.0983481697925161,0.0,0.0,0.0
user7,1,T1,T1_kNN,0.0,0.8,0.6654545454545454,0.0,0.3345454545454546,0.12082370662317657,0.0,0.0,0.0
user7,1,T1,T1_kNN,0.02,0.8,0.6654545454545454,0.0,0.3345454545454546,0.12082370662317657,0.0,0.0,0.0
user7,1,T1,T1_kNN,0.05,0.8,0.6654545454545454,0.0,0.3345454545454546,0.12082370662317657,0.0,0.0,0.0
user7,1,T1,T1_kNN,0.08,0.8,0.6654545454545454,0.0,0.3345454545454546,0.12082370662317657,0.0,0.0,0.0
user7,1,T1,T1_kNN,0.1,0.8,0.6654545454545454,0.0,0.3345454545454546,0.12082370662317657,0.0,0.0,0.0
user7,1,T1,T1_kNN,0.15,0.8,0.6654545454545454,0.0,0.3345454545454546,0.12082370662317657,0.0,0.0,0.0
user7,1,T1,T1_kNN,0.2,0.8,0.6654545454545454,0.0,0.3345454545454546,0.12082370662317657,0.0,0.0,0.0
user7,1,T1,T1_DecisionTree,0.0,1.0,0.8109090909090909,0.0,0.1890909090909091,0.17641512639304158,0.0,0.0,0.0
user7,1,T1,T1_DecisionTree,0.02,1.0,0.8109090909090909,0.0,0.1890909090909091,0.17641512639304158,0.0,0.0,0.0
user7,1,T1,T1_DecisionTree,0.05,1.0,0.8109090909090909,0.0,0.1890909090909091,0.17641512639304158,0.0,0.0,0.0
user7,1,T1,T1_DecisionTree,0.08,1.0,0.8109090909090909,0.0,0.1890909090909091,0.17641512639304158,0.0,0.0,0.0
user7,1,T1,T1_DecisionTree,0.1,1.0,0.8109090909090909,0.0,0.1890909090909091,0.17641512639304158,0.0,0.0,0.0
user7,1,T1,T1_DecisionTree,0.15,1.0,0.8109090909090909,0.0,0.1890909090909091,0.17641512639304158,0.0,0.0,0.0
user7,1,T1,T1_DecisionTree,0.2,1.0,0.8109090909090909,0.0,0.1890909090909091,0.17641512639304158,0.0,0.0,0.0
user7,1,T2,T2_RandomForest,0.0,0.37333333333333335,0.9381818181818182,0.0,0.06181818181818177,0.07396144785720757,0.0,0.0,0.0
user7,1,T2,T2_RandomForest,0.02,0.37333333333333335,0.9381818181818182,0.0,0.06181818181818177,0.07396144785720757,0.0,0.0,0.0
user7,1,T2,T2_RandomForest,0.05,0.37333333333333335,0.9381818181818182,0.0,0.06181818181818177,0.07396144785720757,0.0,0.0,0.0
user7,1,T2,T2_RandomForest,0.08,0.37333333333333335,0.9381818181818182,0.0,0.06181818181818177,0.07396144785720757,0.0,0.0,0.0
user7,1,T2,T2_RandomForest,0.1,0.37333333333333335,0.9381818181818182,0.0,0.06181818181818177,0.07396144785720757,0.0,0.0,0.0
user7,1,T2,T2_RandomForest,0.15,0.37333333333333335,0.9381818181818182,0.0,0.06181818181818177,0.07396144785720757,0.0,0.0,0.0
user7,1,T2,T2_RandomForest,0.2,0.37333333333333335,0.9381818181818182,0.0,0.06181818181818177,0.07396144785720757,0.0,0.0,0.0
user7,1,T2,T2_ExtraTrees,0.0,0.38666666666666666,0.9563636363636364,0.0,0.043636363636363584,0.06979081725106458,0.0,0.0,0.0
user7,1,T2,T2_ExtraTrees,0.02,0.38666666666666666,0.9563636363636364,0.0,0.043636363636363584,0.06979081725106458,0.0,0.0,0.0
user7,1,T2,T2_ExtraTrees,0.05,0.38666666666666666,0.9563636363636364,0.0,0.043636363636363584,0.06979081725106458,0.0,0.0,0.0
user7,1,T2,T2_ExtraTrees,0.08,0.38666666666666666,0.9563636363636364,0.0,0.043636363636363584,0.06979081725106458,0.0,0.0,0.0
user7,1,T2,T2_ExtraTrees,0.1,0.38666666666666666,0.9563636363636364,0.0,0.043636363636363584,0.06979081725106458,0.0,0.0,0.0
user7,1,T2,T2_ExtraTrees,0.15,0.38666666666666666,0.9563636363636364,0.0,0.043636363636363584,0.06979081725106458,0.0,0.0,0.0
user7,1,T2,T2_ExtraTrees,0.2,0.38666666666666666,0.9563636363636364,0.0,0.043636363636363584,0.06979081725106458,0.0,0.0,0.0
user7,1,T2,T2_GradientBoosting,0.0,0.26163191302030636,0.9563636363636364,0.0,0.043636363636363584,0.06979081725106458,0.0,0.0,0.0
user7,1,T2,T2_GradientBoosting,0.02,0.26163191302030636,0.9563636363636364,0.0,0.043636363636363584,0.06979081725106458,0.0,0.0,0.0
user7,1,T2,T2_GradientBoosting,0.05,0.26163191302030636,0.9563636363636364,0.0,0.043636363636363584,0.06979081725106458,0.0,0.0,0.0
user7,1,T2,T2_GradientBoosting,0.08,0.26163191302030636,0.9563636363636364,0.0,0.043636363636363584,0.06979081725106458,0.0,0.0,0.0
user7,1,T2,T2_GradientBoosting,0.1,0.26163191302030636,0.9563636363636364,0.0,0.043636363636363584,0.06979081725106458,0.0,0.0,0.0
user7,1,T2,T2_GradientBoosting,0.15,0.26163191302030636,0.9563636363636364,0.0,0.043636363636363584,0.06979081725106458,0.0,0.0,0.0
user7,1,T2,T2_GradientBoosting,0.2,0.26163191302030636,0.9563636363636364,0.0,0.043636363636363584,0.06979081725106458,0.0,0.0,0.0
user7,1,T2,T2_XGBoost,0.0,0.22821219265460968,0.9527272727272728,0.0,0.047272727272727244,0.059682771586481824,0.0,0.0,0.0
user7,1,T2,T2_XGBoost,0.02,0.22821219265460968,0.9527272727272728,0.0,0.047272727272727244,0.059682771586481824,0.0,0.0,0.0
user7,1,T2,T2_XGBoost,0.05,0.22821219265460968,0.9527272727272728,0.0,0.047272727272727244,0.059682771586481824,0.0,0.0,0.0
user7,1,T2,T2_XGBoost,0.08,0.22821219265460968,0.9527272727272728,0.0,0.047272727272727244,0.059682771586481824,0.0,0.0,0.0
user7,1,T2,T2_XGBoost,0.1,0.22821219265460968,0.9527272727272728,0.0,0.047272727272727244,0.059682771586481824,0.0,0.0,0.0
user7,1,T2,T2_XGBoost,0.15,0.22821219265460968,0.9527272727272728,0.0,0.047272727272727244,0.059682771586481824,0.0,0.0,0.0
user7,1,T2,T2_XGBoost,0.2,0.22821219265460968,0.9527272727272728,0.0,0.047272727272727244,0.059682771586481824,0.0,0.0,0.0
user7,1,T3,T3_1D_CNN,0.0,0.35542237758636475,0.9309090909090909,0.004901960784313725,0.06909090909090909,0.09080819063151219,0.0,0.0,0.0
user7,1,T3,T3_1D_CNN,0.02,0.35542237758636475,0.9309090909090909,0.004901960784313725,0.06909090909090909,0.09080819063151219,0.0,0.0,0.0
user7,1,T3,T3_1D_CNN,0.05,0.35542237758636475,0.9309090909090909,0.004901960784313725,0.06909090909090909,0.09080819063151219,0.0,0.0,0.0
user7,1,T3,T3_1D_CNN,0.08,0.35542237758636475,0.9309090909090909,0.004901960784313725,0.06909090909090909,0.09080819063151219,0.0,0.0,0.0
user7,1,T3,T3_1D_CNN,0.1,0.35542237758636475,0.9309090909090909,0.004901960784313725,0.06909090909090909,0.09080819063151219,0.0,0.0,0.0
user7,1,T3,T3_1D_CNN,0.15,0.35542237758636475,0.9309090909090909,0.004901960784313725,0.06909090909090909,0.09080819063151219,0.0,0.0,0.0
user7,1,T3,T3_1D_CNN,0.2,0.35542237758636475,0.9309090909090909,0.004901960784313725,0.06909090909090909,0.09080819063151219,0.0,0.0,0.0
user9,1,T0,T0_DistanceProfile,0.0,0.6012663485022777,0.5902777777777778,0.0,0.4097222222222222,0.2659123802279762,0.0,0.0,0.0
user9,1,T0,T0_DistanceProfile,0.02,0.6012663485022777,0.5902777777777778,0.0,0.4097222222222222,0.2659123802279762,0.0,0.0,0.0
user9,1,T0,T0_DistanceProfile,0.05,0.6012663485022777,0.5902777777777778,0.0,0.4097222222222222,0.2659123802279762,0.0,0.0,0.0
user9,1,T0,T0_DistanceProfile,0.08,0.6012663485022777,0.5902777777777778,0.0,0.4097222222222222,0.2659123802279762,0.0,0.0,0.0
user9,1,T0,T0_DistanceProfile,0.1,0.6012663485022777,0.5902777777777778,0.0,0.4097222222222222,0.2659123802279762,0.0,0.0,0.0
user9,1,T0,T0_DistanceProfile,0.15,0.6012663485022777,0.5902777777777778,0.0,0.4097222222222222,0.2659123802279762,0.0,0.0,0.0
user9,1,T0,T0_DistanceProfile,0.2,0.6012663485022777,0.5902777777777778,0.0,0.4097222222222222,0.2659123802279762,0.0,0.0,0.0
user9,1,T1,T1_LogReg,0.0,0.6067001189660169,0.9027777777777778,0.004484304932735426,0.09722222222222221,0.10828869943692623,0.5,0.0,0.0
user9,1,T1,T1_LogReg,0.02,0.6067001189660169,0.9027777777777778,0.004484304932735426,0.09722222222222221,0.10828869943692623,0.5,0.0,0.0
user9,1,T1,T1_LogReg,0.05,0.6067001189660169,0.9027777777777778,0.004484304932735426,0.09722222222222221,0.10828869943692623,0.5,0.0,0.0
user9,1,T1,T1_LogReg,0.08,0.6067001189660169,0.9027777777777778,0.004484304932735426,0.09722222222222221,0.10828869943692623,0.5,0.0,0.0
user9,1,T1,T1_LogReg,0.1,0.6067001189660169,0.9027777777777778,0.004484304932735426,0.09722222222222221,0.10828869943692623,0.5,0.0,0.0
user9,1,T1,T1_LogReg,0.15,0.6067001189660169,0.9027777777777778,0.004484304932735426,0.09722222222222221,0.10828869943692623,0.5,0.0,0.0
user9,1,T1,T1_LogReg,0.2,0.6067001189660169,0.9027777777777778,0.004484304932735426,0.09722222222222221,0.10828869943692623,0.5,0.0,0.0
user9,1,T1,T1_SVM_RBF,0.0,0.2721590144250938,0.8819444444444444,0.0,0.11805555555555558,0.11915401599425307,0.0,0.0,0.0
user9,1,T1,T1_SVM_RBF,0.02,0.2721590144250938,0.8819444444444444,0.0,0.11805555555555558,0.11915401599425307,0.0,0.0,0.0
user9,1,T1,T1_SVM_RBF,0.05,0.2721590144250938,0.8819444444444444,0.0,0.11805555555555558,0.11915401599425307,0.0,0.0,0.0
user9,1,T1,T1_SVM_RBF,0.08,0.2721590144250938,0.8819444444444444,0.0,0.11805555555555558,0.11915401599425307,0.0,0.0,0.0
user9,1,T1,T1_SVM_RBF,0.1,0.2721590144250938,0.8819444444444444,0.0,0.11805555555555558,0.11915401599425307,0.0,0.0,0.0
user9,1,T1,T1_SVM_RBF,0.15,0.2721590144250938,0.8819444444444444,0.0,0.11805555555555558,0.11915401599425307,0.0,0.0,0.0
user9,1,T1,T1_SVM_RBF,0.2,0.2721590144250938,0.8819444444444444,0.0,0.11805555555555558,0.11915401599425307,0.0,0.0,0.0
user9,1,T1,T1_kNN,0.0,0.6,0.6527777777777778,0.0,0.3472222222222222,0.16555213978596858,0.0,0.0,0.0
user9,1,T1,T1_kNN,0.02,0.6,0.6527777777777778,0.0,0.3472222222222222,0.16555213978596858,0.0,0.0,0.0
user9,1,T1,T1_kNN,0.05,0.6,0.6527777777777778,0.0,0.3472222222222222,0.16555213978596858,0.0,0.0,0.0
user9,1,T1,T1_kNN,0.08,0.6,0.6527777777777778,0.0,0.3472222222222222,0.16555213978596858,0.0,0.0,0.0
user9,1,T1,T1_kNN,0.1,0.6,0.6527777777777778,0.0,0.3472222222222222,0.16555213978596858,0.0,0.0,0.0
user9,1,T1,T1_kNN,0.15,0.6,0.6527777777777778,0.0,0.3472222222222222,0.16555213978596858,0.0,0.0,0.0
user9,1,T1,T1_kNN,0.2,0.6,0.6527777777777778,0.0,0.3472222222222222,0.16555213978596858,0.0,0.0,0.0
user9,1,T1,T1_DecisionTree,0.0,1.0,0.6736111111111112,0.0,0.32638888888888884,0.2027646605182814,0.05,0.0,0.0
user9,1,T1,T1_DecisionTree,0.02,1.0,0.6736111111111112,0.0,0.32638888888888884,0.2027646605182814,0.05,0.0,0.0
user9,1,T1,T1_DecisionTree,0.05,1.0,0.6736111111111112,0.0,0.32638888888888884,0.2027646605182814,0.05,0.0,0.0
user9,1,T1,T1_DecisionTree,0.08,1.0,0.6736111111111112,0.0,0.32638888888888884,0.2027646605182814,0.05,0.0,0.0
user9,1,T1,T1_DecisionTree,0.1,1.0,0.6736111111111112,0.0,0.32638888888888884,0.2027646605182814,0.05,0.0,0.0
user9,1,T1,T1_DecisionTree,0.15,1.0,0.6736111111111112,0.0,0.32638888888888884,0.2027646605182814,0.05,0.0,0.0
user9,1,T1,T1_DecisionTree,0.2,1.0,0.6736111111111112,0.0,0.32638888888888884,0.2027646605182814,0.05,0.0,0.0
user9,1,T2,T2_RandomForest,0.0,0.30333333333333334,0.875,0.0,0.125,0.12715642464002364,0.0,0.0,0.0
user9,1,T2,T2_RandomForest,0.02,0.30333333333333334,0.875,0.0,0.125,0.12715642464002364,0.0,0.0,0.0
user9,1,T2,T2_RandomForest,0.05,0.30333333333333334,0.875,0.0,0.125,0.12715642464002364,0.0,0.0,0.0
user9,1,T2,T2_RandomForest,0.08,0.30333333333333334,0.875,0.0,0.125,0.12715642464002364,0.0,0.0,0.0
user9,1,T2,T2_RandomForest,0.1,0.30333333333333334,0.875,0.0,0.125,0.12715642464002364,0.0,0.0,0.0
user9,1,T2,T2_RandomForest,0.15,0.30333333333333334,0.875,0.0,0.125,0.12715642464002364,0.0,0.0,0.0
user9,1,T2,T2_RandomForest,0.2,0.30333333333333334,0.875,0.0,0.125,0.12715642464002364,0.0,0.0,0.0
user9,1,T2,T2_ExtraTrees,0.0,0.3566666666666667,0.8541666666666666,0.0,0.14583333333333337,0.13376435415544213,0.0,0.0,0.0
user9,1,T2,T2_ExtraTrees,0.02,0.3566666666666667,0.8541666666666666,0.0,0.14583333333333337,0.13376435415544213,0.0,0.0,0.0
user9,1,T2,T2_ExtraTrees,0.05,0.3566666666666667,0.8541666666666666,0.0,0.14583333333333337,0.13376435415544213,0.0,0.0,0.0
user9,1,T2,T2_ExtraTrees,0.08,0.3566666666666667,0.8541666666666666,0.0,0.14583333333333337,0.13376435415544213,0.0,0.0,0.0
user9,1,T2,T2_ExtraTrees,0.1,0.3566666666666667,0.8541666666666666,0.0,0.14583333333333337,0.13376435415544213,0.0,0.0,0.0
user9,1,T2,T2_ExtraTrees,0.15,0.3566666666666667,0.8541666666666666,0.0,0.14583333333333337,0.13376435415544213,0.0,0.0,0.0
user9,1,T2,T2_ExtraTrees,0.2,0.3566666666666667,0.8541666666666666,0.0,0.14583333333333337,0.13376435415544213,0.0,0.0,0.0
user9,1,T2,T2_GradientBoosting,0.0,0.18656767714853595,0.9444444444444444,0.0,0.05555555555555558,0.1010205051817577,0.2,0.0,0.0
user9,1,T2,T2_GradientBoosting,0.02,0.18656767714853595,0.9444444444444444,0.0,0.05555555555555558,0.1010205051817577,0.2,0.0,0.0
user9,1,T2,T2_GradientBoosting,0.05,0.18656767714853595,0.9444444444444444,0.0,0.05555555555555558,0.1010205051817577,0.2,0.0,0.0
user9,1,T2,T2_GradientBoosting,0.08,0.18656767714853595,0.9444444444444444,0.0,0.05555555555555558,0.1010205051817577,0.2,0.0,0.0
user9,1,T2,T2_GradientBoosting,0.1,0.18656767714853595,0.9444444444444444,0.0,0.05555555555555558,0.1010205051817577,0.2,0.0,0.0
user9,1,T2,T2_GradientBoosting,0.15,0.18656767714853595,0.9444444444444444,0.0,0.05555555555555558,0.1010205051817577,0.2,0.0,0.0
user9,1,T2,T2_GradientBoosting,0.2,0.2,0.9375,0.0,0.0625,0.1010205051817577,0.2,0.0,0.0
user9,1,T2,T2_XGBoost,0.0,0.0879511907696724,0.9652777777777778,0.004484304932735426,0.03472222222222221,0.08068435119745611,0.2,0.0,0.0
user9,1,T2,T2_XGBoost,0.02,0.0879511907696724,0.9652777777777778,0.004484304932735426,0.03472222222222221,0.08068435119745611,0.2,0.0,0.0
user9,1,T2,T2_XGBoost,0.05,0.0879511907696724,0.9652777777777778,0.004484304932735426,0.03472222222222221,0.08068435119745611,0.2,0.0,0.0
user9,1,T2,T2_XGBoost,0.08,0.0879511907696724,0.9652777777777778,0.004484304932735426,0.03472222222222221,0.08068435119745611,0.2,0.0,0.0
user9,1,T2,T2_XGBoost,0.1,0.1,0.9652777777777778,0.004484304932735426,0.03472222222222221,0.08068435119745611,0.2,0.0,0.0
user9,1,T2,T2_XGBoost,0.15,0.15,0.9305555555555556,0.0,0.06944444444444442,0.08068435119745611,0.15,0.0,0.0
user9,1,T2,T2_XGBoost,0.2,0.2,0.9236111111111112,0.0,0.07638888888888884,0.08068435119745611,0.0,0.0,0.0
user9,1,T3,T3_1D_CNN,0.0,0.6381135582923889,0.9305555555555556,0.017937219730941704,0.06944444444444442,0.07701327924444583,1.0,0.0,0.0
user9,1,T3,T3_1D_CNN,0.02,0.6381135582923889,0.9305555555555556,0.017937219730941704,0.06944444444444442,0.07701327924444583,1.0,0.0,0.0
user9,1,T3,T3_1D_CNN,0.05,0.6381135582923889,0.9305555555555556,0.017937219730941704,0.06944444444444442,0.07701327924444583,1.0,0.0,0.0
user9,1,T3,T3_1D_CNN,0.08,0.6381135582923889,0.9305555555555556,0.017937219730941704,0.06944444444444442,0.07701327924444583,1.0,0.0,0.0
user9,1,T3,T3_1D_CNN,0.1,0.6381135582923889,0.9305555555555556,0.017937219730941704,0.06944444444444442,0.07701327924444583,1.0,0.0,0.0
user9,1,T3,T3_1D_CNN,0.15,0.6381135582923889,0.9305555555555556,0.017937219730941704,0.06944444444444442,0.07701327924444583,1.0,0.0,0.0
user9,1,T3,T3_1D_CNN,0.2,0.6381135582923889,0.9305555555555556,0.017937219730941704,0.06944444444444442,0.07701327924444583,1.0,0.0,0.0
user12,2,T0,T0_DistanceProfile,0.0,0.6383044112577828,0.29979035639413,0.1423841059602649,0.70020964360587,0.3965086501525932,0.0,0.0,0.0
user12,2,T0,T0_DistanceProfile,0.02,0.6383044112577828,0.29979035639413,0.1423841059602649,0.70020964360587,0.3965086501525932,0.0,0.0,0.0
user12,2,T0,T0_DistanceProfile,0.05,0.6383044112577828,0.29979035639413,0.1423841059602649,0.70020964360587,0.3965086501525932,0.0,0.0,0.0
user12,2,T0,T0_DistanceProfile,0.08,0.6383044112577828,0.29979035639413,0.1423841059602649,0.70020964360587,0.3965086501525932,0.0,0.0,0.0
user12,2,T0,T0_DistanceProfile,0.1,0.6383044112577828,0.29979035639413,0.1423841059602649,0.70020964360587,0.3965086501525932,0.0,0.0,0.0
user12,2,T0,T0_DistanceProfile,0.15,0.6383044112577828,0.29979035639413,0.1423841059602649,0.70020964360587,0.3965086501525932,0.0,0.0,0.0
user12,2,T0,T0_DistanceProfile,0.2,0.6383044112577828,0.29979035639413,0.1423841059602649,0.70020964360587,0.3965086501525932,0.0,0.0,0.0
user12,2,T1,T1_LogReg,0.0,0.5708720727067643,0.7651991614255765,0.3609271523178808,0.23480083857442346,0.1177133174803362,0.0,0.0,0.0
user12,2,T1,T1_LogReg,0.02,0.5708720727067643,0.7651991614255765,0.3609271523178808,0.23480083857442346,0.1177133174803362,0.0,0.0,0.0
user12,2,T1,T1_LogReg,0.05,0.5708720727067643,0.7651991614255765,0.3609271523178808,0.23480083857442346,0.1177133174803362,0.0,0.0,0.0
user12,2,T1,T1_LogReg,0.08,0.5708720727067643,0.7651991614255765,0.3609271523178808,0.23480083857442346,0.1177133174803362,0.0,0.0,0.0
user12,2,T1,T1_LogReg,0.1,0.5708720727067643,0.7651991614255765,0.3609271523178808,0.23480083857442346,0.1177133174803362,0.0,0.0,0.0
user12,2,T1,T1_LogReg,0.15,0.5708720727067643,0.7651991614255765,0.3609271523178808,0.23480083857442346,0.1177133174803362,0.0,0.0,0.0
user12,2,T1,T1_LogReg,0.2,0.5708720727067643,0.7651991614255765,0.3609271523178808,0.23480083857442346,0.1177133174803362,0.0,0.0,0.0
user12,2,T1,T1_SVM_RBF,0.0,0.37355348233983254,0.8029350104821803,0.3576158940397351,0.1970649895178197,0.11667597308199595,0.0,0.0,0.0
user12,2,T1,T1_SVM_RBF,0.02,0.37355348233983254,0.8029350104821803,0.3576158940397351,0.1970649895178197,0.11667597308199595,0.0,0.0,0.0
user12,2,T1,T1_SVM_RBF,0.05,0.37355348233983254,0.8029350104821803,0.3576158940397351,0.1970649895178197,0.11667597308199595,0.0,0.0,0.0
user12,2,T1,T1_SVM_RBF,0.08,0.37355348233983254,0.8029350104821803,0.3576158940397351,0.1970649895178197,0.11667597308199595,0.0,0.0,0.0
user12,2,T1,T1_SVM_RBF,0.1,0.37355348233983254,0.8029350104821803,0.3576158940397351,0.1970649895178197,0.11667597308199595,0.0,0.0,0.0
user12,2,T1,T1_SVM_RBF,0.15,0.37355348233983254,0.8029350104821803,0.3576158940397351,0.1970649895178197,0.11667597308199595,0.0,0.0,0.0
user12,2,T1,T1_SVM_RBF,0.2,0.37355348233983254,0.8029350104821803,0.3576158940397351,0.1970649895178197,0.11667597308199595,0.0,0.0,0.0
user12,2,T1,T1_kNN,0.0,0.8,0.3417190775681342,0.152317880794702,0.6582809224318658,0.1861804546023433,0.0,0.0,0.0
user12,2,T1,T1_kNN,0.02,0.8,0.3417190775681342,0.152317880794702,0.6582809224318658,0.1861804546023433,0.0,0.0,0.0
user12,2,T1,T1_kNN,0.05,0.8,0.3417190775681342,0.152317880794702,0.6582809224318658,0.1861804546023433,0.0,0.0,0.0
user12,2,T1,T1_kNN,0.08,0.8,0.3417190775681342,0.152317880794702,0.6582809224318658,0.1861804546023433,0.0,0.0,0.0
user12,2,T1,T1_kNN,0.1,0.8,0.3417190775681342,0.152317880794702,0.6582809224318658,0.1861804546023433,0.0,0.0,0.0
user12,2,T1,T1_kNN,0.15,0.8,0.3417190775681342,0.152317880794702,0.6582809224318658,0.1861804546023433,0.0,0.0,0.0
user12,2,T1,T1_kNN,0.2,0.8,0.3417190775681342,0.152317880794702,0.6582809224318658,0.1861804546023433,0.0,0.0,0.0
user12,2,T1,T1_DecisionTree,0.0,1.0000000000000002,0.0,0.0,1.0,0.22812912169903055,0.0,0.0,0.0
user12,2,T1,T1_DecisionTree,0.02,1.0000000000000002,0.0,0.0,1.0,0.22812912169903055,0.0,0.0,0.0
user12,2,T1,T1_DecisionTree,0.05,1.0000000000000002,0.0,0.0,1.0,0.22812912169903055,0.0,0.0,0.0
user12,2,T1,T1_DecisionTree,0.08,1.0000000000000002,0.0,0.0,1.0,0.22812912169903055,0.0,0.0,0.0
user12,2,T1,T1_DecisionTree,0.1,1.0000000000000002,0.0,0.0,1.0,0.22812912169903055,0.0,0.0,0.0
user12,2,T1,T1_DecisionTree,0.15,1.0000000000000002,0.0,0.0,1.0,0.22812912169903055,0.0,0.0,0.0
user12,2,T1,T1_DecisionTree,0.2,1.0000000000000002,0.0,0.0,1.0,0.22812912169903055,0.0,0.0,0.0
user12,2,T2,T2_RandomForest,0.0,0.3566666666666667,0.8238993710691824,0.41721854304635764,0.17610062893081757,0.10407139625111916,0.0,0.0,0.0
user12,2,T2,T2_RandomForest,0.02,0.3566666666666667,0.8238993710691824,0.41721854304635764,0.17610062893081757,0.10407139625111916,0.0,0.0,0.0
user12,2,T2,T2_RandomForest,0.05,0.3566666666666667,0.8238993710691824,0.41721854304635764,0.17610062893081757,0.10407139625111916,0.0,0.0,0.0
user12,2,T2,T2_RandomForest,0.08,0.3566666666666667,0.8238993710691824,0.41721854304635764,0.17610062893081757,0.10407139625111916,0.0,0.0,0.0
user12,2,T2,T2_RandomForest,0.1,0.3566666666666667,0.8238993710691824,0.41721854304635764,0.17610062893081757,0.10407139625111916,0.0,0.0,0.0
user12,2,T2,T2_RandomForest,0.15,0.3566666666666667,0.8238993710691824,0.41721854304635764,0.17610062893081757,0.10407139625111916,0.0,0.0,0.0
user12,2,T2,T2_RandomForest,0.2,0.3566666666666667,0.8238993710691824,0.41721854304635764,0.17610062893081757,0.10407139625111916,0.0,0.0,0.0
user12,2,T2,T2_ExtraTrees,0.0,0.38,0.8176100628930818,0.39072847682119205,0.1823899371069182,0.11170105226675398,0.0,0.0,0.0
user12,2,T2,T2_ExtraTrees,0.02,0.38,0.8176100628930818,0.39072847682119205,0.1823899371069182,0.11170105226675398,0.0,0.0,0.0
user12,2,T2,T2_ExtraTrees,0.05,0.38,0.8176100628930818,0.39072847682119205,0.1823899371069182,0.11170105226675398,0.0,0.0,0.0
user12,2,T2,T2_ExtraTrees,0.08,0.38,0.8176100628930818,0.39072847682119205,0.1823899371069182,0.11170105226675398,0.0,0.0,0.0
user12,2,T2,T2_ExtraTrees,0.1,0.38,0.8176100628930818,0.39072847682119205,0.1823899371069182,0.11170105226675398,0.0,0.0,0.0
user12,2,T2,T2_ExtraTrees,0.15,0.38,0.8176100628930818,0.39072847682119205,0.1823899371069182,0.11170105226675398,0.0,0.0,0.0
user12,2,T2,T2_ExtraTrees,0.2,0.38,0.8176100628930818,0.39072847682119205,0.1823899371069182,0.11170105226675398,0.0,0.0,0.0
user12,2,T2,T2_GradientBoosting,0.0,0.38938735615162523,0.7421383647798742,0.3211920529801324,0.25786163522012584,0.11112100586304169,0.0,0.0,0.0
user12,2,T2,T2_GradientBoosting,0.02,0.38938735615162523,0.7421383647798742,0.3211920529801324,0.25786163522012584,0.11112100586304169,0.0,0.0,0.0
user12,2,T2,T2_GradientBoosting,0.05,0.38938735615162523,0.7421383647798742,0.3211920529801324,0.25786163522012584,0.11112100586304169,0.0,0.0,0.0
user12,2,T2,T2_GradientBoosting,0.08,0.38938735615162523,0.7421383647798742,0.3211920529801324,0.25786163522012584,0.11112100586304169,0.0,0.0,0.0
user12,2,T2,T2_GradientBoosting,0.1,0.38938735615162523,0.7421383647798742,0.3211920529801324,0.25786163522012584,0.11112100586304169,0.0,0.0,0.0
user12,2,T2,T2_GradientBoosting,0.15,0.38938735615162523,0.7421383647798742,0.3211920529801324,0.25786163522012584,0.11112100586304169,0.0,0.0,0.0
user12,2,T2,T2_GradientBoosting,0.2,0.38938735615162523,0.7421383647798742,0.3211920529801324,0.25786163522012584,0.11112100586304169,0.0,0.0,0.0
user12,2,T2,T2_XGBoost,0.0,0.44558414816856384,0.740041928721174,0.271523178807947,0.259958071278826,0.1188734102877608,0.0,0.0,0.0
user12,2,T2,T2_XGBoost,0.02,0.44558414816856384,0.740041928721174,0.271523178807947,0.259958071278826,0.1188734102877608,0.0,0.0,0.0
user12,2,T2,T2_XGBoost,0.05,0.44558414816856384,0.740041928721174,0.271523178807947,0.259958071278826,0.1188734102877608,0.0,0.0,0.0
user12,2,T2,T2_XGBoost,0.08,0.44558414816856384,0.740041928721174,0.271523178807947,0.259958071278826,0.1188734102877608,0.0,0.0,0.0
user12,2,T2,T2_XGBoost,0.1,0.44558414816856384,0.740041928721174,0.271523178807947,0.259958071278826,0.1188734102877608,0.0,0.0,0.0
user12,2,T2,T2_XGBoost,0.15,0.44558414816856384,0.740041928721174,0.271523178807947,0.259958071278826,0.1188734102877608,0.0,0.0,0.0
user12,2,T2,T2_XGBoost,0.2,0.44558414816856384,0.740041928721174,0.271523178807947,0.259958071278826,0.1188734102877608,0.0,0.0,0.0
user12,2,T3,T3_1D_CNN,0.0,0.26662343740463257,0.7987421383647799,0.3609271523178808,0.20125786163522008,0.11331844306880652,0.0,0.15,0.0
user12,2,T3,T3_1D_CNN,0.02,0.26662343740463257,0.7987421383647799,0.3609271523178808,0.20125786163522008,0.11331844306880652,0.0,0.15,0.0
user12,2,T3,T3_1D_CNN,0.05,0.26662343740463257,0.7987421383647799,0.3609271523178808,0.20125786163522008,0.11331844306880652,0.0,0.15,0.0
user12,2,T3,T3_1D_CNN,0.08,0.26662343740463257,0.7987421383647799,0.3609271523178808,0.20125786163522008,0.11331844306880652,0.0,0.15,0.0
user12,2,T3,T3_1D_CNN,0.1,0.26662343740463257,0.7987421383647799,0.3609271523178808,0.20125786163522008,0.11331844306880652,0.0,0.15,0.0
user12,2,T3,T3_1D_CNN,0.15,0.26662343740463257,0.7987421383647799,0.3609271523178808,0.20125786163522008,0.11331844306880652,0.0,0.15,0.0
user12,2,T3,T3_1D_CNN,0.2,0.26662343740463257,0.7987421383647799,0.3609271523178808,0.20125786163522008,0.11331844306880652,0.0,0.15,0.0
user15,2,T0,T0_DistanceProfile,0.0,0.6469418472022087,0.26666666666666666,0.09050772626931568,0.7333333333333334,0.4889561243474648,0.0,0.0,0.0
user15,2,T0,T0_DistanceProfile,0.02,0.6469418472022087,0.26666666666666666,0.09050772626931568,0.7333333333333334,0.4889561243474648,0.0,0.0,0.0
user15,2,T0,T0_DistanceProfile,0.05,0.6469418472022087,0.26666666666666666,0.09050772626931568,0.7333333333333334,0.4889561243474648,0.0,0.0,0.0
user15,2,T0,T0_DistanceProfile,0.08,0.6469418472022087,0.26666666666666666,0.09050772626931568,0.7333333333333334,0.4889561243474648,0.0,0.0,0.0
user15,2,T0,T0_DistanceProfile,0.1,0.6469418472022087,0.26666666666666666,0.09050772626931568,0.7333333333333334,0.4889561243474648,0.0,0.0,0.0
user15,2,T0,T0_DistanceProfile,0.15,0.6469418472022087,0.26666666666666666,0.09050772626931568,0.7333333333333334,0.4889561243474648,0.0,0.0,0.0
user15,2,T0,T0_DistanceProfile,0.2,0.6469418472022087,0.26666666666666666,0.09050772626931568,0.7333333333333334,0.4889561243474648,0.0,0.0,0.0
user15,2,T1,T1_LogReg,0.0,0.7670880554352024,0.7894736842105263,0.1368653421633554,0.21052631578947367,0.12021097884792546,1.0,0.0,0.75
user15,2,T1,T1_LogReg,0.02,0.7670880554352024,0.7894736842105263,0.1368653421633554,0.21052631578947367,0.12021097884792546,1.0,0.0,0.75
user15,2,T1,T1_LogReg,0.05,0.7670880554352024,0.7894736842105263,0.1368653421633554,0.21052631578947367,0.12021097884792546,1.0,0.0,0.75
user15,2,T1,T1_LogReg,0.08,0.7670880554352024,0.7894736842105263,0.1368653421633554,0.21052631578947367,0.12021097884792546,1.0,0.0,0.75
user15,2,T1,T1_LogReg,0.1,0.7670880554352024,0.7894736842105263,0.1368653421633554,0.21052631578947367,0.12021097884792546,1.0,0.0,0.75
user15,2,T1,T1_LogReg,0.15,0.7670880554352024,0.7894736842105263,0.1368653421633554,0.21052631578947367,0.12021097884792546,1.0,0.0,0.75
user15,2,T1,T1_LogReg,0.2,0.7670880554352024,0.7894736842105263,0.1368653421633554,0.21052631578947367,0.12021097884792546,1.0,0.0,0.75
user15,2,T1,T1_SVM_RBF,0.0,0.5053790422262258,0.7824561403508772,0.17660044150110377,0.21754385964912282,0.14034428568848106,0.0,0.0,0.0
user15,2,T1,T1_SVM_RBF,0.02,0.5053790422262258,0.7824561403508772,0.17660044150110377,0.21754385964912282,0.14034428568848106,0.0,0.0,0.0
user15,2,T1,T1_SVM_RBF,0.05,0.5053790422262258,0.7824561403508772,0.17660044150110377,0.21754385964912282,0.14034428568848106,0.0,0.0,0.0
user15,2,T1,T1_SVM_RBF,0.08,0.5053790422262258,0.7824561403508772,0.17660044150110377,0.21754385964912282,0.14034428568848106,0.0,0.0,0.0
user15,2,T1,T1_SVM_RBF,0.1,0.5053790422262258,0.7824561403508772,0.17660044150110377,0.21754385964912282,0.14034428568848106,0.0,0.0,0.0
user15,2,T1,T1_SVM_RBF,0.15,0.5053790422262258,0.7824561403508772,0.17660044150110377,0.21754385964912282,0.14034428568848106,0.0,0.0,0.0
user15,2,T1,T1_SVM_RBF,0.2,0.5053790422262258,0.7824561403508772,0.17660044150110377,0.21754385964912282,0.14034428568848106,0.0,0.0,0.0
user15,2,T1,T1_kNN,0.0,0.8,0.37894736842105264,0.11479028697571744,0.6210526315789473,0.2286934845830097,0.1,0.0,0.0
user15,2,T1,T1_kNN,0.02,0.8,0.37894736842105264,0.11479028697571744,0.6210526315789473,0.2286934845830097,0.1,0.0,0.0
user15,2,T1,T1_kNN,0.05,0.8,0.37894736842105264,0.11479028697571744,0.6210526315789473,0.2286934845830097,0.1,0.0,0.0
user15,2,T1,T1_kNN,0.08,0.8,0.37894736842105264,0.11479028697571744,0.6210526315789473,0.2286934845830097,0.1,0.0,0.0
user15,2,T1,T1_kNN,0.1,0.8,0.37894736842105264,0.11479028697571744,0.6210526315789473,0.2286934845830097,0.1,0.0,0.0
user15,2,T1,T1_kNN,0.15,0.8,0.37894736842105264,0.11479028697571744,0.6210526315789473,0.2286934845830097,0.1,0.0,0.0
user15,2,T1,T1_kNN,0.2,0.8,0.37894736842105264,0.11479028697571744,0.6210526315789473,0.2286934845830097,0.1,0.0,0.0
user15,2,T1,T1_DecisionTree,0.0,1.0000000000000002,0.0,0.0,1.0,0.2858582756814364,0.0,0.0,0.0
user15,2,T1,T1_DecisionTree,0.02,1.0000000000000002,0.0,0.0,1.0,0.2858582756814364,0.0,0.0,0.0
user15,2,T1,T1_DecisionTree,0.05,1.0000000000000002,0.0,0.0,1.0,0.2858582756814364,0.0,0.0,0.0
user15,2,T1,T1_DecisionTree,0.08,1.0000000000000002,0.0,0.0,1.0,0.2858582756814364,0.0,0.0,0.0
user15,2,T1,T1_DecisionTree,0.1,1.0000000000000002,0.0,0.0,1.0,0.2858582756814364,0.0,0.0,0.0
user15,2,T1,T1_DecisionTree,0.15,1.0000000000000002,0.0,0.0,1.0,0.2858582756814364,0.0,0.0,0.0
user15,2,T1,T1_DecisionTree,0.2,1.0000000000000002,0.0,0.0,1.0,0.2858582756814364,0.0,0.0,0.0
user15,2,T2,T2_RandomForest,0.0,0.4266666666666667,0.6807017543859649,0.1456953642384106,0.3192982456140351,0.14154910496558948,0.0,0.0,0.0
user15,2,T2,T2_RandomForest,0.02,0.4266666666666667,0.6807017543859649,0.1456953642384106,0.3192982456140351,0.14154910496558948,0.0,0.0,0.0
user15,2,T2,T2_RandomForest,0.05,0.4266666666666667,0.6807017543859649,0.1456953642384106,0.3192982456140351,0.14154910496558948,0.0,0.0,0.0
user15,2,T2,T2_RandomForest,0.08,0.4266666666666667,0.6807017543859649,0.1456953642384106,0.3192982456140351,0.14154910496558948,0.0,0.0,0.0
user15,2,T2,T2_RandomForest,0.1,0.4266666666666667,0.6807017543859649,0.1456953642384106,0.3192982456140351,0.14154910496558948,0.0,0.0,0.0
user15,2,T2,T2_RandomForest,0.15,0.4266666666666667,0.6807017543859649,0.1456953642384106,0.3192982456140351,0.14154910496558948,0.0,0.0,0.0
user15,2,T2,T2_RandomForest,0.2,0.4266666666666667,0.6807017543859649,0.1456953642384106,0.3192982456140351,0.14154910496558948,0.0,0.0,0.0
user15,2,T2,T2_ExtraTrees,0.0,0.4666666666666667,0.6280701754385964,0.16777041942604856,0.37192982456140355,0.15191018948357143,0.05,0.0,0.0
user15,2,T2,T2_ExtraTrees,0.02,0.4666666666666667,0.6280701754385964,0.16777041942604856,0.37192982456140355,0.15191018948357143,0.05,0.0,0.0
user15,2,T2,T2_ExtraTrees,0.05,0.4666666666666667,0.6280701754385964,0.16777041942604856,0.37192982456140355,0.15191018948357143,0.05,0.0,0.0
user15,2,T2,T2_ExtraTrees,0.08,0.4666666666666667,0.6280701754385964,0.16777041942604856,0.37192982456140355,0.15191018948357143,0.05,0.0,0.0
user15,2,T2,T2_ExtraTrees,0.1,0.4666666666666667,0.6280701754385964,0.16777041942604856,0.37192982456140355,0.15191018948357143,0.05,0.0,0.0
user15,2,T2,T2_ExtraTrees,0.15,0.4666666666666667,0.6280701754385964,0.16777041942604856,0.37192982456140355,0.15191018948357143,0.05,0.0,0.0
user15,2,T2,T2_ExtraTrees,0.2,0.4666666666666667,0.6280701754385964,0.16777041942604856,0.37192982456140355,0.15191018948357143,0.05,0.0,0.0
user15,2,T2,T2_GradientBoosting,0.0,0.5217132482559413,0.6526315789473685,0.08609271523178808,0.34736842105263155,0.14109391087588735,0.65,0.0,0.1
user15,2,T2,T2_GradientBoosting,0.02,0.5217132482559413,0.6526315789473685,0.08609271523178808,0.34736842105263155,0.14109391087588735,0.65,0.0,0.1
user15,2,T2,T2_GradientBoosting,0.05,0.5217132482559413,0.6526315789473685,0.08609271523178808,0.34736842105263155,0.14109391087588735,0.65,0.0,0.1
user15,2,T2,T2_GradientBoosting,0.08,0.5217132482559413,0.6526315789473685,0.08609271523178808,0.34736842105263155,0.14109391087588735,0.65,0.0,0.1
user15,2,T2,T2_GradientBoosting,0.1,0.5217132482559413,0.6526315789473685,0.08609271523178808,0.34736842105263155,0.14109391087588735,0.65,0.0,0.1
user15,2,T2,T2_GradientBoosting,0.15,0.5217132482559413,0.6526315789473685,0.08609271523178808,0.34736842105263155,0.14109391087588735,0.65,0.0,0.1
user15,2,T2,T2_GradientBoosting,0.2,0.5217132482559413,0.6526315789473685,0.08609271523178808,0.34736842105263155,0.14109391087588735,0.65,0.0,0.1
user15,2,T2,T2_XGBoost,0.0,0.5156593918800354,0.7368421052631579,0.10816777041942605,0.26315789473684215,0.12291504849984647,0.6,0.0,0.05
user15,2,T2,T2_XGBoost,0.02,0.5156593918800354,0.7368421052631579,0.10816777041942605,0.26315789473684215,0.12291504849984647,0.6,0.0,0.05
user15,2,T2,T2_XGBoost,0.05,0.5156593918800354,0.7368421052631579,0.10816777041942605,0.26315789473684215,0.12291504849984647,0.6,0.0,0.05
user15,2,T2,T2_XGBoost,0.08,0.5156593918800354,0.7368421052631579,0.10816777041942605,0.26315789473684215,0.12291504849984647,0.6,0.0,0.05
user15,2,T2,T2_XGBoost,0.1,0.5156593918800354,0.7368421052631579,0.10816777041942605,0.26315789473684215,0.12291504849984647,0.6,0.0,0.05
user15,2,T2,T2_XGBoost,0.15,0.5156593918800354,0.7368421052631579,0.10816777041942605,0.26315789473684215,0.12291504849984647,0.6,0.0,0.05
user15,2,T2,T2_XGBoost,0.2,0.5156593918800354,0.7368421052631579,0.10816777041942605,0.26315789473684215,0.12291504849984647,0.6,0.0,0.05
user15,2,T3,T3_1D_CNN,0.0,0.42043980956077576,0.5263157894736842,0.17218543046357615,0.4736842105263158,0.2330593739274941,0.05,0.0,0.0
user15,2,T3,T3_1D_CNN,0.02,0.42043980956077576,0.5263157894736842,0.17218543046357615,0.4736842105263158,0.2330593739274941,0.05,0.0,0.0
user15,2,T3,T3_1D_CNN,0.05,0.42043980956077576,0.5263157894736842,0.17218543046357615,0.4736842105263158,0.2330593739274941,0.05,0.0,0.0
user15,2,T3,T3_1D_CNN,0.08,0.42043980956077576,0.5263157894736842,0.17218543046357615,0.4736842105263158,0.2330593739274941,0.05,0.0,0.0
user15,2,T3,T3_1D_CNN,0.1,0.42043980956077576,0.5263157894736842,0.17218543046357615,0.4736842105263158,0.2330593739274941,0.05,0.0,0.0
user15,2,T3,T3_1D_CNN,0.15,0.42043980956077576,0.5263157894736842,0.17218543046357615,0.4736842105263158,0.2330593739274941,0.05,0.0,0.0
user15,2,T3,T3_1D_CNN,0.2,0.42043980956077576,0.5263157894736842,0.17218543046357615,0.4736842105263158,0.2330593739274941,0.05,0.0,0.0
user16,2,T0,T0_DistanceProfile,0.0,0.6447831538568748,0.246,0.15021459227467812,0.754,0.37355510334039344,0.0,0.0,0.0
user16,2,T0,T0_DistanceProfile,0.02,0.6447831538568748,0.246,0.15021459227467812,0.754,0.37355510334039344,0.0,0.0,0.0
user16,2,T0,T0_DistanceProfile,0.05,0.6447831538568748,0.246,0.15021459227467812,0.754,0.37355510334039344,0.0,0.0,0.0
user16,2,T0,T0_DistanceProfile,0.08,0.6447831538568748,0.246,0.15021459227467812,0.754,0.37355510334039344,0.0,0.0,0.0
user16,2,T0,T0_DistanceProfile,0.1,0.6447831538568748,0.246,0.15021459227467812,0.754,0.37355510334039344,0.0,0.0,0.0
user16,2,T0,T0_DistanceProfile,0.15,0.6447831538568748,0.246,0.15021459227467812,0.754,0.37355510334039344,0.0,0.0,0.0
user16,2,T0,T0_DistanceProfile,0.2,0.6447831538568748,0.246,0.15021459227467812,0.754,0.37355510334039344,0.0,0.0,0.0
user16,2,T1,T1_LogReg,0.0,0.9518292375521934,0.06,0.008583690987124463,0.94,0.39290287525783185,0.35,0.0,0.8
user16,2,T1,T1_LogReg,0.02,0.9518292375521934,0.06,0.008583690987124463,0.94,0.39290287525783185,0.35,0.0,0.8
user16,2,T1,T1_LogReg,0.05,0.9518292375521934,0.06,0.008583690987124463,0.94,0.39290287525783185,0.35,0.0,0.8
user16,2,T1,T1_LogReg,0.08,0.9518292375521934,0.06,0.008583690987124463,0.94,0.39290287525783185,0.35,0.0,0.8
user16,2,T1,T1_LogReg,0.1,0.9518292375521934,0.06,0.008583690987124463,0.94,0.39290287525783185,0.35,0.0,0.8
user16,2,T1,T1_LogReg,0.15,0.9518292375521934,0.06,0.008583690987124463,0.94,0.39290287525783185,0.35,0.0,0.8
user16,2,T1,T1_LogReg,0.2,0.9518292375521934,0.06,0.008583690987124463,0.94,0.39290287525783185,0.35,0.0,0.8
user16,2,T1,T1_SVM_RBF,0.0,0.808514502293905,0.352,0.03862660944206009,0.648,0.2830699641457979,0.0,0.0,0.0
user16,2,T1,T1_SVM_RBF,0.02,0.808514502293905,0.352,0.03862660944206009,0.648,0.2830699641457979,0.0,0.0,0.0
user16,2,T1,T1_SVM_RBF,0.05,0.808514502293905,0.352,0.03862660944206009,0.648,0.2830699641457979,0.0,0.0,0.0
user16,2,T1,T1_SVM_RBF,0.08,0.808514502293905,0.352,0.03862660944206009,0.648,0.2830699641457979,0.0,0.0,0.0
user16,2,T1,T1_SVM_RBF,0.1,0.808514502293905,0.352,0.03862660944206009,0.648,0.2830699641457979,0.0,0.0,0.0
user16,2,T1,T1_SVM_RBF,0.15,0.808514502293905,0.352,0.03862660944206009,0.648,0.2830699641457979,0.0,0.0,0.0
user16,2,T1,T1_SVM_RBF,0.2,0.808514502293905,0.352,0.03862660944206009,0.648,0.2830699641457979,0.0,0.0,0.0
user16,2,T1,T1_kNN,0.0,1.0,0.178,0.02145922746781116,0.8220000000000001,0.3804733031548929,0.0,0.0,0.0
user16,2,T1,T1_kNN,0.02,1.0,0.178,0.02145922746781116,0.8220000000000001,0.3804733031548929,0.0,0.0,0.0
user16,2,T1,T1_kNN,0.05,1.0,0.178,0.02145922746781116,0.8220000000000001,0.3804733031548929,0.0,0.0,0.0
user16,2,T1,T1_kNN,0.08,1.0,0.178,0.02145922746781116,0.8220000000000001,0.3804733031548929,0.0,0.0,0.0
user16,2,T1,T1_kNN,0.1,1.0,0.178,0.02145922746781116,0.8220000000000001,0.3804733031548929,0.0,0.0,0.0
user16,2,T1,T1_kNN,0.15,1.0,0.178,0.02145922746781116,0.8220000000000001,0.3804733031548929,0.0,0.0,0.0
user16,2,T1,T1_kNN,0.2,1.0,0.178,0.02145922746781116,0.8220000000000001,0.3804733031548929,0.0,0.0,0.0
user16,2,T1,T1_DecisionTree,0.0,1.0000000000000002,0.0,0.0,1.0,0.38508485955950555,0.0,0.0,0.0
user16,2,T1,T1_DecisionTree,0.02,1.0000000000000002,0.0,0.0,1.0,0.38508485955950555,0.0,0.0,0.0
user16,2,T1,T1_DecisionTree,0.05,1.0000000000000002,0.0,0.0,1.0,0.38508485955950555,0.0,0.0,0.0
user16,2,T1,T1_DecisionTree,0.08,1.0000000000000002,0.0,0.0,1.0,0.38508485955950555,0.0,0.0,0.0
user16,2,T1,T1_DecisionTree,0.1,1.0000000000000002,0.0,0.0,1.0,0.38508485955950555,0.0,0.0,0.0
user16,2,T1,T1_DecisionTree,0.15,1.0000000000000002,0.0,0.0,1.0,0.38508485955950555,0.0,0.0,0.0
user16,2,T1,T1_DecisionTree,0.2,1.0000000000000002,0.0,0.0,1.0,0.38508485955950555,0.0,0.0,0.0
user16,2,T2,T2_RandomForest,0.0,0.74,0.294,0.034334763948497854,0.706,0.27475012805072196,0.0,0.0,0.0
user16,2,T2,T2_RandomForest,0.02,0.74,0.294,0.034334763948497854,0.706,0.27475012805072196,0.0,0.0,0.0
user16,2,T2,T2_RandomForest,0.05,0.74,0.294,0.034334763948497854,0.706,0.27475012805072196,0.0,0.0,0.0
user16,2,T2,T2_RandomForest,0.08,0.74,0.294,0.034334763948497854,0.706,0.27475012805072196,0.0,0.0,0.0
user16,2,T2,T2_RandomForest,0.1,0.74,0.294,0.034334763948497854,0.706,0.27475012805072196,0.0,0.0,0.0
user16,2,T2,T2_RandomForest,0.15,0.74,0.294,0.034334763948497854,0.706,0.27475012805072196,0.0,0.0,0.0
user16,2,T2,T2_RandomForest,0.2,0.74,0.294,0.034334763948497854,0.706,0.27475012805072196,0.0,0.0,0.0
user16,2,T2,T2_ExtraTrees,0.0,0.72,0.346,0.02145922746781116,0.654,0.27475012805072196,0.0,0.0,0.0
user16,2,T2,T2_ExtraTrees,0.02,0.72,0.346,0.02145922746781116,0.654,0.27475012805072196,0.0,0.0,0.0
user16,2,T2,T2_ExtraTrees,0.05,0.72,0.346,0.02145922746781116,0.654,0.27475012805072196,0.0,0.0,0.0
user16,2,T2,T2_ExtraTrees,0.08,0.72,0.346,0.02145922746781116,0.654,0.27475012805072196,0.0,0.0,0.0
user16,2,T2,T2_ExtraTrees,0.1,0.72,0.346,0.02145922746781116,0.654,0.27475012805072196,0.0,0.0,0.0
user16,2,T2,T2_ExtraTrees,0.15,0.72,0.346,0.02145922746781116,0.654,0.27475012805072196,0.0,0.0,0.0
user16,2,T2,T2_ExtraTrees,0.2,0.72,0.346,0.02145922746781116,0.654,0.27475012805072196,0.0,0.0,0.0
user16,2,T2,T2_GradientBoosting,0.0,0.8730046120905312,0.108,0.004291845493562232,0.892,0.34692055317911874,0.0,0.0,0.0
user16,2,T2,T2_GradientBoosting,0.02,0.8730046120905312,0.108,0.004291845493562232,0.892,0.34692055317911874,0.0,0.0,0.0
user16,2,T2,T2_GradientBoosting,0.05,0.8730046120905312,0.108,0.004291845493562232,0.892,0.34692055317911874,0.0,0.0,0.0
user16,2,T2,T2_GradientBoosting,0.08,0.8730046120905312,0.108,0.004291845493562232,0.892,0.34692055317911874,0.0,0.0,0.0
user16,2,T2,T2_GradientBoosting,0.1,0.8730046120905312,0.108,0.004291845493562232,0.892,0.34692055317911874,0.0,0.0,0.0
user16,2,T2,T2_GradientBoosting,0.15,0.8730046120905312,0.108,0.004291845493562232,0.892,0.34692055317911874,0.0,0.0,0.0
user16,2,T2,T2_GradientBoosting,0.2,0.8730046120905312,0.108,0.004291845493562232,0.892,0.34692055317911874,0.0,0.0,0.0
user16,2,T2,T2_XGBoost,0.0,0.9178367257118225,0.168,0.0,0.832,0.3134456718855988,0.0,0.0,0.0
user16,2,T2,T2_XGBoost,0.02,0.9178367257118225,0.168,0.0,0.832,0.3134456718855988,0.0,0.0,0.0
user16,2,T2,T2_XGBoost,0.05,0.9178367257118225,0.168,0.0,0.832,0.3134456718855988,0.0,0.0,0.0
user16,2,T2,T2_XGBoost,0.08,0.9178367257118225,0.168,0.0,0.832,0.3134456718855988,0.0,0.0,0.0
user16,2,T2,T2_XGBoost,0.1,0.9178367257118225,0.168,0.0,0.832,0.3134456718855988,0.0,0.0,0.0
user16,2,T2,T2_XGBoost,0.15,0.9178367257118225,0.168,0.0,0.832,0.3134456718855988,0.0,0.0,0.0
user16,2,T2,T2_XGBoost,0.2,0.9178367257118225,0.168,0.0,0.832,0.3134456718855988,0.0,0.0,0.0
user16,2,T3,T3_1D_CNN,0.0,0.6151379346847534,0.34,0.0944206008583691,0.6599999999999999,0.3302808809889669,0.0,0.0,0.0
user16,2,T3,T3_1D_CNN,0.02,0.6151379346847534,0.34,0.0944206008583691,0.6599999999999999,0.3302808809889669,0.0,0.0,0.0
user16,2,T3,T3_1D_CNN,0.05,0.6151379346847534,0.34,0.0944206008583691,0.6599999999999999,0.3302808809889669,0.0,0.0,0.0
user16,2,T3,T3_1D_CNN,0.08,0.6151379346847534,0.34,0.0944206008583691,0.6599999999999999,0.3302808809889669,0.0,0.0,0.0
user16,2,T3,T3_1D_CNN,0.1,0.6151379346847534,0.34,0.0944206008583691,0.6599999999999999,0.3302808809889669,0.0,0.0,0.0
user16,2,T3,T3_1D_CNN,0.15,0.6151379346847534,0.34,0.0944206008583691,0.6599999999999999,0.3302808809889669,0.0,0.0,0.0
user16,2,T3,T3_1D_CNN,0.2,0.6151379346847534,0.34,0.0944206008583691,0.6599999999999999,0.3302808809889669,0.0,0.0,0.0
user20,2,T0,T0_DistanceProfile,0.0,0.6009191109145536,0.24669603524229075,0.028846153846153848,0.7533039647577092,0.44946305654055,0.0,0.0,0.0
user20,2,T0,T0_DistanceProfile,0.02,0.6009191109145536,0.24669603524229075,0.028846153846153848,0.7533039647577092,0.44946305654055,0.0,0.0,0.0
user20,2,T0,T0_DistanceProfile,0.05,0.6009191109145536,0.24669603524229075,0.028846153846153848,0.7533039647577092,0.44946305654055,0.0,0.0,0.0
user20,2,T0,T0_DistanceProfile,0.08,0.6009191109145536,0.24669603524229075,0.028846153846153848,0.7533039647577092,0.44946305654055,0.0,0.0,0.0
user20,2,T0,T0_DistanceProfile,0.1,0.6009191109145536,0.24669603524229075,0.028846153846153848,0.7533039647577092,0.44946305654055,0.0,0.0,0.0
user20,2,T0,T0_DistanceProfile,0.15,0.6009191109145536,0.24669603524229075,0.028846153846153848,0.7533039647577092,0.44946305654055,0.0,0.0,0.0
user20,2,T0,T0_DistanceProfile,0.2,0.6009191109145536,0.24669603524229075,0.028846153846153848,0.7533039647577092,0.44946305654055,0.0,0.0,0.0
user20,2,T1,T1_LogReg,0.0,0.8069485618714167,0.4008810572687225,0.009615384615384616,0.5991189427312775,0.4764212516569214,0.05,0.0,0.0
user20,2,T1,T1_LogReg,0.02,0.8069485618714167,0.4008810572687225,0.009615384615384616,0.5991189427312775,0.4764212516569214,0.05,0.0,0.0
user20,2,T1,T1_LogReg,0.05,0.8069485618714167,0.4008810572687225,0.009615384615384616,0.5991189427312775,0.4764212516569214,0.05,0.0,0.0
user20,2,T1,T1_LogReg,0.08,0.8069485618714167,0.4008810572687225,0.009615384615384616,0.5991189427312775,0.4764212516569214,0.05,0.0,0.0
user20,2,T1,T1_LogReg,0.1,0.8069485618714167,0.4008810572687225,0.009615384615384616,0.5991189427312775,0.4764212516569214,0.05,0.0,0.0
user20,2,T1,T1_LogReg,0.15,0.8069485618714167,0.4008810572687225,0.009615384615384616,0.5991189427312775,0.4764212516569214,0.05,0.0,0.0
user20,2,T1,T1_LogReg,0.2,0.8069485618714167,0.4008810572687225,0.009615384615384616,0.5991189427312775,0.4764212516569214,0.05,0.0,0.0
user20,2,T1,T1_SVM_RBF,0.0,0.4393995026570011,0.47577092511013214,0.0,0.5242290748898679,0.5933999017622242,0.0,0.0,0.0
user20,2,T1,T1_SVM_RBF,0.02,0.4393995026570011,0.47577092511013214,0.0,0.5242290748898679,0.5933999017622242,0.0,0.0,0.0
user20,2,T1,T1_SVM_RBF,0.05,0.4393995026570011,0.47577092511013214,0.0,0.5242290748898679,0.5933999017622242,0.0,0.0,0.0
user20,2,T1,T1_SVM_RBF,0.08,0.4393995026570011,0.47577092511013214,0.0,0.5242290748898679,0.5933999017622242,0.0,0.0,0.0
user20,2,T1,T1_SVM_RBF,0.1,0.4393995026570011,0.47577092511013214,0.0,0.5242290748898679,0.5933999017622242,0.0,0.0,0.0
user20,2,T1,T1_SVM_RBF,0.15,0.4393995026570011,0.47577092511013214,0.0,0.5242290748898679,0.5933999017622242,0.0,0.0,0.0
user20,2,T1,T1_SVM_RBF,0.2,0.4393995026570011,0.47577092511013214,0.0,0.5242290748898679,0.5933999017622242,0.0,0.0,0.0
user20,2,T1,T1_kNN,0.0,0.6,0.3568281938325991,0.0,0.6431718061674009,0.5214508239188798,0.45,0.0,0.9
user20,2,T1,T1_kNN,0.02,0.6,0.3568281938325991,0.0,0.6431718061674009,0.5214508239188798,0.45,0.0,0.9
user20,2,T1,T1_kNN,0.05,0.6,0.3568281938325991,0.0,0.6431718061674009,0.5214508239188798,0.45,0.0,0.9
user20,2,T1,T1_kNN,0.08,0.6,0.3568281938325991,0.0,0.6431718061674009,0.5214508239188798,0.45,0.0,0.9
user20,2,T1,T1_kNN,0.1,0.6,0.3568281938325991,0.0,0.6431718061674009,0.5214508239188798,0.45,0.0,0.9
user20,2,T1,T1_kNN,0.15,0.6,0.3568281938325991,0.0,0.6431718061674009,0.5214508239188798,0.45,0.0,0.9
user20,2,T1,T1_kNN,0.2,0.6,0.3568281938325991,0.0,0.6431718061674009,0.5214508239188798,0.45,0.0,0.9
user20,2,T1,T1_DecisionTree,0.0,1.0000000000000002,0.0,0.0,1.0,0.48078980480288525,0.0,0.0,0.0
user20,2,T1,T1_DecisionTree,0.02,1.0000000000000002,0.0,0.0,1.0,0.48078980480288525,0.0,0.0,0.0
user20,2,T1,T1_DecisionTree,0.05,1.0000000000000002,0.0,0.0,1.0,0.48078980480288525,0.0,0.0,0.0
user20,2,T1,T1_DecisionTree,0.08,1.0000000000000002,0.0,0.0,1.0,0.48078980480288525,0.0,0.0,0.0
user20,2,T1,T1_DecisionTree,0.1,1.0000000000000002,0.0,0.0,1.0,0.48078980480288525,0.0,0.0,0.0
user20,2,T1,T1_DecisionTree,0.15,1.0000000000000002,0.0,0.0,1.0,0.48078980480288525,0.0,0.0,0.0
user20,2,T1,T1_DecisionTree,0.2,1.0000000000000002,0.0,0.0,1.0,0.48078980480288525,0.0,0.0,0.0
user20,2,T2,T2_RandomForest,0.0,0.36,0.4889867841409692,0.019230769230769232,0.5110132158590308,0.6128001803268761,0.0,0.0,0.0
user20,2,T2,T2_RandomForest,0.02,0.36,0.4889867841409692,0.019230769230769232,0.5110132158590308,0.6128001803268761,0.0,0.0,0.0
user20,2,T2,T2_RandomForest,0.05,0.36,0.4889867841409692,0.019230769230769232,0.5110132158590308,0.6128001803268761,0.0,0.0,0.0
user20,2,T2,T2_RandomForest,0.08,0.36,0.4889867841409692,0.019230769230769232,0.5110132158590308,0.6128001803268761,0.0,0.0,0.0
user20,2,T2,T2_RandomForest,0.1,0.36,0.4889867841409692,0.019230769230769232,0.5110132158590308,0.6128001803268761,0.0,0.0,0.0
user20,2,T2,T2_RandomForest,0.15,0.36,0.4889867841409692,0.019230769230769232,0.5110132158590308,0.6128001803268761,0.0,0.0,0.0
user20,2,T2,T2_RandomForest,0.2,0.36,0.4889867841409692,0.019230769230769232,0.5110132158590308,0.6128001803268761,0.0,0.0,0.0
user20,2,T2,T2_ExtraTrees,0.0,0.39,0.4713656387665198,0.0,0.5286343612334802,0.5955446477233732,0.0,0.0,0.0
user20,2,T2,T2_ExtraTrees,0.02,0.39,0.4713656387665198,0.0,0.5286343612334802,0.5955446477233732,0.0,0.0,0.0
user20,2,T2,T2_ExtraTrees,0.05,0.39,0.4713656387665198,0.0,0.5286343612334802,0.5955446477233732,0.0,0.0,0.0
user20,2,T2,T2_ExtraTrees,0.08,0.39,0.4713656387665198,0.0,0.5286343612334802,0.5955446477233732,0.0,0.0,0.0
user20,2,T2,T2_ExtraTrees,0.1,0.39,0.4713656387665198,0.0,0.5286343612334802,0.5955446477233732,0.0,0.0,0.0
user20,2,T2,T2_ExtraTrees,0.15,0.39,0.4713656387665198,0.0,0.5286343612334802,0.5955446477233732,0.0,0.0,0.0
user20,2,T2,T2_ExtraTrees,0.2,0.39,0.4713656387665198,0.0,0.5286343612334802,0.5955446477233732,0.0,0.0,0.0
user20,2,T2,T2_GradientBoosting,0.0,0.388040949901148,0.44933920704845814,0.009615384615384616,0.5506607929515419,0.6044533336921929,0.1,0.45,0.1
user20,2,T2,T2_GradientBoosting,0.02,0.388040949901148,0.44933920704845814,0.009615384615384616,0.5506607929515419,0.6044533336921929,0.1,0.45,0.1
user20,2,T2,T2_GradientBoosting,0.05,0.388040949901148,0.44933920704845814,0.009615384615384616,0.5506607929515419,0.6044533336921929,0.1,0.45,0.1
user20,2,T2,T2_GradientBoosting,0.08,0.388040949901148,0.44933920704845814,0.009615384615384616,0.5506607929515419,0.6044533336921929,0.1,0.45,0.1
user20,2,T2,T2_GradientBoosting,0.1,0.388040949901148,0.44933920704845814,0.009615384615384616,0.5506607929515419,0.6044533336921929,0.1,0.45,0.1
user20,2,T2,T2_GradientBoosting,0.15,0.388040949901148,0.44933920704845814,0.009615384615384616,0.5506607929515419,0.6044533336921929,0.1,0.45,0.1
user20,2,T2,T2_GradientBoosting,0.2,0.388040949901148,0.44933920704845814,0.009615384615384616,0.5506607929515419,0.6044533336921929,0.1,0.45,0.1
user20,2,T2,T2_XGBoost,0.0,0.35737335681915283,0.4845814977973568,0.0,0.5154185022026432,0.58854857050579,0.05,0.25,0.0
user20,2,T2,T2_XGBoost,0.02,0.35737335681915283,0.4845814977973568,0.0,0.5154185022026432,0.58854857050579,0.05,0.25,0.0
user20,2,T2,T2_XGBoost,0.05,0.35737335681915283,0.4845814977973568,0.0,0.5154185022026432,0.58854857050579,0.05,0.25,0.0
user20,2,T2,T2_XGBoost,0.08,0.35737335681915283,0.4845814977973568,0.0,0.5154185022026432,0.58854857050579,0.05,0.25,0.0
user20,2,T2,T2_XGBoost,0.1,0.35737335681915283,0.4845814977973568,0.0,0.5154185022026432,0.58854857050579,0.05,0.25,0.0
user20,2,T2,T2_XGBoost,0.15,0.35737335681915283,0.4845814977973568,0.0,0.5154185022026432,0.58854857050579,0.05,0.25,0.0
user20,2,T2,T2_XGBoost,0.2,0.35737335681915283,0.4845814977973568,0.0,0.5154185022026432,0.58854857050579,0.05,0.25,0.0
user20,2,T3,T3_1D_CNN,0.0,0.8876747488975525,0.4713656387665198,0.009615384615384616,0.5286343612334802,0.4986879201178853,0.0,0.15,0.0
user20,2,T3,T3_1D_CNN,0.02,0.8876747488975525,0.4713656387665198,0.009615384615384616,0.5286343612334802,0.4986879201178853,0.0,0.15,0.0
user20,2,T3,T3_1D_CNN,0.05,0.8876747488975525,0.4713656387665198,0.009615384615384616,0.5286343612334802,0.4986879201178853,0.0,0.15,0.0
user20,2,T3,T3_1D_CNN,0.08,0.8876747488975525,0.4713656387665198,0.009615384615384616,0.5286343612334802,0.4986879201178853,0.0,0.15,0.0
user20,2,T3,T3_1D_CNN,0.1,0.8876747488975525,0.4713656387665198,0.009615384615384616,0.5286343612334802,0.4986879201178853,0.0,0.15,0.0
user20,2,T3,T3_1D_CNN,0.15,0.8876747488975525,0.4713656387665198,0.009615384615384616,0.5286343612334802,0.4986879201178853,0.0,0.15,0.0
user20,2,T3,T3_1D_CNN,0.2,0.8876747488975525,0.4713656387665198,0.009615384615384616,0.5286343612334802,0.4986879201178853,0.0,0.15,0.0
user21,2,T0,T0_DistanceProfile,0.0,0.6381040068307622,0.26422764227642276,0.2706766917293233,0.7357723577235773,0.30824006465375475,0.0,0.0,0.0
user21,2,T0,T0_DistanceProfile,0.02,0.6381040068307622,0.26422764227642276,0.2706766917293233,0.7357723577235773,0.30824006465375475,0.0,0.0,0.0
user21,2,T0,T0_DistanceProfile,0.05,0.6381040068307622,0.26422764227642276,0.2706766917293233,0.7357723577235773,0.30824006465375475,0.0,0.0,0.0
user21,2,T0,T0_DistanceProfile,0.08,0.6381040068307622,0.26422764227642276,0.2706766917293233,0.7357723577235773,0.30824006465375475,0.0,0.0,0.0
user21,2,T0,T0_DistanceProfile,0.1,0.6381040068307622,0.26422764227642276,0.2706766917293233,0.7357723577235773,0.30824006465375475,0.0,0.0,0.0
user21,2,T0,T0_DistanceProfile,0.15,0.6381040068307622,0.26422764227642276,0.2706766917293233,0.7357723577235773,0.30824006465375475,0.0,0.0,0.0
user21,2,T0,T0_DistanceProfile,0.2,0.6381040068307622,0.26422764227642276,0.2706766917293233,0.7357723577235773,0.30824006465375475,0.0,0.0,0.0
user21,2,T1,T1_LogReg,0.0,0.5829036520284842,0.6951219512195121,0.2857142857142857,0.30487804878048785,0.16957749523084586,0.0,1.0,0.0
user21,2,T1,T1_LogReg,0.02,0.5829036520284842,0.6951219512195121,0.2857142857142857,0.30487804878048785,0.16957749523084586,0.0,1.0,0.0
user21,2,T1,T1_LogReg,0.05,0.5829036520284842,0.6951219512195121,0.2857142857142857,0.30487804878048785,0.16957749523084586,0.0,1.0,0.0
user21,2,T1,T1_LogReg,0.08,0.5829036520284842,0.6951219512195121,0.2857142857142857,0.30487804878048785,0.16957749523084586,0.0,1.0,0.0
user21,2,T1,T1_LogReg,0.1,0.5829036520284842,0.6951219512195121,0.2857142857142857,0.30487804878048785,0.16957749523084586,0.0,1.0,0.0
user21,2,T1,T1_LogReg,0.15,0.5829036520284842,0.6951219512195121,0.2857142857142857,0.30487804878048785,0.16957749523084586,0.0,1.0,0.0
user21,2,T1,T1_LogReg,0.2,0.5829036520284842,0.6951219512195121,0.2857142857142857,0.30487804878048785,0.16957749523084586,0.0,1.0,0.0
user21,2,T1,T1_SVM_RBF,0.0,0.1721176108022972,0.7886178861788617,0.3308270676691729,0.21138211382113825,0.14244265268341277,0.0,0.0,0.0
user21,2,T1,T1_SVM_RBF,0.02,0.1721176108022972,0.7886178861788617,0.3308270676691729,0.21138211382113825,0.14244265268341277,0.0,0.0,0.0
user21,2,T1,T1_SVM_RBF,0.05,0.1721176108022972,0.7886178861788617,0.3308270676691729,0.21138211382113825,0.14244265268341277,0.0,0.0,0.0
user21,2,T1,T1_SVM_RBF,0.08,0.1721176108022972,0.7886178861788617,0.3308270676691729,0.21138211382113825,0.14244265268341277,0.0,0.0,0.0
user21,2,T1,T1_SVM_RBF,0.1,0.1721176108022972,0.7886178861788617,0.3308270676691729,0.21138211382113825,0.14244265268341277,0.0,0.0,0.0
user21,2,T1,T1_SVM_RBF,0.15,0.1721176108022972,0.7886178861788617,0.3308270676691729,0.21138211382113825,0.14244265268341277,0.0,0.0,0.0
user21,2,T1,T1_SVM_RBF,0.2,0.2,0.7479674796747967,0.2932330827067669,0.2520325203252033,0.14244265268341277,0.0,0.0,0.0
user21,2,T1,T1_kNN,0.0,0.6,0.3333333333333333,0.11278195488721804,0.6666666666666667,0.25321389303938424,0.0,0.95,0.0
user21,2,T1,T1_kNN,0.02,0.6,0.3333333333333333,0.11278195488721804,0.6666666666666667,0.25321389303938424,0.0,0.95,0.0
user21,2,T1,T1_kNN,0.05,0.6,0.3333333333333333,0.11278195488721804,0.6666666666666667,0.25321389303938424,0.0,0.95,0.0
user21,2,T1,T1_kNN,0.08,0.6,0.3333333333333333,0.11278195488721804,0.6666666666666667,0.25321389303938424,0.0,0.95,0.0
user21,2,T1,T1_kNN,0.1,0.6,0.3333333333333333,0.11278195488721804,0.6666666666666667,0.25321389303938424,0.0,0.95,0.0
user21,2,T1,T1_kNN,0.15,0.6,0.3333333333333333,0.11278195488721804,0.6666666666666667,0.25321389303938424,0.0,0.95,0.0
user21,2,T1,T1_kNN,0.2,0.6,0.3333333333333333,0.11278195488721804,0.6666666666666667,0.25321389303938424,0.0,0.95,0.0
user21,2,T1,T1_DecisionTree,0.0,1.0,0.4186991869918699,0.2706766917293233,0.5813008130081301,0.2899128865834062,0.0,0.0,0.0
user21,2,T1,T1_DecisionTree,0.02,1.0,0.4186991869918699,0.2706766917293233,0.5813008130081301,0.2899128865834062,0.0,0.0,0.0
user21,2,T1,T1_DecisionTree,0.05,1.0,0.4186991869918699,0.2706766917293233,0.5813008130081301,0.2899128865834062,0.0,0.0,0.0
user21,2,T1,T1_DecisionTree,0.08,1.0,0.4186991869918699,0.2706766917293233,0.5813008130081301,0.2899128865834062,0.0,0.0,0.0
user21,2,T1,T1_DecisionTree,0.1,1.0,0.4186991869918699,0.2706766917293233,0.5813008130081301,0.2899128865834062,0.0,0.0,0.0
user21,2,T1,T1_DecisionTree,0.15,1.0,0.4186991869918699,0.2706766917293233,0.5813008130081301,0.2899128865834062,0.0,0.0,0.0
user21,2,T1,T1_DecisionTree,0.2,1.0,0.4186991869918699,0.2706766917293233,0.5813008130081301,0.2899128865834062,0.0,0.0,0.0
user21,2,T2,T2_RandomForest,0.0,0.22666666666666666,0.8252032520325203,0.46616541353383456,0.17479674796747968,0.11809177450123576,0.0,0.85,0.0
user21,2,T2,T2_RandomForest,0.02,0.22666666666666666,0.8252032520325203,0.46616541353383456,0.17479674796747968,0.11809177450123576,0.0,0.85,0.0
user21,2,T2,T2_RandomForest,0.05,0.22666666666666666,0.8252032520325203,0.46616541353383456,0.17479674796747968,0.11809177450123576,0.0,0.85,0.0
user21,2,T2,T2_RandomForest,0.08,0.22666666666666666,0.8252032520325203,0.46616541353383456,0.17479674796747968,0.11809177450123576,0.0,0.85,0.0
user21,2,T2,T2_RandomForest,0.1,0.22666666666666666,0.8252032520325203,0.46616541353383456,0.17479674796747968,0.11809177450123576,0.0,0.85,0.0
user21,2,T2,T2_RandomForest,0.15,0.22666666666666666,0.8252032520325203,0.46616541353383456,0.17479674796747968,0.11809177450123576,0.0,0.85,0.0
user21,2,T2,T2_RandomForest,0.2,0.22666666666666666,0.8252032520325203,0.46616541353383456,0.17479674796747968,0.11809177450123576,0.0,0.85,0.0
user21,2,T2,T2_ExtraTrees,0.0,0.25,0.7845528455284553,0.43609022556390975,0.21544715447154472,0.1332121075432513,0.0,0.95,0.0
user21,2,T2,T2_ExtraTrees,0.02,0.25,0.7845528455284553,0.43609022556390975,0.21544715447154472,0.1332121075432513,0.0,0.95,0.0
user21,2,T2,T2_ExtraTrees,0.05,0.25,0.7845528455284553,0.43609022556390975,0.21544715447154472,0.1332121075432513,0.0,0.95,0.0
user21,2,T2,T2_ExtraTrees,0.08,0.25,0.7845528455284553,0.43609022556390975,0.21544715447154472,0.1332121075432513,0.0,0.95,0.0
user21,2,T2,T2_ExtraTrees,0.1,0.25,0.7845528455284553,0.43609022556390975,0.21544715447154472,0.1332121075432513,0.0,0.95,0.0
user21,2,T2,T2_ExtraTrees,0.15,0.25,0.7845528455284553,0.43609022556390975,0.21544715447154472,0.1332121075432513,0.0,0.95,0.0
user21,2,T2,T2_ExtraTrees,0.2,0.25,0.7845528455284553,0.43609022556390975,0.21544715447154472,0.1332121075432513,0.0,0.95,0.0
user21,2,T2,T2_GradientBoosting,0.0,0.17247804883436857,0.8333333333333334,0.42857142857142855,0.16666666666666663,0.1273223196413972,0.0,1.0,0.05
user21,2,T2,T2_GradientBoosting,0.02,0.17247804883436857,0.8333333333333334,0.42857142857142855,0.16666666666666663,0.1273223196413972,0.0,1.0,0.05
user21,2,T2,T2_GradientBoosting,0.05,0.17247804883436857,0.8333333333333334,0.42857142857142855,0.16666666666666663,0.1273223196413972,0.0,1.0,0.05
user21,2,T2,T2_GradientBoosting,0.08,0.17247804883436857,0.8333333333333334,0.42857142857142855,0.16666666666666663,0.1273223196413972,0.0,1.0,0.05
user21,2,T2,T2_GradientBoosting,0.1,0.17247804883436857,0.8333333333333334,0.42857142857142855,0.16666666666666663,0.1273223196413972,0.0,1.0,0.05
user21,2,T2,T2_GradientBoosting,0.15,0.17247804883436857,0.8333333333333334,0.42857142857142855,0.16666666666666663,0.1273223196413972,0.0,1.0,0.05
user21,2,T2,T2_GradientBoosting,0.2,0.2,0.7926829268292683,0.37593984962406013,0.20731707317073167,0.1273223196413972,0.0,1.0,0.05
user21,2,T2,T2_XGBoost,0.0,0.1236463412642479,0.8658536585365854,0.46616541353383456,0.13414634146341464,0.1169781887551333,0.0,1.0,0.1
user21,2,T2,T2_XGBoost,0.02,0.1236463412642479,0.8658536585365854,0.46616541353383456,0.13414634146341464,0.1169781887551333,0.0,1.0,0.1
user21,2,T2,T2_XGBoost,0.05,0.1236463412642479,0.8658536585365854,0.46616541353383456,0.13414634146341464,0.1169781887551333,0.0,1.0,0.1
user21,2,T2,T2_XGBoost,0.08,0.1236463412642479,0.8658536585365854,0.46616541353383456,0.13414634146341464,0.1169781887551333,0.0,1.0,0.1
user21,2,T2,T2_XGBoost,0.1,0.1236463412642479,0.8658536585365854,0.46616541353383456,0.13414634146341464,0.1169781887551333,0.0,1.0,0.1
user21,2,T2,T2_XGBoost,0.15,0.15,0.8292682926829268,0.42857142857142855,0.1707317073170732,0.1169781887551333,0.0,1.0,0.0
user21,2,T2,T2_XGBoost,0.2,0.2,0.7886178861788617,0.3533834586466165,0.21138211382113825,0.1169781887551333,0.0,0.95,0.0
user21,2,T3,T3_1D_CNN,0.0,0.48075810074806213,0.25203252032520324,0.15789473684210525,0.7479674796747968,0.3635058686438687,0.0,0.0,0.0
user21,2,T3,T3_1D_CNN,0.02,0.48075810074806213,0.25203252032520324,0.15789473684210525,0.7479674796747968,0.3635058686438687,0.0,0.0,0.0
user21,2,T3,T3_1D_CNN,0.05,0.48075810074806213,0.25203252032520324,0.15789473684210525,0.7479674796747968,0.3635058686438687,0.0,0.0,0.0
user21,2,T3,T3_1D_CNN,0.08,0.48075810074806213,0.25203252032520324,0.15789473684210525,0.7479674796747968,0.3635058686438687,0.0,0.0,0.0
user21,2,T3,T3_1D_CNN,0.1,0.48075810074806213,0.25203252032520324,0.15789473684210525,0.7479674796747968,0.3635058686438687,0.0,0.0,0.0
user21,2,T3,T3_1D_CNN,0.15,0.48075810074806213,0.25203252032520324,0.15789473684210525,0.7479674796747968,0.3635058686438687,0.0,0.0,0.0
user21,2,T3,T3_1D_CNN,0.2,0.48075810074806213,0.25203252032520324,0.15789473684210525,0.7479674796747968,0.3635058686438687,0.0,0.0,0.0
user23,2,T0,T0_DistanceProfile,0.0,0.6352626182227831,0.3,0.145748987854251,0.7,0.3532845746886247,0.0,0.0,0.0
user23,2,T0,T0_DistanceProfile,0.02,0.6352626182227831,0.3,0.145748987854251,0.7,0.3532845746886247,0.0,0.0,0.0
user23,2,T0,T0_DistanceProfile,0.05,0.6352626182227831,0.3,0.145748987854251,0.7,0.3532845746886247,0.0,0.0,0.0
user23,2,T0,T0_DistanceProfile,0.08,0.6352626182227831,0.3,0.145748987854251,0.7,0.3532845746886247,0.0,0.0,0.0
user23,2,T0,T0_DistanceProfile,0.1,0.6352626182227831,0.3,0.145748987854251,0.7,0.3532845746886247,0.0,0.0,0.0
user23,2,T0,T0_DistanceProfile,0.15,0.6352626182227831,0.3,0.145748987854251,0.7,0.3532845746886247,0.0,0.0,0.0
user23,2,T0,T0_DistanceProfile,0.2,0.6352626182227831,0.3,0.145748987854251,0.7,0.3532845746886247,0.0,0.0,0.0
user23,2,T1,T1_LogReg,0.0,0.986005853876063,0.075,0.0,0.925,0.3915368923827056,0.65,0.0,0.0
user23,2,T1,T1_LogReg,0.02,0.986005853876063,0.075,0.0,0.925,0.3915368923827056,0.65,0.0,0.0
user23,2,T1,T1_LogReg,0.05,0.986005853876063,0.075,0.0,0.925,0.3915368923827056,0.65,0.0,0.0
user23,2,T1,T1_LogReg,0.08,0.986005853876063,0.075,0.0,0.925,0.3915368923827056,0.65,0.0,0.0
user23,2,T1,T1_LogReg,0.1,0.986005853876063,0.075,0.0,0.925,0.3915368923827056,0.65,0.0,0.0
user23,2,T1,T1_LogReg,0.15,0.986005853876063,0.075,0.0,0.925,0.3915368923827056,0.65,0.0,0.0
user23,2,T1,T1_LogReg,0.2,0.986005853876063,0.075,0.0,0.925,0.3915368923827056,0.65,0.0,0.0
user23,2,T1,T1_SVM_RBF,0.0,0.7661376129619162,0.30833333333333335,0.032388663967611336,0.6916666666666667,0.29094316466822556,0.0,0.0,0.0
user23,2,T1,T1_SVM_RBF,0.02,0.7661376129619162,0.30833333333333335,0.032388663967611336,0.6916666666666667,0.29094316466822556,0.0,0.0,0.0
user23,2,T1,T1_SVM_RBF,0.05,0.7661376129619162,0.30833333333333335,0.032388663967611336,0.6916666666666667,0.29094316466822556,0.0,0.0,0.0
user23,2,T1,T1_SVM_RBF,0.08,0.7661376129619162,0.30833333333333335,0.032388663967611336,0.6916666666666667,0.29094316466822556,0.0,0.0,0.0
user23,2,T1,T1_SVM_RBF,0.1,0.7661376129619162,0.30833333333333335,0.032388663967611336,0.6916666666666667,0.29094316466822556,0.0,0.0,0.0
user23,2,T1,T1_SVM_RBF,0.15,0.7661376129619162,0.30833333333333335,0.032388663967611336,0.6916666666666667,0.29094316466822556,0.0,0.0,0.0
user23,2,T1,T1_SVM_RBF,0.2,0.7661376129619162,0.30833333333333335,0.032388663967611336,0.6916666666666667,0.29094316466822556,0.0,0.0,0.0
user23,2,T1,T1_kNN,0.0,0.8,0.2,0.032388663967611336,0.8,0.38200905517687445,0.0,0.0,0.0
user23,2,T1,T1_kNN,0.02,0.8,0.2,0.032388663967611336,0.8,0.38200905517687445,0.0,0.0,0.0
user23,2,T1,T1_kNN,0.05,0.8,0.2,0.032388663967611336,0.8,0.38200905517687445,0.0,0.0,0.0
user23,2,T1,T1_kNN,0.08,0.8,0.2,0.032388663967611336,0.8,0.38200905517687445,0.0,0.0,0.0
user23,2,T1,T1_kNN,0.1,0.8,0.2,0.032388663967611336,0.8,0.38200905517687445,0.0,0.0,0.0
user23,2,T1,T1_kNN,0.15,0.8,0.2,0.032388663967611336,0.8,0.38200905517687445,0.0,0.0,0.0
user23,2,T1,T1_kNN,0.2,0.8,0.2,0.032388663967611336,0.8,0.38200905517687445,0.0,0.0,0.0
user23,2,T1,T1_DecisionTree,0.0,1.0000000000000002,0.0,0.0,1.0,0.34689122178549514,0.0,0.0,0.0
user23,2,T1,T1_DecisionTree,0.02,1.0000000000000002,0.0,0.0,1.0,0.34689122178549514,0.0,0.0,0.0
user23,2,T1,T1_DecisionTree,0.05,1.0000000000000002,0.0,0.0,1.0,0.34689122178549514,0.0,0.0,0.0
user23,2,T1,T1_DecisionTree,0.08,1.0000000000000002,0.0,0.0,1.0,0.34689122178549514,0.0,0.0,0.0
user23,2,T1,T1_DecisionTree,0.1,1.0000000000000002,0.0,0.0,1.0,0.34689122178549514,0.0,0.0,0.0
user23,2,T1,T1_DecisionTree,0.15,1.0000000000000002,0.0,0.0,1.0,0.34689122178549514,0.0,0.0,0.0
user23,2,T1,T1_DecisionTree,0.2,1.0000000000000002,0.0,0.0,1.0,0.34689122178549514,0.0,0.0,0.0
user23,2,T2,T2_RandomForest,0.0,0.42,0.5458333333333333,0.06072874493927125,0.4541666666666667,0.21862613397018094,0.0,0.0,0.0
user23,2,T2,T2_RandomForest,0.02,0.42,0.5458333333333333,0.06072874493927125,0.4541666666666667,0.21862613397018094,0.0,0.0,0.0
user23,2,T2,T2_RandomForest,0.05,0.42,0.5458333333333333,0.06072874493927125,0.4541666666666667,0.21862613397018094,0.0,0.0,0.0
user23,2,T2,T2_RandomForest,0.08,0.42,0.5458333333333333,0.06072874493927125,0.4541666666666667,0.21862613397018094,0.0,0.0,0.0
user23,2,T2,T2_RandomForest,0.1,0.42,0.5458333333333333,0.06072874493927125,0.4541666666666667,0.21862613397018094,0.0,0.0,0.0
user23,2,T2,T2_RandomForest,0.15,0.42,0.5458333333333333,0.06072874493927125,0.4541666666666667,0.21862613397018094,0.0,0.0,0.0
user23,2,T2,T2_RandomForest,0.2,0.42,0.5458333333333333,0.06072874493927125,0.4541666666666667,0.21862613397018094,0.0,0.0,0.0
user23,2,T2,T2_ExtraTrees,0.0,0.43,0.5125,0.07692307692307693,0.48750000000000004,0.2568784516642619,0.25,0.0,0.0
user23,2,T2,T2_ExtraTrees,0.02,0.43,0.5125,0.07692307692307693,0.48750000000000004,0.2568784516642619,0.25,0.0,0.0
user23,2,T2,T2_ExtraTrees,0.05,0.43,0.5125,0.07692307692307693,0.48750000000000004,0.2568784516642619,0.25,0.0,0.0
user23,2,T2,T2_ExtraTrees,0.08,0.43,0.5125,0.07692307692307693,0.48750000000000004,0.2568784516642619,0.25,0.0,0.0
user23,2,T2,T2_ExtraTrees,0.1,0.43,0.5125,0.07692307692307693,0.48750000000000004,0.2568784516642619,0.25,0.0,0.0
user23,2,T2,T2_ExtraTrees,0.15,0.43,0.5125,0.07692307692307693,0.48750000000000004,0.2568784516642619,0.25,0.0,0.0
user23,2,T2,T2_ExtraTrees,0.2,0.43,0.5125,0.07692307692307693,0.48750000000000004,0.2568784516642619,0.25,0.0,0.0
user23,2,T2,T2_GradientBoosting,0.0,0.630714675330812,0.44166666666666665,0.044534412955465584,0.5583333333333333,0.29591853657727585,1.0,0.0,0.0
user23,2,T2,T2_GradientBoosting,0.02,0.630714675330812,0.44166666666666665,0.044534412955465584,0.5583333333333333,0.29591853657727585,1.0,0.0,0.0
user23,2,T2,T2_GradientBoosting,0.05,0.630714675330812,0.44166666666666665,0.044534412955465584,0.5583333333333333,0.29591853657727585,1.0,0.0,0.0
user23,2,T2,T2_GradientBoosting,0.08,0.630714675330812,0.44166666666666665,0.044534412955465584,0.5583333333333333,0.29591853657727585,1.0,0.0,0.0
user23,2,T2,T2_GradientBoosting,0.1,0.630714675330812,0.44166666666666665,0.044534412955465584,0.5583333333333333,0.29591853657727585,1.0,0.0,0.0
user23,2,T2,T2_GradientBoosting,0.15,0.630714675330812,0.44166666666666665,0.044534412955465584,0.5583333333333333,0.29591853657727585,1.0,0.0,0.0
user23,2,T2,T2_GradientBoosting,0.2,0.630714675330812,0.44166666666666665,0.044534412955465584,0.5583333333333333,0.29591853657727585,1.0,0.0,0.0
user23,2,T2,T2_XGBoost,0.0,0.6164410710334778,0.5375,0.05263157894736842,0.4625,0.2219513408627295,1.0,0.0,0.0
user23,2,T2,T2_XGBoost,0.02,0.6164410710334778,0.5375,0.05263157894736842,0.4625,0.2219513408627295,1.0,0.0,0.0
user23,2,T2,T2_XGBoost,0.05,0.6164410710334778,0.5375,0.05263157894736842,0.4625,0.2219513408627295,1.0,0.0,0.0
user23,2,T2,T2_XGBoost,0.08,0.6164410710334778,0.5375,0.05263157894736842,0.4625,0.2219513408627295,1.0,0.0,0.0
user23,2,T2,T2_XGBoost,0.1,0.6164410710334778,0.5375,0.05263157894736842,0.4625,0.2219513408627295,1.0,0.0,0.0
user23,2,T2,T2_XGBoost,0.15,0.6164410710334778,0.5375,0.05263157894736842,0.4625,0.2219513408627295,1.0,0.0,0.0
user23,2,T2,T2_XGBoost,0.2,0.6164410710334778,0.5375,0.05263157894736842,0.4625,0.2219513408627295,1.0,0.0,0.0
user23,2,T3,T3_1D_CNN,0.0,0.3750368356704712,0.20833333333333334,0.048582995951417005,0.7916666666666666,0.3965122642917558,0.1,0.0,0.0
user23,2,T3,T3_1D_CNN,0.02,0.3750368356704712,0.20833333333333334,0.048582995951417005,0.7916666666666666,0.3965122642917558,0.1,0.0,0.0
user23,2,T3,T3_1D_CNN,0.05,0.3750368356704712,0.20833333333333334,0.048582995951417005,0.7916666666666666,0.3965122642917558,0.1,0.0,0.0
user23,2,T3,T3_1D_CNN,0.08,0.3750368356704712,0.20833333333333334,0.048582995951417005,0.7916666666666666,0.3965122642917558,0.1,0.0,0.0
user23,2,T3,T3_1D_CNN,0.1,0.3750368356704712,0.20833333333333334,0.048582995951417005,0.7916666666666666,0.3965122642917558,0.1,0.0,0.0
user23,2,T3,T3_1D_CNN,0.15,0.3750368356704712,0.20833333333333334,0.048582995951417005,0.7916666666666666,0.3965122642917558,0.1,0.0,0.0
user23,2,T3,T3_1D_CNN,0.2,0.3750368356704712,0.20833333333333334,0.048582995951417005,0.7916666666666666,0.3965122642917558,0.1,0.0,0.0
user29,2,T0,T0_DistanceProfile,0.0,0.6258737710338339,0.468503937007874,0.2,0.5314960629921259,0.26986322465834683,0.0,0.0,0.0
user29,2,T0,T0_DistanceProfile,0.02,0.6258737710338339,0.468503937007874,0.2,0.5314960629921259,0.26986322465834683,0.0,0.0,0.0
user29,2,T0,T0_DistanceProfile,0.05,0.6258737710338339,0.468503937007874,0.2,0.5314960629921259,0.26986322465834683,0.0,0.0,0.0
user29,2,T0,T0_DistanceProfile,0.08,0.6258737710338339,0.468503937007874,0.2,0.5314960629921259,0.26986322465834683,0.0,0.0,0.0
user29,2,T0,T0_DistanceProfile,0.1,0.6258737710338339,0.468503937007874,0.2,0.5314960629921259,0.26986322465834683,0.0,0.0,0.0
user29,2,T0,T0_DistanceProfile,0.15,0.6258737710338339,0.468503937007874,0.2,0.5314960629921259,0.26986322465834683,0.0,0.0,0.0
user29,2,T0,T0_DistanceProfile,0.2,0.6258737710338339,0.468503937007874,0.2,0.5314960629921259,0.26986322465834683,0.0,0.0,0.0
user29,2,T1,T1_LogReg,0.0,0.5590214501441971,0.8031496062992126,0.39166666666666666,0.19685039370078738,0.12655711710889556,0.0,0.0,0.0
user29,2,T1,T1_LogReg,0.02,0.5590214501441971,0.8031496062992126,0.39166666666666666,0.19685039370078738,0.12655711710889556,0.0,0.0,0.0
user29,2,T1,T1_LogReg,0.05,0.5590214501441971,0.8031496062992126,0.39166666666666666,0.19685039370078738,0.12655711710889556,0.0,0.0,0.0
user29,2,T1,T1_LogReg,0.08,0.5590214501441971,0.8031496062992126,0.39166666666666666,0.19685039370078738,0.12655711710889556,0.0,0.0,0.0
user29,2,T1,T1_LogReg,0.1,0.5590214501441971,0.8031496062992126,0.39166666666666666,0.19685039370078738,0.12655711710889556,0.0,0.0,0.0
user29,2,T1,T1_LogReg,0.15,0.5590214501441971,0.8031496062992126,0.39166666666666666,0.19685039370078738,0.12655711710889556,0.0,0.0,0.0
user29,2,T1,T1_LogReg,0.2,0.5590214501441971,0.8031496062992126,0.39166666666666666,0.19685039370078738,0.12655711710889556,0.0,0.0,0.0
user29,2,T1,T1_SVM_RBF,0.0,0.20028557431899546,0.8307086614173228,0.39166666666666666,0.1692913385826772,0.13193858228194655,0.0,0.0,0.0
user29,2,T1,T1_SVM_RBF,0.02,0.20028557431899546,0.8307086614173228,0.39166666666666666,0.1692913385826772,0.13193858228194655,0.0,0.0,0.0
user29,2,T1,T1_SVM_RBF,0.05,0.20028557431899546,0.8307086614173228,0.39166666666666666,0.1692913385826772,0.13193858228194655,0.0,0.0,0.0
user29,2,T1,T1_SVM_RBF,0.08,0.20028557431899546,0.8307086614173228,0.39166666666666666,0.1692913385826772,0.13193858228194655,0.0,0.0,0.0
user29,2,T1,T1_SVM_RBF,0.1,0.20028557431899546,0.8307086614173228,0.39166666666666666,0.1692913385826772,0.13193858228194655,0.0,0.0,0.0
user29,2,T1,T1_SVM_RBF,0.15,0.20028557431899546,0.8307086614173228,0.39166666666666666,0.1692913385826772,0.13193858228194655,0.0,0.0,0.0
user29,2,T1,T1_SVM_RBF,0.2,0.20028557431899546,0.8307086614173228,0.39166666666666666,0.1692913385826772,0.13193858228194655,0.0,0.0,0.0
user29,2,T1,T1_kNN,0.0,0.6,0.4409448818897638,0.19166666666666668,0.5590551181102362,0.19160810841641762,0.0,0.0,0.0
user29,2,T1,T1_kNN,0.02,0.6,0.4409448818897638,0.19166666666666668,0.5590551181102362,0.19160810841641762,0.0,0.0,0.0
user29,2,T1,T1_kNN,0.05,0.6,0.4409448818897638,0.19166666666666668,0.5590551181102362,0.19160810841641762,0.0,0.0,0.0
user29,2,T1,T1_kNN,0.08,0.6,0.4409448818897638,0.19166666666666668,0.5590551181102362,0.19160810841641762,0.0,0.0,0.0
user29,2,T1,T1_kNN,0.1,0.6,0.4409448818897638,0.19166666666666668,0.5590551181102362,0.19160810841641762,0.0,0.0,0.0
user29,2,T1,T1_kNN,0.15,0.6,0.4409448818897638,0.19166666666666668,0.5590551181102362,0.19160810841641762,0.0,0.0,0.0
user29,2,T1,T1_kNN,0.2,0.6,0.4409448818897638,0.19166666666666668,0.5590551181102362,0.19160810841641762,0.0,0.0,0.0
user29,2,T1,T1_DecisionTree,0.0,1.0,0.531496062992126,0.225,0.46850393700787396,0.2839172047181219,0.0,0.0,0.0
user29,2,T1,T1_DecisionTree,0.02,1.0,0.531496062992126,0.225,0.46850393700787396,0.2839172047181219,0.0,0.0,0.0
user29,2,T1,T1_DecisionTree,0.05,1.0,0.531496062992126,0.225,0.46850393700787396,0.2839172047181219,0.0,0.0,0.0
user29,2,T1,T1_DecisionTree,0.08,1.0,0.531496062992126,0.225,0.46850393700787396,0.2839172047181219,0.0,0.0,0.0
user29,2,T1,T1_DecisionTree,0.1,1.0,0.531496062992126,0.225,0.46850393700787396,0.2839172047181219,0.0,0.0,0.0
user29,2,T1,T1_DecisionTree,0.15,1.0,0.531496062992126,0.225,0.46850393700787396,0.2839172047181219,0.0,0.0,0.0
user29,2,T1,T1_DecisionTree,0.2,1.0,0.531496062992126,0.225,0.46850393700787396,0.2839172047181219,0.0,0.0,0.0
user29,2,T2,T2_RandomForest,0.0,0.24,0.8346456692913385,0.375,0.16535433070866146,0.1313339873605439,0.0,0.05,0.0
user29,2,T2,T2_RandomForest,0.02,0.24,0.8346456692913385,0.375,0.16535433070866146,0.1313339873605439,0.0,0.05,0.0
user29,2,T2,T2_RandomForest,0.05,0.24,0.8346456692913385,0.375,0.16535433070866146,0.1313339873605439,0.0,0.05,0.0
user29,2,T2,T2_RandomForest,0.08,0.24,0.8346456692913385,0.375,0.16535433070866146,0.1313339873605439,0.0,0.05,0.0
user29,2,T2,T2_RandomForest,0.1,0.24,0.8346456692913385,0.375,0.16535433070866146,0.1313339873605439,0.0,0.05,0.0
user29,2,T2,T2_RandomForest,0.15,0.24,0.8346456692913385,0.375,0.16535433070866146,0.1313339873605439,0.0,0.05,0.0
user29,2,T2,T2_RandomForest,0.2,0.24,0.8346456692913385,0.375,0.16535433070866146,0.1313339873605439,0.0,0.05,0.0
user29,2,T2,T2_ExtraTrees,0.0,0.24,0.8385826771653543,0.4166666666666667,0.16141732283464572,0.12480322146426044,0.0,1.0,0.1
user29,2,T2,T2_ExtraTrees,0.02,0.24,0.8385826771653543,0.4166666666666667,0.16141732283464572,0.12480322146426044,0.0,1.0,0.1
user29,2,T2,T2_ExtraTrees,0.05,0.24,0.8385826771653543,0.4166666666666667,0.16141732283464572,0.12480322146426044,0.0,1.0,0.1
user29,2,T2,T2_ExtraTrees,0.08,0.24,0.8385826771653543,0.4166666666666667,0.16141732283464572,0.12480322146426044,0.0,1.0,0.1
user29,2,T2,T2_ExtraTrees,0.1,0.24,0.8385826771653543,0.4166666666666667,0.16141732283464572,0.12480322146426044,0.0,1.0,0.1
user29,2,T2,T2_ExtraTrees,0.15,0.24,0.8385826771653543,0.4166666666666667,0.16141732283464572,0.12480322146426044,0.0,1.0,0.1
user29,2,T2,T2_ExtraTrees,0.2,0.24,0.8385826771653543,0.4166666666666667,0.16141732283464572,0.12480322146426044,0.0,1.0,0.1
user29,2,T2,T2_GradientBoosting,0.0,0.21624770125872514,0.8188976377952756,0.39166666666666666,0.18110236220472442,0.14149232278524332,0.35,1.0,0.05
user29,2,T2,T2_GradientBoosting,0.02,0.21624770125872514,0.8188976377952756,0.39166666666666666,0.18110236220472442,0.14149232278524332,0.35,1.0,0.05
user29,2,T2,T2_GradientBoosting,0.05,0.21624770125872514,0.8188976377952756,0.39166666666666666,0.18110236220472442,0.14149232278524332,0.35,1.0,0.05
user29,2,T2,T2_GradientBoosting,0.08,0.21624770125872514,0.8188976377952756,0.39166666666666666,0.18110236220472442,0.14149232278524332,0.35,1.0,0.05
user29,2,T2,T2_GradientBoosting,0.1,0.21624770125872514,0.8188976377952756,0.39166666666666666,0.18110236220472442,0.14149232278524332,0.35,1.0,0.05
user29,2,T2,T2_GradientBoosting,0.15,0.21624770125872514,0.8188976377952756,0.39166666666666666,0.18110236220472442,0.14149232278524332,0.35,1.0,0.05
user29,2,T2,T2_GradientBoosting,0.2,0.21624770125872514,0.8188976377952756,0.39166666666666666,0.18110236220472442,0.14149232278524332,0.35,1.0,0.05
user29,2,T2,T2_XGBoost,0.0,0.15012580156326294,0.84251968503937,0.38333333333333336,0.15748031496062997,0.11283110127535305,0.0,0.7,0.0
user29,2,T2,T2_XGBoost,0.02,0.15012580156326294,0.84251968503937,0.38333333333333336,0.15748031496062997,0.11283110127535305,0.0,0.7,0.0
user29,2,T2,T2_XGBoost,0.05,0.15012580156326294,0.84251968503937,0.38333333333333336,0.15748031496062997,0.11283110127535305,0.0,0.7,0.0
user29,2,T2,T2_XGBoost,0.08,0.15012580156326294,0.84251968503937,0.38333333333333336,0.15748031496062997,0.11283110127535305,0.0,0.7,0.0
user29,2,T2,T2_XGBoost,0.1,0.15012580156326294,0.84251968503937,0.38333333333333336,0.15748031496062997,0.11283110127535305,0.0,0.7,0.0
user29,2,T2,T2_XGBoost,0.15,0.15012580156326294,0.84251968503937,0.38333333333333336,0.15748031496062997,0.11283110127535305,0.0,0.7,0.0
user29,2,T2,T2_XGBoost,0.2,0.2,0.7913385826771654,0.36666666666666664,0.2086614173228346,0.11283110127535305,0.0,0.2,0.0
user29,2,T3,T3_1D_CNN,0.0,0.6206610202789307,0.6614173228346457,0.24166666666666667,0.3385826771653543,0.1904103260249595,0.25,0.55,0.0
user29,2,T3,T3_1D_CNN,0.02,0.6206610202789307,0.6614173228346457,0.24166666666666667,0.3385826771653543,0.1904103260249595,0.25,0.55,0.0
user29,2,T3,T3_1D_CNN,0.05,0.6206610202789307,0.6614173228346457,0.24166666666666667,0.3385826771653543,0.1904103260249595,0.25,0.55,0.0
user29,2,T3,T3_1D_CNN,0.08,0.6206610202789307,0.6614173228346457,0.24166666666666667,0.3385826771653543,0.1904103260249595,0.25,0.55,0.0
user29,2,T3,T3_1D_CNN,0.1,0.6206610202789307,0.6614173228346457,0.24166666666666667,0.3385826771653543,0.1904103260249595,0.25,0.55,0.0
user29,2,T3,T3_1D_CNN,0.15,0.6206610202789307,0.6614173228346457,0.24166666666666667,0.3385826771653543,0.1904103260249595,0.25,0.55,0.0
user29,2,T3,T3_1D_CNN,0.2,0.6206610202789307,0.6614173228346457,0.24166666666666667,0.3385826771653543,0.1904103260249595,0.25,0.55,0.0
user35,2,T0,T0_DistanceProfile,0.0,0.6717249185336183,0.15879828326180256,0.09772727272727273,0.8412017167381974,0.36235062774164273,0.0,0.0,0.0
user35,2,T0,T0_DistanceProfile,0.02,0.6717249185336183,0.15879828326180256,0.09772727272727273,0.8412017167381974,0.36235062774164273,0.0,0.0,0.0
user35,2,T0,T0_DistanceProfile,0.05,0.6717249185336183,0.15879828326180256,0.09772727272727273,0.8412017167381974,0.36235062774164273,0.0,0.0,0.0
user35,2,T0,T0_DistanceProfile,0.08,0.6717249185336183,0.15879828326180256,0.09772727272727273,0.8412017167381974,0.36235062774164273,0.0,0.0,0.0
user35,2,T0,T0_DistanceProfile,0.1,0.6717249185336183,0.15879828326180256,0.09772727272727273,0.8412017167381974,0.36235062774164273,0.0,0.0,0.0
user35,2,T0,T0_DistanceProfile,0.15,0.6717249185336183,0.15879828326180256,0.09772727272727273,0.8412017167381974,0.36235062774164273,0.0,0.0,0.0
user35,2,T0,T0_DistanceProfile,0.2,0.6717249185336183,0.15879828326180256,0.09772727272727273,0.8412017167381974,0.36235062774164273,0.0,0.0,0.0
user35,2,T1,T1_LogReg,0.0,0.7168094649324469,0.5107296137339056,0.17727272727272728,0.4892703862660944,0.23382241718348207,0.0,1.0,0.0
user35,2,T1,T1_LogReg,0.02,0.7168094649324469,0.5107296137339056,0.17727272727272728,0.4892703862660944,0.23382241718348207,0.0,1.0,0.0
user35,2,T1,T1_LogReg,0.05,0.7168094649324469,0.5107296137339056,0.17727272727272728,0.4892703862660944,0.23382241718348207,0.0,1.0,0.0
user35,2,T1,T1_LogReg,0.08,0.7168094649324469,0.5107296137339056,0.17727272727272728,0.4892703862660944,0.23382241718348207,0.0,1.0,0.0
user35,2,T1,T1_LogReg,0.1,0.7168094649324469,0.5107296137339056,0.17727272727272728,0.4892703862660944,0.23382241718348207,0.0,1.0,0.0
user35,2,T1,T1_LogReg,0.15,0.7168094649324469,0.5107296137339056,0.17727272727272728,0.4892703862660944,0.23382241718348207,0.0,1.0,0.0
user35,2,T1,T1_LogReg,0.2,0.7168094649324469,0.5107296137339056,0.17727272727272728,0.4892703862660944,0.23382241718348207,0.0,1.0,0.0
user35,2,T1,T1_SVM_RBF,0.0,0.4432738477533564,0.6094420600858369,0.20227272727272727,0.3905579399141631,0.24668733928301317,0.0,0.0,0.0
user35,2,T1,T1_SVM_RBF,0.02,0.4432738477533564,0.6094420600858369,0.20227272727272727,0.3905579399141631,0.24668733928301317,0.0,0.0,0.0
user35,2,T1,T1_SVM_RBF,0.05,0.4432738477533564,0.6094420600858369,0.20227272727272727,0.3905579399141631,0.24668733928301317,0.0,0.0,0.0
user35,2,T1,T1_SVM_RBF,0.08,0.4432738477533564,0.6094420600858369,0.20227272727272727,0.3905579399141631,0.24668733928301317,0.0,0.0,0.0
user35,2,T1,T1_SVM_RBF,0.1,0.4432738477533564,0.6094420600858369,0.20227272727272727,0.3905579399141631,0.24668733928301317,0.0,0.0,0.0
user35,2,T1,T1_SVM_RBF,0.15,0.4432738477533564,0.6094420600858369,0.20227272727272727,0.3905579399141631,0.24668733928301317,0.0,0.0,0.0
user35,2,T1,T1_SVM_RBF,0.2,0.4432738477533564,0.6094420600858369,0.20227272727272727,0.3905579399141631,0.24668733928301317,0.0,0.0,0.0
user35,2,T1,T1_kNN,0.0,0.8,0.18025751072961374,0.05909090909090909,0.8197424892703863,0.33552412645590685,0.0,0.65,0.0
user35,2,T1,T1_kNN,0.02,0.8,0.18025751072961374,0.05909090909090909,0.8197424892703863,0.33552412645590685,0.0,0.65,0.0
user35,2,T1,T1_kNN,0.05,0.8,0.18025751072961374,0.05909090909090909,0.8197424892703863,0.33552412645590685,0.0,0.65,0.0
user35,2,T1,T1_kNN,0.08,0.8,0.18025751072961374,0.05909090909090909,0.8197424892703863,0.33552412645590685,0.0,0.65,0.0
user35,2,T1,T1_kNN,0.1,0.8,0.18025751072961374,0.05909090909090909,0.8197424892703863,0.33552412645590685,0.0,0.65,0.0
user35,2,T1,T1_kNN,0.15,0.8,0.18025751072961374,0.05909090909090909,0.8197424892703863,0.33552412645590685,0.0,0.65,0.0
user35,2,T1,T1_kNN,0.2,0.8,0.18025751072961374,0.05909090909090909,0.8197424892703863,0.33552412645590685,0.0,0.65,0.0
user35,2,T1,T1_DecisionTree,0.0,1.0000000000000002,0.0,0.0,1.0,0.3039328392073817,0.0,0.0,0.0
user35,2,T1,T1_DecisionTree,0.02,1.0000000000000002,0.0,0.0,1.0,0.3039328392073817,0.0,0.0,0.0
user35,2,T1,T1_DecisionTree,0.05,1.0000000000000002,0.0,0.0,1.0,0.3039328392073817,0.0,0.0,0.0
user35,2,T1,T1_DecisionTree,0.08,1.0000000000000002,0.0,0.0,1.0,0.3039328392073817,0.0,0.0,0.0
user35,2,T1,T1_DecisionTree,0.1,1.0000000000000002,0.0,0.0,1.0,0.3039328392073817,0.0,0.0,0.0
user35,2,T1,T1_DecisionTree,0.15,1.0000000000000002,0.0,0.0,1.0,0.3039328392073817,0.0,0.0,0.0
user35,2,T1,T1_DecisionTree,0.2,1.0000000000000002,0.0,0.0,1.0,0.3039328392073817,0.0,0.0,0.0
user35,2,T2,T2_RandomForest,0.0,0.43666666666666665,0.5579399141630901,0.15227272727272728,0.4420600858369099,0.19112842232642566,0.0,0.0,0.0
user35,2,T2,T2_RandomForest,0.02,0.43666666666666665,0.5579399141630901,0.15227272727272728,0.4420600858369099,0.19112842232642566,0.0,0.0,0.0
user35,2,T2,T2_RandomForest,0.05,0.43666666666666665,0.5579399141630901,0.15227272727272728,0.4420600858369099,0.19112842232642566,0.0,0.0,0.0
user35,2,T2,T2_RandomForest,0.08,0.43666666666666665,0.5579399141630901,0.15227272727272728,0.4420600858369099,0.19112842232642566,0.0,0.0,0.0
user35,2,T2,T2_RandomForest,0.1,0.43666666666666665,0.5579399141630901,0.15227272727272728,0.4420600858369099,0.19112842232642566,0.0,0.0,0.0
user35,2,T2,T2_RandomForest,0.15,0.43666666666666665,0.5579399141630901,0.15227272727272728,0.4420600858369099,0.19112842232642566,0.0,0.0,0.0
user35,2,T2,T2_RandomForest,0.2,0.43666666666666665,0.5579399141630901,0.15227272727272728,0.4420600858369099,0.19112842232642566,0.0,0.0,0.0
user35,2,T2,T2_ExtraTrees,0.0,0.43666666666666665,0.5622317596566524,0.13863636363636364,0.4377682403433476,0.25372863409469065,0.0,0.0,0.0
user35,2,T2,T2_ExtraTrees,0.02,0.43666666666666665,0.5622317596566524,0.13863636363636364,0.4377682403433476,0.25372863409469065,0.0,0.0,0.0
user35,2,T2,T2_ExtraTrees,0.05,0.43666666666666665,0.5622317596566524,0.13863636363636364,0.4377682403433476,0.25372863409469065,0.0,0.0,0.0
user35,2,T2,T2_ExtraTrees,0.08,0.43666666666666665,0.5622317596566524,0.13863636363636364,0.4377682403433476,0.25372863409469065,0.0,0.0,0.0
user35,2,T2,T2_ExtraTrees,0.1,0.43666666666666665,0.5622317596566524,0.13863636363636364,0.4377682403433476,0.25372863409469065,0.0,0.0,0.0
user35,2,T2,T2_ExtraTrees,0.15,0.43666666666666665,0.5622317596566524,0.13863636363636364,0.4377682403433476,0.25372863409469065,0.0,0.0,0.0
user35,2,T2,T2_ExtraTrees,0.2,0.43666666666666665,0.5622317596566524,0.13863636363636364,0.4377682403433476,0.25372863409469065,0.0,0.0,0.0
user35,2,T2,T2_GradientBoosting,0.0,0.47193800500731015,0.630901287553648,0.2590909090909091,0.36909871244635195,0.2085387989714113,0.0,0.0,0.0
user35,2,T2,T2_GradientBoosting,0.02,0.47193800500731015,0.630901287553648,0.2590909090909091,0.36909871244635195,0.2085387989714113,0.0,0.0,0.0
user35,2,T2,T2_GradientBoosting,0.05,0.47193800500731015,0.630901287553648,0.2590909090909091,0.36909871244635195,0.2085387989714113,0.0,0.0,0.0
user35,2,T2,T2_GradientBoosting,0.08,0.47193800500731015,0.630901287553648,0.2590909090909091,0.36909871244635195,0.2085387989714113,0.0,0.0,0.0
user35,2,T2,T2_GradientBoosting,0.1,0.47193800500731015,0.630901287553648,0.2590909090909091,0.36909871244635195,0.2085387989714113,0.0,0.0,0.0
user35,2,T2,T2_GradientBoosting,0.15,0.47193800500731015,0.630901287553648,0.2590909090909091,0.36909871244635195,0.2085387989714113,0.0,0.0,0.0
user35,2,T2,T2_GradientBoosting,0.2,0.47193800500731015,0.630901287553648,0.2590909090909091,0.36909871244635195,0.2085387989714113,0.0,0.0,0.0
user35,2,T2,T2_XGBoost,0.0,0.4975718855857849,0.6738197424892703,0.2409090909090909,0.32618025751072965,0.1691725911359855,0.0,0.0,0.0
user35,2,T2,T2_XGBoost,0.02,0.4975718855857849,0.6738197424892703,0.2409090909090909,0.32618025751072965,0.1691725911359855,0.0,0.0,0.0
user35,2,T2,T2_XGBoost,0.05,0.4975718855857849,0.6738197424892703,0.2409090909090909,0.32618025751072965,0.1691725911359855,0.0,0.0,0.0
user35,2,T2,T2_XGBoost,0.08,0.4975718855857849,0.6738197424892703,0.2409090909090909,0.32618025751072965,0.1691725911359855,0.0,0.0,0.0
user35,2,T2,T2_XGBoost,0.1,0.4975718855857849,0.6738197424892703,0.2409090909090909,0.32618025751072965,0.1691725911359855,0.0,0.0,0.0
user35,2,T2,T2_XGBoost,0.15,0.4975718855857849,0.6738197424892703,0.2409090909090909,0.32618025751072965,0.1691725911359855,0.0,0.0,0.0
user35,2,T2,T2_XGBoost,0.2,0.4975718855857849,0.6738197424892703,0.2409090909090909,0.32618025751072965,0.1691725911359855,0.0,0.0,0.0
user35,2,T3,T3_1D_CNN,0.0,0.5043373107910156,0.4034334763948498,0.17954545454545454,0.5965665236051503,0.40133111480865225,0.0,0.0,0.0
user35,2,T3,T3_1D_CNN,0.02,0.5043373107910156,0.4034334763948498,0.17954545454545454,0.5965665236051503,0.40133111480865225,0.0,0.0,0.0
user35,2,T3,T3_1D_CNN,0.05,0.5043373107910156,0.4034334763948498,0.17954545454545454,0.5965665236051503,0.40133111480865225,0.0,0.0,0.0
user35,2,T3,T3_1D_CNN,0.08,0.5043373107910156,0.4034334763948498,0.17954545454545454,0.5965665236051503,0.40133111480865225,0.0,0.0,0.0
user35,2,T3,T3_1D_CNN,0.1,0.5043373107910156,0.4034334763948498,0.17954545454545454,0.5965665236051503,0.40133111480865225,0.0,0.0,0.0
user35,2,T3,T3_1D_CNN,0.15,0.5043373107910156,0.4034334763948498,0.17954545454545454,0.5965665236051503,0.40133111480865225,0.0,0.0,0.0
user35,2,T3,T3_1D_CNN,0.2,0.5043373107910156,0.4034334763948498,0.17954545454545454,0.5965665236051503,0.40133111480865225,0.0,0.0,0.0
user7,2,T0,T0_DistanceProfile,0.0,0.5197714178622401,0.7527272727272727,0.0392156862745098,0.2472727272727273,0.2906530936012691,0.0,0.0,0.0
user7,2,T0,T0_DistanceProfile,0.02,0.5197714178622401,0.7527272727272727,0.0392156862745098,0.2472727272727273,0.2906530936012691,0.0,0.0,0.0
user7,2,T0,T0_DistanceProfile,0.05,0.5197714178622401,0.7527272727272727,0.0392156862745098,0.2472727272727273,0.2906530936012691,0.0,0.0,0.0
user7,2,T0,T0_DistanceProfile,0.08,0.5197714178622401,0.7527272727272727,0.0392156862745098,0.2472727272727273,0.2906530936012691,0.0,0.0,0.0
user7,2,T0,T0_DistanceProfile,0.1,0.5197714178622401,0.7527272727272727,0.0392156862745098,0.2472727272727273,0.2906530936012691,0.0,0.0,0.0
user7,2,T0,T0_DistanceProfile,0.15,0.5197714178622401,0.7527272727272727,0.0392156862745098,0.2472727272727273,0.2906530936012691,0.0,0.0,0.0
user7,2,T0,T0_DistanceProfile,0.2,0.5197714178622401,0.7527272727272727,0.0392156862745098,0.2472727272727273,0.2906530936012691,0.0,0.0,0.0
user7,2,T1,T1_LogReg,0.0,0.09113236300774823,0.9963636363636363,0.029411764705882353,0.0036363636363636598,0.05893046007403488,0.0,1.0,0.0
user7,2,T1,T1_LogReg,0.02,0.09113236300774823,0.9963636363636363,0.029411764705882353,0.0036363636363636598,0.05893046007403488,0.0,1.0,0.0
user7,2,T1,T1_LogReg,0.05,0.09113236300774823,0.9963636363636363,0.029411764705882353,0.0036363636363636598,0.05893046007403488,0.0,1.0,0.0
user7,2,T1,T1_LogReg,0.08,0.09113236300774823,0.9963636363636363,0.029411764705882353,0.0036363636363636598,0.05893046007403488,0.0,1.0,0.0
user7,2,T1,T1_LogReg,0.1,0.1,0.9963636363636363,0.029411764705882353,0.0036363636363636598,0.05893046007403488,0.0,1.0,0.0
user7,2,T1,T1_LogReg,0.15,0.15,0.9963636363636363,0.0196078431372549,0.0036363636363636598,0.05893046007403488,0.0,1.0,0.0
user7,2,T1,T1_LogReg,0.2,0.2,0.9963636363636363,0.014705882352941176,0.0036363636363636598,0.05893046007403488,0.0,1.0,0.0
user7,2,T1,T1_SVM_RBF,0.0,0.13886436520223905,0.9927272727272727,0.0,0.0072727272727273196,0.07860699806099068,1.0,1.0,0.95
user7,2,T1,T1_SVM_RBF,0.02,0.13886436520223905,0.9927272727272727,0.0,0.0072727272727273196,0.07860699806099068,1.0,1.0,0.95
user7,2,T1,T1_SVM_RBF,0.05,0.13886436520223905,0.9927272727272727,0.0,0.0072727272727273196,0.07860699806099068,1.0,1.0,0.95
user7,2,T1,T1_SVM_RBF,0.08,0.13886436520223905,0.9927272727272727,0.0,0.0072727272727273196,0.07860699806099068,1.0,1.0,0.95
user7,2,T1,T1_SVM_RBF,0.1,0.13886436520223905,0.9927272727272727,0.0,0.0072727272727273196,0.07860699806099068,1.0,1.0,0.95
user7,2,T1,T1_SVM_RBF,0.15,0.15,0.9927272727272727,0.0,0.0072727272727273196,0.07860699806099068,1.0,1.0,0.9
user7,2,T1,T1_SVM_RBF,0.2,0.2,0.9890909090909091,0.0,0.010909090909090868,0.07860699806099068,0.0,0.0,0.0
user7,2,T1,T1_kNN,0.0,0.4,0.9890909090909091,0.0,0.010909090909090868,0.0710602855631941,0.0,0.0,0.0
user7,2,T1,T1_kNN,0.02,0.4,0.9890909090909091,0.0,0.010909090909090868,0.0710602855631941,0.0,0.0,0.0
user7,2,T1,T1_kNN,0.05,0.4,0.9890909090909091,0.0,0.010909090909090868,0.0710602855631941,0.0,0.0,0.0
user7,2,T1,T1_kNN,0.08,0.4,0.9890909090909091,0.0,0.010909090909090868,0.0710602855631941,0.0,0.0,0.0
user7,2,T1,T1_kNN,0.1,0.4,0.9890909090909091,0.0,0.010909090909090868,0.0710602855631941,0.0,0.0,0.0
user7,2,T1,T1_kNN,0.15,0.4,0.9890909090909091,0.0,0.010909090909090868,0.0710602855631941,0.0,0.0,0.0
user7,2,T1,T1_kNN,0.2,0.4,0.9890909090909091,0.0,0.010909090909090868,0.0710602855631941,0.0,0.0,0.0
user7,2,T1,T1_DecisionTree,0.0,1.0,0.8036363636363636,0.00980392156862745,0.1963636363636364,0.09860303190551736,0.0,0.0,0.0
user7,2,T1,T1_DecisionTree,0.02,1.0,0.8036363636363636,0.00980392156862745,0.1963636363636364,0.09860303190551736,0.0,0.0,0.0
user7,2,T1,T1_DecisionTree,0.05,1.0,0.8036363636363636,0.00980392156862745,0.1963636363636364,0.09860303190551736,0.0,0.0,0.0
user7,2,T1,T1_DecisionTree,0.08,1.0,0.8036363636363636,0.00980392156862745,0.1963636363636364,0.09860303190551736,0.0,0.0,0.0
user7,2,T1,T1_DecisionTree,0.1,1.0,0.8036363636363636,0.00980392156862745,0.1963636363636364,0.09860303190551736,0.0,0.0,0.0
user7,2,T1,T1_DecisionTree,0.15,1.0,0.8036363636363636,0.00980392156862745,0.1963636363636364,0.09860303190551736,0.0,0.0,0.0
user7,2,T1,T1_DecisionTree,0.2,1.0,0.8036363636363636,0.00980392156862745,0.1963636363636364,0.09860303190551736,0.0,0.0,0.0
user7,2,T2,T2_RandomForest,0.0,0.10666666666666667,1.0,0.0196078431372549,0.0,0.048100652212233364,0.35,0.85,0.0
user7,2,T2,T2_RandomForest,0.02,0.10666666666666667,1.0,0.0196078431372549,0.0,0.048100652212233364,0.35,0.85,0.0
user7,2,T2,T2_RandomForest,0.05,0.10666666666666667,1.0,0.0196078431372549,0.0,0.048100652212233364,0.35,0.85,0.0
user7,2,T2,T2_RandomForest,0.08,0.10666666666666667,1.0,0.0196078431372549,0.0,0.048100652212233364,0.35,0.85,0.0
user7,2,T2,T2_RandomForest,0.1,0.10666666666666667,1.0,0.0196078431372549,0.0,0.048100652212233364,0.35,0.85,0.0
user7,2,T2,T2_RandomForest,0.15,0.15,0.9963636363636363,0.00980392156862745,0.0036363636363636598,0.048100652212233364,0.15,0.0,0.0
user7,2,T2,T2_RandomForest,0.2,0.2,0.9963636363636363,0.004901960784313725,0.0036363636363636598,0.048100652212233364,0.0,0.0,0.0
user7,2,T2,T2_ExtraTrees,0.0,0.11666666666666667,1.0,0.014705882352941176,0.0,0.0494667724308126,0.45,0.4,0.0
user7,2,T2,T2_ExtraTrees,0.02,0.11666666666666667,1.0,0.014705882352941176,0.0,0.0494667724308126,0.45,0.4,0.0
user7,2,T2,T2_ExtraTrees,0.05,0.11666666666666667,1.0,0.014705882352941176,0.0,0.0494667724308126,0.45,0.4,0.0
user7,2,T2,T2_ExtraTrees,0.08,0.11666666666666667,1.0,0.014705882352941176,0.0,0.0494667724308126,0.45,0.4,0.0
user7,2,T2,T2_ExtraTrees,0.1,0.11666666666666667,1.0,0.014705882352941176,0.0,0.0494667724308126,0.45,0.4,0.0
user7,2,T2,T2_ExtraTrees,0.15,0.15,1.0,0.004901960784313725,0.0,0.0494667724308126,0.2,0.0,0.0
user7,2,T2,T2_ExtraTrees,0.2,0.2,0.9963636363636363,0.004901960784313725,0.0036363636363636598,0.0494667724308126,0.05,0.0,0.0
user7,2,T2,T2_GradientBoosting,0.0,0.0356817143997889,0.9963636363636363,0.00980392156862745,0.0036363636363636598,0.04335228274281683,0.25,0.25,0.0
user7,2,T2,T2_GradientBoosting,0.02,0.0356817143997889,0.9963636363636363,0.00980392156862745,0.0036363636363636598,0.04335228274281683,0.25,0.25,0.0
user7,2,T2,T2_GradientBoosting,0.05,0.05,0.9927272727272727,0.004901960784313725,0.0072727272727273196,0.04335228274281683,0.25,0.25,0.0
user7,2,T2,T2_GradientBoosting,0.08,0.08,0.9890909090909091,0.004901960784313725,0.010909090909090868,0.04335228274281683,0.05,0.05,0.0
user7,2,T2,T2_GradientBoosting,0.1,0.1,0.9890909090909091,0.004901960784313725,0.010909090909090868,0.04335228274281683,0.0,0.0,0.0
user7,2,T2,T2_GradientBoosting,0.15,0.15,0.9818181818181818,0.004901960784313725,0.018181818181818188,0.04335228274281683,0.0,0.0,0.0
user7,2,T2,T2_GradientBoosting,0.2,0.2,0.9818181818181818,0.004901960784313725,0.018181818181818188,0.04335228274281683,0.0,0.0,0.0
user7,2,T2,T2_XGBoost,0.0,0.003384209470823407,1.0,0.0196078431372549,0.0,0.037270844350431855,0.0,0.7,0.1
user7,2,T2,T2_XGBoost,0.02,0.02,1.0,0.00980392156862745,0.0,0.037270844350431855,0.0,0.0,0.0
user7,2,T2,T2_XGBoost,0.05,0.05,0.9890909090909091,0.0,0.010909090909090868,0.037270844350431855,0.0,0.0,0.0
user7,2,T2,T2_XGBoost,0.08,0.08,0.9854545454545455,0.0,0.014545454545454528,0.037270844350431855,0.0,0.0,0.0
user7,2,T2,T2_XGBoost,0.1,0.1,0.9854545454545455,0.0,0.014545454545454528,0.037270844350431855,0.0,0.0,0.0
user7,2,T2,T2_XGBoost,0.15,0.15,0.9854545454545455,0.0,0.014545454545454528,0.037270844350431855,0.0,0.0,0.0
user7,2,T2,T2_XGBoost,0.2,0.2,0.9854545454545455,0.0,0.014545454545454528,0.037270844350431855,0.0,0.0,0.0
user7,2,T3,T3_1D_CNN,0.0,0.8222863078117371,0.9709090909090909,0.0196078431372549,0.029090909090909056,0.07112638815441567,0.0,0.0,0.0
user7,2,T3,T3_1D_CNN,0.02,0.8222863078117371,0.9709090909090909,0.0196078431372549,0.029090909090909056,0.07112638815441567,0.0,0.0,0.0
user7,2,T3,T3_1D_CNN,0.05,0.8222863078117371,0.9709090909090909,0.0196078431372549,0.029090909090909056,0.07112638815441567,0.0,0.0,0.0
user7,2,T3,T3_1D_CNN,0.08,0.8222863078117371,0.9709090909090909,0.0196078431372549,0.029090909090909056,0.07112638815441567,0.0,0.0,0.0
user7,2,T3,T3_1D_CNN,0.1,0.8222863078117371,0.9709090909090909,0.0196078431372549,0.029090909090909056,0.07112638815441567,0.0,0.0,0.0
user7,2,T3,T3_1D_CNN,0.15,0.8222863078117371,0.9709090909090909,0.0196078431372549,0.029090909090909056,0.07112638815441567,0.0,0.0,0.0
user7,2,T3,T3_1D_CNN,0.2,0.8222863078117371,0.9709090909090909,0.0196078431372549,0.029090909090909056,0.07112638815441567,0.0,0.0,0.0
user9,2,T0,T0_DistanceProfile,0.0,0.5039946836113874,0.8333333333333334,0.04932735426008968,0.16666666666666663,0.15363186489947056,0.0,0.0,0.0
user9,2,T0,T0_DistanceProfile,0.02,0.5039946836113874,0.8333333333333334,0.04932735426008968,0.16666666666666663,0.15363186489947056,0.0,0.0,0.0
user9,2,T0,T0_DistanceProfile,0.05,0.5039946836113874,0.8333333333333334,0.04932735426008968,0.16666666666666663,0.15363186489947056,0.0,0.0,0.0
user9,2,T0,T0_DistanceProfile,0.08,0.5039946836113874,0.8333333333333334,0.04932735426008968,0.16666666666666663,0.15363186489947056,0.0,0.0,0.0
user9,2,T0,T0_DistanceProfile,0.1,0.5039946836113874,0.8333333333333334,0.04932735426008968,0.16666666666666663,0.15363186489947056,0.0,0.0,0.0
user9,2,T0,T0_DistanceProfile,0.15,0.5039946836113874,0.8333333333333334,0.04932735426008968,0.16666666666666663,0.15363186489947056,0.0,0.0,0.0
user9,2,T0,T0_DistanceProfile,0.2,0.5039946836113874,0.8333333333333334,0.04932735426008968,0.16666666666666663,0.15363186489947056,0.0,0.0,0.0
user9,2,T1,T1_LogReg,0.0,0.7877400643047713,0.9097222222222222,0.0,0.09027777777777779,0.09843582378793644,0.85,0.0,0.0
user9,2,T1,T1_LogReg,0.02,0.7877400643047713,0.9097222222222222,0.0,0.09027777777777779,0.09843582378793644,0.85,0.0,0.0
user9,2,T1,T1_LogReg,0.05,0.7877400643047713,0.9097222222222222,0.0,0.09027777777777779,0.09843582378793644,0.85,0.0,0.0
user9,2,T1,T1_LogReg,0.08,0.7877400643047713,0.9097222222222222,0.0,0.09027777777777779,0.09843582378793644,0.85,0.0,0.0
user9,2,T1,T1_LogReg,0.1,0.7877400643047713,0.9097222222222222,0.0,0.09027777777777779,0.09843582378793644,0.85,0.0,0.0
user9,2,T1,T1_LogReg,0.15,0.7877400643047713,0.9097222222222222,0.0,0.09027777777777779,0.09843582378793644,0.85,0.0,0.0
user9,2,T1,T1_LogReg,0.2,0.7877400643047713,0.9097222222222222,0.0,0.09027777777777779,0.09843582378793644,0.85,0.0,0.0
user9,2,T1,T1_SVM_RBF,0.0,0.3490300069772326,0.9513888888888888,0.008968609865470852,0.04861111111111116,0.07206630446067067,0.0,0.0,0.0
user9,2,T1,T1_SVM_RBF,0.02,0.3490300069772326,0.9513888888888888,0.008968609865470852,0.04861111111111116,0.07206630446067067,0.0,0.0,0.0
user9,2,T1,T1_SVM_RBF,0.05,0.3490300069772326,0.9513888888888888,0.008968609865470852,0.04861111111111116,0.07206630446067067,0.0,0.0,0.0
user9,2,T1,T1_SVM_RBF,0.08,0.3490300069772326,0.9513888888888888,0.008968609865470852,0.04861111111111116,0.07206630446067067,0.0,0.0,0.0
user9,2,T1,T1_SVM_RBF,0.1,0.3490300069772326,0.9513888888888888,0.008968609865470852,0.04861111111111116,0.07206630446067067,0.0,0.0,0.0
user9,2,T1,T1_SVM_RBF,0.15,0.3490300069772326,0.9513888888888888,0.008968609865470852,0.04861111111111116,0.07206630446067067,0.0,0.0,0.0
user9,2,T1,T1_SVM_RBF,0.2,0.3490300069772326,0.9513888888888888,0.008968609865470852,0.04861111111111116,0.07206630446067067,0.0,0.0,0.0
user9,2,T1,T1_kNN,0.0,0.8,0.7152777777777778,0.008968609865470852,0.2847222222222222,0.11407758590857181,0.0,0.0,0.0
user9,2,T1,T1_kNN,0.02,0.8,0.7152777777777778,0.008968609865470852,0.2847222222222222,0.11407758590857181,0.0,0.0,0.0
user9,2,T1,T1_kNN,0.05,0.8,0.7152777777777778,0.008968609865470852,0.2847222222222222,0.11407758590857181,0.0,0.0,0.0
user9,2,T1,T1_kNN,0.08,0.8,0.7152777777777778,0.008968609865470852,0.2847222222222222,0.11407758590857181,0.0,0.0,0.0
user9,2,T1,T1_kNN,0.1,0.8,0.7152777777777778,0.008968609865470852,0.2847222222222222,0.11407758590857181,0.0,0.0,0.0
user9,2,T1,T1_kNN,0.15,0.8,0.7152777777777778,0.008968609865470852,0.2847222222222222,0.11407758590857181,0.0,0.0,0.0
user9,2,T1,T1_kNN,0.2,0.8,0.7152777777777778,0.008968609865470852,0.2847222222222222,0.11407758590857181,0.0,0.0,0.0
user9,2,T1,T1_DecisionTree,0.0,1.0,0.8194444444444444,0.004484304932735426,0.18055555555555558,0.14953109319306504,0.0,0.0,0.0
user9,2,T1,T1_DecisionTree,0.02,1.0,0.8194444444444444,0.004484304932735426,0.18055555555555558,0.14953109319306504,0.0,0.0,0.0
user9,2,T1,T1_DecisionTree,0.05,1.0,0.8194444444444444,0.004484304932735426,0.18055555555555558,0.14953109319306504,0.0,0.0,0.0
user9,2,T1,T1_DecisionTree,0.08,1.0,0.8194444444444444,0.004484304932735426,0.18055555555555558,0.14953109319306504,0.0,0.0,0.0
user9,2,T1,T1_DecisionTree,0.1,1.0,0.8194444444444444,0.004484304932735426,0.18055555555555558,0.14953109319306504,0.0,0.0,0.0
user9,2,T1,T1_DecisionTree,0.15,1.0,0.8194444444444444,0.004484304932735426,0.18055555555555558,0.14953109319306504,0.0,0.0,0.0
user9,2,T1,T1_DecisionTree,0.2,1.0,0.8194444444444444,0.004484304932735426,0.18055555555555558,0.14953109319306504,0.0,0.0,0.0
user9,2,T2,T2_RandomForest,0.0,0.31333333333333335,0.9652777777777778,0.0,0.03472222222222221,0.07083780323216944,0.0,0.0,0.0
user9,2,T2,T2_RandomForest,0.02,0.31333333333333335,0.9652777777777778,0.0,0.03472222222222221,0.07083780323216944,0.0,0.0,0.0
user9,2,T2,T2_RandomForest,0.05,0.31333333333333335,0.9652777777777778,0.0,0.03472222222222221,0.07083780323216944,0.0,0.0,0.0
user9,2,T2,T2_RandomForest,0.08,0.31333333333333335,0.9652777777777778,0.0,0.03472222222222221,0.07083780323216944,0.0,0.0,0.0
user9,2,T2,T2_RandomForest,0.1,0.31333333333333335,0.9652777777777778,0.0,0.03472222222222221,0.07083780323216944,0.0,0.0,0.0
user9,2,T2,T2_RandomForest,0.15,0.31333333333333335,0.9652777777777778,0.0,0.03472222222222221,0.07083780323216944,0.0,0.0,0.0
user9,2,T2,T2_RandomForest,0.2,0.31333333333333335,0.9652777777777778,0.0,0.03472222222222221,0.07083780323216944,0.0,0.0,0.0
user9,2,T2,T2_ExtraTrees,0.0,0.4533333333333333,0.9305555555555556,0.0,0.06944444444444442,0.09245769457037062,0.0,0.0,0.0
user9,2,T2,T2_ExtraTrees,0.02,0.4533333333333333,0.9305555555555556,0.0,0.06944444444444442,0.09245769457037062,0.0,0.0,0.0
user9,2,T2,T2_ExtraTrees,0.05,0.4533333333333333,0.9305555555555556,0.0,0.06944444444444442,0.09245769457037062,0.0,0.0,0.0
user9,2,T2,T2_ExtraTrees,0.08,0.4533333333333333,0.9305555555555556,0.0,0.06944444444444442,0.09245769457037062,0.0,0.0,0.0
user9,2,T2,T2_ExtraTrees,0.1,0.4533333333333333,0.9305555555555556,0.0,0.06944444444444442,0.09245769457037062,0.0,0.0,0.0
user9,2,T2,T2_ExtraTrees,0.15,0.4533333333333333,0.9305555555555556,0.0,0.06944444444444442,0.09245769457037062,0.0,0.0,0.0
user9,2,T2,T2_ExtraTrees,0.2,0.4533333333333333,0.9305555555555556,0.0,0.06944444444444442,0.09245769457037062,0.0,0.0,0.0
user9,2,T2,T2_GradientBoosting,0.0,0.27405835218499996,0.9652777777777778,0.0,0.03472222222222221,0.07743018306398589,0.0,0.0,0.0
user9,2,T2,T2_GradientBoosting,0.02,0.27405835218499996,0.9652777777777778,0.0,0.03472222222222221,0.07743018306398589,0.0,0.0,0.0
user9,2,T2,T2_GradientBoosting,0.05,0.27405835218499996,0.9652777777777778,0.0,0.03472222222222221,0.07743018306398589,0.0,0.0,0.0
user9,2,T2,T2_GradientBoosting,0.08,0.27405835218499996,0.9652777777777778,0.0,0.03472222222222221,0.07743018306398589,0.0,0.0,0.0
user9,2,T2,T2_GradientBoosting,0.1,0.27405835218499996,0.9652777777777778,0.0,0.03472222222222221,0.07743018306398589,0.0,0.0,0.0
user9,2,T2,T2_GradientBoosting,0.15,0.27405835218499996,0.9652777777777778,0.0,0.03472222222222221,0.07743018306398589,0.0,0.0,0.0
user9,2,T2,T2_GradientBoosting,0.2,0.27405835218499996,0.9652777777777778,0.0,0.03472222222222221,0.07743018306398589,0.0,0.0,0.0
user9,2,T2,T2_XGBoost,0.0,0.2450682520866394,0.9583333333333334,0.0,0.04166666666666663,0.07268055507492127,0.0,0.0,0.0
user9,2,T2,T2_XGBoost,0.02,0.2450682520866394,0.9583333333333334,0.0,0.04166666666666663,0.07268055507492127,0.0,0.0,0.0
user9,2,T2,T2_XGBoost,0.05,0.2450682520866394,0.9583333333333334,0.0,0.04166666666666663,0.07268055507492127,0.0,0.0,0.0
user9,2,T2,T2_XGBoost,0.08,0.2450682520866394,0.9583333333333334,0.0,0.04166666666666663,0.07268055507492127,0.0,0.0,0.0
user9,2,T2,T2_XGBoost,0.1,0.2450682520866394,0.9583333333333334,0.0,0.04166666666666663,0.07268055507492127,0.0,0.0,0.0
user9,2,T2,T2_XGBoost,0.15,0.2450682520866394,0.9583333333333334,0.0,0.04166666666666663,0.07268055507492127,0.0,0.0,0.0
user9,2,T2,T2_XGBoost,0.2,0.2450682520866394,0.9583333333333334,0.0,0.04166666666666663,0.07268055507492127,0.0,0.0,0.0
user9,2,T3,T3_1D_CNN,0.0,0.9573270082473755,0.13194444444444445,0.0,0.8680555555555556,0.18139426238017786,0.0,0.0,0.0
user9,2,T3,T3_1D_CNN,0.02,0.9573270082473755,0.13194444444444445,0.0,0.8680555555555556,0.18139426238017786,0.0,0.0,0.0
user9,2,T3,T3_1D_CNN,0.05,0.9573270082473755,0.13194444444444445,0.0,0.8680555555555556,0.18139426238017786,0.0,0.0,0.0
user9,2,T3,T3_1D_CNN,0.08,0.9573270082473755,0.13194444444444445,0.0,0.8680555555555556,0.18139426238017786,0.0,0.0,0.0
user9,2,T3,T3_1D_CNN,0.1,0.9573270082473755,0.13194444444444445,0.0,0.8680555555555556,0.18139426238017786,0.0,0.0,0.0
user9,2,T3,T3_1D_CNN,0.15,0.9573270082473755,0.13194444444444445,0.0,0.8680555555555556,0.18139426238017786,0.0,0.0,0.0
user9,2,T3,T3_1D_CNN,0.2,0.9573270082473755,0.13194444444444445,0.0,0.8680555555555556,0.18139426238017786,0.0,0.0,0.0
