source,session_id,step,x,y
genuine,user9:session_0510101673,0,284.0,121.0
genuine,user9:session_0510101673,1,285.0,167.0
genuine,user9:session_0510101673,2,287.0,197.0
genuine,user9:session_0510101673,3,294.0,226.0
genuine,user9:session_0510101673,4,297.0,229.0
genuine,user9:session_0510101673,5,296.0,226.0
genuine,user9:session_0510101673,6,285.0,216.0
genuine,user9:session_0510101673,7,268.0,204.0
genuine,user9:session_0510101673,8,237.0,200.0
genuine,user9:session_0510101673,9,179.0,200.0
genuine,user9:session_0510101673,10,177.0,200.0
genuine,user9:session_0510101673,11,169.0,200.0
genuine,user9:session_0510101673,12,161.0,195.0
genuine,user9:session_0510101673,13,159.0,193.0
genuine,user9:session_0510101673,14,157.0,188.0
genuine,user9:session_0510101673,15,157.0,187.0
genuine,user9:session_0510101673,16,157.0,187.0
genuine,user9:session_0510101673,17,160.0,188.0
genuine,user9:session_0510101673,18,227.0,214.0
genuine,user9:session_0510101673,19,230.0,217.0
genuine,user9:session_0510101673,20,242.0,228.0
genuine,user9:session_0510101673,21,247.0,233.0
genuine,user9:session_0510101673,22,263.0,257.0
genuine,user9:session_0510101673,23,267.0,284.0
genuine,user9:session_0510101673,24,268.0,287.0
genuine,user9:session_0510101673,25,266.0,299.0
genuine,user9:session_0510101673,26,265.0,312.0
genuine,user9:session_0510101673,27,264.0,325.0
genuine,user9:session_0510101673,28,265.0,326.0
genuine,user9:session_0510101673,29,266.0,327.0
genuine,user9:session_0510101673,30,268.0,325.0
genuine,user9:session_0510101673,31,269.0,322.0
genuine,user9:session_0510101673,32,269.0,322.0
genuine,user9:session_0510101673,33,269.0,322.0
genuine,user9:session_0510101673,34,269.0,322.0
genuine,user9:session_0510101673,35,269.0,322.0
genuine,user9:session_0510101673,36,271.0,318.0
genuine,user9:session_0510101673,37,319.0,165.0
genuine,user9:session_0510101673,38,341.0,75.0
genuine,user9:session_0510101673,39,342.0,63.0
genuine,user9:session_0510101673,40,339.0,29.0
genuine,user9:session_0510101673,41,326.0,12.0
genuine,user9:session_0510101673,42,309.0,23.0
genuine,user9:session_0510101673,43,287.0,34.0
genuine,user9:session_0510101673,44,274.0,43.0
genuine,user9:session_0510101673,45,271.0,44.0
genuine,user9:session_0510101673,46,270.0,44.0
genuine,user9:session_0510101673,47,268.0,46.0
genuine,user9:session_0510101673,48,268.0,46.0
genuine,user9:session_0510101673,49,268.0,46.0
genuine,user9:session_0510101673,50,268.0,46.0
genuine,user9:session_0510101673,51,271.0,54.0
genuine,user9:session_0510101673,52,304.0,124.0
genuine,user9:session_0510101673,53,382.0,200.0
genuine,user9:session_0510101673,54,571.0,331.0
genuine,user9:session_0510101673,55,584.0,333.0
genuine,user9:session_0510101673,56,637.0,331.0
genuine,user9:session_0510101673,57,655.0,322.0
genuine,user9:session_0510101673,58,655.0,323.0
genuine,user9:session_0510101673,59,655.0,327.0
genuine,user9:session_0510101673,60,666.0,388.0
genuine,user9:session_0510101673,61,668.0,388.0
genuine,user9:session_0510101673,62,698.0,396.0
genuine,user9:session_0510101673,63,725.0,400.0
genuine,user9:session_0510101673,64,626.0,336.0
genuine,user9:session_0510101673,65,525.0,310.0
genuine,user9:session_0510101673,66,524.0,310.0
genuine,user9:session_0510101673,67,524.0,310.0
genuine,user9:session_0510101673,68,524.0,310.0
genuine,user9:session_0510101673,69,0.0,0.0
genuine,user9:session_0510101673,70,0.0,0.0
genuine,user9:session_0510101673,71,0.0,0.0
genuine,user9:session_0510101673,72,0.0,0.0
genuine,user9:session_0510101673,73,0.0,0.0
genuine,user9:session_0510101673,74,0.0,0.0
genuine,user9:session_0510101673,75,0.0,0.0
genuine,user9:session_0510101673,76,0.0,0.0
genuine,user9:session_0510101673,77,523.0,310.0
genuine,user9:session_0510101673,78,484.0,325.0
genuine,user9:session_0510101673,79,461.0,331.0
genuine,user9:session_0510101673,80,461.0,331.0
genuine,user9:session_0510101673,81,467.0,338.0
genuine,user9:session_0510101673,82,526.0,413.0
genuine,user9:session_0510101673,83,522.0,415.0
genuine,user9:session_0510101673,84,514.0,415.0
genuine,user9:session_0510101673,85,490.0,417.0
genuine,user9:session_0510101673,86,489.0,416.0
genuine,user9:session_0510101673,87,472.0,415.0
genuine,user9:session_0510101673,88,425.0,416.0
genuine,user9:session_0510101673,89,273.0,465.0
genuine,user9:session_0510101673,90,271.0,465.0
genuine,user9:session_0510101673,91,272.0,460.0
genuine,user9:session_0510101673,92,276.0,445.0
genuine,user9:session_0510101673,93,278.0,441.0
genuine,user9:session_0510101673,94,285.0,422.0
genuine,user9:session_0510101673,95,284.0,408.0
genuine,user9:session_0510101673,96,276.0,384.0
genuine,user9:session_0510101673,97,278.0,363.0
genuine,user9:session_0510101673,98,321.0,286.0
genuine,user9:session_0510101673,99,336.0,287.0
genuine,user9:session_0510101673,100,340.0,286.0
genuine,user9:session_0510101673,101,346.0,283.0
genuine,user9:session_0510101673,102,349.0,282.0
genuine,user9:session_0510101673,103,359.0,276.0
genuine,user9:session_0510101673,104,359.0,276.0
genuine,user9:session_0510101673,105,359.0,276.0
genuine,user9:session_0510101673,106,359.0,276.0
genuine,user9:session_0510101673,107,359.0,277.0
genuine,user9:session_0510101673,108,297.0,306.0
genuine,user9:session_0510101673,109,292.0,308.0
genuine,user9:session_0510101673,110,247.0,318.0
genuine,user9:session_0510101673,111,192.0,319.0
genuine,user9:session_0510101673,112,172.0,317.0
genuine,user9:session_0510101673,113,163.0,353.0
genuine,user9:session_0510101673,114,176.0,416.0
genuine,user9:session_0510101673,115,177.0,417.0
genuine,user9:session_0510101673,116,186.0,425.0
genuine,user9:session_0510101673,117,191.0,434.0
genuine,user9:session_0510101673,118,200.0,445.0
genuine,user9:session_0510101673,119,200.0,445.0
genuine,user9:session_0510101673,120,200.0,445.0
genuine,user9:session_0510101673,121,200.0,445.0
genuine,user9:session_0510101673,122,210.0,441.0
genuine,user9:session_0510101673,123,216.0,439.0
genuine,user9:session_0510101673,124,269.0,442.0
genuine,user9:session_0510101673,125,0.0,0.0
genuine,user9:session_0510101673,126,0.0,0.0
genuine,user9:session_0510101673,127,0.0,0.0
genuine,user9:session_0626697371,0,162.0,403.0
genuine,user9:session_0626697371,1,176.0,420.0
genuine,user9:session_0626697371,2,177.0,421.0
genuine,user9:session_0626697371,3,184.0,429.0
genuine,user9:session_0626697371,4,188.0,435.0
genuine,user9:session_0626697371,5,188.0,436.0
genuine,user9:session_0626697371,6,188.0,436.0
genuine,user9:session_0626697371,7,188.0,436.0
genuine,user9:session_0626697371,8,189.0,431.0
genuine,user9:session_0626697371,9,215.0,293.0
genuine,user9:session_0626697371,10,228.0,139.0
genuine,user9:session_0626697371,11,236.0,88.0
genuine,user9:session_0626697371,12,238.0,83.0
genuine,user9:session_0626697371,13,240.0,77.0
genuine,user9:session_0626697371,14,240.0,76.0
genuine,user9:session_0626697371,15,240.0,68.0
genuine,user9:session_0626697371,16,240.0,58.0
genuine,user9:session_0626697371,17,249.0,45.0
genuine,user9:session_0626697371,18,251.0,43.0
genuine,user9:session_0626697371,19,236.0,50.0
genuine,user9:session_0626697371,20,236.0,50.0
genuine,user9:session_0626697371,21,230.0,53.0
genuine,user9:session_0626697371,22,164.0,73.0
genuine,user9:session_0626697371,23,142.0,82.0
genuine,user9:session_0626697371,24,122.0,95.0
genuine,user9:session_0626697371,25,119.0,99.0
genuine,user9:session_0626697371,26,110.0,120.0
genuine,user9:session_0626697371,27,110.0,121.0
genuine,user9:session_0626697371,28,110.0,121.0
genuine,user9:session_0626697371,29,112.0,129.0
genuine,user9:session_0626697371,30,153.0,219.0
genuine,user9:session_0626697371,31,175.0,271.0
genuine,user9:session_0626697371,32,180.0,278.0
genuine,user9:session_0626697371,33,187.0,317.0
genuine,user9:session_0626697371,34,167.0,324.0
genuine,user9:session_0626697371,35,128.0,344.0
genuine,user9:session_0626697371,36,98.0,361.0
genuine,user9:session_0626697371,37,52.0,382.0
genuine,user9:session_0626697371,38,46.0,390.0
genuine,user9:session_0626697371,39,45.0,393.0
genuine,user9:session_0626697371,40,40.0,408.0
genuine,user9:session_0626697371,41,40.0,408.0
genuine,user9:session_0626697371,42,42.0,404.0
genuine,user9:session_0626697371,43,44.0,394.0
genuine,user9:session_0626697371,44,57.0,353.0
genuine,user9:session_0626697371,45,70.0,279.0
genuine,user9:session_0626697371,46,73.0,253.0
genuine,user9:session_0626697371,47,74.0,244.0
genuine,user9:session_0626697371,48,76.0,235.0
genuine,user9:session_0626697371,49,79.0,223.0
genuine,user9:session_0626697371,50,83.0,203.0
genuine,user9:session_0626697371,51,100.0,169.0
genuine,user9:session_0626697371,52,122.0,141.0
genuine,user9:session_0626697371,53,118.0,122.0
genuine,user9:session_0626697371,54,79.0,115.0
genuine,user9:session_0626697371,55,54.0,121.0
genuine,user9:session_0626697371,56,53.0,121.0
genuine,user9:session_0626697371,57,39.0,121.0
genuine,user9:session_0626697371,58,28.0,122.0
genuine,user9:session_0626697371,59,27.0,123.0
genuine,user9:session_0626697371,60,27.0,123.0
genuine,user9:session_0626697371,61,29.0,125.0
genuine,user9:session_0626697371,62,57.0,140.0
genuine,user9:session_0626697371,63,69.0,151.0
genuine,user9:session_0626697371,64,76.0,151.0
genuine,user9:session_0626697371,65,79.0,151.0
genuine,user9:session_0626697371,66,81.0,151.0
genuine,user9:session_0626697371,67,88.0,147.0
genuine,user9:session_0626697371,68,91.0,145.0
genuine,user9:session_0626697371,69,92.0,135.0
genuine,user9:session_0626697371,70,92.0,134.0
genuine,user9:session_0626697371,71,95.0,125.0
genuine,user9:session_0626697371,72,95.0,125.0
genuine,user9:session_0626697371,73,96.0,127.0
genuine,user9:session_0626697371,74,128.0,202.0
genuine,user9:session_0626697371,75,203.0,290.0
genuine,user9:session_0626697371,76,226.0,342.0
genuine,user9:session_0626697371,77,273.0,397.0
genuine,user9:session_0626697371,78,275.0,404.0
genuine,user9:session_0626697371,79,277.0,404.0
genuine,user9:session_0626697371,80,292.0,406.0
genuine,user9:session_0626697371,81,295.0,406.0
genuine,user9:session_0626697371,82,298.0,406.0
genuine,user9:session_0626697371,83,305.0,408.0
genuine,user9:session_0626697371,84,303.0,404.0
genuine,user9:session_0626697371,85,298.0,396.0
genuine,user9:session_0626697371,86,224.0,404.0
genuine,user9:session_0626697371,87,115.0,429.0
genuine,user9:session_0626697371,88,94.0,427.0
genuine,user9:session_0626697371,89,73.0,420.0
genuine,user9:session_0626697371,90,53.0,407.0
genuine,user9:session_0626697371,91,52.0,407.0
genuine,user9:session_0626697371,92,41.0,403.0
genuine,user9:session_0626697371,93,36.0,401.0
genuine,user9:session_0626697371,94,34.0,400.0
genuine,user9:session_0626697371,95,34.0,400.0
genuine,user9:session_0626697371,96,34.0,400.0
genuine,user9:session_0626697371,97,35.0,399.0
genuine,user9:session_0626697371,98,73.0,342.0
genuine,user9:session_0626697371,99,85.0,302.0
genuine,user9:session_0626697371,100,96.0,282.0
genuine,user9:session_0626697371,101,113.0,232.0
genuine,user9:session_0626697371,102,113.0,189.0
genuine,user9:session_0626697371,103,98.0,159.0
genuine,user9:session_0626697371,104,91.0,147.0
genuine,user9:session_0626697371,105,88.0,142.0
genuine,user9:session_0626697371,106,84.0,138.0
genuine,user9:session_0626697371,107,53.0,132.0
genuine,user9:session_0626697371,108,43.0,127.0
genuine,user9:session_0626697371,109,35.0,122.0
genuine,user9:session_0626697371,110,29.0,121.0
genuine,user9:session_0626697371,111,29.0,121.0
genuine,user9:session_0626697371,112,32.0,123.0
genuine,user9:session_0626697371,113,83.0,148.0
genuine,user9:session_0626697371,114,97.0,156.0
genuine,user9:session_0626697371,115,107.0,160.0
genuine,user9:session_0626697371,116,108.0,160.0
genuine,user9:session_0626697371,117,111.0,159.0
genuine,user9:session_0626697371,118,117.0,149.0
genuine,user9:session_0626697371,119,108.0,135.0
genuine,user9:session_0626697371,120,106.0,129.0
genuine,user9:session_0626697371,121,102.0,118.0
genuine,user9:session_0626697371,122,102.0,118.0
genuine,user9:session_0626697371,123,102.0,118.0
genuine,user9:session_0626697371,124,102.0,119.0
genuine,user9:session_0626697371,125,136.0,157.0
genuine,user9:session_0626697371,126,185.0,208.0
genuine,user9:session_0626697371,127,189.0,214.0
genuine,user9:session_0815666379,0,398.0,362.0
genuine,user9:session_0815666379,1,399.0,362.0
genuine,user9:session_0815666379,2,399.0,363.0
genuine,user9:session_0815666379,3,409.0,389.0
genuine,user9:session_0815666379,4,415.0,395.0
genuine,user9:session_0815666379,5,416.0,395.0
genuine,user9:session_0815666379,6,0.0,0.0
genuine,user9:session_0815666379,7,0.0,0.0
genuine,user9:session_0815666379,8,0.0,0.0
genuine,user9:session_0815666379,9,0.0,0.0
genuine,user9:session_0815666379,10,0.0,0.0
genuine,user9:session_0815666379,11,0.0,0.0
genuine,user9:session_0815666379,12,417.0,392.0
genuine,user9:session_0815666379,13,424.0,361.0
genuine,user9:session_0815666379,14,413.0,314.0
genuine,user9:session_0815666379,15,363.0,244.0
genuine,user9:session_0815666379,16,357.0,240.0
genuine,user9:session_0815666379,17,247.0,186.0
genuine,user9:session_0815666379,18,118.0,160.0
genuine,user9:session_0815666379,19,100.0,149.0
genuine,user9:session_0815666379,20,98.0,149.0
genuine,user9:session_0815666379,21,88.0,146.0
genuine,user9:session_0815666379,22,128.0,135.0
genuine,user9:session_0815666379,23,104.0,130.0
genuine,user9:session_0815666379,24,76.0,130.0
genuine,user9:session_0815666379,25,61.0,130.0
genuine,user9:session_0815666379,26,48.0,127.0
genuine,user9:session_0815666379,27,49.0,127.0
genuine,user9:session_0815666379,28,98.0,125.0
genuine,user9:session_0815666379,29,138.0,121.0
genuine,user9:session_0815666379,30,155.0,120.0
genuine,user9:session_0815666379,31,167.0,121.0
genuine,user9:session_0815666379,32,176.0,125.0
genuine,user9:session_0815666379,33,176.0,125.0
genuine,user9:session_0815666379,34,176.0,125.0
genuine,user9:session_0815666379,35,176.0,125.0
genuine,user9:session_0815666379,36,176.0,125.0
genuine,user9:session_0815666379,37,176.0,125.0
genuine,user9:session_0815666379,38,176.0,125.0
genuine,user9:session_0815666379,39,176.0,125.0
genuine,user9:session_0815666379,40,177.0,205.0
genuine,user9:session_0815666379,41,184.0,213.0
genuine,user9:session_0815666379,42,185.0,214.0
genuine,user9:session_0815666379,43,198.0,235.0
genuine,user9:session_0815666379,44,195.0,189.0
genuine,user9:session_0815666379,45,195.0,180.0
genuine,user9:session_0815666379,46,225.0,97.0
genuine,user9:session_0815666379,47,237.0,75.0
genuine,user9:session_0815666379,48,238.0,72.0
genuine,user9:session_0815666379,49,245.0,56.0
genuine,user9:session_0815666379,50,255.0,54.0
genuine,user9:session_0815666379,51,259.0,53.0
genuine,user9:session_0815666379,52,259.0,53.0
genuine,user9:session_0815666379,53,256.0,85.0
genuine,user9:session_0815666379,54,258.0,95.0
genuine,user9:session_0815666379,55,289.0,251.0
genuine,user9:session_0815666379,56,335.0,341.0
genuine,user9:session_0815666379,57,337.0,368.0
genuine,user9:session_0815666379,58,337.0,370.0
genuine,user9:session_0815666379,59,338.0,376.0
genuine,user9:session_0815666379,60,382.0,490.0
genuine,user9:session_0815666379,61,0.0,0.0
genuine,user9:session_0815666379,62,0.0,0.0
genuine,user9:session_0815666379,63,0.0,0.0
genuine,user9:session_0815666379,64,0.0,0.0
genuine,user9:session_0815666379,65,0.0,0.0
genuine,user9:session_0815666379,66,0.0,0.0
genuine,user9:session_0815666379,67,0.0,0.0
genuine,user9:session_0815666379,68,0.0,0.0
genuine,user9:session_0815666379,69,0.0,0.0
genuine,user9:session_0815666379,70,381.0,491.0
genuine,user9:session_0815666379,71,340.0,507.0
genuine,user9:session_0815666379,72,312.0,523.0
genuine,user9:session_0815666379,73,235.0,545.0
genuine,user9:session_0815666379,74,231.0,543.0
genuine,user9:session_0815666379,75,202.0,532.0
genuine,user9:session_0815666379,76,199.0,530.0
genuine,user9:session_0815666379,77,191.0,521.0
genuine,user9:session_0815666379,78,186.0,516.0
genuine,user9:session_0815666379,79,185.0,515.0
genuine,user9:session_0815666379,80,178.0,501.0
genuine,user9:session_0815666379,81,175.0,495.0
genuine,user9:session_0815666379,82,161.0,484.0
genuine,user9:session_0815666379,83,151.0,475.0
genuine,user9:session_0815666379,84,148.0,473.0
genuine,user9:session_0815666379,85,148.0,473.0
genuine,user9:session_0815666379,86,182.0,441.0
genuine,user9:session_0815666379,87,333.0,273.0
genuine,user9:session_0815666379,88,338.0,266.0
genuine,user9:session_0815666379,89,381.0,191.0
genuine,user9:session_0815666379,90,383.0,187.0
genuine,user9:session_0815666379,91,425.0,140.0
genuine,user9:session_0815666379,92,426.0,133.0
genuine,user9:session_0815666379,93,405.0,125.0
genuine,user9:session_0815666379,94,405.0,125.0
genuine,user9:session_0815666379,95,405.0,129.0
genuine,user9:session_0815666379,96,409.0,159.0
genuine,user9:session_0815666379,97,408.0,159.0
genuine,user9:session_0815666379,98,334.0,164.0
genuine,user9:session_0815666379,99,322.0,161.0
genuine,user9:session_0815666379,100,306.0,159.0
genuine,user9:session_0815666379,101,292.0,182.0
genuine,user9:session_0815666379,102,286.0,192.0
genuine,user9:session_0815666379,103,281.0,195.0
genuine,user9:session_0815666379,104,290.0,193.0
genuine,user9:session_0815666379,105,342.0,203.0
genuine,user9:session_0815666379,106,343.0,208.0
genuine,user9:session_0815666379,107,343.0,209.0
genuine,user9:session_0815666379,108,343.0,217.0
genuine,user9:session_0815666379,109,344.0,226.0
genuine,user9:session_0815666379,110,338.0,233.0
genuine,user9:session_0815666379,111,322.0,244.0
genuine,user9:session_0815666379,112,319.0,245.0
genuine,user9:session_0815666379,113,318.0,245.0
genuine,user9:session_0815666379,114,318.0,245.0
genuine,user9:session_0815666379,115,319.0,246.0
genuine,user9:session_0815666379,116,319.0,245.0
genuine,user9:session_0815666379,117,289.0,219.0
genuine,user9:session_0815666379,118,296.0,224.0
genuine,user9:session_0815666379,119,305.0,230.0
genuine,user9:session_0815666379,120,311.0,236.0
genuine,user9:session_0815666379,121,322.0,247.0
genuine,user9:session_0815666379,122,325.0,253.0
genuine,user9:session_0815666379,123,323.0,254.0
genuine,user9:session_0815666379,124,315.0,261.0
genuine,user9:session_0815666379,125,315.0,261.0
genuine,user9:session_0815666379,126,315.0,261.0
genuine,user9:session_0815666379,127,317.0,260.0
genuine,user9:session_1177848198,0,382.0,515.0
genuine,user9:session_1177848198,1,353.0,375.0
genuine,user9:session_1177848198,2,351.0,364.0
genuine,user9:session_1177848198,3,340.0,332.0
genuine,user9:session_1177848198,4,340.0,330.0
genuine,user9:session_1177848198,5,334.0,317.0
genuine,user9:session_1177848198,6,0.0,0.0
genuine,user9:session_1177848198,7,0.0,0.0
genuine,user9:session_1177848198,8,0.0,0.0
genuine,user9:session_1177848198,9,0.0,0.0
genuine,user9:session_1177848198,10,0.0,0.0
genuine,user9:session_1177848198,11,0.0,0.0
genuine,user9:session_1177848198,12,329.0,306.0
genuine,user9:session_1177848198,13,337.0,289.0
genuine,user9:session_1177848198,14,343.0,287.0
genuine,user9:session_1177848198,15,354.0,316.0
genuine,user9:session_1177848198,16,355.0,317.0
genuine,user9:session_1177848198,17,404.0,330.0
genuine,user9:session_1177848198,18,413.0,332.0
genuine,user9:session_1177848198,19,413.0,330.0
genuine,user9:session_1177848198,20,416.0,315.0
genuine,user9:session_1177848198,21,419.0,289.0
genuine,user9:session_1177848198,22,415.0,273.0
genuine,user9:session_1177848198,23,411.0,265.0
genuine,user9:session_1177848198,24,410.0,262.0
genuine,user9:session_1177848198,25,410.0,262.0
genuine,user9:session_1177848198,26,410.0,262.0
genuine,user9:session_1177848198,27,410.0,262.0
genuine,user9:session_1177848198,28,410.0,262.0
genuine,user9:session_1177848198,29,410.0,263.0
genuine,user9:session_1177848198,30,425.0,304.0
genuine,user9:session_1177848198,31,434.0,317.0
genuine,user9:session_1177848198,32,441.0,322.0
genuine,user9:session_1177848198,33,467.0,335.0
genuine,user9:session_1177848198,34,483.0,339.0
genuine,user9:session_1177848198,35,483.0,338.0
genuine,user9:session_1177848198,36,487.0,330.0
genuine,user9:session_1177848198,37,490.0,327.0
genuine,user9:session_1177848198,38,491.0,326.0
genuine,user9:session_1177848198,39,494.0,318.0
genuine,user9:session_1177848198,40,496.0,302.0
genuine,user9:session_1177848198,41,496.0,296.0
genuine,user9:session_1177848198,42,496.0,295.0
genuine,user9:session_1177848198,43,496.0,295.0
genuine,user9:session_1177848198,44,496.0,295.0
genuine,user9:session_1177848198,45,496.0,295.0
genuine,user9:session_1177848198,46,488.0,294.0
genuine,user9:session_1177848198,47,370.0,273.0
genuine,user9:session_1177848198,48,336.0,269.0
genuine,user9:session_1177848198,49,284.0,259.0
genuine,user9:session_1177848198,50,254.0,252.0
genuine,user9:session_1177848198,51,241.0,248.0
genuine,user9:session_1177848198,52,229.0,248.0
genuine,user9:session_1177848198,53,229.0,248.0
genuine,user9:session_1177848198,54,229.0,248.0
genuine,user9:session_1177848198,55,229.0,248.0
genuine,user9:session_1177848198,56,230.0,251.0
genuine,user9:session_1177848198,57,237.0,262.0
genuine,user9:session_1177848198,58,239.0,263.0
genuine,user9:session_1177848198,59,241.0,266.0
genuine,user9:session_1177848198,60,247.0,274.0
genuine,user9:session_1177848198,61,259.0,285.0
genuine,user9:session_1177848198,62,273.0,299.0
genuine,user9:session_1177848198,63,278.0,309.0
genuine,user9:session_1177848198,64,284.0,323.0
genuine,user9:session_1177848198,65,284.0,324.0
genuine,user9:session_1177848198,66,287.0,338.0
genuine,user9:session_1177848198,67,289.0,353.0
genuine,user9:session_1177848198,68,290.0,361.0
genuine,user9:session_1177848198,69,290.0,366.0
genuine,user9:session_1177848198,70,290.0,368.0
genuine,user9:session_1177848198,71,290.0,371.0
genuine,user9:session_1177848198,72,289.0,382.0
genuine,user9:session_1177848198,73,289.0,389.0
genuine,user9:session_1177848198,74,289.0,398.0
genuine,user9:session_1177848198,75,289.0,402.0
genuine,user9:session_1177848198,76,292.0,402.0
genuine,user9:session_1177848198,77,343.0,403.0
genuine,user9:session_1177848198,78,346.0,403.0
genuine,user9:session_1177848198,79,351.0,403.0
genuine,user9:session_1177848198,80,389.0,393.0
genuine,user9:session_1177848198,81,390.0,392.0
genuine,user9:session_1177848198,82,405.0,386.0
genuine,user9:session_1177848198,83,406.0,384.0
genuine,user9:session_1177848198,84,407.0,383.0
genuine,user9:session_1177848198,85,417.0,373.0
genuine,user9:session_1177848198,86,428.0,360.0
genuine,user9:session_1177848198,87,436.0,347.0
genuine,user9:session_1177848198,88,437.0,346.0
genuine,user9:session_1177848198,89,443.0,336.0
genuine,user9:session_1177848198,90,451.0,326.0
genuine,user9:session_1177848198,91,459.0,314.0
genuine,user9:session_1177848198,92,461.0,312.0
genuine,user9:session_1177848198,93,464.0,307.0
genuine,user9:session_1177848198,94,465.0,308.0
genuine,user9:session_1177848198,95,472.0,313.0
genuine,user9:session_1177848198,96,472.0,314.0
genuine,user9:session_1177848198,97,472.0,316.0
genuine,user9:session_1177848198,98,473.0,323.0
genuine,user9:session_1177848198,99,473.0,326.0
genuine,user9:session_1177848198,100,473.0,334.0
genuine,user9:session_1177848198,101,473.0,347.0
genuine,user9:session_1177848198,102,473.0,357.0
genuine,user9:session_1177848198,103,473.0,368.0
genuine,user9:session_1177848198,104,473.0,379.0
genuine,user9:session_1177848198,105,473.0,381.0
genuine,user9:session_1177848198,106,473.0,383.0
genuine,user9:session_1177848198,107,461.0,369.0
genuine,user9:session_1177848198,108,433.0,338.0
genuine,user9:session_1177848198,109,425.0,330.0
genuine,user9:session_1177848198,110,340.0,240.0
genuine,user9:session_1177848198,111,266.0,182.0
genuine,user9:session_1177848198,112,252.0,168.0
genuine,user9:session_1177848198,113,246.0,130.0
genuine,user9:session_1177848198,114,254.0,114.0
genuine,user9:session_1177848198,115,255.0,112.0
genuine,user9:session_1177848198,116,261.0,93.0
genuine,user9:session_1177848198,117,260.0,88.0
genuine,user9:session_1177848198,118,259.0,83.0
genuine,user9:session_1177848198,119,258.0,76.0
genuine,user9:session_1177848198,120,263.0,67.0
genuine,user9:session_1177848198,121,264.0,66.0
genuine,user9:session_1177848198,122,269.0,55.0
genuine,user9:session_1177848198,123,269.0,55.0
genuine,user9:session_1177848198,124,269.0,55.0
genuine,user9:session_1177848198,125,269.0,55.0
genuine,user9:session_1177848198,126,269.0,55.0
genuine,user9:session_1177848198,127,269.0,55.0
genuine,user9:session_1281792837,0,227.0,292.0
genuine,user9:session_1281792837,1,227.0,292.0
genuine,user9:session_1281792837,2,237.0,351.0
genuine,user9:session_1281792837,3,239.0,364.0
genuine,user9:session_1281792837,4,239.0,365.0
genuine,user9:session_1281792837,5,245.0,353.0
genuine,user9:session_1281792837,6,322.0,265.0
genuine,user9:session_1281792837,7,330.0,257.0
genuine,user9:session_1281792837,8,341.0,244.0
genuine,user9:session_1281792837,9,343.0,242.0
genuine,user9:session_1281792837,10,348.0,230.0
genuine,user9:session_1281792837,11,350.0,222.0
genuine,user9:session_1281792837,12,350.0,222.0
genuine,user9:session_1281792837,13,349.0,223.0
genuine,user9:session_1281792837,14,342.0,237.0
genuine,user9:session_1281792837,15,340.0,240.0
genuine,user9:session_1281792837,16,230.0,324.0
genuine,user9:session_1281792837,17,209.0,337.0
genuine,user9:session_1281792837,18,156.0,366.0
genuine,user9:session_1281792837,19,142.0,389.0
genuine,user9:session_1281792837,20,140.0,394.0
genuine,user9:session_1281792837,21,165.0,401.0
genuine,user9:session_1281792837,22,172.0,412.0
genuine,user9:session_1281792837,23,173.0,417.0
genuine,user9:session_1281792837,24,176.0,417.0
genuine,user9:session_1281792837,25,178.0,418.0
genuine,user9:session_1281792837,26,177.0,421.0
genuine,user9:session_1281792837,27,172.0,423.0
genuine,user9:session_1281792837,28,172.0,423.0
genuine,user9:session_1281792837,29,174.0,423.0
genuine,user9:session_1281792837,30,192.0,425.0
genuine,user9:session_1281792837,31,239.0,430.0
genuine,user9:session_1281792837,32,270.0,433.0
genuine,user9:session_1281792837,33,271.0,433.0
genuine,user9:session_1281792837,34,278.0,433.0
genuine,user9:session_1281792837,35,292.0,433.0
genuine,user9:session_1281792837,36,292.0,430.0
genuine,user9:session_1281792837,37,290.0,414.0
genuine,user9:session_1281792837,38,289.0,360.0
genuine,user9:session_1281792837,39,284.0,327.0
genuine,user9:session_1281792837,40,263.0,269.0
genuine,user9:session_1281792837,41,252.0,242.0
genuine,user9:session_1281792837,42,248.0,230.0
genuine,user9:session_1281792837,43,246.0,222.0
genuine,user9:session_1281792837,44,245.0,214.0
genuine,user9:session_1281792837,45,243.0,205.0
genuine,user9:session_1281792837,46,243.0,203.0
genuine,user9:session_1281792837,47,243.0,201.0
genuine,user9:session_1281792837,48,247.0,193.0
genuine,user9:session_1281792837,49,247.0,192.0
genuine,user9:session_1281792837,50,245.0,175.0
genuine,user9:session_1281792837,51,239.0,151.0
genuine,user9:session_1281792837,52,235.0,136.0
genuine,user9:session_1281792837,53,231.0,120.0
genuine,user9:session_1281792837,54,230.0,106.0
genuine,user9:session_1281792837,55,230.0,104.0
genuine,user9:session_1281792837,56,233.0,89.0
genuine,user9:session_1281792837,57,234.0,78.0
genuine,user9:session_1281792837,58,237.0,73.0
genuine,user9:session_1281792837,59,240.0,69.0
genuine,user9:session_1281792837,60,242.0,68.0
genuine,user9:session_1281792837,61,248.0,62.0
genuine,user9:session_1281792837,62,256.0,54.0
genuine,user9:session_1281792837,63,260.0,49.0
genuine,user9:session_1281792837,64,261.0,49.0
genuine,user9:session_1281792837,65,262.0,49.0
genuine,user9:session_1281792837,66,262.0,49.0
genuine,user9:session_1281792837,67,262.0,49.0
genuine,user9:session_1281792837,68,262.0,49.0
genuine,user9:session_1281792837,69,262.0,49.0
genuine,user9:session_1281792837,70,262.0,49.0
genuine,user9:session_1281792837,71,262.0,49.0
genuine,user9:session_1281792837,72,262.0,52.0
genuine,user9:session_1281792837,73,282.0,124.0
genuine,user9:session_1281792837,74,309.0,319.0
genuine,user9:session_1281792837,75,307.0,459.0
genuine,user9:session_1281792837,76,298.0,482.0
genuine,user9:session_1281792837,77,292.0,491.0
genuine,user9:session_1281792837,78,286.0,495.0
genuine,user9:session_1281792837,79,282.0,498.0
genuine,user9:session_1281792837,80,281.0,499.0
genuine,user9:session_1281792837,81,274.0,506.0
genuine,user9:session_1281792837,82,248.0,365.0
genuine,user9:session_1281792837,83,238.0,265.0
genuine,user9:session_1281792837,84,246.0,181.0
genuine,user9:session_1281792837,85,221.0,62.0
genuine,user9:session_1281792837,86,188.0,35.0
genuine,user9:session_1281792837,87,160.0,45.0
genuine,user9:session_1281792837,88,155.0,51.0
genuine,user9:session_1281792837,89,155.0,51.0
genuine,user9:session_1281792837,90,155.0,51.0
genuine,user9:session_1281792837,91,159.0,50.0
genuine,user9:session_1281792837,92,312.0,29.0
genuine,user9:session_1281792837,93,315.0,30.0
genuine,user9:session_1281792837,94,354.0,52.0
genuine,user9:session_1281792837,95,362.0,54.0
genuine,user9:session_1281792837,96,354.0,39.0
genuine,user9:session_1281792837,97,343.0,35.0
genuine,user9:session_1281792837,98,329.0,32.0
genuine,user9:session_1281792837,99,314.0,20.0
genuine,user9:session_1281792837,100,307.0,21.0
genuine,user9:session_1281792837,101,300.0,23.0
genuine,user9:session_1281792837,102,300.0,23.0
genuine,user9:session_1281792837,103,300.0,23.0
genuine,user9:session_1281792837,104,301.0,23.0
genuine,user9:session_1281792837,105,321.0,27.0
genuine,user9:session_1281792837,106,341.0,30.0
genuine,user9:session_1281792837,107,357.0,31.0
genuine,user9:session_1281792837,108,358.0,32.0
genuine,user9:session_1281792837,109,366.0,48.0
genuine,user9:session_1281792837,110,383.0,78.0
genuine,user9:session_1281792837,111,392.0,92.0
genuine,user9:session_1281792837,112,394.0,94.0
genuine,user9:session_1281792837,113,401.0,102.0
genuine,user9:session_1281792837,114,405.0,107.0
genuine,user9:session_1281792837,115,366.0,109.0
genuine,user9:session_1281792837,116,223.0,126.0
genuine,user9:session_1281792837,117,219.0,126.0
genuine,user9:session_1281792837,118,162.0,141.0
genuine,user9:session_1281792837,119,151.0,141.0
genuine,user9:session_1281792837,120,114.0,139.0
genuine,user9:session_1281792837,121,113.0,138.0
genuine,user9:session_1281792837,122,105.0,130.0
genuine,user9:session_1281792837,123,103.0,125.0
genuine,user9:session_1281792837,124,106.0,124.0
genuine,user9:session_1281792837,125,107.0,123.0
genuine,user9:session_1281792837,126,108.0,123.0
genuine,user9:session_1281792837,127,111.0,122.0
genuine,user9:session_1334666365,0,554.0,250.0
genuine,user9:session_1334666365,1,564.0,265.0
genuine,user9:session_1334666365,2,573.0,287.0
genuine,user9:session_1334666365,3,561.0,303.0
genuine,user9:session_1334666365,4,518.0,330.0
genuine,user9:session_1334666365,5,483.0,350.0
genuine,user9:session_1334666365,6,755.0,343.0
genuine,user9:session_1334666365,7,743.0,345.0
genuine,user9:session_1334666365,8,721.0,338.0
genuine,user9:session_1334666365,9,718.0,338.0
genuine,user9:session_1334666365,10,708.0,337.0
genuine,user9:session_1334666365,11,708.0,337.0
genuine,user9:session_1334666365,12,708.0,337.0
genuine,user9:session_1334666365,13,708.0,337.0
genuine,user9:session_1334666365,14,708.0,337.0
genuine,user9:session_1334666365,15,708.0,337.0
genuine,user9:session_1334666365,16,708.0,337.0
genuine,user9:session_1334666365,17,708.0,337.0
genuine,user9:session_1334666365,18,705.0,340.0
genuine,user9:session_1334666365,19,697.0,347.0
genuine,user9:session_1334666365,20,589.0,369.0
genuine,user9:session_1334666365,21,469.0,383.0
genuine,user9:session_1334666365,22,428.0,390.0
genuine,user9:session_1334666365,23,370.0,388.0
genuine,user9:session_1334666365,24,344.0,391.0
genuine,user9:session_1334666365,25,331.0,395.0
genuine,user9:session_1334666365,26,329.0,396.0
genuine,user9:session_1334666365,27,329.0,396.0
genuine,user9:session_1334666365,28,330.0,397.0
genuine,user9:session_1334666365,29,363.0,406.0
genuine,user9:session_1334666365,30,364.0,405.0
genuine,user9:session_1334666365,31,374.0,401.0
genuine,user9:session_1334666365,32,376.0,401.0
genuine,user9:session_1334666365,33,393.0,400.0
genuine,user9:session_1334666365,34,411.0,399.0
genuine,user9:session_1334666365,35,431.0,398.0
genuine,user9:session_1334666365,36,440.0,398.0
genuine,user9:session_1334666365,37,445.0,398.0
genuine,user9:session_1334666365,38,453.0,398.0
genuine,user9:session_1334666365,39,464.0,396.0
genuine,user9:session_1334666365,40,473.0,395.0
genuine,user9:session_1334666365,41,502.0,387.0
genuine,user9:session_1334666365,42,532.0,382.0
genuine,user9:session_1334666365,43,538.0,382.0
genuine,user9:session_1334666365,44,548.0,380.0
genuine,user9:session_1334666365,45,647.0,392.0
genuine,user9:session_1334666365,46,729.0,394.0
genuine,user9:session_1334666365,47,815.0,396.0
genuine,user9:session_1334666365,48,839.0,396.0
genuine,user9:session_1334666365,49,874.0,393.0
genuine,user9:session_1334666365,50,875.0,393.0
genuine,user9:session_1334666365,51,906.0,390.0
genuine,user9:session_1334666365,52,909.0,390.0
genuine,user9:session_1334666365,53,909.0,390.0
genuine,user9:session_1334666365,54,918.0,387.0
genuine,user9:session_1334666365,55,938.0,384.0
genuine,user9:session_1334666365,56,993.0,382.0
genuine,user9:session_1334666365,57,994.0,381.0
genuine,user9:session_1334666365,58,995.0,380.0
genuine,user9:session_1334666365,59,995.0,380.0
genuine,user9:session_1334666365,60,989.0,394.0
genuine,user9:session_1334666365,61,983.0,418.0
genuine,user9:session_1334666365,62,975.0,446.0
genuine,user9:session_1334666365,63,974.0,446.0
genuine,user9:session_1334666365,64,972.0,445.0
genuine,user9:session_1334666365,65,948.0,430.0
genuine,user9:session_1334666365,66,943.0,428.0
genuine,user9:session_1334666365,67,911.0,417.0
genuine,user9:session_1334666365,68,868.0,389.0
genuine,user9:session_1334666365,69,826.0,370.0
genuine,user9:session_1334666365,70,739.0,347.0
genuine,user9:session_1334666365,71,738.0,345.0
genuine,user9:session_1334666365,72,734.0,344.0
genuine,user9:session_1334666365,73,731.0,341.0
genuine,user9:session_1334666365,74,713.0,329.0
genuine,user9:session_1334666365,75,562.0,260.0
genuine,user9:session_1334666365,76,509.0,240.0
genuine,user9:session_1334666365,77,489.0,219.0
genuine,user9:session_1334666365,78,437.0,178.0
genuine,user9:session_1334666365,79,436.0,178.0
genuine,user9:session_1334666365,80,270.0,125.0
genuine,user9:session_1334666365,81,265.0,121.0
genuine,user9:session_1334666365,82,254.0,121.0
genuine,user9:session_1334666365,83,185.0,71.0
genuine,user9:session_1334666365,84,165.0,52.0
genuine,user9:session_1334666365,85,157.0,51.0
genuine,user9:session_1334666365,86,135.0,43.0
genuine,user9:session_1334666365,87,140.0,46.0
genuine,user9:session_1334666365,88,145.0,50.0
genuine,user9:session_1334666365,89,170.0,73.0
genuine,user9:session_1334666365,90,200.0,79.0
genuine,user9:session_1334666365,91,236.0,68.0
genuine,user9:session_1334666365,92,271.0,59.0
genuine,user9:session_1334666365,93,273.0,55.0
genuine,user9:session_1334666365,94,304.0,39.0
genuine,user9:session_1334666365,95,332.0,32.0
genuine,user9:session_1334666365,96,343.0,34.0
genuine,user9:session_1334666365,97,344.0,34.0
genuine,user9:session_1334666365,98,357.0,36.0
genuine,user9:session_1334666365,99,365.0,35.0
genuine,user9:session_1334666365,100,365.0,28.0
genuine,user9:session_1334666365,101,365.0,28.0
genuine,user9:session_1334666365,102,366.0,31.0
genuine,user9:session_1334666365,103,379.0,57.0
genuine,user9:session_1334666365,104,402.0,79.0
genuine,user9:session_1334666365,105,405.0,82.0
genuine,user9:session_1334666365,106,415.0,91.0
genuine,user9:session_1334666365,107,416.0,91.0
genuine,user9:session_1334666365,108,429.0,103.0
genuine,user9:session_1334666365,109,443.0,111.0
genuine,user9:session_1334666365,110,445.0,111.0
genuine,user9:session_1334666365,111,447.0,112.0
genuine,user9:session_1334666365,112,447.0,112.0
genuine,user9:session_1334666365,113,450.0,111.0
genuine,user9:session_1334666365,114,452.0,111.0
genuine,user9:session_1334666365,115,495.0,108.0
genuine,user9:session_1334666365,116,501.0,108.0
genuine,user9:session_1334666365,117,507.0,107.0
genuine,user9:session_1334666365,118,544.0,112.0
genuine,user9:session_1334666365,119,556.0,116.0
genuine,user9:session_1334666365,120,574.0,129.0
genuine,user9:session_1334666365,121,585.0,138.0
genuine,user9:session_1334666365,122,585.0,138.0
genuine,user9:session_1334666365,123,584.0,138.0
genuine,user9:session_1334666365,124,559.0,151.0
genuine,user9:session_1334666365,125,495.0,227.0
genuine,user9:session_1334666365,126,434.0,284.0
genuine,user9:session_1334666365,127,374.0,332.0
genuine,user9:session_1498771725,0,449.0,482.0
genuine,user9:session_1498771725,1,448.0,478.0
genuine,user9:session_1498771725,2,445.0,465.0
genuine,user9:session_1498771725,3,440.0,456.0
genuine,user9:session_1498771725,4,437.0,454.0
genuine,user9:session_1498771725,5,203.0,551.0
genuine,user9:session_1498771725,6,202.0,554.0
genuine,user9:session_1498771725,7,163.0,638.0
genuine,user9:session_1498771725,8,155.0,676.0
genuine,user9:session_1498771725,9,143.0,696.0
genuine,user9:session_1498771725,10,134.0,683.0
genuine,user9:session_1498771725,11,130.0,670.0
genuine,user9:session_1498771725,12,130.0,670.0
genuine,user9:session_1498771725,13,130.0,670.0
genuine,user9:session_1498771725,14,134.0,667.0
genuine,user9:session_1498771725,15,167.0,643.0
genuine,user9:session_1498771725,16,168.0,642.0
genuine,user9:session_1498771725,17,169.0,641.0
genuine,user9:session_1498771725,18,152.0,521.0
genuine,user9:session_1498771725,19,142.0,484.0
genuine,user9:session_1498771725,20,135.0,477.0
genuine,user9:session_1498771725,21,91.0,430.0
genuine,user9:session_1498771725,22,90.0,424.0
genuine,user9:session_1498771725,23,71.0,333.0
genuine,user9:session_1498771725,24,67.0,249.0
genuine,user9:session_1498771725,25,67.0,232.0
genuine,user9:session_1498771725,26,64.0,203.0
genuine,user9:session_1498771725,27,63.0,202.0
genuine,user9:session_1498771725,28,56.0,191.0
genuine,user9:session_1498771725,29,53.0,184.0
genuine,user9:session_1498771725,30,53.0,184.0
genuine,user9:session_1498771725,31,53.0,184.0
genuine,user9:session_1498771725,32,53.0,184.0
genuine,user9:session_1498771725,33,53.0,184.0
genuine,user9:session_1498771725,34,54.0,185.0
genuine,user9:session_1498771725,35,96.0,236.0
genuine,user9:session_1498771725,36,97.0,239.0
genuine,user9:session_1498771725,37,104.0,242.0
genuine,user9:session_1498771725,38,108.0,243.0
genuine,user9:session_1498771725,39,111.0,244.0
genuine,user9:session_1498771725,40,119.0,264.0
genuine,user9:session_1498771725,41,137.0,348.0
genuine,user9:session_1498771725,42,138.0,350.0
genuine,user9:session_1498771725,43,142.0,432.0
genuine,user9:session_1498771725,44,157.0,543.0
genuine,user9:session_1498771725,45,177.0,602.0
genuine,user9:session_1498771725,46,184.0,643.0
genuine,user9:session_1498771725,47,179.0,650.0
genuine,user9:session_1498771725,48,181.0,645.0
genuine,user9:session_1498771725,49,181.0,645.0
genuine,user9:session_1498771725,50,182.0,645.0
genuine,user9:session_1498771725,51,188.0,645.0
genuine,user9:session_1498771725,52,193.0,645.0
genuine,user9:session_1498771725,53,193.0,645.0
genuine,user9:session_1498771725,54,194.0,644.0
genuine,user9:session_1498771725,55,202.0,602.0
genuine,user9:session_1498771725,56,212.0,560.0
genuine,user9:session_1498771725,57,214.0,553.0
genuine,user9:session_1498771725,58,214.0,551.0
genuine,user9:session_1498771725,59,215.0,550.0
genuine,user9:session_1498771725,60,222.0,532.0
genuine,user9:session_1498771725,61,226.0,487.0
genuine,user9:session_1498771725,62,236.0,445.0
genuine,user9:session_1498771725,63,245.0,428.0
genuine,user9:session_1498771725,64,256.0,399.0
genuine,user9:session_1498771725,65,255.0,369.0
genuine,user9:session_1498771725,66,254.0,350.0
genuine,user9:session_1498771725,67,254.0,350.0
genuine,user9:session_1498771725,68,255.0,353.0
genuine,user9:session_1498771725,69,256.0,356.0
genuine,user9:session_1498771725,70,256.0,356.0
genuine,user9:session_1498771725,71,257.0,346.0
genuine,user9:session_1498771725,72,250.0,315.0
genuine,user9:session_1498771725,73,239.0,294.0
genuine,user9:session_1498771725,74,237.0,291.0
genuine,user9:session_1498771725,75,226.0,279.0
genuine,user9:session_1498771725,76,217.0,270.0
genuine,user9:session_1498771725,77,217.0,270.0
genuine,user9:session_1498771725,78,219.0,267.0
genuine,user9:session_1498771725,79,238.0,239.0
genuine,user9:session_1498771725,80,238.0,238.0
genuine,user9:session_1498771725,81,228.0,159.0
genuine,user9:session_1498771725,82,229.0,124.0
genuine,user9:session_1498771725,83,244.0,97.0
genuine,user9:session_1498771725,84,263.0,56.0
genuine,user9:session_1498771725,85,265.0,55.0
genuine,user9:session_1498771725,86,294.0,65.0
genuine,user9:session_1498771725,87,418.0,118.0
genuine,user9:session_1498771725,88,418.0,119.0
genuine,user9:session_1498771725,89,417.0,119.0
genuine,user9:session_1498771725,90,305.0,103.0
genuine,user9:session_1498771725,91,304.0,102.0
genuine,user9:session_1498771725,92,291.0,88.0
genuine,user9:session_1498771725,93,289.0,85.0
genuine,user9:session_1498771725,94,283.0,73.0
genuine,user9:session_1498771725,95,282.0,63.0
genuine,user9:session_1498771725,96,285.0,56.0
genuine,user9:session_1498771725,97,289.0,49.0
genuine,user9:session_1498771725,98,289.0,48.0
genuine,user9:session_1498771725,99,289.0,48.0
genuine,user9:session_1498771725,100,289.0,48.0
genuine,user9:session_1498771725,101,289.0,49.0
genuine,user9:session_1498771725,102,290.0,69.0
genuine,user9:session_1498771725,103,290.0,71.0
genuine,user9:session_1498771725,104,276.0,80.0
genuine,user9:session_1498771725,105,256.0,70.0
genuine,user9:session_1498771725,106,253.0,67.0
genuine,user9:session_1498771725,107,256.0,58.0
genuine,user9:session_1498771725,108,263.0,51.0
genuine,user9:session_1498771725,109,263.0,51.0
genuine,user9:session_1498771725,110,263.0,51.0
genuine,user9:session_1498771725,111,263.0,51.0
genuine,user9:session_1498771725,112,263.0,55.0
genuine,user9:session_1498771725,113,254.0,184.0
genuine,user9:session_1498771725,114,258.0,194.0
genuine,user9:session_1498771725,115,270.0,217.0
genuine,user9:session_1498771725,116,273.0,219.0
genuine,user9:session_1498771725,117,280.0,231.0
genuine,user9:session_1498771725,118,287.0,256.0
genuine,user9:session_1498771725,119,291.0,270.0
genuine,user9:session_1498771725,120,294.0,280.0
genuine,user9:session_1498771725,121,294.0,281.0
genuine,user9:session_1498771725,122,293.0,285.0
genuine,user9:session_1498771725,123,287.0,285.0
genuine,user9:session_1498771725,124,282.0,285.0
genuine,user9:session_1498771725,125,267.0,293.0
genuine,user9:session_1498771725,126,262.0,293.0
genuine,user9:session_1498771725,127,254.0,266.0
genuine,user9:session_1814762834,0,430.0,276.0
genuine,user9:session_1814762834,1,430.0,276.0
genuine,user9:session_1814762834,2,430.0,276.0
genuine,user9:session_1814762834,3,428.0,277.0
genuine,user9:session_1814762834,4,418.0,281.0
genuine,user9:session_1814762834,5,401.0,277.0
genuine,user9:session_1814762834,6,291.0,266.0
genuine,user9:session_1814762834,7,286.0,266.0
genuine,user9:session_1814762834,8,285.0,266.0
genuine,user9:session_1814762834,9,284.0,266.0
genuine,user9:session_1814762834,10,284.0,266.0
genuine,user9:session_1814762834,11,284.0,266.0
genuine,user9:session_1814762834,12,284.0,266.0
genuine,user9:session_1814762834,13,284.0,266.0
genuine,user9:session_1814762834,14,285.0,267.0
genuine,user9:session_1814762834,15,301.0,280.0
genuine,user9:session_1814762834,16,302.0,280.0
genuine,user9:session_1814762834,17,304.0,279.0
genuine,user9:session_1814762834,18,304.0,278.0
genuine,user9:session_1814762834,19,313.0,222.0
genuine,user9:session_1814762834,20,312.0,222.0
genuine,user9:session_1814762834,21,304.0,237.0
genuine,user9:session_1814762834,22,303.0,238.0
genuine,user9:session_1814762834,23,302.0,241.0
genuine,user9:session_1814762834,24,300.0,254.0
genuine,user9:session_1814762834,25,300.0,255.0
genuine,user9:session_1814762834,26,298.0,260.0
genuine,user9:session_1814762834,27,301.0,255.0
genuine,user9:session_1814762834,28,313.0,235.0
genuine,user9:session_1814762834,29,319.0,206.0
genuine,user9:session_1814762834,30,320.0,217.0
genuine,user9:session_1814762834,31,313.0,238.0
genuine,user9:session_1814762834,32,311.0,244.0
genuine,user9:session_1814762834,33,308.0,253.0
genuine,user9:session_1814762834,34,295.0,260.0
genuine,user9:session_1814762834,35,291.0,263.0
genuine,user9:session_1814762834,36,289.0,263.0
genuine,user9:session_1814762834,37,289.0,263.0
genuine,user9:session_1814762834,38,289.0,262.0
genuine,user9:session_1814762834,39,314.0,199.0
genuine,user9:session_1814762834,40,314.0,197.0
genuine,user9:session_1814762834,41,315.0,197.0
genuine,user9:session_1814762834,42,324.0,192.0
genuine,user9:session_1814762834,43,328.0,191.0
genuine,user9:session_1814762834,44,357.0,165.0
genuine,user9:session_1814762834,45,357.0,166.0
genuine,user9:session_1814762834,46,358.0,168.0
genuine,user9:session_1814762834,47,410.0,214.0
genuine,user9:session_1814762834,48,411.0,214.0
genuine,user9:session_1814762834,49,445.0,233.0
genuine,user9:session_1814762834,50,439.0,241.0
genuine,user9:session_1814762834,51,440.0,240.0
genuine,user9:session_1814762834,52,442.0,238.0
genuine,user9:session_1814762834,53,455.0,206.0
genuine,user9:session_1814762834,54,502.0,176.0
genuine,user9:session_1814762834,55,551.0,168.0
genuine,user9:session_1814762834,56,619.0,153.0
genuine,user9:session_1814762834,57,643.0,136.0
genuine,user9:session_1814762834,58,776.0,85.0
genuine,user9:session_1814762834,59,803.0,73.0
genuine,user9:session_1814762834,60,813.0,66.0
genuine,user9:session_1814762834,61,822.0,59.0
genuine,user9:session_1814762834,62,848.0,46.0
genuine,user9:session_1814762834,63,862.0,40.0
genuine,user9:session_1814762834,64,871.0,36.0
genuine,user9:session_1814762834,65,883.0,29.0
genuine,user9:session_1814762834,66,883.0,27.0
genuine,user9:session_1814762834,67,854.0,282.0
genuine,user9:session_1814762834,68,853.0,283.0
genuine,user9:session_1814762834,69,823.0,309.0
genuine,user9:session_1814762834,70,792.0,314.0
genuine,user9:session_1814762834,71,705.0,296.0
genuine,user9:session_1814762834,72,612.0,270.0
genuine,user9:session_1814762834,73,543.0,255.0
genuine,user9:session_1814762834,74,514.0,263.0
genuine,user9:session_1814762834,75,503.0,266.0
genuine,user9:session_1814762834,76,444.0,287.0
genuine,user9:session_1814762834,77,433.0,295.0
genuine,user9:session_1814762834,78,410.0,309.0
genuine,user9:session_1814762834,79,383.0,320.0
genuine,user9:session_1814762834,80,364.0,328.0
genuine,user9:session_1814762834,81,360.0,329.0
genuine,user9:session_1814762834,82,353.0,333.0
genuine,user9:session_1814762834,83,346.0,337.0
genuine,user9:session_1814762834,84,342.0,343.0
genuine,user9:session_1814762834,85,330.0,359.0
genuine,user9:session_1814762834,86,323.0,373.0
genuine,user9:session_1814762834,87,320.0,381.0
genuine,user9:session_1814762834,88,320.0,382.0
genuine,user9:session_1814762834,89,322.0,393.0
genuine,user9:session_1814762834,90,324.0,397.0
genuine,user9:session_1814762834,91,0.0,0.0
genuine,user9:session_1814762834,92,0.0,0.0
genuine,user9:session_1814762834,93,0.0,0.0
genuine,user9:session_1814762834,94,0.0,0.0
genuine,user9:session_1814762834,95,323.0,392.0
genuine,user9:session_1814762834,96,294.0,318.0
genuine,user9:session_1814762834,97,272.0,225.0
genuine,user9:session_1814762834,98,252.0,148.0
genuine,user9:session_1814762834,99,243.0,128.0
genuine,user9:session_1814762834,100,239.0,119.0
genuine,user9:session_1814762834,101,238.0,116.0
genuine,user9:session_1814762834,102,228.0,87.0
genuine,user9:session_1814762834,103,228.0,85.0
genuine,user9:session_1814762834,104,227.0,74.0
genuine,user9:session_1814762834,105,231.0,68.0
genuine,user9:session_1814762834,106,259.0,56.0
genuine,user9:session_1814762834,107,261.0,55.0
genuine,user9:session_1814762834,108,265.0,53.0
genuine,user9:session_1814762834,109,267.0,52.0
genuine,user9:session_1814762834,110,267.0,52.0
genuine,user9:session_1814762834,111,267.0,52.0
genuine,user9:session_1814762834,112,267.0,52.0
genuine,user9:session_1814762834,113,267.0,52.0
genuine,user9:session_1814762834,114,267.0,52.0
genuine,user9:session_1814762834,115,267.0,55.0
genuine,user9:session_1814762834,116,274.0,124.0
genuine,user9:session_1814762834,117,274.0,141.0
genuine,user9:session_1814762834,118,278.0,217.0
genuine,user9:session_1814762834,119,292.0,274.0
genuine,user9:session_1814762834,120,295.0,285.0
genuine,user9:session_1814762834,121,304.0,307.0
genuine,user9:session_1814762834,122,335.0,369.0
genuine,user9:session_1814762834,123,337.0,376.0
genuine,user9:session_1814762834,124,338.0,373.0
genuine,user9:session_1814762834,125,341.0,362.0
genuine,user9:session_1814762834,126,348.0,344.0
genuine,user9:session_1814762834,127,348.0,343.0
windmouse,windmouse_s00,0,1633.0,687.0
windmouse,windmouse_s00,1,1624.0,681.0
windmouse,windmouse_s00,2,1614.0,675.0
windmouse,windmouse_s00,3,1602.0,667.0
windmouse,windmouse_s00,4,1590.0,659.0
windmouse,windmouse_s00,5,1583.0,654.0
windmouse,windmouse_s00,6,1575.0,649.0
windmouse,windmouse_s00,7,1568.0,644.0
windmouse,windmouse_s00,8,1558.0,637.0
windmouse,windmouse_s00,9,1545.0,629.0
windmouse,windmouse_s00,10,1534.0,623.0
windmouse,windmouse_s00,11,1523.0,617.0
windmouse,windmouse_s00,12,1514.0,611.0
windmouse,windmouse_s00,13,1505.0,605.0
windmouse,windmouse_s00,14,1495.0,599.0
windmouse,windmouse_s00,15,1483.0,591.0
windmouse,windmouse_s00,16,1476.0,587.0
windmouse,windmouse_s00,17,1468.0,582.0
windmouse,windmouse_s00,18,1459.0,577.0
windmouse,windmouse_s00,19,1448.0,569.0
windmouse,windmouse_s00,20,1440.0,563.0
windmouse,windmouse_s00,21,1430.0,557.0
windmouse,windmouse_s00,22,1422.0,552.0
windmouse,windmouse_s00,23,1415.0,547.0
windmouse,windmouse_s00,24,1406.0,541.0
windmouse,windmouse_s00,25,1397.0,536.0
windmouse,windmouse_s00,26,1384.0,528.0
windmouse,windmouse_s00,27,1374.0,523.0
windmouse,windmouse_s00,28,1365.0,519.0
windmouse,windmouse_s00,29,1352.0,513.0
windmouse,windmouse_s00,30,1338.0,507.0
windmouse,windmouse_s00,31,1326.0,501.0
windmouse,windmouse_s00,32,1319.0,496.0
windmouse,windmouse_s00,33,1306.0,489.0
windmouse,windmouse_s00,34,1298.0,484.0
windmouse,windmouse_s00,35,1290.0,480.0
windmouse,windmouse_s00,36,1277.0,472.0
windmouse,windmouse_s00,37,1266.0,466.0
windmouse,windmouse_s00,38,1260.0,463.0
windmouse,windmouse_s00,39,1247.0,457.0
windmouse,windmouse_s00,40,1239.0,454.0
windmouse,windmouse_s00,41,1226.0,447.0
windmouse,windmouse_s00,42,1218.0,443.0
windmouse,windmouse_s00,43,1211.0,438.0
windmouse,windmouse_s00,44,1201.0,432.0
windmouse,windmouse_s00,45,1193.0,426.0
windmouse,windmouse_s00,46,1183.0,420.0
windmouse,windmouse_s00,47,1173.0,413.0
windmouse,windmouse_s00,48,1166.0,409.0
windmouse,windmouse_s00,49,1159.0,405.0
windmouse,windmouse_s00,50,1147.0,398.0
windmouse,windmouse_s00,51,1140.0,394.0
windmouse,windmouse_s00,52,1129.0,387.0
windmouse,windmouse_s00,53,1118.0,379.0
windmouse,windmouse_s00,54,1110.0,372.0
windmouse,windmouse_s00,55,1098.0,365.0
windmouse,windmouse_s00,56,1087.0,357.0
windmouse,windmouse_s00,57,1078.0,352.0
windmouse,windmouse_s00,58,1071.0,347.0
windmouse,windmouse_s00,59,1061.0,339.0
windmouse,windmouse_s00,60,1050.0,332.0
windmouse,windmouse_s00,61,1043.0,327.0
windmouse,windmouse_s00,62,1036.0,322.0
windmouse,windmouse_s00,63,1026.0,316.0
windmouse,windmouse_s00,64,1016.0,310.0
windmouse,windmouse_s00,65,1004.0,302.0
windmouse,windmouse_s00,66,993.0,295.0
windmouse,windmouse_s00,67,984.0,289.0
windmouse,windmouse_s00,68,980.0,289.0
windmouse,windmouse_s00,69,980.0,292.0
windmouse,windmouse_s00,70,981.0,291.0
windmouse,windmouse_s00,71,980.0,301.0
windmouse,windmouse_s00,72,980.0,315.0
windmouse,windmouse_s00,73,981.0,329.0
windmouse,windmouse_s00,74,981.0,340.0
windmouse,windmouse_s00,75,980.0,353.0
windmouse,windmouse_s00,76,980.0,367.0
windmouse,windmouse_s00,77,979.0,380.0
windmouse,windmouse_s00,78,978.0,394.0
windmouse,windmouse_s00,79,978.0,404.0
windmouse,windmouse_s00,80,978.0,415.0
windmouse,windmouse_s00,81,977.0,429.0
windmouse,windmouse_s00,82,975.0,442.0
windmouse,windmouse_s00,83,975.0,453.0
windmouse,windmouse_s00,84,976.0,464.0
windmouse,windmouse_s00,85,977.0,475.0
windmouse,windmouse_s00,86,979.0,485.0
windmouse,windmouse_s00,87,980.0,493.0
windmouse,windmouse_s00,88,982.0,504.0
windmouse,windmouse_s00,89,983.0,516.0
windmouse,windmouse_s00,90,984.0,528.0
windmouse,windmouse_s00,91,984.0,540.0
windmouse,windmouse_s00,92,984.0,552.0
windmouse,windmouse_s00,93,985.0,566.0
windmouse,windmouse_s00,94,985.0,574.0
windmouse,windmouse_s00,95,986.0,585.0
windmouse,windmouse_s00,96,988.0,598.0
windmouse,windmouse_s00,97,989.0,612.0
windmouse,windmouse_s00,98,989.0,626.0
windmouse,windmouse_s00,99,989.0,636.0
windmouse,windmouse_s00,100,989.0,646.0
windmouse,windmouse_s00,101,988.0,655.0
windmouse,windmouse_s00,102,987.0,664.0
windmouse,windmouse_s00,103,988.0,676.0
windmouse,windmouse_s00,104,988.0,683.0
windmouse,windmouse_s00,105,988.0,696.0
windmouse,windmouse_s00,106,989.0,705.0
windmouse,windmouse_s00,107,990.0,720.0
windmouse,windmouse_s00,108,992.0,732.0
windmouse,windmouse_s00,109,993.0,741.0
windmouse,windmouse_s00,110,995.0,751.0
windmouse,windmouse_s00,111,996.0,763.0
windmouse,windmouse_s00,112,997.0,771.0
windmouse,windmouse_s00,113,997.0,780.0
windmouse,windmouse_s00,114,997.0,791.0
windmouse,windmouse_s00,115,997.0,804.0
windmouse,windmouse_s00,116,997.0,812.0
windmouse,windmouse_s00,117,998.0,823.0
windmouse,windmouse_s00,118,997.0,837.0
windmouse,windmouse_s00,119,996.0,851.0
windmouse,windmouse_s00,120,995.0,865.0
windmouse,windmouse_s00,121,994.0,878.0
windmouse,windmouse_s00,122,994.0,891.0
windmouse,windmouse_s00,123,994.0,900.0
windmouse,windmouse_s00,124,994.0,909.0
windmouse,windmouse_s00,125,994.0,916.0
windmouse,windmouse_s00,126,995.0,926.0
windmouse,windmouse_s00,127,996.0,937.0
windmouse,windmouse_s01,0,608.0,658.0
windmouse,windmouse_s01,1,607.0,659.0
windmouse,windmouse_s01,2,607.0,658.0
windmouse,windmouse_s01,3,613.0,651.0
windmouse,windmouse_s01,4,619.0,643.0
windmouse,windmouse_s01,5,624.0,637.0
windmouse,windmouse_s01,6,631.0,628.0
windmouse,windmouse_s01,7,639.0,617.0
windmouse,windmouse_s01,8,644.0,610.0
windmouse,windmouse_s01,9,652.0,600.0
windmouse,windmouse_s01,10,658.0,593.0
windmouse,windmouse_s01,11,663.0,586.0
windmouse,windmouse_s01,12,674.0,576.0
windmouse,windmouse_s01,13,681.0,568.0
windmouse,windmouse_s01,14,686.0,563.0
windmouse,windmouse_s01,15,694.0,552.0
windmouse,windmouse_s01,16,701.0,542.0
windmouse,windmouse_s01,17,710.0,532.0
windmouse,windmouse_s01,18,716.0,525.0
windmouse,windmouse_s01,19,721.0,519.0
windmouse,windmouse_s01,20,729.0,509.0
windmouse,windmouse_s01,21,734.0,503.0
windmouse,windmouse_s01,22,740.0,496.0
windmouse,windmouse_s01,23,746.0,486.0
windmouse,windmouse_s01,24,752.0,479.0
windmouse,windmouse_s01,25,761.0,469.0
windmouse,windmouse_s01,26,767.0,461.0
windmouse,windmouse_s01,27,774.0,454.0
windmouse,windmouse_s01,28,782.0,446.0
windmouse,windmouse_s01,29,788.0,440.0
windmouse,windmouse_s01,30,797.0,430.0
windmouse,windmouse_s01,31,805.0,421.0
windmouse,windmouse_s01,32,814.0,412.0
windmouse,windmouse_s01,33,823.0,403.0
windmouse,windmouse_s01,34,829.0,395.0
windmouse,windmouse_s01,35,836.0,388.0
windmouse,windmouse_s01,36,845.0,378.0
windmouse,windmouse_s01,37,851.0,369.0
windmouse,windmouse_s01,38,859.0,359.0
windmouse,windmouse_s01,39,866.0,350.0
windmouse,windmouse_s01,40,876.0,339.0
windmouse,windmouse_s01,41,886.0,329.0
windmouse,windmouse_s01,42,896.0,319.0
windmouse,windmouse_s01,43,904.0,311.0
windmouse,windmouse_s01,44,912.0,300.0
windmouse,windmouse_s01,45,917.0,294.0
windmouse,windmouse_s01,46,926.0,284.0
windmouse,windmouse_s01,47,933.0,276.0
windmouse,windmouse_s01,48,940.0,268.0
windmouse,windmouse_s01,49,949.0,259.0
windmouse,windmouse_s01,50,959.0,250.0
windmouse,windmouse_s01,51,970.0,241.0
windmouse,windmouse_s01,52,978.0,234.0
windmouse,windmouse_s01,53,985.0,227.0
windmouse,windmouse_s01,54,994.0,218.0
windmouse,windmouse_s01,55,1000.0,211.0
windmouse,windmouse_s01,56,1007.0,202.0
windmouse,windmouse_s01,57,1015.0,191.0
windmouse,windmouse_s01,58,1020.0,185.0
windmouse,windmouse_s01,59,1027.0,175.0
windmouse,windmouse_s01,60,1036.0,164.0
windmouse,windmouse_s01,61,1042.0,156.0
windmouse,windmouse_s01,62,1048.0,149.0
windmouse,windmouse_s01,63,1053.0,142.0
windmouse,windmouse_s01,64,1060.0,134.0
windmouse,windmouse_s01,65,1069.0,123.0
windmouse,windmouse_s01,66,1079.0,114.0
windmouse,windmouse_s01,67,1085.0,108.0
windmouse,windmouse_s01,68,1095.0,99.0
windmouse,windmouse_s01,69,1098.0,97.0
windmouse,windmouse_s01,70,1099.0,95.0
windmouse,windmouse_s01,71,1101.0,92.0
windmouse,windmouse_s01,72,1100.0,93.0
windmouse,windmouse_s01,73,1100.0,93.0
windmouse,windmouse_s01,74,1095.0,99.0
windmouse,windmouse_s01,75,1085.0,110.0
windmouse,windmouse_s01,76,1078.0,119.0
windmouse,windmouse_s01,77,1070.0,127.0
windmouse,windmouse_s01,78,1061.0,138.0
windmouse,windmouse_s01,79,1054.0,147.0
windmouse,windmouse_s01,80,1046.0,155.0
windmouse,windmouse_s01,81,1036.0,165.0
windmouse,windmouse_s01,82,1028.0,173.0
windmouse,windmouse_s01,83,1021.0,180.0
windmouse,windmouse_s01,84,1014.0,189.0
windmouse,windmouse_s01,85,1007.0,199.0
windmouse,windmouse_s01,86,1000.0,208.0
windmouse,windmouse_s01,87,991.0,219.0
windmouse,windmouse_s01,88,985.0,225.0
windmouse,windmouse_s01,89,975.0,236.0
windmouse,windmouse_s01,90,967.0,245.0
windmouse,windmouse_s01,91,957.0,256.0
windmouse,windmouse_s01,92,951.0,262.0
windmouse,windmouse_s01,93,943.0,269.0
windmouse,windmouse_s01,94,938.0,275.0
windmouse,windmouse_s01,95,929.0,284.0
windmouse,windmouse_s01,96,922.0,291.0
windmouse,windmouse_s01,97,911.0,301.0
windmouse,windmouse_s01,98,902.0,309.0
windmouse,windmouse_s01,99,891.0,318.0
windmouse,windmouse_s01,100,884.0,324.0
windmouse,windmouse_s01,101,874.0,333.0
windmouse,windmouse_s01,102,867.0,338.0
windmouse,windmouse_s01,103,859.0,345.0
windmouse,windmouse_s01,104,852.0,352.0
windmouse,windmouse_s01,105,844.0,360.0
windmouse,windmouse_s01,106,838.0,366.0
windmouse,windmouse_s01,107,830.0,375.0
windmouse,windmouse_s01,108,820.0,386.0
windmouse,windmouse_s01,109,811.0,395.0
windmouse,windmouse_s01,110,804.0,401.0
windmouse,windmouse_s01,111,795.0,411.0
windmouse,windmouse_s01,112,789.0,417.0
windmouse,windmouse_s01,113,779.0,426.0
windmouse,windmouse_s01,114,771.0,433.0
windmouse,windmouse_s01,115,763.0,441.0
windmouse,windmouse_s01,116,755.0,449.0
windmouse,windmouse_s01,117,749.0,455.0
windmouse,windmouse_s01,118,742.0,463.0
windmouse,windmouse_s01,119,732.0,473.0
windmouse,windmouse_s01,120,723.0,484.0
windmouse,windmouse_s01,121,713.0,494.0
windmouse,windmouse_s01,122,704.0,503.0
windmouse,windmouse_s01,123,697.0,509.0
windmouse,windmouse_s01,124,690.0,514.0
windmouse,windmouse_s01,125,683.0,520.0
windmouse,windmouse_s01,126,676.0,528.0
windmouse,windmouse_s01,127,667.0,538.0
windmouse,windmouse_s02,0,863.0,209.0
windmouse,windmouse_s02,1,851.0,200.0
windmouse,windmouse_s02,2,844.0,196.0
windmouse,windmouse_s02,3,835.0,192.0
windmouse,windmouse_s02,4,826.0,187.0
windmouse,windmouse_s02,5,818.0,182.0
windmouse,windmouse_s02,6,807.0,174.0
windmouse,windmouse_s02,7,803.0,171.0
windmouse,windmouse_s02,8,805.0,173.0
windmouse,windmouse_s02,9,808.0,175.0
windmouse,windmouse_s02,10,808.0,175.0
windmouse,windmouse_s02,11,816.0,180.0
windmouse,windmouse_s02,12,824.0,184.0
windmouse,windmouse_s02,13,836.0,191.0
windmouse,windmouse_s02,14,847.0,196.0
windmouse,windmouse_s02,15,855.0,200.0
windmouse,windmouse_s02,16,867.0,206.0
windmouse,windmouse_s02,17,880.0,213.0
windmouse,windmouse_s02,18,888.0,217.0
windmouse,windmouse_s02,19,901.0,223.0
windmouse,windmouse_s02,20,910.0,227.0
windmouse,windmouse_s02,21,923.0,232.0
windmouse,windmouse_s02,22,935.0,238.0
windmouse,windmouse_s02,23,943.0,242.0
windmouse,windmouse_s02,24,956.0,249.0
windmouse,windmouse_s02,25,966.0,255.0
windmouse,windmouse_s02,26,974.0,259.0
windmouse,windmouse_s02,27,983.0,264.0
windmouse,windmouse_s02,28,990.0,268.0
windmouse,windmouse_s02,29,1000.0,275.0
windmouse,windmouse_s02,30,1009.0,281.0
windmouse,windmouse_s02,31,1019.0,286.0
windmouse,windmouse_s02,32,1026.0,291.0
windmouse,windmouse_s02,33,1036.0,296.0
windmouse,windmouse_s02,34,1046.0,302.0
windmouse,windmouse_s02,35,1058.0,307.0
windmouse,windmouse_s02,36,1066.0,310.0
windmouse,windmouse_s02,37,1074.0,314.0
windmouse,windmouse_s02,38,1085.0,321.0
windmouse,windmouse_s02,39,1096.0,328.0
windmouse,windmouse_s02,40,1108.0,337.0
windmouse,windmouse_s02,41,1115.0,343.0
windmouse,windmouse_s02,42,1121.0,348.0
windmouse,windmouse_s02,43,1130.0,356.0
windmouse,windmouse_s02,44,1138.0,362.0
windmouse,windmouse_s02,45,1146.0,369.0
windmouse,windmouse_s02,46,1156.0,376.0
windmouse,windmouse_s02,47,1164.0,381.0
windmouse,windmouse_s02,48,1174.0,387.0
windmouse,windmouse_s02,49,1187.0,394.0
windmouse,windmouse_s02,50,1196.0,399.0
windmouse,windmouse_s02,51,1207.0,405.0
windmouse,windmouse_s02,52,1219.0,412.0
windmouse,windmouse_s02,53,1227.0,416.0
windmouse,windmouse_s02,54,1234.0,420.0
windmouse,windmouse_s02,55,1245.0,424.0
windmouse,windmouse_s02,56,1258.0,429.0
windmouse,windmouse_s02,57,1271.0,434.0
windmouse,windmouse_s02,58,1279.0,436.0
windmouse,windmouse_s02,59,1289.0,439.0
windmouse,windmouse_s02,60,1301.0,444.0
windmouse,windmouse_s02,61,1314.0,449.0
windmouse,windmouse_s02,62,1323.0,453.0
windmouse,windmouse_s02,63,1332.0,457.0
windmouse,windmouse_s02,64,1345.0,462.0
windmouse,windmouse_s02,65,1357.0,468.0
windmouse,windmouse_s02,66,1364.0,472.0
windmouse,windmouse_s02,67,1372.0,477.0
windmouse,windmouse_s02,68,1380.0,483.0
windmouse,windmouse_s02,69,1387.0,487.0
windmouse,windmouse_s02,70,1400.0,494.0
windmouse,windmouse_s02,71,1412.0,501.0
windmouse,windmouse_s02,72,1424.0,507.0
windmouse,windmouse_s02,73,1435.0,512.0
windmouse,windmouse_s02,74,1448.0,518.0
windmouse,windmouse_s02,75,1461.0,524.0
windmouse,windmouse_s02,76,1471.0,528.0
windmouse,windmouse_s02,77,1480.0,532.0
windmouse,windmouse_s02,78,1488.0,536.0
windmouse,windmouse_s02,79,1497.0,542.0
windmouse,windmouse_s02,80,1507.0,547.0
windmouse,windmouse_s02,81,1514.0,551.0
windmouse,windmouse_s02,82,1524.0,554.0
windmouse,windmouse_s02,83,1533.0,557.0
windmouse,windmouse_s02,84,1545.0,561.0
windmouse,windmouse_s02,85,1552.0,564.0
windmouse,windmouse_s02,86,1564.0,569.0
windmouse,windmouse_s02,87,1571.0,573.0
windmouse,windmouse_s02,88,1575.0,576.0
windmouse,windmouse_s02,89,1576.0,577.0
windmouse,windmouse_s02,90,1579.0,579.0
windmouse,windmouse_s02,91,1579.0,580.0
windmouse,windmouse_s02,92,1573.0,575.0
windmouse,windmouse_s02,93,1565.0,568.0
windmouse,windmouse_s02,94,1554.0,559.0
windmouse,windmouse_s02,95,1548.0,554.0
windmouse,windmouse_s02,96,1540.0,549.0
windmouse,windmouse_s02,97,1529.0,542.0
windmouse,windmouse_s02,98,1522.0,538.0
windmouse,windmouse_s02,99,1513.0,533.0
windmouse,windmouse_s02,100,1504.0,528.0
windmouse,windmouse_s02,101,1496.0,524.0
windmouse,windmouse_s02,102,1487.0,519.0
windmouse,windmouse_s02,103,1476.0,515.0
windmouse,windmouse_s02,104,1468.0,512.0
windmouse,windmouse_s02,105,1458.0,507.0
windmouse,windmouse_s02,106,1447.0,500.0
windmouse,windmouse_s02,107,1439.0,494.0
windmouse,windmouse_s02,108,1432.0,489.0
windmouse,windmouse_s02,109,1420.0,482.0
windmouse,windmouse_s02,110,1410.0,477.0
windmouse,windmouse_s02,111,1400.0,470.0
windmouse,windmouse_s02,112,1389.0,464.0
windmouse,windmouse_s02,113,1380.0,458.0
windmouse,windmouse_s02,114,1369.0,451.0
windmouse,windmouse_s02,115,1362.0,446.0
windmouse,windmouse_s02,116,1355.0,442.0
windmouse,windmouse_s02,117,1345.0,436.0
windmouse,windmouse_s02,118,1334.0,428.0
windmouse,windmouse_s02,119,1327.0,423.0
windmouse,windmouse_s02,120,1320.0,417.0
windmouse,windmouse_s02,121,1314.0,411.0
windmouse,windmouse_s02,122,1305.0,403.0
windmouse,windmouse_s02,123,1297.0,395.0
windmouse,windmouse_s02,124,1289.0,389.0
windmouse,windmouse_s02,125,1278.0,383.0
windmouse,windmouse_s02,126,1266.0,376.0
windmouse,windmouse_s02,127,1258.0,372.0
windmouse,windmouse_s03,0,1031.0,968.0
windmouse,windmouse_s03,1,1041.0,971.0
windmouse,windmouse_s03,2,1051.0,974.0
windmouse,windmouse_s03,3,1059.0,977.0
windmouse,windmouse_s03,4,1071.0,981.0
windmouse,windmouse_s03,5,1082.0,985.0
windmouse,windmouse_s03,6,1088.0,987.0
windmouse,windmouse_s03,7,1086.0,986.0
windmouse,windmouse_s03,8,1090.0,989.0
windmouse,windmouse_s03,9,1088.0,987.0
windmouse,windmouse_s03,10,1087.0,987.0
windmouse,windmouse_s03,11,1082.0,978.0
windmouse,windmouse_s03,12,1078.0,969.0
windmouse,windmouse_s03,13,1071.0,957.0
windmouse,windmouse_s03,14,1065.0,945.0
windmouse,windmouse_s03,15,1058.0,933.0
windmouse,windmouse_s03,16,1054.0,924.0
windmouse,windmouse_s03,17,1049.0,914.0
windmouse,windmouse_s03,18,1044.0,905.0
windmouse,windmouse_s03,19,1037.0,893.0
windmouse,windmouse_s03,20,1032.0,882.0
windmouse,windmouse_s03,21,1026.0,872.0
windmouse,windmouse_s03,22,1021.0,863.0
windmouse,windmouse_s03,23,1016.0,854.0
windmouse,windmouse_s03,24,1011.0,847.0
windmouse,windmouse_s03,25,1005.0,838.0
windmouse,windmouse_s03,26,1001.0,830.0
windmouse,windmouse_s03,27,994.0,819.0
windmouse,windmouse_s03,28,987.0,808.0
windmouse,windmouse_s03,29,982.0,796.0
windmouse,windmouse_s03,30,977.0,784.0
windmouse,windmouse_s03,31,972.0,771.0
windmouse,windmouse_s03,32,968.0,760.0
windmouse,windmouse_s03,33,964.0,748.0
windmouse,windmouse_s03,34,960.0,737.0
windmouse,windmouse_s03,35,957.0,730.0
windmouse,windmouse_s03,36,953.0,716.0
windmouse,windmouse_s03,37,949.0,705.0
windmouse,windmouse_s03,38,944.0,694.0
windmouse,windmouse_s03,39,940.0,685.0
windmouse,windmouse_s03,40,935.0,674.0
windmouse,windmouse_s03,41,929.0,661.0
windmouse,windmouse_s03,42,922.0,650.0
windmouse,windmouse_s03,43,915.0,642.0
windmouse,windmouse_s03,44,909.0,635.0
windmouse,windmouse_s03,45,901.0,625.0
windmouse,windmouse_s03,46,896.0,619.0
windmouse,windmouse_s03,47,888.0,608.0
windmouse,windmouse_s03,48,881.0,598.0
windmouse,windmouse_s03,49,874.0,588.0
windmouse,windmouse_s03,50,869.0,580.0
windmouse,windmouse_s03,51,863.0,566.0
windmouse,windmouse_s03,52,864.0,563.0
windmouse,windmouse_s03,53,865.0,565.0
windmouse,windmouse_s03,54,865.0,568.0
windmouse,windmouse_s03,55,865.0,567.0
windmouse,windmouse_s03,56,873.0,561.0
windmouse,windmouse_s03,57,884.0,553.0
windmouse,windmouse_s03,58,895.0,546.0
windmouse,windmouse_s03,59,905.0,539.0
windmouse,windmouse_s03,60,912.0,534.0
windmouse,windmouse_s03,61,919.0,530.0
windmouse,windmouse_s03,62,928.0,525.0
windmouse,windmouse_s03,63,935.0,521.0
windmouse,windmouse_s03,64,946.0,513.0
windmouse,windmouse_s03,65,955.0,507.0
windmouse,windmouse_s03,66,962.0,502.0
windmouse,windmouse_s03,67,969.0,496.0
windmouse,windmouse_s03,68,977.0,489.0
windmouse,windmouse_s03,69,983.0,484.0
windmouse,windmouse_s03,70,989.0,478.0
windmouse,windmouse_s03,71,998.0,472.0
windmouse,windmouse_s03,72,1011.0,464.0
windmouse,windmouse_s03,73,1023.0,455.0
windmouse,windmouse_s03,74,1033.0,448.0
windmouse,windmouse_s03,75,1039.0,443.0
windmouse,windmouse_s03,76,1050.0,434.0
windmouse,windmouse_s03,77,1060.0,425.0
windmouse,windmouse_s03,78,1067.0,419.0
windmouse,windmouse_s03,79,1076.0,412.0
windmouse,windmouse_s03,80,1086.0,403.0
windmouse,windmouse_s03,81,1097.0,394.0
windmouse,windmouse_s03,82,1103.0,389.0
windmouse,windmouse_s03,83,1115.0,382.0
windmouse,windmouse_s03,84,1127.0,375.0
windmouse,windmouse_s03,85,1135.0,372.0
windmouse,windmouse_s03,86,1142.0,368.0
windmouse,windmouse_s03,87,1155.0,363.0
windmouse,windmouse_s03,88,1164.0,359.0
windmouse,windmouse_s03,89,1175.0,355.0
windmouse,windmouse_s03,90,1184.0,351.0
windmouse,windmouse_s03,91,1191.0,346.0
windmouse,windmouse_s03,92,1201.0,340.0
windmouse,windmouse_s03,93,1208.0,335.0
windmouse,windmouse_s03,94,1219.0,326.0
windmouse,windmouse_s03,95,1227.0,320.0
windmouse,windmouse_s03,96,1238.0,312.0
windmouse,windmouse_s03,97,1248.0,304.0
windmouse,windmouse_s03,98,1256.0,298.0
windmouse,windmouse_s03,99,1268.0,290.0
windmouse,windmouse_s03,100,1274.0,285.0
windmouse,windmouse_s03,101,1284.0,280.0
windmouse,windmouse_s03,102,1294.0,273.0
windmouse,windmouse_s03,103,1303.0,268.0
windmouse,windmouse_s03,104,1314.0,260.0
windmouse,windmouse_s03,105,1326.0,253.0
windmouse,windmouse_s03,106,1336.0,246.0
windmouse,windmouse_s03,107,1343.0,241.0
windmouse,windmouse_s03,108,1354.0,235.0
windmouse,windmouse_s03,109,1365.0,229.0
windmouse,windmouse_s03,110,1375.0,223.0
windmouse,windmouse_s03,111,1384.0,218.0
windmouse,windmouse_s03,112,1397.0,210.0
windmouse,windmouse_s03,113,1409.0,202.0
windmouse,windmouse_s03,114,1416.0,197.0
windmouse,windmouse_s03,115,1423.0,192.0
windmouse,windmouse_s03,116,1433.0,183.0
windmouse,windmouse_s03,117,1444.0,174.0
windmouse,windmouse_s03,118,1455.0,165.0
windmouse,windmouse_s03,119,1464.0,157.0
windmouse,windmouse_s03,120,1474.0,148.0
windmouse,windmouse_s03,121,1482.0,141.0
windmouse,windmouse_s03,122,1490.0,133.0
windmouse,windmouse_s03,123,1493.0,130.0
windmouse,windmouse_s03,124,1495.0,128.0
windmouse,windmouse_s03,125,1493.0,130.0
windmouse,windmouse_s03,126,1494.0,129.0
windmouse,windmouse_s03,127,1494.0,129.0
windmouse,windmouse_s04,0,997.0,891.0
windmouse,windmouse_s04,1,989.0,887.0
windmouse,windmouse_s04,2,982.0,883.0
windmouse,windmouse_s04,3,972.0,877.0
windmouse,windmouse_s04,4,963.0,872.0
windmouse,windmouse_s04,5,955.0,867.0
windmouse,windmouse_s04,6,948.0,863.0
windmouse,windmouse_s04,7,937.0,858.0
windmouse,windmouse_s04,8,923.0,852.0
windmouse,windmouse_s04,9,917.0,849.0
windmouse,windmouse_s04,10,904.0,843.0
windmouse,windmouse_s04,11,895.0,839.0
windmouse,windmouse_s04,12,885.0,836.0
windmouse,windmouse_s04,13,878.0,833.0
windmouse,windmouse_s04,14,865.0,829.0
windmouse,windmouse_s04,15,855.0,825.0
windmouse,windmouse_s04,16,841.0,821.0
windmouse,windmouse_s04,17,827.0,817.0
windmouse,windmouse_s04,18,816.0,813.0
windmouse,windmouse_s04,19,805.0,808.0
windmouse,windmouse_s04,20,795.0,803.0
windmouse,windmouse_s04,21,784.0,797.0
windmouse,windmouse_s04,22,775.0,793.0
windmouse,windmouse_s04,23,767.0,789.0
windmouse,windmouse_s04,24,757.0,784.0
windmouse,windmouse_s04,25,750.0,781.0
windmouse,windmouse_s04,26,737.0,776.0
windmouse,windmouse_s04,27,727.0,772.0
windmouse,windmouse_s04,28,719.0,768.0
windmouse,windmouse_s04,29,707.0,763.0
windmouse,windmouse_s04,30,699.0,759.0
windmouse,windmouse_s04,31,690.0,755.0
windmouse,windmouse_s04,32,678.0,750.0
windmouse,windmouse_s04,33,665.0,745.0
windmouse,windmouse_s04,34,653.0,741.0
windmouse,windmouse_s04,35,644.0,738.0
windmouse,windmouse_s04,36,633.0,734.0
windmouse,windmouse_s04,37,623.0,731.0
windmouse,windmouse_s04,38,610.0,727.0
windmouse,windmouse_s04,39,597.0,723.0
windmouse,windmouse_s04,40,583.0,719.0
windmouse,windmouse_s04,41,573.0,715.0
windmouse,windmouse_s04,42,563.0,712.0
windmouse,windmouse_s04,43,550.0,706.0
windmouse,windmouse_s04,44,541.0,703.0
windmouse,windmouse_s04,45,533.0,700.0
windmouse,windmouse_s04,46,522.0,695.0
windmouse,windmouse_s04,47,511.0,690.0
windmouse,windmouse_s04,48,503.0,687.0
windmouse,windmouse_s04,49,489.0,682.0
windmouse,windmouse_s04,50,475.0,676.0
windmouse,windmouse_s04,51,462.0,671.0
windmouse,windmouse_s04,52,451.0,668.0
windmouse,windmouse_s04,53,440.0,665.0
windmouse,windmouse_s04,54,430.0,661.0
windmouse,windmouse_s04,55,422.0,658.0
windmouse,windmouse_s04,56,409.0,651.0
windmouse,windmouse_s04,57,402.0,647.0
windmouse,windmouse_s04,58,393.0,643.0
windmouse,windmouse_s04,59,380.0,637.0
windmouse,windmouse_s04,60,369.0,633.0
windmouse,windmouse_s04,61,362.0,629.0
windmouse,windmouse_s04,62,355.0,625.0
windmouse,windmouse_s04,63,343.0,621.0
windmouse,windmouse_s04,64,333.0,616.0
windmouse,windmouse_s04,65,323.0,612.0
windmouse,windmouse_s04,66,309.0,606.0
windmouse,windmouse_s04,67,299.0,602.0
windmouse,windmouse_s04,68,289.0,596.0
windmouse,windmouse_s04,69,281.0,591.0
windmouse,windmouse_s04,70,272.0,587.0
windmouse,windmouse_s04,71,266.0,584.0
windmouse,windmouse_s04,72,264.0,584.0
windmouse,windmouse_s04,73,263.0,584.0
windmouse,windmouse_s04,74,272.0,584.0
windmouse,windmouse_s04,75,281.0,585.0
windmouse,windmouse_s04,76,290.0,586.0
windmouse,windmouse_s04,77,298.0,586.0
windmouse,windmouse_s04,78,306.0,586.0
windmouse,windmouse_s04,79,318.0,586.0
windmouse,windmouse_s04,80,328.0,586.0
windmouse,windmouse_s04,81,340.0,586.0
windmouse,windmouse_s04,82,351.0,587.0
windmouse,windmouse_s04,83,361.0,588.0
windmouse,windmouse_s04,84,368.0,590.0
windmouse,windmouse_s04,85,382.0,592.0
windmouse,windmouse_s04,86,394.0,593.0
windmouse,windmouse_s04,87,404.0,595.0
windmouse,windmouse_s04,88,414.0,596.0
windmouse,windmouse_s04,89,422.0,596.0
windmouse,windmouse_s04,90,431.0,597.0
windmouse,windmouse_s04,91,439.0,597.0
windmouse,windmouse_s04,92,449.0,598.0
windmouse,windmouse_s04,93,459.0,600.0
windmouse,windmouse_s04,94,469.0,601.0
windmouse,windmouse_s04,95,481.0,602.0
windmouse,windmouse_s04,96,490.0,603.0
windmouse,windmouse_s04,97,501.0,604.0
windmouse,windmouse_s04,98,512.0,604.0
windmouse,windmouse_s04,99,521.0,604.0
windmouse,windmouse_s04,100,533.0,603.0
windmouse,windmouse_s04,101,546.0,603.0
windmouse,windmouse_s04,102,560.0,603.0
windmouse,windmouse_s04,103,571.0,604.0
windmouse,windmouse_s04,104,581.0,605.0
windmouse,windmouse_s04,105,592.0,605.0
windmouse,windmouse_s04,106,600.0,606.0
windmouse,windmouse_s04,107,610.0,606.0
windmouse,windmouse_s04,108,622.0,607.0
windmouse,windmouse_s04,109,631.0,607.0
windmouse,windmouse_s04,110,643.0,607.0
windmouse,windmouse_s04,111,656.0,609.0
windmouse,windmouse_s04,112,664.0,610.0
windmouse,windmouse_s04,113,676.0,611.0
windmouse,windmouse_s04,114,684.0,611.0
windmouse,windmouse_s04,115,693.0,611.0
windmouse,windmouse_s04,116,703.0,611.0
windmouse,windmouse_s04,117,710.0,610.0
windmouse,windmouse_s04,118,720.0,610.0
windmouse,windmouse_s04,119,735.0,610.0
windmouse,windmouse_s04,120,744.0,611.0
windmouse,windmouse_s04,121,758.0,613.0
windmouse,windmouse_s04,122,766.0,614.0
windmouse,windmouse_s04,123,777.0,616.0
windmouse,windmouse_s04,124,787.0,618.0
windmouse,windmouse_s04,125,797.0,619.0
windmouse,windmouse_s04,126,810.0,621.0
windmouse,windmouse_s04,127,818.0,622.0
windmouse,windmouse_s05,0,1100.0,1049.0
windmouse,windmouse_s05,1,1110.0,1049.0
windmouse,windmouse_s05,2,1124.0,1048.0
windmouse,windmouse_s05,3,1135.0,1048.0
windmouse,windmouse_s05,4,1145.0,1047.0
windmouse,windmouse_s05,5,1157.0,1047.0
windmouse,windmouse_s05,6,1170.0,1046.0
windmouse,windmouse_s05,7,1180.0,1046.0
windmouse,windmouse_s05,8,1194.0,1046.0
windmouse,windmouse_s05,9,1207.0,1046.0
windmouse,windmouse_s05,10,1218.0,1047.0
windmouse,windmouse_s05,11,1231.0,1047.0
windmouse,windmouse_s05,12,1245.0,1048.0
windmouse,windmouse_s05,13,1259.0,1049.0
windmouse,windmouse_s05,14,1271.0,1049.0
windmouse,windmouse_s05,15,1284.0,1048.0
windmouse,windmouse_s05,16,1296.0,1047.0
windmouse,windmouse_s05,17,1307.0,1045.0
windmouse,windmouse_s05,18,1318.0,1044.0
windmouse,windmouse_s05,19,1332.0,1043.0
windmouse,windmouse_s05,20,1347.0,1040.0
windmouse,windmouse_s05,21,1361.0,1038.0
windmouse,windmouse_s05,22,1369.0,1037.0
windmouse,windmouse_s05,23,1379.0,1036.0
windmouse,windmouse_s05,24,1388.0,1035.0
windmouse,windmouse_s05,25,1399.0,1034.0
windmouse,windmouse_s05,26,1412.0,1033.0
windmouse,windmouse_s05,27,1422.0,1033.0
windmouse,windmouse_s05,28,1432.0,1033.0
windmouse,windmouse_s05,29,1442.0,1034.0
windmouse,windmouse_s05,30,1455.0,1036.0
windmouse,windmouse_s05,31,1465.0,1037.0
windmouse,windmouse_s05,32,1474.0,1038.0
windmouse,windmouse_s05,33,1488.0,1037.0
windmouse,windmouse_s05,34,1501.0,1035.0
windmouse,windmouse_s05,35,1513.0,1034.0
windmouse,windmouse_s05,36,1522.0,1032.0
windmouse,windmouse_s05,37,1535.0,1029.0
windmouse,windmouse_s05,38,1549.0,1027.0
windmouse,windmouse_s05,39,1554.0,1026.0
windmouse,windmouse_s05,40,1557.0,1026.0
windmouse,windmouse_s05,41,1556.0,1026.0
windmouse,windmouse_s05,42,1547.0,1023.0
windmouse,windmouse_s05,43,1538.0,1019.0
windmouse,windmouse_s05,44,1531.0,1016.0
windmouse,windmouse_s05,45,1521.0,1012.0
windmouse,windmouse_s05,46,1512.0,1010.0
windmouse,windmouse_s05,47,1505.0,1007.0
windmouse,windmouse_s05,48,1498.0,1003.0
windmouse,windmouse_s05,49,1487.0,997.0
windmouse,windmouse_s05,50,1476.0,991.0
windmouse,windmouse_s05,51,1463.0,986.0
windmouse,windmouse_s05,52,1450.0,982.0
windmouse,windmouse_s05,53,1440.0,979.0
windmouse,windmouse_s05,54,1427.0,976.0
windmouse,windmouse_s05,55,1412.0,973.0
windmouse,windmouse_s05,56,1398.0,969.0
windmouse,windmouse_s05,57,1391.0,967.0
windmouse,windmouse_s05,58,1377.0,964.0
windmouse,windmouse_s05,59,1362.0,960.0
windmouse,windmouse_s05,60,1348.0,957.0
windmouse,windmouse_s05,61,1339.0,954.0
windmouse,windmouse_s05,62,1326.0,950.0
windmouse,windmouse_s05,63,1315.0,946.0
windmouse,windmouse_s05,64,1304.0,942.0
windmouse,windmouse_s05,65,1293.0,939.0
windmouse,windmouse_s05,66,1282.0,934.0
windmouse,windmouse_s05,67,1272.0,930.0
windmouse,windmouse_s05,68,1265.0,926.0
windmouse,windmouse_s05,69,1254.0,921.0
windmouse,windmouse_s05,70,1241.0,916.0
windmouse,windmouse_s05,71,1233.0,913.0
windmouse,windmouse_s05,72,1222.0,910.0
windmouse,windmouse_s05,73,1213.0,907.0
windmouse,windmouse_s05,74,1198.0,905.0
windmouse,windmouse_s05,75,1190.0,903.0
windmouse,windmouse_s05,76,1179.0,901.0
windmouse,windmouse_s05,77,1168.0,898.0
windmouse,windmouse_s05,78,1159.0,896.0
windmouse,windmouse_s05,79,1146.0,894.0
windmouse,windmouse_s05,80,1138.0,892.0
windmouse,windmouse_s05,81,1125.0,888.0
windmouse,windmouse_s05,82,1115.0,884.0
windmouse,windmouse_s05,83,1106.0,880.0
windmouse,windmouse_s05,84,1097.0,877.0
windmouse,windmouse_s05,85,1087.0,872.0
windmouse,windmouse_s05,86,1081.0,868.0
windmouse,windmouse_s05,87,1072.0,862.0
windmouse,windmouse_s05,88,1066.0,858.0
windmouse,windmouse_s05,89,1058.0,855.0
windmouse,windmouse_s05,90,1051.0,851.0
windmouse,windmouse_s05,91,1037.0,846.0
windmouse,windmouse_s05,92,1025.0,842.0
windmouse,windmouse_s05,93,1013.0,837.0
windmouse,windmouse_s05,94,1000.0,832.0
windmouse,windmouse_s05,95,989.0,828.0
windmouse,windmouse_s05,96,980.0,824.0
windmouse,windmouse_s05,97,972.0,820.0
windmouse,windmouse_s05,98,960.0,816.0
windmouse,windmouse_s05,99,946.0,810.0
windmouse,windmouse_s05,100,937.0,806.0
windmouse,windmouse_s05,101,924.0,799.0
windmouse,windmouse_s05,102,915.0,794.0
windmouse,windmouse_s05,103,904.0,788.0
windmouse,windmouse_s05,104,893.0,782.0
windmouse,windmouse_s05,105,885.0,779.0
windmouse,windmouse_s05,106,875.0,776.0
windmouse,windmouse_s05,107,863.0,773.0
windmouse,windmouse_s05,108,851.0,770.0
windmouse,windmouse_s05,109,837.0,766.0
windmouse,windmouse_s05,110,829.0,764.0
windmouse,windmouse_s05,111,815.0,759.0
windmouse,windmouse_s05,112,803.0,755.0
windmouse,windmouse_s05,113,793.0,752.0
windmouse,windmouse_s05,114,780.0,748.0
windmouse,windmouse_s05,115,772.0,746.0
windmouse,windmouse_s05,116,760.0,742.0
windmouse,windmouse_s05,117,748.0,739.0
windmouse,windmouse_s05,118,738.0,736.0
windmouse,windmouse_s05,119,731.0,735.0
windmouse,windmouse_s05,120,721.0,732.0
windmouse,windmouse_s05,121,709.0,727.0
windmouse,windmouse_s05,122,699.0,723.0
windmouse,windmouse_s05,123,687.0,717.0
windmouse,windmouse_s05,124,674.0,711.0
windmouse,windmouse_s05,125,665.0,707.0
windmouse,windmouse_s05,126,653.0,704.0
windmouse,windmouse_s05,127,640.0,699.0
windmouse,windmouse_s06,0,1661.0,911.0
windmouse,windmouse_s06,1,1656.0,905.0
windmouse,windmouse_s06,2,1650.0,899.0
windmouse,windmouse_s06,3,1644.0,894.0
windmouse,windmouse_s06,4,1638.0,888.0
windmouse,windmouse_s06,5,1630.0,877.0
windmouse,windmouse_s06,6,1621.0,867.0
windmouse,windmouse_s06,7,1612.0,857.0
windmouse,windmouse_s06,8,1606.0,851.0
windmouse,windmouse_s06,9,1597.0,841.0
windmouse,windmouse_s06,10,1589.0,831.0
windmouse,windmouse_s06,11,1581.0,823.0
windmouse,windmouse_s06,12,1572.0,814.0
windmouse,windmouse_s06,13,1562.0,805.0
windmouse,windmouse_s06,14,1556.0,800.0
windmouse,windmouse_s06,15,1547.0,791.0
windmouse,windmouse_s06,16,1538.0,782.0
windmouse,windmouse_s06,17,1531.0,772.0
windmouse,windmouse_s06,18,1523.0,762.0
windmouse,windmouse_s06,19,1517.0,752.0
windmouse,windmouse_s06,20,1509.0,740.0
windmouse,windmouse_s06,21,1502.0,729.0
windmouse,windmouse_s06,22,1494.0,719.0
windmouse,windmouse_s06,23,1486.0,708.0
windmouse,windmouse_s06,24,1476.0,698.0
windmouse,windmouse_s06,25,1470.0,691.0
windmouse,windmouse_s06,26,1463.0,684.0
windmouse,windmouse_s06,27,1456.0,676.0
windmouse,windmouse_s06,28,1447.0,666.0
windmouse,windmouse_s06,29,1441.0,661.0
windmouse,windmouse_s06,30,1432.0,653.0
windmouse,windmouse_s06,31,1422.0,645.0
windmouse,windmouse_s06,32,1415.0,638.0
windmouse,windmouse_s06,33,1409.0,632.0
windmouse,windmouse_s06,34,1401.0,621.0
windmouse,windmouse_s06,35,1395.0,614.0
windmouse,windmouse_s06,36,1388.0,603.0
windmouse,windmouse_s06,37,1382.0,594.0
windmouse,windmouse_s06,38,1374.0,584.0
windmouse,windmouse_s06,39,1368.0,577.0
windmouse,windmouse_s06,40,1361.0,569.0
windmouse,windmouse_s06,41,1355.0,562.0
windmouse,windmouse_s06,42,1346.0,551.0
windmouse,windmouse_s06,43,1338.0,542.0
windmouse,windmouse_s06,44,1331.0,533.0
windmouse,windmouse_s06,45,1324.0,524.0
windmouse,windmouse_s06,46,1315.0,514.0
windmouse,windmouse_s06,47,1308.0,502.0
windmouse,windmouse_s06,48,1301.0,490.0
windmouse,windmouse_s06,49,1297.0,482.0
windmouse,windmouse_s06,50,1290.0,474.0
windmouse,windmouse_s06,51,1285.0,468.0
windmouse,windmouse_s06,52,1279.0,462.0
windmouse,windmouse_s06,53,1270.0,453.0
windmouse,windmouse_s06,54,1260.0,444.0
windmouse,windmouse_s06,55,1254.0,437.0
windmouse,windmouse_s06,56,1247.0,430.0
windmouse,windmouse_s06,57,1239.0,421.0
windmouse,windmouse_s06,58,1229.0,411.0
windmouse,windmouse_s06,59,1223.0,405.0
windmouse,windmouse_s06,60,1218.0,399.0
windmouse,windmouse_s06,61,1210.0,389.0
windmouse,windmouse_s06,62,1201.0,380.0
windmouse,windmouse_s06,63,1193.0,372.0
windmouse,windmouse_s06,64,1188.0,365.0
windmouse,windmouse_s06,65,1180.0,355.0
windmouse,windmouse_s06,66,1174.0,349.0
windmouse,windmouse_s06,67,1165.0,340.0
windmouse,windmouse_s06,68,1156.0,332.0
windmouse,windmouse_s06,69,1146.0,321.0
windmouse,windmouse_s06,70,1139.0,313.0
windmouse,windmouse_s06,71,1133.0,307.0
windmouse,windmouse_s06,72,1125.0,299.0
windmouse,windmouse_s06,73,1118.0,291.0
windmouse,windmouse_s06,74,1111.0,284.0
windmouse,windmouse_s06,75,1104.0,277.0
windmouse,windmouse_s06,76,1097.0,268.0
windmouse,windmouse_s06,77,1091.0,261.0
windmouse,windmouse_s06,78,1085.0,255.0
windmouse,windmouse_s06,79,1077.0,246.0
windmouse,windmouse_s06,80,1069.0,238.0
windmouse,windmouse_s06,81,1060.0,230.0
windmouse,windmouse_s06,82,1054.0,223.0
windmouse,windmouse_s06,83,1046.0,215.0
windmouse,windmouse_s06,84,1039.0,206.0
windmouse,windmouse_s06,85,1033.0,200.0
windmouse,windmouse_s06,86,1029.0,193.0
windmouse,windmouse_s06,87,1022.0,187.0
windmouse,windmouse_s06,88,1015.0,180.0
windmouse,windmouse_s06,89,1008.0,172.0
windmouse,windmouse_s06,90,998.0,161.0
windmouse,windmouse_s06,91,993.0,155.0
windmouse,windmouse_s06,92,983.0,145.0
windmouse,windmouse_s06,93,977.0,136.0
windmouse,windmouse_s06,94,971.0,129.0
windmouse,windmouse_s06,95,962.0,117.0
windmouse,windmouse_s06,96,956.0,110.0
windmouse,windmouse_s06,97,948.0,101.0
windmouse,windmouse_s06,98,938.0,91.0
windmouse,windmouse_s06,99,933.0,85.0
windmouse,windmouse_s06,100,924.0,76.0
windmouse,windmouse_s06,101,915.0,65.0
windmouse,windmouse_s06,102,910.0,62.0
windmouse,windmouse_s06,103,912.0,64.0
windmouse,windmouse_s06,104,915.0,66.0
windmouse,windmouse_s06,105,914.0,65.0
windmouse,windmouse_s06,106,914.0,65.0
windmouse,windmouse_s06,107,924.0,68.0
windmouse,windmouse_s06,108,933.0,70.0
windmouse,windmouse_s06,109,945.0,73.0
windmouse,windmouse_s06,110,958.0,75.0
windmouse,windmouse_s06,111,971.0,78.0
windmouse,windmouse_s06,112,979.0,80.0
windmouse,windmouse_s06,113,989.0,83.0
windmouse,windmouse_s06,114,1002.0,86.0
windmouse,windmouse_s06,115,1012.0,89.0
windmouse,windmouse_s06,116,1026.0,93.0
windmouse,windmouse_s06,117,1034.0,95.0
windmouse,windmouse_s06,118,1048.0,98.0
windmouse,windmouse_s06,119,1059.0,101.0
windmouse,windmouse_s06,120,1068.0,102.0
windmouse,windmouse_s06,121,1079.0,105.0
windmouse,windmouse_s06,122,1086.0,106.0
windmouse,windmouse_s06,123,1094.0,108.0
windmouse,windmouse_s06,124,1104.0,111.0
windmouse,windmouse_s06,125,1115.0,114.0
windmouse,windmouse_s06,126,1124.0,115.0
windmouse,windmouse_s06,127,1135.0,116.0
windmouse,windmouse_s18,0,811.0,771.0
windmouse,windmouse_s18,1,801.0,762.0
windmouse,windmouse_s18,2,792.0,754.0
windmouse,windmouse_s18,3,785.0,748.0
windmouse,windmouse_s18,4,778.0,743.0
windmouse,windmouse_s18,5,770.0,736.0
windmouse,windmouse_s18,6,762.0,729.0
windmouse,windmouse_s18,7,754.0,721.0
windmouse,windmouse_s18,8,745.0,713.0
windmouse,windmouse_s18,9,733.0,704.0
windmouse,windmouse_s18,10,722.0,695.0
windmouse,windmouse_s18,11,713.0,689.0
windmouse,windmouse_s18,12,705.0,684.0
windmouse,windmouse_s18,13,698.0,679.0
windmouse,windmouse_s18,14,686.0,670.0
windmouse,windmouse_s18,15,677.0,663.0
windmouse,windmouse_s18,16,667.0,655.0
windmouse,windmouse_s18,17,656.0,648.0
windmouse,windmouse_s18,18,647.0,642.0
windmouse,windmouse_s18,19,638.0,636.0
windmouse,windmouse_s18,20,627.0,628.0
windmouse,windmouse_s18,21,620.0,623.0
windmouse,windmouse_s18,22,611.0,614.0
windmouse,windmouse_s18,23,601.0,605.0
windmouse,windmouse_s18,24,593.0,596.0
windmouse,windmouse_s18,25,585.0,589.0
windmouse,windmouse_s18,26,575.0,578.0
windmouse,windmouse_s18,27,568.0,569.0
windmouse,windmouse_s18,28,561.0,561.0
windmouse,windmouse_s18,29,556.0,555.0
windmouse,windmouse_s18,30,548.0,544.0
windmouse,windmouse_s18,31,545.0,541.0
windmouse,windmouse_s18,32,544.0,539.0
windmouse,windmouse_s18,33,541.0,538.0
windmouse,windmouse_s18,34,540.0,537.0
windmouse,windmouse_s18,35,540.0,537.0
windmouse,windmouse_s18,36,550.0,541.0
windmouse,windmouse_s18,37,561.0,545.0
windmouse,windmouse_s18,38,573.0,549.0
windmouse,windmouse_s18,39,586.0,553.0
windmouse,windmouse_s18,40,596.0,557.0
windmouse,windmouse_s18,41,604.0,558.0
windmouse,windmouse_s18,42,616.0,562.0
windmouse,windmouse_s18,43,630.0,565.0
windmouse,windmouse_s18,44,641.0,568.0
windmouse,windmouse_s18,45,655.0,573.0
windmouse,windmouse_s18,46,663.0,575.0
windmouse,windmouse_s18,47,672.0,579.0
windmouse,windmouse_s18,48,684.0,582.0
windmouse,windmouse_s18,49,697.0,585.0
windmouse,windmouse_s18,50,710.0,588.0
windmouse,windmouse_s18,51,719.0,591.0
windmouse,windmouse_s18,52,728.0,595.0
windmouse,windmouse_s18,53,736.0,598.0
windmouse,windmouse_s18,54,748.0,601.0
windmouse,windmouse_s18,55,760.0,604.0
windmouse,windmouse_s18,56,770.0,606.0
windmouse,windmouse_s18,57,781.0,609.0
windmouse,windmouse_s18,58,793.0,611.0
windmouse,windmouse_s18,59,806.0,614.0
windmouse,windmouse_s18,60,820.0,619.0
windmouse,windmouse_s18,61,832.0,623.0
windmouse,windmouse_s18,62,844.0,627.0
windmouse,windmouse_s18,63,855.0,631.0
windmouse,windmouse_s18,64,863.0,633.0
windmouse,windmouse_s18,65,877.0,638.0
windmouse,windmouse_s18,66,889.0,643.0
windmouse,windmouse_s18,67,896.0,646.0
windmouse,windmouse_s18,68,905.0,648.0
windmouse,windmouse_s18,69,915.0,652.0
windmouse,windmouse_s18,70,928.0,656.0
windmouse,windmouse_s18,71,938.0,659.0
windmouse,windmouse_s18,72,948.0,662.0
windmouse,windmouse_s18,73,960.0,666.0
windmouse,windmouse_s18,74,973.0,671.0
windmouse,windmouse_s18,75,985.0,675.0
windmouse,windmouse_s18,76,993.0,678.0
windmouse,windmouse_s18,77,1001.0,681.0
windmouse,windmouse_s18,78,1012.0,686.0
windmouse,windmouse_s18,79,1022.0,689.0
windmouse,windmouse_s18,80,1034.0,693.0
windmouse,windmouse_s18,81,1048.0,698.0
windmouse,windmouse_s18,82,1058.0,702.0
windmouse,windmouse_s18,83,1069.0,706.0
windmouse,windmouse_s18,84,1079.0,709.0
windmouse,windmouse_s18,85,1089.0,711.0
windmouse,windmouse_s18,86,1099.0,713.0
windmouse,windmouse_s18,87,1110.0,715.0
windmouse,windmouse_s18,88,1118.0,717.0
windmouse,windmouse_s18,89,1128.0,720.0
windmouse,windmouse_s18,90,1142.0,724.0
windmouse,windmouse_s18,91,1154.0,727.0
windmouse,windmouse_s18,92,1167.0,731.0
windmouse,windmouse_s18,93,1177.0,734.0
windmouse,windmouse_s18,94,1191.0,738.0
windmouse,windmouse_s18,95,1204.0,744.0
windmouse,windmouse_s18,96,1212.0,747.0
windmouse,windmouse_s18,97,1217.0,749.0
windmouse,windmouse_s18,98,1219.0,750.0
windmouse,windmouse_s18,99,1218.0,750.0
windmouse,windmouse_s18,100,1212.0,743.0
windmouse,windmouse_s18,101,1204.0,735.0
windmouse,windmouse_s18,102,1195.0,727.0
windmouse,windmouse_s18,103,1186.0,717.0
windmouse,windmouse_s18,104,1179.0,709.0
windmouse,windmouse_s18,105,1171.0,701.0
windmouse,windmouse_s18,106,1166.0,694.0
windmouse,windmouse_s18,107,1159.0,687.0
windmouse,windmouse_s18,108,1151.0,678.0
windmouse,windmouse_s18,109,1147.0,672.0
windmouse,windmouse_s18,110,1138.0,662.0
windmouse,windmouse_s18,111,1129.0,652.0
windmouse,windmouse_s18,112,1120.0,643.0
windmouse,windmouse_s18,113,1115.0,637.0
windmouse,windmouse_s18,114,1109.0,630.0
windmouse,windmouse_s18,115,1099.0,620.0
windmouse,windmouse_s18,116,1094.0,615.0
windmouse,windmouse_s18,117,1085.0,607.0
windmouse,windmouse_s18,118,1078.0,602.0
windmouse,windmouse_s18,119,1069.0,593.0
windmouse,windmouse_s18,120,1062.0,587.0
windmouse,windmouse_s18,121,1057.0,581.0
windmouse,windmouse_s18,122,1049.0,573.0
windmouse,windmouse_s18,123,1040.0,566.0
windmouse,windmouse_s18,124,1033.0,560.0
windmouse,windmouse_s18,125,1027.0,555.0
windmouse,windmouse_s18,126,1017.0,544.0
windmouse,windmouse_s18,127,1010.0,537.0
dmtg,dmtg_s00,0,567.0,57.0
dmtg,dmtg_s00,1,561.0,55.0
dmtg,dmtg_s00,2,557.0,49.0
dmtg,dmtg_s00,3,552.0,37.0
dmtg,dmtg_s00,4,537.0,18.0
dmtg,dmtg_s00,5,522.0,-3.0
dmtg,dmtg_s00,6,656.0,46.0
dmtg,dmtg_s00,7,769.0,83.0
dmtg,dmtg_s00,8,832.0,122.0
dmtg,dmtg_s00,9,841.0,127.0
dmtg,dmtg_s00,10,837.0,124.0
dmtg,dmtg_s00,11,836.0,122.0
dmtg,dmtg_s00,12,954.0,100.0
dmtg,dmtg_s00,13,1017.0,97.0
dmtg,dmtg_s00,14,1000.0,58.0
dmtg,dmtg_s00,15,1001.0,45.0
dmtg,dmtg_s00,16,1134.0,-61.0
dmtg,dmtg_s00,17,1324.0,-192.0
dmtg,dmtg_s00,18,1636.0,-494.0
dmtg,dmtg_s00,19,1685.0,-544.0
dmtg,dmtg_s00,20,1694.0,-571.0
dmtg,dmtg_s00,21,1690.0,-596.0
dmtg,dmtg_s00,22,1684.0,-635.0
dmtg,dmtg_s00,23,696.0,835.0
dmtg,dmtg_s00,24,692.0,829.0
dmtg,dmtg_s00,25,695.0,803.0
dmtg,dmtg_s00,26,701.0,759.0
dmtg,dmtg_s00,27,702.0,733.0
dmtg,dmtg_s00,28,703.0,705.0
dmtg,dmtg_s00,29,705.0,684.0
dmtg,dmtg_s00,30,706.0,675.0
dmtg,dmtg_s00,31,707.0,667.0
dmtg,dmtg_s00,32,707.0,660.0
dmtg,dmtg_s00,33,707.0,651.0
dmtg,dmtg_s00,34,704.0,647.0
dmtg,dmtg_s00,35,699.0,682.0
dmtg,dmtg_s00,36,699.0,718.0
dmtg,dmtg_s00,37,696.0,714.0
dmtg,dmtg_s00,38,690.0,682.0
dmtg,dmtg_s00,39,684.0,649.0
dmtg,dmtg_s00,40,669.0,595.0
dmtg,dmtg_s00,41,677.0,555.0
dmtg,dmtg_s00,42,714.0,508.0
dmtg,dmtg_s00,43,743.0,482.0
dmtg,dmtg_s00,44,749.0,458.0
dmtg,dmtg_s00,45,748.0,447.0
dmtg,dmtg_s00,46,745.0,437.0
dmtg,dmtg_s00,47,743.0,427.0
dmtg,dmtg_s00,48,741.0,424.0
dmtg,dmtg_s00,49,739.0,420.0
dmtg,dmtg_s00,50,735.0,416.0
dmtg,dmtg_s00,51,732.0,415.0
dmtg,dmtg_s00,52,727.0,417.0
dmtg,dmtg_s00,53,725.0,416.0
dmtg,dmtg_s00,54,725.0,421.0
dmtg,dmtg_s00,55,726.0,427.0
dmtg,dmtg_s00,56,724.0,430.0
dmtg,dmtg_s00,57,722.0,431.0
dmtg,dmtg_s00,58,719.0,433.0
dmtg,dmtg_s00,59,717.0,432.0
dmtg,dmtg_s00,60,713.0,430.0
dmtg,dmtg_s00,61,711.0,426.0
dmtg,dmtg_s00,62,708.0,427.0
dmtg,dmtg_s00,63,681.0,436.0
dmtg,dmtg_s00,64,608.0,446.0
dmtg,dmtg_s00,65,547.0,440.0
dmtg,dmtg_s00,66,498.0,437.0
dmtg,dmtg_s00,67,206.0,488.0
dmtg,dmtg_s00,68,214.0,467.0
dmtg,dmtg_s00,69,245.0,382.0
dmtg,dmtg_s00,70,250.0,350.0
dmtg,dmtg_s00,71,247.0,342.0
dmtg,dmtg_s00,72,247.0,332.0
dmtg,dmtg_s00,73,245.0,324.0
dmtg,dmtg_s00,74,243.0,321.0
dmtg,dmtg_s00,75,240.0,317.0
dmtg,dmtg_s00,76,237.0,314.0
dmtg,dmtg_s00,77,234.0,311.0
dmtg,dmtg_s00,78,250.0,332.0
dmtg,dmtg_s00,79,256.0,341.0
dmtg,dmtg_s00,80,266.0,359.0
dmtg,dmtg_s00,81,264.0,364.0
dmtg,dmtg_s00,82,262.0,369.0
dmtg,dmtg_s00,83,258.0,373.0
dmtg,dmtg_s00,84,254.0,377.0
dmtg,dmtg_s00,85,248.0,382.0
dmtg,dmtg_s00,86,244.0,387.0
dmtg,dmtg_s00,87,237.0,388.0
dmtg,dmtg_s00,88,235.0,386.0
dmtg,dmtg_s00,89,227.0,384.0
dmtg,dmtg_s00,90,209.0,385.0
dmtg,dmtg_s00,91,194.0,387.0
dmtg,dmtg_s00,92,188.0,385.0
dmtg,dmtg_s00,93,184.0,382.0
dmtg,dmtg_s00,94,181.0,376.0
dmtg,dmtg_s00,95,177.0,367.0
dmtg,dmtg_s00,96,175.0,360.0
dmtg,dmtg_s00,97,173.0,350.0
dmtg,dmtg_s00,98,172.0,346.0
dmtg,dmtg_s00,99,174.0,335.0
dmtg,dmtg_s00,100,180.0,320.0
dmtg,dmtg_s00,101,195.0,299.0
dmtg,dmtg_s00,102,237.0,256.0
dmtg,dmtg_s00,103,259.0,226.0
dmtg,dmtg_s00,104,261.0,217.0
dmtg,dmtg_s00,105,278.0,198.0
dmtg,dmtg_s00,106,296.0,185.0
dmtg,dmtg_s00,107,277.0,227.0
dmtg,dmtg_s00,108,228.0,184.0
dmtg,dmtg_s00,109,143.0,109.0
dmtg,dmtg_s00,110,126.0,61.0
dmtg,dmtg_s00,111,122.0,54.0
dmtg,dmtg_s00,112,131.0,63.0
dmtg,dmtg_s00,113,132.0,82.0
dmtg,dmtg_s00,114,87.0,227.0
dmtg,dmtg_s00,115,84.0,217.0
dmtg,dmtg_s00,116,85.0,186.0
dmtg,dmtg_s00,117,78.0,219.0
dmtg,dmtg_s00,118,152.0,135.0
dmtg,dmtg_s00,119,183.0,67.0
dmtg,dmtg_s00,120,186.0,52.0
dmtg,dmtg_s00,121,182.0,49.0
dmtg,dmtg_s00,122,195.0,71.0
dmtg,dmtg_s00,123,190.0,64.0
dmtg,dmtg_s00,124,164.0,39.0
dmtg,dmtg_s00,125,148.0,24.0
dmtg,dmtg_s00,126,146.0,21.0
dmtg,dmtg_s00,127,144.0,17.0
dmtg,dmtg_s01,0,822.0,295.0
dmtg,dmtg_s01,1,818.0,297.0
dmtg,dmtg_s01,2,819.0,295.0
dmtg,dmtg_s01,3,819.0,296.0
dmtg,dmtg_s01,4,813.0,286.0
dmtg,dmtg_s01,5,810.0,286.0
dmtg,dmtg_s01,6,811.0,285.0
dmtg,dmtg_s01,7,810.0,288.0
dmtg,dmtg_s01,8,804.0,291.0
dmtg,dmtg_s01,9,804.0,310.0
dmtg,dmtg_s01,10,807.0,320.0
dmtg,dmtg_s01,11,815.0,342.0
dmtg,dmtg_s01,12,819.0,355.0
dmtg,dmtg_s01,13,821.0,358.0
dmtg,dmtg_s01,14,851.0,372.0
dmtg,dmtg_s01,15,855.0,376.0
dmtg,dmtg_s01,16,856.0,379.0
dmtg,dmtg_s01,17,856.0,383.0
dmtg,dmtg_s01,18,863.0,390.0
dmtg,dmtg_s01,19,865.0,390.0
dmtg,dmtg_s01,20,900.0,399.0
dmtg,dmtg_s01,21,887.0,416.0
dmtg,dmtg_s01,22,880.0,405.0
dmtg,dmtg_s01,23,880.0,403.0
dmtg,dmtg_s01,24,881.0,402.0
dmtg,dmtg_s01,25,879.0,403.0
dmtg,dmtg_s01,26,868.0,397.0
dmtg,dmtg_s01,27,865.0,395.0
dmtg,dmtg_s01,28,865.0,396.0
dmtg,dmtg_s01,29,867.0,399.0
dmtg,dmtg_s01,30,931.0,453.0
dmtg,dmtg_s01,31,1026.0,529.0
dmtg,dmtg_s01,32,1023.0,554.0
dmtg,dmtg_s01,33,1019.0,561.0
dmtg,dmtg_s01,34,1005.0,585.0
dmtg,dmtg_s01,35,1000.0,596.0
dmtg,dmtg_s01,36,987.0,612.0
dmtg,dmtg_s01,37,978.0,623.0
dmtg,dmtg_s01,38,973.0,646.0
dmtg,dmtg_s01,39,976.0,656.0
dmtg,dmtg_s01,40,982.0,681.0
dmtg,dmtg_s01,41,1011.0,709.0
dmtg,dmtg_s01,42,1030.0,729.0
dmtg,dmtg_s01,43,1043.0,744.0
dmtg,dmtg_s01,44,1047.0,743.0
dmtg,dmtg_s01,45,1053.0,742.0
dmtg,dmtg_s01,46,1061.0,736.0
dmtg,dmtg_s01,47,1067.0,735.0
dmtg,dmtg_s01,48,1071.0,734.0
dmtg,dmtg_s01,49,1074.0,735.0
dmtg,dmtg_s01,50,1076.0,736.0
dmtg,dmtg_s01,51,1079.0,739.0
dmtg,dmtg_s01,52,1079.0,740.0
dmtg,dmtg_s01,53,1081.0,743.0
dmtg,dmtg_s01,54,1082.0,746.0
dmtg,dmtg_s01,55,1082.0,759.0
dmtg,dmtg_s01,56,1084.0,775.0
dmtg,dmtg_s01,57,1084.0,781.0
dmtg,dmtg_s01,58,1084.0,791.0
dmtg,dmtg_s01,59,1084.0,802.0
dmtg,dmtg_s01,60,1083.0,821.0
dmtg,dmtg_s01,61,1081.0,838.0
dmtg,dmtg_s01,62,1084.0,853.0
dmtg,dmtg_s01,63,1099.0,898.0
dmtg,dmtg_s01,64,1172.0,966.0
dmtg,dmtg_s01,65,1249.0,1010.0
dmtg,dmtg_s01,66,1266.0,1016.0
dmtg,dmtg_s01,67,1272.0,1020.0
dmtg,dmtg_s01,68,1276.0,1029.0
dmtg,dmtg_s01,69,1280.0,1072.0
dmtg,dmtg_s01,70,1373.0,1055.0
dmtg,dmtg_s01,71,1407.0,1044.0
dmtg,dmtg_s01,72,1416.0,1042.0
dmtg,dmtg_s01,73,1425.0,1027.0
dmtg,dmtg_s01,74,1433.0,1025.0
dmtg,dmtg_s01,75,1427.0,1021.0
dmtg,dmtg_s01,76,1299.0,935.0
dmtg,dmtg_s01,77,1393.0,937.0
dmtg,dmtg_s01,78,1791.0,951.0
dmtg,dmtg_s01,79,1546.0,949.0
dmtg,dmtg_s01,80,1636.0,1000.0
dmtg,dmtg_s01,81,1900.0,1020.0
dmtg,dmtg_s01,82,1909.0,991.0
dmtg,dmtg_s01,83,1920.0,972.0
dmtg,dmtg_s01,84,1922.0,962.0
dmtg,dmtg_s01,85,1903.0,919.0
dmtg,dmtg_s01,86,1842.0,865.0
dmtg,dmtg_s01,87,1843.0,867.0
dmtg,dmtg_s01,88,1844.0,869.0
dmtg,dmtg_s01,89,1845.0,876.0
dmtg,dmtg_s01,90,1872.0,989.0
dmtg,dmtg_s01,91,1870.0,992.0
dmtg,dmtg_s01,92,1870.0,992.0
dmtg,dmtg_s01,93,1873.0,993.0
dmtg,dmtg_s01,94,1874.0,992.0
dmtg,dmtg_s01,95,1893.0,975.0
dmtg,dmtg_s01,96,1900.0,961.0
dmtg,dmtg_s01,97,1903.0,959.0
dmtg,dmtg_s01,98,1906.0,952.0
dmtg,dmtg_s01,99,1909.0,945.0
dmtg,dmtg_s01,100,1912.0,943.0
dmtg,dmtg_s01,101,1916.0,935.0
dmtg,dmtg_s01,102,1918.0,935.0
dmtg,dmtg_s01,103,1922.0,936.0
dmtg,dmtg_s01,104,1927.0,939.0
dmtg,dmtg_s01,105,1931.0,946.0
dmtg,dmtg_s01,106,1936.0,952.0
dmtg,dmtg_s01,107,1938.0,956.0
dmtg,dmtg_s01,108,1937.0,975.0
dmtg,dmtg_s01,109,1939.0,995.0
dmtg,dmtg_s01,110,1948.0,1019.0
dmtg,dmtg_s01,111,1947.0,1046.0
dmtg,dmtg_s01,112,1947.0,1061.0
dmtg,dmtg_s01,113,1936.0,1080.0
dmtg,dmtg_s01,114,1937.0,1081.0
dmtg,dmtg_s01,115,1935.0,1084.0
dmtg,dmtg_s01,116,1938.0,1084.0
dmtg,dmtg_s01,117,1940.0,1076.0
dmtg,dmtg_s01,118,1936.0,1060.0
dmtg,dmtg_s01,119,1936.0,1044.0
dmtg,dmtg_s01,120,1932.0,1027.0
dmtg,dmtg_s01,121,1932.0,1015.0
dmtg,dmtg_s01,122,1932.0,1011.0
dmtg,dmtg_s01,123,1932.0,1015.0
dmtg,dmtg_s01,124,1938.0,1044.0
dmtg,dmtg_s01,125,1939.0,1054.0
dmtg,dmtg_s01,126,1929.0,1065.0
dmtg,dmtg_s01,127,1910.0,1065.0
dmtg,dmtg_s02,0,620.0,11.0
dmtg,dmtg_s02,1,614.0,11.0
dmtg,dmtg_s02,2,609.0,11.0
dmtg,dmtg_s02,3,609.0,14.0
dmtg,dmtg_s02,4,609.0,15.0
dmtg,dmtg_s02,5,609.0,17.0
dmtg,dmtg_s02,6,609.0,19.0
dmtg,dmtg_s02,7,610.0,21.0
dmtg,dmtg_s02,8,610.0,26.0
dmtg,dmtg_s02,9,611.0,30.0
dmtg,dmtg_s02,10,613.0,35.0
dmtg,dmtg_s02,11,614.0,43.0
dmtg,dmtg_s02,12,616.0,48.0
dmtg,dmtg_s02,13,618.0,55.0
dmtg,dmtg_s02,14,619.0,60.0
dmtg,dmtg_s02,15,620.0,66.0
dmtg,dmtg_s02,16,620.0,69.0
dmtg,dmtg_s02,17,621.0,71.0
dmtg,dmtg_s02,18,621.0,73.0
dmtg,dmtg_s02,19,621.0,77.0
dmtg,dmtg_s02,20,621.0,79.0
dmtg,dmtg_s02,21,622.0,81.0
dmtg,dmtg_s02,22,621.0,83.0
dmtg,dmtg_s02,23,621.0,85.0
dmtg,dmtg_s02,24,621.0,89.0
dmtg,dmtg_s02,25,624.0,101.0
dmtg,dmtg_s02,26,629.0,116.0
dmtg,dmtg_s02,27,635.0,132.0
dmtg,dmtg_s02,28,644.0,152.0
dmtg,dmtg_s02,29,653.0,180.0
dmtg,dmtg_s02,30,665.0,213.0
dmtg,dmtg_s02,31,673.0,246.0
dmtg,dmtg_s02,32,679.0,272.0
dmtg,dmtg_s02,33,682.0,288.0
dmtg,dmtg_s02,34,684.0,301.0
dmtg,dmtg_s02,35,684.0,306.0
dmtg,dmtg_s02,36,684.0,308.0
dmtg,dmtg_s02,37,686.0,306.0
dmtg,dmtg_s02,38,685.0,303.0
dmtg,dmtg_s02,39,686.0,298.0
dmtg,dmtg_s02,40,687.0,289.0
dmtg,dmtg_s02,41,687.0,281.0
dmtg,dmtg_s02,42,687.0,276.0
dmtg,dmtg_s02,43,690.0,270.0
dmtg,dmtg_s02,44,689.0,267.0
dmtg,dmtg_s02,45,689.0,265.0
dmtg,dmtg_s02,46,689.0,264.0
dmtg,dmtg_s02,47,687.0,266.0
dmtg,dmtg_s02,48,686.0,269.0
dmtg,dmtg_s02,49,685.0,275.0
dmtg,dmtg_s02,50,684.0,286.0
dmtg,dmtg_s02,51,684.0,297.0
dmtg,dmtg_s02,52,683.0,306.0
dmtg,dmtg_s02,53,683.0,312.0
dmtg,dmtg_s02,54,683.0,319.0
dmtg,dmtg_s02,55,681.0,323.0
dmtg,dmtg_s02,56,681.0,327.0
dmtg,dmtg_s02,57,679.0,330.0
dmtg,dmtg_s02,58,677.0,334.0
dmtg,dmtg_s02,59,673.0,339.0
dmtg,dmtg_s02,60,663.0,345.0
dmtg,dmtg_s02,61,653.0,352.0
dmtg,dmtg_s02,62,644.0,359.0
dmtg,dmtg_s02,63,635.0,366.0
dmtg,dmtg_s02,64,628.0,374.0
dmtg,dmtg_s02,65,625.0,379.0
dmtg,dmtg_s02,66,622.0,383.0
dmtg,dmtg_s02,67,620.0,387.0
dmtg,dmtg_s02,68,620.0,390.0
dmtg,dmtg_s02,69,618.0,393.0
dmtg,dmtg_s02,70,617.0,395.0
dmtg,dmtg_s02,71,616.0,398.0
dmtg,dmtg_s02,72,615.0,403.0
dmtg,dmtg_s02,73,614.0,407.0
dmtg,dmtg_s02,74,615.0,412.0
dmtg,dmtg_s02,75,614.0,418.0
dmtg,dmtg_s02,76,612.0,423.0
dmtg,dmtg_s02,77,610.0,428.0
dmtg,dmtg_s02,78,608.0,432.0
dmtg,dmtg_s02,79,605.0,438.0
dmtg,dmtg_s02,80,601.0,445.0
dmtg,dmtg_s02,81,600.0,449.0
dmtg,dmtg_s02,82,596.0,453.0
dmtg,dmtg_s02,83,593.0,456.0
dmtg,dmtg_s02,84,592.0,458.0
dmtg,dmtg_s02,85,590.0,460.0
dmtg,dmtg_s02,86,588.0,462.0
dmtg,dmtg_s02,87,588.0,464.0
dmtg,dmtg_s02,88,586.0,466.0
dmtg,dmtg_s02,89,586.0,468.0
dmtg,dmtg_s02,90,586.0,469.0
dmtg,dmtg_s02,91,587.0,471.0
dmtg,dmtg_s02,92,587.0,474.0
dmtg,dmtg_s02,93,589.0,476.0
dmtg,dmtg_s02,94,589.0,477.0
dmtg,dmtg_s02,95,590.0,481.0
dmtg,dmtg_s02,96,591.0,483.0
dmtg,dmtg_s02,97,592.0,485.0
dmtg,dmtg_s02,98,593.0,489.0
dmtg,dmtg_s02,99,596.0,491.0
dmtg,dmtg_s02,100,599.0,493.0
dmtg,dmtg_s02,101,600.0,495.0
dmtg,dmtg_s02,102,601.0,497.0
dmtg,dmtg_s02,103,602.0,497.0
dmtg,dmtg_s02,104,603.0,497.0
dmtg,dmtg_s02,105,602.0,498.0
dmtg,dmtg_s02,106,602.0,500.0
dmtg,dmtg_s02,107,599.0,502.0
dmtg,dmtg_s02,108,594.0,506.0
dmtg,dmtg_s02,109,585.0,512.0
dmtg,dmtg_s02,110,576.0,522.0
dmtg,dmtg_s02,111,528.0,503.0
dmtg,dmtg_s02,112,527.0,505.0
dmtg,dmtg_s02,113,527.0,506.0
dmtg,dmtg_s02,114,527.0,507.0
dmtg,dmtg_s02,115,528.0,507.0
dmtg,dmtg_s02,116,528.0,508.0
dmtg,dmtg_s02,117,528.0,508.0
dmtg,dmtg_s02,118,529.0,509.0
dmtg,dmtg_s02,119,531.0,509.0
dmtg,dmtg_s02,120,531.0,510.0
dmtg,dmtg_s02,121,531.0,511.0
dmtg,dmtg_s02,122,532.0,513.0
dmtg,dmtg_s02,123,531.0,515.0
dmtg,dmtg_s02,124,533.0,518.0
dmtg,dmtg_s02,125,534.0,521.0
dmtg,dmtg_s02,126,534.0,525.0
dmtg,dmtg_s02,127,535.0,529.0
dmtg,dmtg_s03,0,1802.0,216.0
dmtg,dmtg_s03,1,1798.0,219.0
dmtg,dmtg_s03,2,1794.0,222.0
dmtg,dmtg_s03,3,1792.0,226.0
dmtg,dmtg_s03,4,1789.0,229.0
dmtg,dmtg_s03,5,1786.0,232.0
dmtg,dmtg_s03,6,1784.0,235.0
dmtg,dmtg_s03,7,1781.0,237.0
dmtg,dmtg_s03,8,1780.0,240.0
dmtg,dmtg_s03,9,1780.0,241.0
dmtg,dmtg_s03,10,1778.0,243.0
dmtg,dmtg_s03,11,1777.0,246.0
dmtg,dmtg_s03,12,1776.0,248.0
dmtg,dmtg_s03,13,1775.0,250.0
dmtg,dmtg_s03,14,1774.0,250.0
dmtg,dmtg_s03,15,1774.0,251.0
dmtg,dmtg_s03,16,1774.0,251.0
dmtg,dmtg_s03,17,1775.0,251.0
dmtg,dmtg_s03,18,1776.0,251.0
dmtg,dmtg_s03,19,1776.0,250.0
dmtg,dmtg_s03,20,1777.0,250.0
dmtg,dmtg_s03,21,1778.0,250.0
dmtg,dmtg_s03,22,1778.0,251.0
dmtg,dmtg_s03,23,1778.0,251.0
dmtg,dmtg_s03,24,1779.0,250.0
dmtg,dmtg_s03,25,1780.0,249.0
dmtg,dmtg_s03,26,1780.0,250.0
dmtg,dmtg_s03,27,1781.0,249.0
dmtg,dmtg_s03,28,1782.0,250.0
dmtg,dmtg_s03,29,1782.0,249.0
dmtg,dmtg_s03,30,1783.0,250.0
dmtg,dmtg_s03,31,1784.0,250.0
dmtg,dmtg_s03,32,1785.0,250.0
dmtg,dmtg_s03,33,1785.0,251.0
dmtg,dmtg_s03,34,1787.0,249.0
dmtg,dmtg_s03,35,1788.0,250.0
dmtg,dmtg_s03,36,1789.0,251.0
dmtg,dmtg_s03,37,1790.0,252.0
dmtg,dmtg_s03,38,1789.0,254.0
dmtg,dmtg_s03,39,1790.0,256.0
dmtg,dmtg_s03,40,1791.0,262.0
dmtg,dmtg_s03,41,1792.0,271.0
dmtg,dmtg_s03,42,1793.0,281.0
dmtg,dmtg_s03,43,1796.0,294.0
dmtg,dmtg_s03,44,1798.0,305.0
dmtg,dmtg_s03,45,1800.0,316.0
dmtg,dmtg_s03,46,1802.0,327.0
dmtg,dmtg_s03,47,1804.0,334.0
dmtg,dmtg_s03,48,1805.0,337.0
dmtg,dmtg_s03,49,1806.0,338.0
dmtg,dmtg_s03,50,1806.0,341.0
dmtg,dmtg_s03,51,1806.0,344.0
dmtg,dmtg_s03,52,1806.0,346.0
dmtg,dmtg_s03,53,1805.0,351.0
dmtg,dmtg_s03,54,1804.0,354.0
dmtg,dmtg_s03,55,1802.0,360.0
dmtg,dmtg_s03,56,1800.0,365.0
dmtg,dmtg_s03,57,1797.0,372.0
dmtg,dmtg_s03,58,1795.0,378.0
dmtg,dmtg_s03,59,1793.0,386.0
dmtg,dmtg_s03,60,1789.0,392.0
dmtg,dmtg_s03,61,1788.0,397.0
dmtg,dmtg_s03,62,1785.0,402.0
dmtg,dmtg_s03,63,1781.0,411.0
dmtg,dmtg_s03,64,1778.0,417.0
dmtg,dmtg_s03,65,1774.0,428.0
dmtg,dmtg_s03,66,1772.0,436.0
dmtg,dmtg_s03,67,1770.0,444.0
dmtg,dmtg_s03,68,1766.0,453.0
dmtg,dmtg_s03,69,1763.0,467.0
dmtg,dmtg_s03,70,1759.0,481.0
dmtg,dmtg_s03,71,1756.0,499.0
dmtg,dmtg_s03,72,1754.0,512.0
dmtg,dmtg_s03,73,1751.0,526.0
dmtg,dmtg_s03,74,1748.0,539.0
dmtg,dmtg_s03,75,1745.0,550.0
dmtg,dmtg_s03,76,1742.0,562.0
dmtg,dmtg_s03,77,1738.0,573.0
dmtg,dmtg_s03,78,1734.0,579.0
dmtg,dmtg_s03,79,1731.0,587.0
dmtg,dmtg_s03,80,1728.0,592.0
dmtg,dmtg_s03,81,1715.0,611.0
dmtg,dmtg_s03,82,1714.0,615.0
dmtg,dmtg_s03,83,1714.0,616.0
dmtg,dmtg_s03,84,1713.0,619.0
dmtg,dmtg_s03,85,1712.0,622.0
dmtg,dmtg_s03,86,1710.0,624.0
dmtg,dmtg_s03,87,1705.0,628.0
dmtg,dmtg_s03,88,1699.0,630.0
dmtg,dmtg_s03,89,1694.0,632.0
dmtg,dmtg_s03,90,1686.0,632.0
dmtg,dmtg_s03,91,1679.0,632.0
dmtg,dmtg_s03,92,1670.0,632.0
dmtg,dmtg_s03,93,1664.0,631.0
dmtg,dmtg_s03,94,1660.0,632.0
dmtg,dmtg_s03,95,1657.0,633.0
dmtg,dmtg_s03,96,1655.0,633.0
dmtg,dmtg_s03,97,1654.0,633.0
dmtg,dmtg_s03,98,1653.0,633.0
dmtg,dmtg_s03,99,1653.0,632.0
dmtg,dmtg_s03,100,1653.0,631.0
dmtg,dmtg_s03,101,1653.0,631.0
dmtg,dmtg_s03,102,1652.0,629.0
dmtg,dmtg_s03,103,1653.0,628.0
dmtg,dmtg_s03,104,1653.0,628.0
dmtg,dmtg_s03,105,1653.0,628.0
dmtg,dmtg_s03,106,1654.0,628.0
dmtg,dmtg_s03,107,1655.0,628.0
dmtg,dmtg_s03,108,1657.0,626.0
dmtg,dmtg_s03,109,1659.0,627.0
dmtg,dmtg_s03,110,1662.0,627.0
dmtg,dmtg_s03,111,1664.0,627.0
dmtg,dmtg_s03,112,1666.0,627.0
dmtg,dmtg_s03,113,1666.0,627.0
dmtg,dmtg_s03,114,1666.0,629.0
dmtg,dmtg_s03,115,1666.0,630.0
dmtg,dmtg_s03,116,1665.0,631.0
dmtg,dmtg_s03,117,1665.0,633.0
dmtg,dmtg_s03,118,1664.0,633.0
dmtg,dmtg_s03,119,1665.0,635.0
dmtg,dmtg_s03,120,1664.0,637.0
dmtg,dmtg_s03,121,1665.0,639.0
dmtg,dmtg_s03,122,1665.0,643.0
dmtg,dmtg_s03,123,1665.0,648.0
dmtg,dmtg_s03,124,1666.0,660.0
dmtg,dmtg_s03,125,1669.0,675.0
dmtg,dmtg_s03,126,1674.0,693.0
dmtg,dmtg_s03,127,1675.0,699.0
dmtg,dmtg_s04,0,1185.0,887.0
dmtg,dmtg_s04,1,1166.0,883.0
dmtg,dmtg_s04,2,1144.0,877.0
dmtg,dmtg_s04,3,1118.0,870.0
dmtg,dmtg_s04,4,1083.0,864.0
dmtg,dmtg_s04,5,1042.0,855.0
dmtg,dmtg_s04,6,993.0,845.0
dmtg,dmtg_s04,7,953.0,843.0
dmtg,dmtg_s04,8,906.0,843.0
dmtg,dmtg_s04,9,863.0,841.0
dmtg,dmtg_s04,10,824.0,840.0
dmtg,dmtg_s04,11,801.0,845.0
dmtg,dmtg_s04,12,789.0,843.0
dmtg,dmtg_s04,13,779.0,845.0
dmtg,dmtg_s04,14,767.0,843.0
dmtg,dmtg_s04,15,755.0,843.0
dmtg,dmtg_s04,16,740.0,843.0
dmtg,dmtg_s04,17,725.0,842.0
dmtg,dmtg_s04,18,710.0,844.0
dmtg,dmtg_s04,19,695.0,844.0
dmtg,dmtg_s04,20,681.0,846.0
dmtg,dmtg_s04,21,665.0,846.0
dmtg,dmtg_s04,22,651.0,845.0
dmtg,dmtg_s04,23,637.0,846.0
dmtg,dmtg_s04,24,622.0,846.0
dmtg,dmtg_s04,25,605.0,847.0
dmtg,dmtg_s04,26,580.0,848.0
dmtg,dmtg_s04,27,559.0,849.0
dmtg,dmtg_s04,28,534.0,849.0
dmtg,dmtg_s04,29,513.0,848.0
dmtg,dmtg_s04,30,493.0,847.0
dmtg,dmtg_s04,31,477.0,845.0
dmtg,dmtg_s04,32,463.0,844.0
dmtg,dmtg_s04,33,446.0,840.0
dmtg,dmtg_s04,34,437.0,839.0
dmtg,dmtg_s04,35,428.0,838.0
dmtg,dmtg_s04,36,419.0,835.0
dmtg,dmtg_s04,37,413.0,831.0
dmtg,dmtg_s04,38,409.0,829.0
dmtg,dmtg_s04,39,408.0,824.0
dmtg,dmtg_s04,40,413.0,822.0
dmtg,dmtg_s04,41,426.0,819.0
dmtg,dmtg_s04,42,452.0,814.0
dmtg,dmtg_s04,43,501.0,807.0
dmtg,dmtg_s04,44,531.0,802.0
dmtg,dmtg_s04,45,554.0,801.0
dmtg,dmtg_s04,46,564.0,800.0
dmtg,dmtg_s04,47,583.0,798.0
dmtg,dmtg_s04,48,591.0,797.0
dmtg,dmtg_s04,49,592.0,796.0
dmtg,dmtg_s04,50,588.0,797.0
dmtg,dmtg_s04,51,582.0,796.0
dmtg,dmtg_s04,52,574.0,796.0
dmtg,dmtg_s04,53,565.0,795.0
dmtg,dmtg_s04,54,554.0,794.0
dmtg,dmtg_s04,55,541.0,794.0
dmtg,dmtg_s04,56,526.0,794.0
dmtg,dmtg_s04,57,505.0,795.0
dmtg,dmtg_s04,58,483.0,797.0
dmtg,dmtg_s04,59,463.0,797.0
dmtg,dmtg_s04,60,445.0,799.0
dmtg,dmtg_s04,61,426.0,799.0
dmtg,dmtg_s04,62,412.0,798.0
dmtg,dmtg_s04,63,399.0,798.0
dmtg,dmtg_s04,64,386.0,798.0
dmtg,dmtg_s04,65,374.0,799.0
dmtg,dmtg_s04,66,360.0,799.0
dmtg,dmtg_s04,67,349.0,799.0
dmtg,dmtg_s04,68,337.0,796.0
dmtg,dmtg_s04,69,328.0,795.0
dmtg,dmtg_s04,70,318.0,795.0
dmtg,dmtg_s04,71,309.0,795.0
dmtg,dmtg_s04,72,298.0,794.0
dmtg,dmtg_s04,73,290.0,794.0
dmtg,dmtg_s04,74,280.0,795.0
dmtg,dmtg_s04,75,271.0,794.0
dmtg,dmtg_s04,76,260.0,792.0
dmtg,dmtg_s04,77,-226.0,593.0
dmtg,dmtg_s04,78,-237.0,591.0
dmtg,dmtg_s04,79,-246.0,590.0
dmtg,dmtg_s04,80,-255.0,589.0
dmtg,dmtg_s04,81,-266.0,587.0
dmtg,dmtg_s04,82,-275.0,587.0
dmtg,dmtg_s04,83,-285.0,584.0
dmtg,dmtg_s04,84,-295.0,584.0
dmtg,dmtg_s04,85,-305.0,583.0
dmtg,dmtg_s04,86,-316.0,581.0
dmtg,dmtg_s04,87,1219.0,1031.0
dmtg,dmtg_s04,88,1208.0,1021.0
dmtg,dmtg_s04,89,1198.0,1014.0
dmtg,dmtg_s04,90,1188.0,1006.0
dmtg,dmtg_s04,91,1176.0,993.0
dmtg,dmtg_s04,92,1162.0,983.0
dmtg,dmtg_s04,93,1144.0,966.0
dmtg,dmtg_s04,94,1128.0,953.0
dmtg,dmtg_s04,95,1116.0,946.0
dmtg,dmtg_s04,96,1106.0,935.0
dmtg,dmtg_s04,97,1099.0,927.0
dmtg,dmtg_s04,98,1092.0,919.0
dmtg,dmtg_s04,99,1086.0,913.0
dmtg,dmtg_s04,100,1076.0,908.0
dmtg,dmtg_s04,101,1068.0,907.0
dmtg,dmtg_s04,102,1061.0,903.0
dmtg,dmtg_s04,103,1053.0,899.0
dmtg,dmtg_s04,104,1044.0,897.0
dmtg,dmtg_s04,105,1035.0,894.0
dmtg,dmtg_s04,106,1026.0,892.0
dmtg,dmtg_s04,107,1019.0,890.0
dmtg,dmtg_s04,108,1012.0,886.0
dmtg,dmtg_s04,109,1006.0,882.0
dmtg,dmtg_s04,110,998.0,877.0
dmtg,dmtg_s04,111,990.0,873.0
dmtg,dmtg_s04,112,982.0,870.0
dmtg,dmtg_s04,113,971.0,868.0
dmtg,dmtg_s04,114,960.0,867.0
dmtg,dmtg_s04,115,946.0,866.0
dmtg,dmtg_s04,116,930.0,867.0
dmtg,dmtg_s04,117,911.0,869.0
dmtg,dmtg_s04,118,880.0,873.0
dmtg,dmtg_s04,119,847.0,874.0
dmtg,dmtg_s04,120,803.0,875.0
dmtg,dmtg_s04,121,765.0,874.0
dmtg,dmtg_s04,122,732.0,871.0
dmtg,dmtg_s04,123,704.0,867.0
dmtg,dmtg_s04,124,684.0,864.0
dmtg,dmtg_s04,125,663.0,856.0
dmtg,dmtg_s04,126,650.0,850.0
dmtg,dmtg_s04,127,635.0,837.0
dmtg,dmtg_s05,0,1744.0,615.0
dmtg,dmtg_s05,1,1739.0,615.0
dmtg,dmtg_s05,2,1735.0,616.0
dmtg,dmtg_s05,3,1731.0,615.0
dmtg,dmtg_s05,4,1727.0,615.0
dmtg,dmtg_s05,5,1719.0,615.0
dmtg,dmtg_s05,6,1710.0,615.0
dmtg,dmtg_s05,7,1700.0,615.0
dmtg,dmtg_s05,8,1692.0,617.0
dmtg,dmtg_s05,9,1682.0,616.0
dmtg,dmtg_s05,10,1671.0,615.0
dmtg,dmtg_s05,11,1660.0,615.0
dmtg,dmtg_s05,12,1652.0,613.0
dmtg,dmtg_s05,13,1643.0,613.0
dmtg,dmtg_s05,14,1636.0,610.0
dmtg,dmtg_s05,15,1627.0,608.0
dmtg,dmtg_s05,16,1620.0,606.0
dmtg,dmtg_s05,17,1614.0,604.0
dmtg,dmtg_s05,18,1608.0,602.0
dmtg,dmtg_s05,19,1603.0,602.0
dmtg,dmtg_s05,20,1596.0,601.0
dmtg,dmtg_s05,21,1592.0,599.0
dmtg,dmtg_s05,22,1589.0,600.0
dmtg,dmtg_s05,23,1587.0,598.0
dmtg,dmtg_s05,24,1585.0,597.0
dmtg,dmtg_s05,25,1586.0,596.0
dmtg,dmtg_s05,26,1586.0,594.0
dmtg,dmtg_s05,27,1587.0,591.0
dmtg,dmtg_s05,28,1587.0,588.0
dmtg,dmtg_s05,29,1587.0,582.0
dmtg,dmtg_s05,30,1585.0,577.0
dmtg,dmtg_s05,31,1584.0,573.0
dmtg,dmtg_s05,32,1583.0,566.0
dmtg,dmtg_s05,33,1582.0,561.0
dmtg,dmtg_s05,34,1580.0,557.0
dmtg,dmtg_s05,35,1577.0,555.0
dmtg,dmtg_s05,36,1576.0,552.0
dmtg,dmtg_s05,37,1574.0,552.0
dmtg,dmtg_s05,38,1572.0,549.0
dmtg,dmtg_s05,39,1570.0,547.0
dmtg,dmtg_s05,40,1568.0,545.0
dmtg,dmtg_s05,41,1565.0,544.0
dmtg,dmtg_s05,42,1562.0,543.0
dmtg,dmtg_s05,43,1560.0,540.0
dmtg,dmtg_s05,44,1557.0,540.0
dmtg,dmtg_s05,45,1553.0,537.0
dmtg,dmtg_s05,46,1548.0,535.0
dmtg,dmtg_s05,47,1534.0,528.0
dmtg,dmtg_s05,48,1517.0,525.0
dmtg,dmtg_s05,49,1494.0,520.0
dmtg,dmtg_s05,50,1469.0,518.0
dmtg,dmtg_s05,51,1448.0,514.0
dmtg,dmtg_s05,52,1435.0,512.0
dmtg,dmtg_s05,53,1426.0,507.0
dmtg,dmtg_s05,54,1418.0,500.0
dmtg,dmtg_s05,55,1408.0,495.0
dmtg,dmtg_s05,56,1397.0,487.0
dmtg,dmtg_s05,57,1384.0,482.0
dmtg,dmtg_s05,58,1373.0,477.0
dmtg,dmtg_s05,59,1361.0,474.0
dmtg,dmtg_s05,60,1351.0,470.0
dmtg,dmtg_s05,61,1339.0,464.0
dmtg,dmtg_s05,62,1327.0,457.0
dmtg,dmtg_s05,63,1313.0,451.0
dmtg,dmtg_s05,64,1306.0,447.0
dmtg,dmtg_s05,65,1298.0,443.0
dmtg,dmtg_s05,66,1290.0,440.0
dmtg,dmtg_s05,67,1283.0,438.0
dmtg,dmtg_s05,68,1276.0,437.0
dmtg,dmtg_s05,69,1273.0,436.0
dmtg,dmtg_s05,70,1271.0,436.0
dmtg,dmtg_s05,71,1267.0,434.0
dmtg,dmtg_s05,72,1263.0,435.0
dmtg,dmtg_s05,73,1255.0,437.0
dmtg,dmtg_s05,74,1243.0,442.0
dmtg,dmtg_s05,75,1225.0,453.0
dmtg,dmtg_s05,76,1207.0,460.0
dmtg,dmtg_s05,77,1190.0,471.0
dmtg,dmtg_s05,78,1168.0,486.0
dmtg,dmtg_s05,79,1158.0,496.0
dmtg,dmtg_s05,80,1150.0,504.0
dmtg,dmtg_s05,81,1143.0,511.0
dmtg,dmtg_s05,82,1139.0,516.0
dmtg,dmtg_s05,83,1136.0,521.0
dmtg,dmtg_s05,84,1133.0,525.0
dmtg,dmtg_s05,85,1131.0,529.0
dmtg,dmtg_s05,86,1126.0,537.0
dmtg,dmtg_s05,87,1118.0,548.0
dmtg,dmtg_s05,88,1111.0,556.0
dmtg,dmtg_s05,89,1104.0,563.0
dmtg,dmtg_s05,90,1095.0,572.0
dmtg,dmtg_s05,91,1089.0,578.0
dmtg,dmtg_s05,92,1084.0,582.0
dmtg,dmtg_s05,93,1080.0,585.0
dmtg,dmtg_s05,94,1077.0,587.0
dmtg,dmtg_s05,95,1075.0,586.0
dmtg,dmtg_s05,96,1073.0,585.0
dmtg,dmtg_s05,97,1070.0,584.0
dmtg,dmtg_s05,98,1063.0,578.0
dmtg,dmtg_s05,99,1063.0,576.0
dmtg,dmtg_s05,100,1065.0,572.0
dmtg,dmtg_s05,101,1066.0,571.0
dmtg,dmtg_s05,102,1068.0,571.0
dmtg,dmtg_s05,103,1067.0,570.0
dmtg,dmtg_s05,104,1067.0,567.0
dmtg,dmtg_s05,105,1066.0,567.0
dmtg,dmtg_s05,106,1060.0,567.0
dmtg,dmtg_s05,107,1063.0,569.0
dmtg,dmtg_s05,108,1068.0,569.0
dmtg,dmtg_s05,109,1074.0,567.0
dmtg,dmtg_s05,110,1081.0,566.0
dmtg,dmtg_s05,111,1085.0,564.0
dmtg,dmtg_s05,112,1089.0,564.0
dmtg,dmtg_s05,113,1090.0,563.0
dmtg,dmtg_s05,114,1092.0,563.0
dmtg,dmtg_s05,115,1096.0,561.0
dmtg,dmtg_s05,116,1099.0,561.0
dmtg,dmtg_s05,117,1101.0,560.0
dmtg,dmtg_s05,118,1104.0,558.0
dmtg,dmtg_s05,119,1106.0,558.0
dmtg,dmtg_s05,120,1110.0,555.0
dmtg,dmtg_s05,121,1113.0,555.0
dmtg,dmtg_s05,122,1117.0,553.0
dmtg,dmtg_s05,123,1121.0,553.0
dmtg,dmtg_s05,124,1123.0,551.0
dmtg,dmtg_s05,125,1125.0,550.0
dmtg,dmtg_s05,126,1126.0,547.0
dmtg,dmtg_s05,127,1128.0,545.0
dmtg,dmtg_s06,0,2045.0,428.0
dmtg,dmtg_s06,1,2057.0,486.0
dmtg,dmtg_s06,2,2054.0,485.0
dmtg,dmtg_s06,3,2053.0,480.0
dmtg,dmtg_s06,4,2038.0,473.0
dmtg,dmtg_s06,5,2019.0,461.0
dmtg,dmtg_s06,6,2005.0,456.0
dmtg,dmtg_s06,7,1978.0,451.0
dmtg,dmtg_s06,8,1959.0,449.0
dmtg,dmtg_s06,9,1954.0,447.0
dmtg,dmtg_s06,10,1950.0,446.0
dmtg,dmtg_s06,11,1948.0,445.0
dmtg,dmtg_s06,12,1947.0,448.0
dmtg,dmtg_s06,13,1948.0,458.0
dmtg,dmtg_s06,14,1953.0,467.0
dmtg,dmtg_s06,15,1961.0,469.0
dmtg,dmtg_s06,16,2021.0,462.0
dmtg,dmtg_s06,17,2053.0,449.0
dmtg,dmtg_s06,18,2054.0,448.0
dmtg,dmtg_s06,19,2066.0,452.0
dmtg,dmtg_s06,20,2068.0,455.0
dmtg,dmtg_s06,21,2066.0,456.0
dmtg,dmtg_s06,22,2065.0,456.0
dmtg,dmtg_s06,23,2063.0,455.0
dmtg,dmtg_s06,24,2059.0,454.0
dmtg,dmtg_s06,25,2052.0,455.0
dmtg,dmtg_s06,26,1993.0,505.0
dmtg,dmtg_s06,27,1947.0,539.0
dmtg,dmtg_s06,28,1924.0,555.0
dmtg,dmtg_s06,29,1907.0,569.0
dmtg,dmtg_s06,30,1891.0,586.0
dmtg,dmtg_s06,31,1878.0,596.0
dmtg,dmtg_s06,32,1861.0,620.0
dmtg,dmtg_s06,33,1845.0,637.0
dmtg,dmtg_s06,34,1764.0,743.0
dmtg,dmtg_s06,35,1729.0,767.0
dmtg,dmtg_s06,36,1716.0,768.0
dmtg,dmtg_s06,37,1706.0,766.0
dmtg,dmtg_s06,38,1693.0,766.0
dmtg,dmtg_s06,39,1672.0,770.0
dmtg,dmtg_s06,40,1636.0,779.0
dmtg,dmtg_s06,41,1598.0,784.0
dmtg,dmtg_s06,42,1553.0,793.0
dmtg,dmtg_s06,43,1516.0,795.0
dmtg,dmtg_s06,44,1468.0,821.0
dmtg,dmtg_s06,45,1406.0,890.0
dmtg,dmtg_s06,46,1347.0,973.0
dmtg,dmtg_s06,47,1293.0,1019.0
dmtg,dmtg_s06,48,1283.0,1018.0
dmtg,dmtg_s06,49,1273.0,1021.0
dmtg,dmtg_s06,50,1257.0,1029.0
dmtg,dmtg_s06,51,1245.0,1036.0
dmtg,dmtg_s06,52,1239.0,1038.0
dmtg,dmtg_s06,53,1218.0,1030.0
dmtg,dmtg_s06,54,1207.0,1027.0
dmtg,dmtg_s06,55,1203.0,1026.0
dmtg,dmtg_s06,56,1211.0,1022.0
dmtg,dmtg_s06,57,1218.0,1019.0
dmtg,dmtg_s06,58,1226.0,1014.0
dmtg,dmtg_s06,59,1230.0,1004.0
dmtg,dmtg_s06,60,1231.0,1000.0
dmtg,dmtg_s06,61,1229.0,999.0
dmtg,dmtg_s06,62,1230.0,998.0
dmtg,dmtg_s06,63,1226.0,997.0
dmtg,dmtg_s06,64,1221.0,994.0
dmtg,dmtg_s06,65,1215.0,993.0
dmtg,dmtg_s06,66,1201.0,993.0
dmtg,dmtg_s06,67,1189.0,994.0
dmtg,dmtg_s06,68,1177.0,997.0
dmtg,dmtg_s06,69,1165.0,997.0
dmtg,dmtg_s06,70,1158.0,997.0
dmtg,dmtg_s06,71,1151.0,996.0
dmtg,dmtg_s06,72,1146.0,994.0
dmtg,dmtg_s06,73,1144.0,992.0
dmtg,dmtg_s06,74,1142.0,987.0
dmtg,dmtg_s06,75,1140.0,983.0
dmtg,dmtg_s06,76,1137.0,978.0
dmtg,dmtg_s06,77,1133.0,977.0
dmtg,dmtg_s06,78,1131.0,974.0
dmtg,dmtg_s06,79,1127.0,972.0
dmtg,dmtg_s06,80,1125.0,969.0
dmtg,dmtg_s06,81,1120.0,967.0
dmtg,dmtg_s06,82,1116.0,965.0
dmtg,dmtg_s06,83,1112.0,964.0
dmtg,dmtg_s06,84,1109.0,962.0
dmtg,dmtg_s06,85,1103.0,960.0
dmtg,dmtg_s06,86,1099.0,957.0
dmtg,dmtg_s06,87,1094.0,955.0
dmtg,dmtg_s06,88,1090.0,952.0
dmtg,dmtg_s06,89,1087.0,948.0
dmtg,dmtg_s06,90,1083.0,945.0
dmtg,dmtg_s06,91,1079.0,943.0
dmtg,dmtg_s06,92,1077.0,941.0
dmtg,dmtg_s06,93,1074.0,937.0
dmtg,dmtg_s06,94,1071.0,936.0
dmtg,dmtg_s06,95,1071.0,931.0
dmtg,dmtg_s06,96,1071.0,927.0
dmtg,dmtg_s06,97,1070.0,925.0
dmtg,dmtg_s06,98,1068.0,922.0
dmtg,dmtg_s06,99,1066.0,921.0
dmtg,dmtg_s06,100,1064.0,921.0
dmtg,dmtg_s06,101,1060.0,920.0
dmtg,dmtg_s06,102,1057.0,918.0
dmtg,dmtg_s06,103,1050.0,917.0
dmtg,dmtg_s06,104,1046.0,916.0
dmtg,dmtg_s06,105,1042.0,914.0
dmtg,dmtg_s06,106,1038.0,913.0
dmtg,dmtg_s06,107,1034.0,916.0
dmtg,dmtg_s06,108,1033.0,912.0
dmtg,dmtg_s06,109,1029.0,909.0
dmtg,dmtg_s06,110,1032.0,904.0
dmtg,dmtg_s06,111,1043.0,894.0
dmtg,dmtg_s06,112,1060.0,890.0
dmtg,dmtg_s06,113,1067.0,893.0
dmtg,dmtg_s06,114,1072.0,894.0
dmtg,dmtg_s06,115,1074.0,893.0
dmtg,dmtg_s06,116,1075.0,893.0
dmtg,dmtg_s06,117,1075.0,892.0
dmtg,dmtg_s06,118,1071.0,894.0
dmtg,dmtg_s06,119,1064.0,898.0
dmtg,dmtg_s06,120,1057.0,902.0
dmtg,dmtg_s06,121,1050.0,905.0
dmtg,dmtg_s06,122,1041.0,906.0
dmtg,dmtg_s06,123,1030.0,906.0
dmtg,dmtg_s06,124,1015.0,904.0
dmtg,dmtg_s06,125,998.0,905.0
dmtg,dmtg_s06,126,979.0,904.0
dmtg,dmtg_s06,127,961.0,903.0
dmtg,dmtg_s07,0,1233.0,8.0
dmtg,dmtg_s07,1,1246.0,13.0
dmtg,dmtg_s07,2,1257.0,17.0
dmtg,dmtg_s07,3,1269.0,22.0
dmtg,dmtg_s07,4,1282.0,30.0
dmtg,dmtg_s07,5,1292.0,35.0
dmtg,dmtg_s07,6,1301.0,40.0
dmtg,dmtg_s07,7,1306.0,44.0
dmtg,dmtg_s07,8,1309.0,47.0
dmtg,dmtg_s07,9,1310.0,49.0
dmtg,dmtg_s07,10,1310.0,50.0
dmtg,dmtg_s07,11,1310.0,52.0
dmtg,dmtg_s07,12,1312.0,56.0
dmtg,dmtg_s07,13,1315.0,67.0
dmtg,dmtg_s07,14,1320.0,75.0
dmtg,dmtg_s07,15,1326.0,86.0
dmtg,dmtg_s07,16,1333.0,94.0
dmtg,dmtg_s07,17,1339.0,100.0
dmtg,dmtg_s07,18,1342.0,106.0
dmtg,dmtg_s07,19,1346.0,111.0
dmtg,dmtg_s07,20,1351.0,113.0
dmtg,dmtg_s07,21,1354.0,116.0
dmtg,dmtg_s07,22,1357.0,117.0
dmtg,dmtg_s07,23,1359.0,119.0
dmtg,dmtg_s07,24,1360.0,120.0
dmtg,dmtg_s07,25,1361.0,121.0
dmtg,dmtg_s07,26,1362.0,123.0
dmtg,dmtg_s07,27,1365.0,126.0
dmtg,dmtg_s07,28,1370.0,130.0
dmtg,dmtg_s07,29,1375.0,132.0
dmtg,dmtg_s07,30,1382.0,136.0
dmtg,dmtg_s07,31,1386.0,139.0
dmtg,dmtg_s07,32,1389.0,140.0
dmtg,dmtg_s07,33,1393.0,143.0
dmtg,dmtg_s07,34,1397.0,144.0
dmtg,dmtg_s07,35,1401.0,145.0
dmtg,dmtg_s07,36,1402.0,148.0
dmtg,dmtg_s07,37,1405.0,150.0
dmtg,dmtg_s07,38,1406.0,150.0
dmtg,dmtg_s07,39,1406.0,150.0
dmtg,dmtg_s07,40,1407.0,151.0
dmtg,dmtg_s07,41,1408.0,153.0
dmtg,dmtg_s07,42,1408.0,153.0
dmtg,dmtg_s07,43,1410.0,154.0
dmtg,dmtg_s07,44,1412.0,155.0
dmtg,dmtg_s07,45,1415.0,157.0
dmtg,dmtg_s07,46,1417.0,157.0
dmtg,dmtg_s07,47,1420.0,158.0
dmtg,dmtg_s07,48,1421.0,159.0
dmtg,dmtg_s07,49,1423.0,159.0
dmtg,dmtg_s07,50,1425.0,161.0
dmtg,dmtg_s07,51,1426.0,162.0
dmtg,dmtg_s07,52,1428.0,163.0
dmtg,dmtg_s07,53,1429.0,163.0
dmtg,dmtg_s07,54,1431.0,165.0
dmtg,dmtg_s07,55,1433.0,164.0
dmtg,dmtg_s07,56,1433.0,165.0
dmtg,dmtg_s07,57,1435.0,166.0
dmtg,dmtg_s07,58,1436.0,166.0
dmtg,dmtg_s07,59,1438.0,168.0
dmtg,dmtg_s07,60,1438.0,168.0
dmtg,dmtg_s07,61,1438.0,169.0
dmtg,dmtg_s07,62,1438.0,170.0
dmtg,dmtg_s07,63,1437.0,174.0
dmtg,dmtg_s07,64,1437.0,181.0
dmtg,dmtg_s07,65,1436.0,189.0
dmtg,dmtg_s07,66,1434.0,199.0
dmtg,dmtg_s07,67,1432.0,209.0
dmtg,dmtg_s07,68,1428.0,223.0
dmtg,dmtg_s07,69,1425.0,236.0
dmtg,dmtg_s07,70,1420.0,253.0
dmtg,dmtg_s07,71,1416.0,265.0
dmtg,dmtg_s07,72,1411.0,277.0
dmtg,dmtg_s07,73,1406.0,290.0
dmtg,dmtg_s07,74,1400.0,305.0
dmtg,dmtg_s07,75,1393.0,318.0
dmtg,dmtg_s07,76,1387.0,328.0
dmtg,dmtg_s07,77,1384.0,337.0
dmtg,dmtg_s07,78,1381.0,345.0
dmtg,dmtg_s07,79,1379.0,352.0
dmtg,dmtg_s07,80,1378.0,358.0
dmtg,dmtg_s07,81,1377.0,363.0
dmtg,dmtg_s07,82,1376.0,366.0
dmtg,dmtg_s07,83,1376.0,369.0
dmtg,dmtg_s07,84,1373.0,371.0
dmtg,dmtg_s07,85,1370.0,374.0
dmtg,dmtg_s07,86,1368.0,377.0
dmtg,dmtg_s07,87,1365.0,380.0
dmtg,dmtg_s07,88,1361.0,382.0
dmtg,dmtg_s07,89,1357.0,385.0
dmtg,dmtg_s07,90,1351.0,387.0
dmtg,dmtg_s07,91,1348.0,390.0
dmtg,dmtg_s07,92,1343.0,392.0
dmtg,dmtg_s07,93,1341.0,395.0
dmtg,dmtg_s07,94,1337.0,399.0
dmtg,dmtg_s07,95,1335.0,401.0
dmtg,dmtg_s07,96,1334.0,402.0
dmtg,dmtg_s07,97,1333.0,404.0
dmtg,dmtg_s07,98,1332.0,405.0
dmtg,dmtg_s07,99,1330.0,405.0
dmtg,dmtg_s07,100,1329.0,406.0
dmtg,dmtg_s07,101,1328.0,407.0
dmtg,dmtg_s07,102,1328.0,406.0
dmtg,dmtg_s07,103,1328.0,407.0
dmtg,dmtg_s07,104,1328.0,407.0
dmtg,dmtg_s07,105,1328.0,407.0
dmtg,dmtg_s07,106,1329.0,406.0
dmtg,dmtg_s07,107,1330.0,407.0
dmtg,dmtg_s07,108,1331.0,406.0
dmtg,dmtg_s07,109,1333.0,408.0
dmtg,dmtg_s07,110,1334.0,408.0
dmtg,dmtg_s07,111,1336.0,408.0
dmtg,dmtg_s07,112,1338.0,408.0
dmtg,dmtg_s07,113,1338.0,408.0
dmtg,dmtg_s07,114,1340.0,409.0
dmtg,dmtg_s07,115,1341.0,410.0
dmtg,dmtg_s07,116,1341.0,410.0
dmtg,dmtg_s07,117,1343.0,411.0
dmtg,dmtg_s07,118,1344.0,412.0
dmtg,dmtg_s07,119,1343.0,412.0
dmtg,dmtg_s07,120,1343.0,412.0
dmtg,dmtg_s07,121,1344.0,413.0
dmtg,dmtg_s07,122,1344.0,413.0
dmtg,dmtg_s07,123,1344.0,415.0
dmtg,dmtg_s07,124,1345.0,415.0
dmtg,dmtg_s07,125,1345.0,415.0
dmtg,dmtg_s07,126,1345.0,415.0
dmtg,dmtg_s07,127,1344.0,415.0
